{"ratings": 5177, "userreviews": [{"userName": "Jason Koivu", "userReviewDate": "Sep 21, 2013", "userURL": "http://www.goodreads.com/user/show/1742824-jason-koivu", "userReview": "*Read by me, reviewed by my niece*All by Myself is the day-in-the-life story of a young, scruffy monster-boy, who shall go nameless, because his name was never given. He gets up, gets himself dressed and fed, \"helps\" feed and play with his sister, plays by himself, \"helps\" his parents, then hits the hay. Not a lot of nail-biting excitement here, but there's some laughs to be had. Niece Emma (who turned 4 on Saturday with an off-the-chain party...yeah, there was face painting) didn't want to read this right off, preferring to be wrapped up in a blanket like a burrito, but as soon as I began she hustled on over and demanded I start from the beginning. Since I was only two pages in and each page contains one sentence of about four to six words, I was okay with it. But that ain't happening if she tries to pull that crap when we're a tenth of the way through Anna Karenina. Overall she enjoyed it. Her favorite parts were when a mouse sailed a boat across a puddle and when the monster-boy tried to give his teddybear a drink of water. In fact, that last part put a devilish grin on her face and I'm guessing her mom's going to find soaked stuffed animals about the house soon."}, {"userName": "Kat", "userReviewDate": "Oct 11, 2011", "userURL": "http://www.goodreads.com/user/show/1008175-kat", "userReview": "It's a terribly cute little story about a little guy trying to go through his day doing everything by himself.  The illustrations are funny and cute.  You have the added bonus of having the child reading along find the mouse in most of the illustrations.  On my color Nook, you can touch the pictures and the word of the item touched will pop up with audio of the word being said.  The mouse hunt is also by touch and tallied for you; the book tells you how well you did at the end in finding them all.  A fun read for little kids."}, {"userName": "Grace Bradley", "userReviewDate": "Apr 26, 2014", "userURL": "http://www.goodreads.com/user/show/27911400-grace-bradley", "userReview": "\"All by Myself\" tells the story of a little boy critter who is exploring all the tasks he is able to do on his own. It takes you through a series of household tasks that can make a young kid feel very independent from buttoning his own overalls, to helping his mother frost a cake. The critter gives his best effort despite not being able to complete the tasks perfectly. I really liked this book because it highlighted the effort of a child and even though he didn not complete the tasks very well, he was developing a sense of independence as well as responsibility around the house. Most people know of a two or three year old kid who wants to do everything on their own without any help from their parents. The illustrations are simple yet detailed. The pictures are outlined with a thin black line, but are filled with beautiful watercolor paintings. I would recommend this book for kids who can not read yet, as well as students who are emergent readers. It incorporates a great lesson for kids to encourage their independence."}, {"userName": "Trisha Stragand", "userReviewDate": "Mar 10, 2013", "userURL": "http://www.goodreads.com/user/show/16658899-trisha-stragand", "userReview": "This book is about how little critter can do many things independently.  I read this to my kindergarten class to help them learn what the word independent means, so that they could learn how to be like little critter and be independent learners."}, {"userName": "Cheryl", "userReviewDate": "Jul 30, 2013", "userURL": "http://www.goodreads.com/user/show/3498889-cheryl", "userReview": "One of the best Little Critter books.  Mayer certainly knows children.  I shared most of this series with all three of my sons and we all giggled and empathized."}, {"userName": "Rebecca RDG 3320", "userReviewDate": "Jun 20, 2008", "userURL": "http://www.goodreads.com/user/show/1214377-rebecca-rdg-3320", "userReview": "I love this whole collection of stories...they are great...lots of activites to do with them."}, {"userName": "Brent Rogers", "userReviewDate": "Jan 22, 2015", "userURL": "http://www.goodreads.com/user/show/39203127-brent-rogers", "userReview": "This book is about a character that goes by \u201cLittle Critter\u201d in most books by Mercer Mayer.  Littler Critter lists all the things he can do by himself in this book.  It proves to little children that they can do simple tasks by themselves and not always rely on their parents. Some tasks he can accomplish are: brushing his teeth, comb his hair, put himself to bed, and watch his little sister.  One thing he can\u2019t do is go to bed without a story. It\u2019s very important that parents read to their children when they are young, much like his mother."}, {"userName": "Linda Branich", "userReviewDate": "Aug 22, 2014", "userURL": "http://www.goodreads.com/user/show/19419740-linda-branich", "userReview": "This is one of Mercer Mayer's Little Critter series books that talks about all kinds of life issues and experiences.  All By Myself is a book about growing up and all the different things that Little Critter can do at this particular stage of his life.  Younger children will be inspired to see if they can do all the things that Little Critter can do by hhimself and be more independent."}, {"userName": "Megan Chonczynski", "userReviewDate": "Dec 06, 2014", "userURL": "http://www.goodreads.com/user/show/34337789-megan-chonczynski", "userReview": "This book can be a big help for younger children learning how to do things themselves. It shows this critter doing things by himself, like making his bed and combing his hair. The illustrations show great examples of this. The words often above or below the illustrations. This is a great book that can encourage children."}, {"userName": "Colleen", "userReviewDate": "Jul 22, 2014", "userURL": "http://www.goodreads.com/user/show/29905748-colleen", "userReview": "My sons and I very much enjoyed reading this book and learning to do things all by yourself.  Simple and enjoyable.  One of my favourite children author."}, {"userName": "Justina Servantes", "userReviewDate": "May 17, 2010", "userURL": "http://www.goodreads.com/user/show/3688705-justina-servantes", "userReview": "Little Critter is proving that he can do things like brush his fur, brush his teeth, ride his tricycle and put himself to bed all by himself. This is a great book with a character is very determined to prove that he can do things without any help. This shows how children are when they reach the age where they want their own independence. The age appropriate would be kindergarten where the child is now learning how to do multiple things like writing their names, reading and dressing themselves. I would recommend this book to younger children because the will be able to follow the story for the sentences are short and simple for a child to read."}, {"userName": "Fabida Abdulla", "userReviewDate": "Sep 06, 2013", "userURL": "http://www.goodreads.com/user/show/13673116-fabida-abdulla", "userReview": "In this book, Little Critter attempts to do a lot of stuff by himself, even things he can\u2019t actually do, which leads to a few funny situations. This is a great book for toddlers/preschoolers who are now in the \u2018I\u2019ll do it alone\u2019 stage. It\u2019s a nice way to differentiate between what they can do and what they can\u2019t do without making a mess. The book is supposed to foster independence (not that kids need any help there :-)) and encourage little ones to be safe while exploring their skills.The Critter is really cute and the pictures are clear and bright with limited words. Perfect for some parent-child bonding time!"}, {"userName": "Adrienne", "userReviewDate": "Feb 25, 2014", "userURL": "http://www.goodreads.com/user/show/3451098-adrienne", "userReview": "I like seeing the little critter's independence--but that he still needs his parents a little bit, too."}, {"userName": "Iman Tabbaa", "userReviewDate": "Sep 19, 2012", "userURL": "http://www.goodreads.com/user/show/12372759-iman-tabbaa", "userReview": "Little Critter demonstrates all of the things he can do by himself. HE can ties his own shoes,pour his own drink, brush his own fur, etc. Even though he spills a little or ties his shoes together, he's still independent and does the best he can.I would use this book to encourage independence. Children feel confident when they can start to do things on their own. This would be a way to get children thinking about what they can do by themselves. I think this book would go well in a house play center with some items such as zippers, buttons, and shoelaces, for children to practice with."}, {"userName": "Connie", "userReviewDate": "Aug 31, 2008", "userURL": "http://www.goodreads.com/user/show/1167376-connie", "userReview": "I've bought a number of Little Critter books for my nieces, because they really like them.And anyway, they're short, they're funny, they're topical, and they're cheap. In this one, Little Critter details all the things he can do \"by himself\". Of course, the illustrations give the lie to his words - sure he can pour his own juice, but he doesn't say that he spills, that sort of thing.Anyway, he very cutely does a lot of things \"by himself\" before reading that he can't tuck himself into bed - he needs a story.Aw."}, {"userName": "Carissa M", "userReviewDate": "Sep 16, 2012", "userURL": "http://www.goodreads.com/user/show/12293428-carissa-m", "userReview": "\"All By Myself\" by Mercer Mayer, is a perfect book for parents to read to their children. The book relates to kids at that age where they think they can do everything on their own without any help. It also pushes for parents to read to their children before bed, \"I can put myself to bed... but I can't go to bed without a story\" (Mayer). The author in her other books addresses a lot of issues that kids face growing up. I highly recommend these books, they're a fun way to help kids and their parents handle these situations."}, {"userName": "Meghan", "userReviewDate": "Aug 28, 2009", "userURL": "http://www.goodreads.com/user/show/640401-meghan", "userReview": "I didn't want to rate every Mercer Mayer Little Critters books so I thought I'd mark just one of the favorites. I admit that these books weren't on my top ten shelf despite the illustrations but I gave them a 4 star rating not because of my personal feelings but because of the boy's love for them. These books are in high rotation at our house. The boys often repeat the stories to themselves, look at the illustrations, and reference the stories during the day. Who can complain about a book that holds their kids attention."}, {"userName": "Rosa Cline", "userReviewDate": "Feb 24, 2014", "userURL": "http://www.goodreads.com/user/show/27718966-rosa-cline", "userReview": "Mercer Mayer's Critters are such a cute group of characters to read about and the illustrations are always so nice.  This book helps encourage younger children to do things on their own and 'by myself' but also in the end makes them realize that its still okay to have help on some things too :) Cute little book (we read it several times in the week we had it checked out from the library)"}, {"userName": "Christie rdg3320", "userReviewDate": "Jun 29, 2008", "userURL": "http://www.goodreads.com/user/show/1213294-christie-rdg3320", "userReview": "This book is good for K-1st because it talks about learning to do things on your own. It teaches them that though they want to do everything on their own there are still some things you need help with and thats okay. The things discussed in this book are simple things that students of this age are trying to do on their own so they can relate to it. I would use this book at the beginning of the year to help them understand that they will begin to learn to do things on their own."}, {"userName": "Lauren Derosa", "userReviewDate": "Sep 03, 2012", "userURL": "http://www.goodreads.com/user/show/12227518-lauren-derosa", "userReview": "I thought that this book was very simple yet it was funny in its own way. I thought it was amusing that the main character in the book showed us of all of the things that he can do by himself and how helpful he can be, yet the pictures show that he is still a young child and messes up when he thinks he is being helpful. I think that this book would suit readers ages 0-5 as a picture book because it has big pictures with just a few words on each page."}, {"userName": "Charles", "userReviewDate": "Jul 21, 2009", "userURL": "http://www.goodreads.com/user/show/1336573-charles", "userReview": "Next to \"Where the Wild Things Are,\" the Mercer Mayer Little Critter books were my son's favorite bedtime reading when he was little.  I probably read this one and other Mayer books to him a hundred times.  Personally, these were also my favorites to read to him. I'm going to include reviews on those that I particularly remember.This is a book about Little Critter's independence, although it all happens in a very funny way."}, {"userName": "Amanda Kolar", "userReviewDate": "Oct 02, 2009", "userURL": "http://www.goodreads.com/user/show/2679260-amanda-kolar", "userReview": "Mayer(1983) tells a story about a Little Critter that can do things throughout the day  by himself to help his parents out but there is one thing he can\u2019t do. He can\u2019t go to sleep without a story begin read to him. I would use this in my classroom. It would help me teach my children the things they can do to help their parents out as they get a little older and are able to do a few things around the house."}, {"userName": "Jennifer", "userReviewDate": "Feb 03, 2013", "userURL": "http://www.goodreads.com/user/show/8962571-jennifer", "userReview": "This story has given me a glimpse at what my 8 month old will be like in a few years. Even now, he squawks at me when I try to do anything for him that he thinks he can do himself (eat, stand, read). He loves to grab the book from my hand, flip the pages, and babble nonsense at the top of his lungs. This is a great book for independent kids!"}, {"userName": "Laura", "userReviewDate": "Sep 27, 2012", "userURL": "http://www.goodreads.com/user/show/5883058-laura", "userReview": "My first graders love Little Critter. We read this story and then made a writing extension where they then wrote about situations in which they wanted to do something independently and might have gotten into a bit of trouble for doing so. We talked about what was appropriate for children to do on their own and what definitely was not."}, {"userName": "Gala", "userReviewDate": "Feb 04, 2012", "userURL": "http://www.goodreads.com/user/show/7390877-gala", "userReview": "I have a collection of Mercer Mayer books because my daughter wanted me to read them to her and when she was learning to read Mayer was one of her favorites. All By Myself is text to self for children at a young age being able to comb their own hair and put on their own clothes. The words are readable for all emergent readers."}, {"userName": "Nicole Flores", "userReviewDate": "Dec 07, 2010", "userURL": "http://www.goodreads.com/user/show/4203420-nicole-flores", "userReview": "This is another Little Critter story \"I can do it all by myself\" story. This can be especially good for children that are 4 or 5 because it is things that they begin doing and things they can conncet with. It wouldn't be appropriate for older kids because they wouldn't be able to relate and could get bored."}, {"userName": "jacky", "userReviewDate": "Dec 04, 2011", "userURL": "http://www.goodreads.com/user/show/42679-jacky", "userReview": "This book really captures toddlers and preschoolers well.  Critter does all sorts of things by himself.  He boasts about all of them, even though they are not all done exactly right.  Like most of the critter books we've read, there is lots to look at and talk about that young children are familiar with."}, {"userName": "Suzanne", "userReviewDate": "Oct 06, 2008", "userURL": "http://www.goodreads.com/user/show/311496-suzanne", "userReview": "This was the first one of the author's books that I had read to my children. I think they were about 1-2 when we started reading these. I wanted to show them that they COULD do things for themselves. I thought that we had read all of MM's book but now, I see that there are so many more."}, {"userName": "Kylee S", "userReviewDate": "Aug 28, 2013", "userURL": "http://www.goodreads.com/user/show/23296749-kylee-s", "userReview": "This story is too cute. He tries going through his day all by himself and then at the end he says how he can't go to bed without a story and his father reads it to him. This story would be very good for young children because they always insist that they can do things them self."}, {"userName": "Kate", "userReviewDate": "Sep 17, 2011", "userURL": "http://www.goodreads.com/user/show/6283444-kate", "userReview": "WHO didn't love, love, love Little Critter!? I was obsessed with these, but I really remember this one. He tries to be a \"big boy\" and do things for himself, and because he's little, he messes it all up. Classic kid's book. Loved it. Read it 300 times, i'm sure."}], "description": "All the many things a young child can do independently are demonstrated, (tying shoes, riding bike, kicking ball), but there is one thing one cannot do alone.", "title": "All by Myself\n      \n          (Little Critter)", "url": "http://www.goodreads.com/book/show/109522.All_by_Myself", "average": 4.15, "cover": "http://d.gr-assets.com/books/1349012697l/109522.jpg", "reviews": 70, "authors": [{"url": "http://www.goodreads.com/author/show/692.Mercer_Mayer", "name": "Mercer Mayer"}], "outlinks": ["http://www.goodreads.com/book/show/1904560.Aku_Bisa_Semuanya", "http://www.goodreads.com/book/show/728477.The_Berenstain_Bears_and_the_Bad_Habit", "http://www.goodreads.com/book/show/934700.In_a_People_House", "http://www.goodreads.com/book/show/854648.Wacky_Wednesday", "http://www.goodreads.com/book/show/386234.Just_for_You", "http://www.goodreads.com/book/show/239388.Just_Me_and_My_Dad", "http://www.goodreads.com/book/show/228135.The_New_Baby", "http://www.goodreads.com/book/show/386421.I_Was_So_Mad", "http://www.goodreads.com/book/show/921651.Just_Go_to_Bed", "http://www.goodreads.com/book/show/821018.Just_Grandma_and_Me", "http://www.goodreads.com/book/show/633709.Just_Grandpa_and_Me", "http://www.goodreads.com/book/show/1342091.Me_Too_", "http://www.goodreads.com/book/show/995907.Merry_Christmas_Mom_and_Dad", "http://www.goodreads.com/book/show/953584.When_I_Get_Bigger", "http://www.goodreads.com/book/show/921651.Just_Go_to_Bed", "http://www.goodreads.com/book/show/386234.Just_for_You", "http://www.goodreads.com/book/show/239388.Just_Me_and_My_Dad", "http://www.goodreads.com/book/show/386421.I_Was_So_Mad", "http://www.goodreads.com/book/show/760205.There_s_a_Nightmare_in_My_Closet"]}