{"ratings": 780, "userreviews": [{"userName": "Rebecca Grace", "userReviewDate": "Apr 24, 2014", "userURL": "http://www.goodreads.com/user/show/848432-rebecca-grace", "userReview": "I was delighted to stumble across this book as I was reshelving books in our school library yesterday!  I read the first two Anastasia Krupnik books many years ago, and I had no idea that Lois Lowry wrote additional books featuring this heroine.  It was like running into an old friend on Facebook after many years and discovering that she's STILL A SEVENTH GRADER all these years later -- and what's more, I got to be a seventh grader again, too, while I read the book in the carpool line.Nostalgia aside, the world is a bit different in 2014 than it was in 1991, when this book was published.  Today, instead of sending a snail-mail letter to her SWM, Anastasia would likely be chatting with him via an online dating service, and anyone who watches Dateline NBC knows how dangerous it can be when 13-year-old girls start looking for romance online.  As a parent, I was uncomfortable with the way Anastasia was deliberately deceiving her parents about her \"pen pal\" -- and VERY uncomfortable with the way it all turned out fine in the end.  For that reason, I can't recommend this particular Anastasia novel for young girls, who are the book's intended audience.  However, I really love the characters and the way this author writes fiction for young readers.  The other Anastasia books are fantastic."}, {"userName": "Medeia Sharif", "userReviewDate": "Jun 16, 2013", "userURL": "http://www.goodreads.com/user/show/2533986-medeia-sharif", "userReview": "An ad in a personal column captivates Anastasia Krupnik. Single White Male. Her friends have sworn off boys since they\u2019re so immature, but this grown man sounds irresistible. How is a middle school girl supposed to get the attention of a man, especially one who\u2019s receiving hundreds of letters from single women all over the country? Anastasia doesn\u2019t lie, or so she tells herself. Yes, she owns her own boat since she bought a toy boat from her brother. She goes to school, which makes her a scholar. She does have friends and goes out, so she is busy with social engagements. Of course she'll send a picture...of someone older.Anastasia is long-winded and tries too hard in her letters, which is all a part of her inexperience and naivet\u00e9. As one would expect, she makes a mess out of things. SWM wants to meet her after reading all her letters and appreciating the picture she sent. This is a fun book and the ending had a twist I didn\u2019t expect. Reading other reviews and seeing how some people had issues with this book, the time it was published has to be taken into consideration. This book was written years ago with a tone of humor and innocence. It would be something else if it were written today with all the internet criminality one sees in the news. That aside, I\u2019d love to read more from this series."}, {"userName": "Emily", "userReviewDate": "Mar 31, 2011", "userURL": "http://www.goodreads.com/user/show/1353392-emily", "userReview": "I have now read eight Anastasia books in a row. Maybe I'm getting tired of them. Maybe this is because, at 29, I'm not really the intended audience. Maybe the quality of the writing is actually decreasing. Possibly the author is just running out of funny things to have Anastasia do, so the situations are getting more ridiculous. I don't know.In this volume, Anastasia decides to answer a personal ad in The New York Review of Books. Obviously, the person who placed the ad is much older than Anastasia, but he writes back to her anyway. I find it hard to believe that this individual would not realize from the quality of her writing that she is a teenager, but if that were the case, there wouldn't be much to have a book about, either. Also, Anastasia gets to be a junior bridesmaid in her friend's sister's wedding. I also find it hard to believe that sister did not have any other friends, so she has to stoop to having her 7th grade sister's friends be her bridesmaids. I find Anastasia's parents and younger brother far more compelling characters than Anastasia herself."}, {"userName": "Talia", "userReviewDate": "Jan 14, 2015", "userURL": "http://www.goodreads.com/user/show/5246721-talia", "userReview": "Ehh. Definitely not my favorite Anastasia book; probably the most problematic Anastasia book. Just not that funny in comparison to others. Oh, well."}, {"userName": "Gretchen", "userReviewDate": "Sep 22, 2011", "userURL": "http://www.goodreads.com/user/show/2894060-gretchen", "userReview": "I cop to reading YA lit. I was getting books for my kids at the public library and stumbled on this Anastasia book that I hadn't remembered reading back in the day. It fits well with all the rest. Anastasia is such a winning, original combination of precocious nerd and total innocent. Having imagined that a childhood like mine would provide no substance for a good book, it was a treat once upon a time to discover Lois Lowry's series about the Krupniks, a suburban family of four in the Northeast, with Ivy League-ish bookish parents and a determined, list-making daughter whose great plans never quite live up to her dreams."}, {"userName": "HeavyReader", "userReviewDate": "Jan 28, 2009", "userURL": "http://www.goodreads.com/user/show/142816-heavyreader", "userReview": "Sometimes I think Anastasia needs more supervision.In this installment of the series that seems to go on forever, Anastasia answers the personal ad written by a grown up man! It's kind of sweet that she doesn't seem to know that people write personal ads in order to get S-E-X. I wonder if many 13 year olds today don't know that. (Maybe I am underestimating the youth of today.)Instead of being scary or weird or dangerous, this book is a comic romp! Anastasia is not kidnapped and sold into sex slavery or anything complicated like that. In fact, no one even knows what she did. Oh that Anastasia, she's a firecracker."}, {"userName": "george", "userReviewDate": "Jun 14, 2008", "userURL": "http://www.goodreads.com/user/show/1090413-george", "userReview": "Anastasia has given up on boys. Seventh grade boys are immature and annoying--she's on to men now. Specifically, she is interested in Septimus Smith, a 28-year-old New Yorker whose personal ad she answered. At the same time she has also decided that she is renouncing marriage...but not weddings; especially since she's going to be a junior bridesmaid in her friend's sister's wedding! She attempts to reconcile her feminism and her feelings that men might not be so bad after all...As amusing as the earlier books--made me laugh out loud several times. Only one more Anastasia left!! Oh no!!"}, {"userName": "Rachael Caisedo", "userReviewDate": "Mar 27, 2012", "userURL": "http://www.goodreads.com/user/show/7744415-rachael-caisedo", "userReview": "Anastasia at This Address is a really good book for sixth graders. Since the main character, Anastasia, gets a pen pal by answering the ad, it would be a good activity for the students to have a pen pal of their own. I would get together with another teacher of the same grade level, so the kids can have pen pals with another class. This would be a good way for students to work on letter writing, and a way for teachers to assess students' writing."}, {"userName": "Tasara", "userReviewDate": "Nov 17, 2011", "userURL": "http://www.goodreads.com/user/show/1318480-tasara", "userReview": "Still my favorite of the Anastasia books--a perfect mix of Anastasia's precocious nature and cringe-worthy moments.  A seventh grader brings her A game to win the epistolary affections of an independently wealthy 28 year old looking for love in the New York Review of Books personals.  Only a slightly better premise than when Anastasia buys a rummage sale bust of Freud in order to have a therapist in Anastasia, Ask Your Analyst."}, {"userName": "Bubbles", "userReviewDate": "May 14, 2008", "userURL": "http://www.goodreads.com/user/show/1092099-bubbles", "userReview": "anastasia krupnik is a book about a girl that makes lists about her life like the things she likes and don`t like this book reminds me of me of myself because when i am bored some times i makes lists of things i like and dont like i think that this is a great book."}, {"userName": "Kate", "userReviewDate": "Aug 31, 2007", "userURL": "http://www.goodreads.com/user/show/195737-kate", "userReview": "The one where she answers a personal ad using her mother's name and photo. I was underwhelmed. Also, the editor failed to notice how Eddie's last name suddenly changes from Fox to Cox!!  WTF."}, {"userName": "Isaiah", "userReviewDate": "Apr 20, 2009", "userURL": "http://www.goodreads.com/user/show/2113973-isaiah", "userReview": "I do remember this one I think. Well if I am correct this book talks about her trying to set her mom up with someone and she writes the guy a letter saying Anastasia at this address."}, {"userName": "Arlene Allen", "userReviewDate": "Apr 07, 2011", "userURL": "http://www.goodreads.com/user/show/1184458-arlene-allen", "userReview": "I love Anastasia.  I was so happy the other day, a mom came in who'd read them and loved them, and ordered them for her daughter.  It was great to share them with my own Sara."}, {"userName": "Jeremy", "userReviewDate": "Oct 08, 2008", "userURL": "http://www.goodreads.com/user/show/967876-jeremy", "userReview": "Again, I love visiting the Krupniks and this book is goofy enough for me.  I can't say the word \"wok\" without thinking of this book for the rest of my god-given life."}, {"userName": "Hannah", "userReviewDate": "Jan 20, 2008", "userURL": "http://www.goodreads.com/user/show/8805-hannah", "userReview": "Emma read this book aloud to me when we were driving; she does a MARVELOUS Anastasia. Perhaps if you ask her, she will record you a book on tape. --SWIFTY."}, {"userName": "Alex", "userReviewDate": "Aug 12, 2009", "userURL": "http://www.goodreads.com/user/show/1630945-alex", "userReview": "I thought this one was absolutely hysterical. They all were, of course, but this one makes me laugh just thinking about it."}, {"userName": "Brianna", "userReviewDate": "Jul 11, 2011", "userURL": "http://www.goodreads.com/user/show/4326206-brianna", "userReview": "So clever. I can't believe I didn't read these when I was younger. I wish Anastasia's parents were my parents."}, {"userName": "Katie Fitzgerald", "userReviewDate": "Sep 05, 2014", "userURL": "http://www.goodreads.com/user/show/2281988-katie-fitzgerald", "userReview": "Reviewed on my blog: http://storytimesecrets.blogspot.com/..."}, {"userName": "Kricket", "userReviewDate": "Apr 21, 2009", "userURL": "http://www.goodreads.com/user/show/125201-kricket", "userReview": "oh anastasia, what were you thinking?i love the wok jokes."}, {"userName": "Lindsaygail", "userReviewDate": "Jul 19, 2013", "userURL": "http://www.goodreads.com/user/show/1436688-lindsaygail", "userReview": "Possibly my favorite of the Anastasia books!"}, {"userName": "10-11 Karrin", "userReviewDate": "Sep 24, 2010", "userURL": "http://www.goodreads.com/user/show/4262733-10-11-karrin", "userReview": "GREAT book, easy read, and what a story-line!"}, {"userName": "Melody", "userReviewDate": "Nov 30, 2008", "userURL": "http://www.goodreads.com/user/show/369112-melody", "userReview": "Cute but not stellar."}, {"userName": "J.C.", "userReviewDate": "Nov 22, 2014", "userURL": "http://www.goodreads.com/user/show/4929593-j-c", "userReview": "Hilarious!"}, {"userName": "Michelle (FabBookReviews)", "userReviewDate": "Mar 13, 2014", "userURL": "http://www.goodreads.com/user/show/5752615-michelle-fabbookreviews", "userReview": "(Re-read)"}, {"userName": "Lynn", "userReviewDate": "Dec 19, 2011", "userURL": "http://www.goodreads.com/user/show/5210349-lynn", "userReview": "Cute book"}], "description": "\"SWM, 28, boyish charm, inherited wealth, looking for tall young woman, nonsmoker, to share Caribbean vacations, reruns of Casablanca, and romance.\" When thirteen-year-old Anastasia Krupnic sees this ad in a personal column, she decides to write back, even though it means stretching the truth more than a little bit. So what if her best friends have given up on boys. Anastasia is ready for romance. But is she ready for a pen pal who makes a shocking request? He wants to meet her!", "title": "Anastasia at This Address\n      \n          (Anastasia Krupnik #8)", "url": "http://www.goodreads.com/book/show/65150.Anastasia_at_This_Address", "average": 3.81, "cover": "http://d.gr-assets.com/books/1324913484l/65150.jpg", "reviews": 24, "authors": [{"url": "http://www.goodreads.com/author/show/2493.Lois_Lowry", "name": "Lois Lowry"}], "outlinks": ["http://www.goodreads.com/book/show/66975.Alice_in_Rapture_Sort_of", "http://www.goodreads.com/book/show/3742.The_Long_Secret", "http://www.goodreads.com/book/show/1643904.Three_Lives_to_Live", "http://www.goodreads.com/book/show/225743.Journey_to_an_800_Number", "http://www.goodreads.com/book/show/466177.Circle_of_Love", "http://www.goodreads.com/book/show/3788.Thursday_s_Child", "http://www.goodreads.com/book/show/7723751-annie", "http://www.goodreads.com/book/show/198688.Emily_s_Runaway_Imagination", "http://www.goodreads.com/book/show/37761.Here_s_to_You_Rachel_Robinson", "http://www.goodreads.com/book/show/503558.A_Girl_Called_Al", "http://www.goodreads.com/book/show/13845.More_Milly_Molly_Mandy", "http://www.goodreads.com/book/show/116494.Anastasia_Krupnik", "http://www.goodreads.com/book/show/213626.Anastasia_Ask_Your_Analyst", "http://www.goodreads.com/book/show/12932.Anastasia_on_Her_Own", "http://www.goodreads.com/book/show/1008056.Anastasia_s_Chosen_Career", "http://www.goodreads.com/book/show/213632.Anastasia_Absolutely", "http://www.goodreads.com/book/show/3636.The_Giver", "http://www.goodreads.com/book/show/47281.Number_the_Stars", "http://www.goodreads.com/book/show/12936.Gathering_Blue", "http://www.goodreads.com/book/show/12930.Messenger", "http://www.goodreads.com/book/show/13324841-son"]}