{"ratings": 205, "userreviews": [{"userName": "Connie  Kuntz", "userReviewDate": "Jun 25, 2012", "userURL": "http://www.goodreads.com/user/show/1664750-connie-kuntz", "userReview": "This is the third \"Betsy\" book we've read.  Haywood's writing is excellent, and her illustrations are undeniably charming, but for realz, the Betsy experiences are starting to blur for me. But...my kids still love to read about her childhood, and that is why I'm reading this series.  I think it is remarkable how much they relate to her, even though they don't have nearly as many friends as Betsy does, go to school, or have a friendly policeman friend. I guess it is because Betsy is caring, and all kids are caring.  It's neat to see my kids care about what she cares about. Many authors portray children as uncaring and selfish.  That gets old for me.  The Betsy stories may be old fashioned, but the attitudes and depiction of the children, adults and animals are refreshing.Bring on the next Betsy!"}, {"userName": "Laura", "userReviewDate": "Jan 17, 2013", "userURL": "http://www.goodreads.com/user/show/2511187-laura", "userReview": "I bought Back to School With Betsy thinking that it was part of the Betsy-Tacy series. Wrong! (Oops\u2026) As it turns out, I think I like it better than the only Betsy-Tacy that I\u2019ve read.The Story.Betsy and her friends Elle and Billy are horrified to learn that their favorite teacher, Miss Grey, will not be returning to teach them in the fall. She\u2019s getting married! How perfectly horrid of her! Not even the arrival of a new neighbor, Mr. Jackson, in the house next door is enough to cheer them up completely.But when they find out that Mr. Jackson is the man that Miss Grey is marrying, they are ecstatic! Imagine having Miss Grey living next-door all the time! How fun that will be! Perhaps the year won\u2019t be so rotten after all\u2026Praises.Back to School with Betsy was very sweetly told. Here are a few of the things that I liked about it.Betsy has a very good relationship with her parents. She loves to cuddle up on her father\u2019s lap and listen to stories from his childhood. They have fun laughing and joking together. This cute scene occurs when Betsy has been studying Mexican culture at school.Mother gave Betsy an old lace curtain which Betsy wore over her head. She called it her \u201cmantilla\u201d and felt very Spanish indeed.Father said that he felt Spanish too. \u201cFact is,\u201d said Father, \u201cI feel so Spanish I think I will get some tamale plants and raise some tamales in our vegetable garden.\u201dBetsy laughed and laughed. \u201cOh, Father!\u201d she cried \u201cTamales don\u2019t grow on plants. They\u2019re not vegetables. Tamales are made of cornmeal. I don\u2019t believe you know any Spanish. You\u2019re just making it up.\u201d\u201cIs that so?\u201d said Father. \u201cWell, I know that a burro is a donkey and a hacienda is a farm and an iguana is a lizard and a fiesta is a nice long nap.\u201d\u201cNo, it isn\u2019t,\u201d laughed Betsy. \u201cA fiesta is a holiday and it is like a big fair. A siesa is a nap, Father.\u201dFather laughed and said that he guessed he didn\u2019t know much Spanish after all. [pgs. 71-72]It was sweet to see the father and daughter playing around with each other. This next scene occurs when Betsy is scared to go next door. She goes, and when she comes back, finds her mother watching her.That night, after Mother heard Betsy say her prayers, Betsy said, \u201cMother, were you standing at the garden wall all the time?\u201d\u201cYes, Betsy,\u201d replied Mother, \u201cAll the time.\u201d\u201cAnd were you watching me all the time?\u201d asked Betsy.\u201cYes, dear,\u201d said Mother, \u201call the time.\u201dBetsy thought for a moment. Then she said, \u201cThat\u2019s just the way God watches me, isn\u2019t it?\u201dMother leaned over and kissed her little girl. \u201cYes, my precious that is just the way God watches you.\u201d [pg. 15]Instead of getting upset with her mother for 'hampering her independence', Betsy is appreciative and immediately draws a spiritual application. What a clever girl! Betsy also loves her baby sister very much and thinks that playing with her is \u201clike playing with a lovely big doll.\u201d [pg. 107] But Betsy wants more babies, and she tells her mother that the next time they get a little baby, she wants a \u201clittle black baby\u201d. When her mother tells her that it is impossible for she and her husband to have a little black baby, Betsy responds,\"Well, I know,\u201d said Betsy, \u201cbut couldn\u2019t we get one all ready-made? I forget what you call babies that you get all ready-made.\u201d\u201cYou mean \u2018adopt\u2019 a baby,\u201d said Mother.\u201cYes,\u201d replied Betsy. \u201cCouldn\u2019t we \u2018dopt one?\u201d [pgs. 109-110]Isn\u2019t that cute? This last scene occurs in school after Betsy\u2019s picture has been torn up by Thumpy, the dog.\"Come here to me,\u201d said Miss Ross.Betsy went up to Miss Ross. Betsy\u2019s face was covered with tears. Miss Ross put her arm around Betsy. \u201cNow, Betsy,\u201d she said, \u201chow did you get the little picture of the Indian on the burro? Where did it come from?\u201d\u201cI thought of it,\u201d said Betsy.\u201cWell, nothing has happened to your thinker, has it?\u201d said Miss Ross. \u201cThumpy hasn\u2019t torn up your thinker, has he?\u201dThis made the children laugh because they all knew that Thumpy couldn\u2019t tear up Betsy\u2019s thinker.Betsy wiped her eyes and nose. \u201cNo,\u201d she said.\u201cWell then, you\u2019re all right,\u201d said Miss Ross.\u201cYou can think it again.\u201dBetsy felt much better as she took her seat. [pgs. 80-81]: ) A thinker\u2026 D\u2019aww.Cautions.Probably the biggest problem I had with Back to School with Betsy was the appearance of Santa Claus. First, Betsy\u2019s class decorates her school room with pictures of Santa Claus (among other things). Then, Betsy\u2019s father tells her of a dream he had as a little boy in which he met Santa Claus. Later, he arranges for Betsy and her friends to have a sleigh ride and hires Santa Claus\u2019s \u2018twin brother\u2019 to drive it. Although initially believing, the children come to suspect that the \u2018twin brother\u2019 is in reality their favorite policeman, Mr. Kilpatrick.Conclusion. I liked Back to School With Betsy. It\u2019s not perfect, but it\u2019s very sweet.Visit The Blithering Bookster to read more reviews!www.blitheringbookster.com"}, {"userName": "Caleb Mckenzie", "userReviewDate": "Mar 11, 2014", "userURL": "http://www.goodreads.com/user/show/28455875-caleb-mckenzie", "userReview": "I liked Back to School with Betsy.  They got a chicken in the end chapter and it turned out to be a rooster.  They went on a sleigh ride and Betsy's father.  Betsy's father had a dream once where he was in a sleigh and he was with Santa Claus and they went to an old inn and there were two dogs talking to each other.  There was a fire.  The dog said I'm a hotdog!"}, {"userName": "Luke Ewell", "userReviewDate": "Oct 24, 2014", "userURL": "http://www.goodreads.com/user/show/35312702-luke-ewell", "userReview": "I liked it a lot.  Betsy's neighbor married Ms. Grey and Betsy was so happy.  She also got to go on a sleigh ride with Santa's twin brother.  I was wondering who the new teacher would be and it was Mrs. Ross."}, {"userName": "Anne G", "userReviewDate": "Jan 26, 2008", "userURL": "http://www.goodreads.com/user/show/836024-anne-g", "userReview": "When I was little, this was my favorite book ever. I found it in the library at Christ the King school in first grade and as I got older I would secretly hide it in my book pile at the library to only read it one more time. The best part of this book is that it was written so long ago but yet displays interracial adoption. When I look back at it and think of what year it was when this book was actually written, its amazing to see that someone encompassed this so early on in a decade where something of the sort wouldn't have been acceptable?  If I found this book on the shelf in the library today I just might have had to sneak it into my adult pile for one more read ;-)"}, {"userName": "Jacqui Robbins", "userReviewDate": "Sep 10, 2009", "userURL": "http://www.goodreads.com/user/show/960484-jacqui-robbins", "userReview": "In which I learn not to reread some childhood favorites.  I remembered liking this book.  I had a fond feeling in my heart when I flipped through the illustrations.  After rereading, I'm not sure what I liked.  Maybe it's just dated (I did laugh out loud when little Betsy begged her mother to adopt her \"a little colored baby\"), or maybe kids' books now are so much more complex and realistic.  Either way, I was disappointed that Betsy and her friends didn't buy their teacher a monkey as a wedding present, and disappointed in the book."}, {"userName": "Hillvan", "userReviewDate": "Dec 09, 2014", "userURL": "http://www.goodreads.com/user/show/4994438-hillvan", "userReview": "570L"}, {"userName": "Cheryl", "userReviewDate": "Dec 03, 2013", "userURL": "http://www.goodreads.com/user/show/3498889-cheryl", "userReview": "ok, there's one reference to a Christian god, and one chapter in which Betsy decides she wants her family to have more babies of all colors.  But this was seriously charming, without being twee or unrealistic, or even all that dated.  Some children really do have happy childhoods, and it's ok to celebrate that."}, {"userName": "Annie", "userReviewDate": "Oct 19, 2009", "userURL": "http://www.goodreads.com/user/show/1178344-annie", "userReview": "I love these books! They have nice little stories and fifties pictures to go along with them. Great read-alouds for the kids."}, {"userName": "Casertalaura", "userReviewDate": "Mar 17, 2013", "userURL": "http://www.goodreads.com/user/show/5505018-casertalaura", "userReview": "Love this series.  Timeless story about growing up!"}, {"userName": "Laura Quilter", "userReviewDate": "Dec 14, 2009", "userURL": "http://www.goodreads.com/user/show/281409-laura-quilter", "userReview": "Back to school with Betsy by Carolyn Haywood (1943)"}, {"userName": "Amyem", "userReviewDate": "Feb 15, 2011", "userURL": "http://www.goodreads.com/user/show/208240-amyem", "userReview": "http://www.bookcrossing.com/journal/5..."}, {"userName": "Abhimanyu Madiraju", "userReviewDate": "Oct 11, 2013", "userURL": "http://www.goodreads.com/user/show/4423640-abhimanyu-madiraju", "userReview": "cute, short and sweet."}], "description": "Carolyn Haywood's stories about her irrepressible character Betsy have never been out of print, and now, thanks to dynamic new covers, the Betsy books will find their way onto the bookshelves of modern young readers--and into the hearts of a whole new generation.Third grade begins with disappointment--Betsy's beloved teacher, Miss Grey, won't be teachng anymore. But the new year is packed with fun and surprises, including one great piece of news that Betsy declares is about \"the wonderfullest thing that ever happened.\"", "title": "Back to School with Betsy\n      \n          (Betsy)", "url": "http://www.goodreads.com/book/show/7942.Back_to_School_with_Betsy", "average": 4.1, "cover": "http://d.gr-assets.com/books/1391842004l/7942.jpg", "reviews": 13, "authors": [{"url": "http://www.goodreads.com/author/show/5328.Carolyn_Haywood", "name": "Carolyn Haywood"}], "outlinks": ["http://www.goodreads.com/book/show/1572492.The_Best_Loved_Doll", "http://www.goodreads.com/book/show/159628.The_Lonely_Doll", "http://www.goodreads.com/book/show/1112570.Miss_Bianca", "http://www.goodreads.com/book/show/421643.Spiderweb_for_Two", "http://www.goodreads.com/book/show/588745.Gemma", "http://www.goodreads.com/book/show/510711.Henry_and_the_Clubhouse", "http://www.goodreads.com/book/show/42497.Cotton_In_My_Sack", "http://www.goodreads.com/book/show/791461.The_Year_of_Jubilo", "http://www.goodreads.com/book/show/7904.Betsy_Tacy_and_Tib", "http://www.goodreads.com/book/show/592103.More_Stories_from_Grandma_s_Attic", "http://www.goodreads.com/book/show/856384.A_Room_Made_of_Windows", "http://www.goodreads.com/book/show/56324.When_the_Soldiers_Were_Gone", "http://www.goodreads.com/book/show/207533.Someday_Angeline", "http://www.goodreads.com/book/show/7928.More_All_of_a_Kind_Family", "http://www.goodreads.com/book/show/785522.The_Chalk_Box_Kid", "http://www.goodreads.com/book/show/42359.Pinky_Pye", "http://www.goodreads.com/book/show/7941.Betsy_s_Little_Star", "http://www.goodreads.com/book/show/7939.Betsy_and_Billy", "http://www.goodreads.com/book/show/476550.Betsy_and_the_Boys", "http://www.goodreads.com/book/show/7948.Betsy_s_Busy_Summer", "http://www.goodreads.com/book/show/547755.Betsy_s_Winterhouse", "http://www.goodreads.com/book/show/547788.Betsy_and_Mr_Kilpatrick", "http://www.goodreads.com/book/show/7951.Merry_Christmas_from_Betsy", "http://www.goodreads.com/book/show/259901.Betsy_and_the_Circus", "http://www.goodreads.com/book/show/7941.Betsy_s_Little_Star", "http://www.goodreads.com/book/show/7939.Betsy_and_Billy", "http://www.goodreads.com/book/show/476550.Betsy_and_the_Boys"]}