{"ratings": 203, "userreviews": [{"userName": "Christopher Lehman", "userReviewDate": "Sep 08, 2014", "userURL": "http://www.goodreads.com/user/show/14875859-christopher-lehman", "userReview": "I loved this sweet, science related book about a best trying to run from his shadow. Without being overtly science-y, the movement of the sun is reflected in the illustrations and leads to great conversations with kids."}, {"userName": "Crystal Jackson", "userReviewDate": "Jul 14, 2014", "userURL": "http://www.goodreads.com/user/show/32405072-crystal-jackson", "userReview": "I think children would find this book funny, especially if they understand what a shadow is. This story is like the book A Puddle Pail. These books teach children about shadows and reflections."}, {"userName": "Kelli Bratten", "userReviewDate": "Feb 02, 2014", "userURL": "http://www.goodreads.com/user/show/12083718-kelli-bratten", "userReview": "Have kids write stories about what they would do with their shadow, and include why they could see their shadow and what happened to make it dissappere."}, {"userName": "Heidi", "userReviewDate": "Feb 05, 2014", "userURL": "http://www.goodreads.com/user/show/921817-heidi", "userReview": "I'm sure I've read this somewhere in my past. I like the different things bear tries to get rid of his shadow. This would be a cute (and shorter) choice to have around during my Shadows & Groundhogs theme. And one can easily teach a STEM concept here. 2/5/14: Intro book to our shadow theme. And I did throw in the STEM bit, though some of the kids already knew and were telling me first. They liked seeing him try to nail his shadow down."}, {"userName": "Amie Anderson", "userReviewDate": "Oct 02, 2013", "userURL": "http://www.goodreads.com/user/show/23536958-amie-anderson", "userReview": "Bear Shadow is a cute picture book about a bear who tries to get rid of his shadow because it is in the way of his fishing. After many attempts to chase it away, nail it down, etc., he gives up and takes a break until later in the day, and then he finds that the sun is in a different position and he can see! The book is a fun way to teach kids the concepts of earth rotation and shadows. I would recommend this book for kids ages 3-6. The genre of the book is hard to decipher; it could be considered fiction or nonfiction. The only obvious theme would be sun/light."}, {"userName": "Asha Smith", "userReviewDate": "Mar 08, 2011", "userURL": "http://www.goodreads.com/user/show/4831522-asha-smith", "userReview": "I thought this book was super cute. This bear can not get rid of his shadow. The Shadow follows him everywhere and is interfering with Bear catching his fish. So the Bear tries everything to get rid of his shadow but it seems impossible. Finally bear gives up and decides to catch his fish but he allows the shadow to catch a fish too and they are both happy. This is good book to teach about shadows in science. And how when the sun is at certain parts of the sky a person will be to see his shadows at times."}, {"userName": "Trang", "userReviewDate": "Apr 02, 2012", "userURL": "http://www.goodreads.com/user/show/7401070-trang", "userReview": "While trying to catch a fish one day, Moonbear realizes that his shadow has scared it away! And so this leads Moonbear on a journey to leave his shadow behind. Great book to introduce shadows to young ones as it introduces basic concepts through Moonbear's day. I would use it in order to have students talk about shadows and why they think that Moonbear cannot get rid of his shadow. Its also a great way to introduce shadows to students.Appropriate for grades k-3."}, {"userName": "Eliza", "userReviewDate": "Oct 12, 2010", "userURL": "http://www.goodreads.com/user/show/1511073-eliza", "userReview": "All this time, I remembered it as Bear's Shadow. This was one of my favorite books when I was in Kinder or 1st grade. I can't recall which. The book I repeatedly checked out of the library had a beautiful blue hardcover. I was horrified when I left it in my backyard after reading it one day because it rained and the book was ruined. I know this isnt a review, but this book it probably the first book I remember rereading. I have to get a copy."}, {"userName": "Megan MacDonald", "userReviewDate": "Feb 01, 2011", "userURL": "http://www.goodreads.com/user/show/4831483-megan-macdonald", "userReview": "A silly book to read, especially when the class is learning about positions of the sun and moon and what happens when they are in different parts of the sky.  This book is educational, yet funny at the same time. In this book, Bear cannot get rid of his shadow.  He tries to chase it, bury it, and hide from it, but Shadow will not disappear-until the sun moves..Why is that?  Read this funny, relatable book to find out!"}, {"userName": "Amy", "userReviewDate": "Apr 02, 2011", "userURL": "http://www.goodreads.com/user/show/4837908-amy", "userReview": "What a great book to read while learning about shadows! This author puts science perspectives into literature very well and the story of Bear is a cute one. The pictures and language in this book make it a little easier to understand shadows and what time they occur. Pictures of the sun in the sky at different periods of the day gives children a good image of the times our shadow appears, and when it leaves."}, {"userName": "Sue Pak", "userReviewDate": "Apr 18, 2012", "userURL": "http://www.goodreads.com/user/show/7401094-sue-pak", "userReview": "Bear attempts to run away from his shadow throughout the book. This book talks a lot about how his shadow is following him throughout the day, and even talks about the sun movement. Appropriate for 1st and 2nd grade. You can do a lesson on light and shadow. Great to talk about how the sun moves throughout the day. This book was a little strange to read at first. It's a very quick read."}, {"userName": "Alexis Levine", "userReviewDate": "Feb 24, 2012", "userURL": "http://www.goodreads.com/user/show/7381085-alexis-levine", "userReview": "Moonbear's Shadow by Frank Asch is a super cute book about a bear who can't get rid of his shadow. This would be a great book to read with kindergartners or first graders. Students/Children can go outside and try to find their shadows on a sunny day and make shadow puppets and try to develop hypothesis about why and how shadows happen. This would fall under Georgia Standard SKCS1 and SKE1."}, {"userName": "Kelly", "userReviewDate": "Jan 11, 2012", "userURL": "http://www.goodreads.com/user/show/7381219-kelly", "userReview": "Frank Asch is a great author.  I enjoyed the story about the little bear trying to get rid of his shadow.  This could be great read to include for a \"Star Author\" section of class.   I could also see using this book for overcoming obstacles that can't really be overcome and must be dealt with everyday."}, {"userName": "Jenni", "userReviewDate": "Sep 26, 2007", "userURL": "http://www.goodreads.com/user/show/412535-jenni", "userReview": "I'm a fan.  I love the art.  I love the innocence of the stories, and watching my kids understanding of the story unfold as they get older.  Still remember the day that Brandon finally \"got it!\"  He said to me, \"Mom....Bear isn't very smart is he.\"  We'd probably read it 100 times by then.  It cracked me up."}, {"userName": "Brittnee", "userReviewDate": "Apr 14, 2011", "userURL": "http://www.goodreads.com/user/show/4866507-brittnee", "userReview": "Good book for 1st grade when teaching what a shadow is and how shadows work.  really cute gives great and funny examples of the bear trying to run and get away from his shadow and he thinks he finally did when it hit noon, it actually made me laugh while i was reading it because it was so cute."}, {"userName": "Hye Eun", "userReviewDate": "Jan 26, 2011", "userURL": "http://www.goodreads.com/user/show/4866505-hye-eun", "userReview": "My first grade students are learning about shadow so my teacher read this book to them. This book does a nice job with describing some of the characteristics of a shadow through a story. The story is also pretty good and funny. I think it is a good mixture of science and literature in one book."}, {"userName": "Turrean", "userReviewDate": "Jan 29, 2013", "userURL": "http://www.goodreads.com/user/show/5348205-turrean", "userReview": "Love this one, and so do the younger students. Kids who understand that Bear is never going to be able to lose his shadow enjoy all the silly things that he does, but I've found that even the youngest kids, who don't yet know about light and shadows, enjoy Bear's truce with his shadow."}, {"userName": "Sarah", "userReviewDate": "Mar 22, 2012", "userURL": "http://www.goodreads.com/user/show/129832-sarah", "userReview": "Bear is trying to get rid of his shadow and nothing he does seems to work. Children will love seeing all of the silly things he does to try to keep Shadow away, and teachers will like the clear scientific explanation (and visual) for why Shadow keeps popping up. Good for preschool."}, {"userName": "Alana Graham", "userReviewDate": "Apr 11, 2011", "userURL": "http://www.goodreads.com/user/show/4831521-alana-graham", "userReview": "This is a super cute story about a bear who trying to get rid of it's distracting shadow. Moonbear tries everything but can't seem to escape it. I would read this to get students thinking about light and shadows, perhaps in regard to the positioning of the sun."}, {"userName": "Deborah Harris", "userReviewDate": "Dec 27, 2013", "userURL": "http://www.goodreads.com/user/show/7391916-deborah-harris", "userReview": "AR Quiz No. 45442 EN FictionAccelerated Reader Quiz Information IL: LG - BL: 2.8 - AR Pts: 0.5Accelerated Reader Quiz Type Information AR Quiz Types: RP"}, {"userName": "Ahmad Worthy", "userReviewDate": "Jun 17, 2010", "userURL": "http://www.goodreads.com/user/show/3878341-ahmad-worthy", "userReview": "I like this book because it was funny how the bear was trying to get rid of his shadow.  It all worked out at the end of the story, after trying several different ways to get rid of it, that the sun went down and shadow disappeared."}, {"userName": "Eugene Magee", "userReviewDate": "Jan 20, 2012", "userURL": "http://www.goodreads.com/user/show/7390898-eugene-magee", "userReview": "This book was a fun read. Bear could not get rid of his shadow. You could use this book to explain to children what causes our bodies to cast a shadow. You can also explain to the children why your body does not cast a shadow at high noon."}, {"userName": "Abi", "userReviewDate": "Jan 25, 2012", "userURL": "http://www.goodreads.com/user/show/7381111-abi", "userReview": "This was a very cute book. It's about a bear that can not get rid of his shadow. This is good book to teach about shadows for First graders, and how when the sun is at certain parts of the sky a person will be to see his shadows."}, {"userName": "Miriam Garcia", "userReviewDate": "Mar 30, 2010", "userURL": "http://www.goodreads.com/user/show/3145445-miriam-garcia", "userReview": "Bear Shadow is a very cute book about a bear trying to get rid of his shadow in every way possible, even burying it.  No matter what the bear does the shadow won\u2019t go away! It is a great book to introduce shadows for a science lesson."}, {"userName": "Sung Baick", "userReviewDate": "Feb 17, 2011", "userURL": "http://www.goodreads.com/user/show/4866509-sung-baick", "userReview": "This is a cute book about shadows. This story is about a shadow who keeps following the bear. This would be a great book for science - teaching shadows! I would definitely use this book for the younger elementary grade levels."}, {"userName": "Ngoc  Dang", "userReviewDate": "Apr 05, 2011", "userURL": "http://www.goodreads.com/user/show/4837887-ngoc-dang", "userReview": "This book is a good introduction on shadow. Students can have a shadow show in the classroom. Teachers can talk about how shadows appear. This will be fun and hands on which will help children understand shadow."}, {"userName": "Wastell Mcneil", "userReviewDate": "Jan 19, 2010", "userURL": "http://www.goodreads.com/user/show/3145431-wastell-mcneil", "userReview": "This book is about a bear who tries to run away from his shadow but doesn't succeed. Later he discovers that he can catch a fish when the lighting outside is different than earlier in the day."}, {"userName": "Esther", "userReviewDate": "Feb 01, 2011", "userURL": "http://www.goodreads.com/user/show/4866493-esther", "userReview": "\"Bear Shadow\" is a cute book about a bear that is trying to desperately get rid of his shadow.teaching opportunity: learning about shadows and what creates them during the day/night."}, {"userName": "Jen", "userReviewDate": "Oct 22, 2008", "userURL": "http://www.goodreads.com/user/show/926162-jen", "userReview": "Bear is trying to fish but his shadow scares the fish away. It's fun to read about bear trying to get rid of his shadow and talk with the kids about what makes shadows."}, {"userName": "Ginger Smith", "userReviewDate": "Jul 27, 2013", "userURL": "http://www.goodreads.com/user/show/2124258-ginger-smith", "userReview": "I really enjoyed Frank Asch's bear books. Very cute and simple stories. I recommend these for your kids. I especially enjoyed the fishing aspect of this one."}], "description": "Due to popular demand, AIMS is proud to make Ruth Heller's entire series of nature books available in Spanish again. Heller's amazing talent as an illustrator and her ability to surprise readers with strange and little known nature facts put her books in a class by themselves.", "title": "Bearshadow\n      \n          (Moonbear #6)", "url": "http://www.goodreads.com/book/show/452626.Bearshadow", "average": 3.85, "cover": "http://d.gr-assets.com/books/1174894458l/452626.jpg", "reviews": 45, "authors": [{"url": "http://www.goodreads.com/author/show/75172.Frank_Asch", "name": "Frank Asch"}], "outlinks": ["http://www.goodreads.com/book/show/1552547.The_Giant_Carrot", "http://www.goodreads.com/book/show/60342.Pretzel", "http://www.goodreads.com/book/show/1504399.Cookie_s_Week", "http://www.goodreads.com/book/show/872640.If_You_Find_a_Rock", "http://www.goodreads.com/book/show/317872.Down_Comes_the_Rain", "http://www.goodreads.com/book/show/119095.White_Rabbit_s_Color_Book", "http://www.goodreads.com/book/show/511329.Noisy_Nora", "http://www.goodreads.com/book/show/355637.Henry_and_Mudge_and_the_Sneaky_Crackers", "http://www.goodreads.com/book/show/183995.My_Friend_Bear", "http://www.goodreads.com/book/show/29084.Flap_Your_Wings", "http://www.goodreads.com/book/show/900067.Bears_in_the_Night", "http://www.goodreads.com/book/show/197438.Whose_Mouse_Are_You_", "http://www.goodreads.com/book/show/1363829.The_Tortoise_and_the_Hare", "http://www.goodreads.com/book/show/991878.A_Busy_Year", "http://www.goodreads.com/book/show/351879.Where_Does_the_Garbage_Go_", "http://www.goodreads.com/book/show/351624.Have_You_Seen_My_Cat_", "http://www.goodreads.com/book/show/304847.People", "http://www.goodreads.com/book/show/177397.Waiting_for_Wings", "http://www.goodreads.com/book/show/887198.Happy_Birthday_Moon", "http://www.goodreads.com/book/show/315851.Mooncake", "http://www.goodreads.com/book/show/315860.Sky_Fire", "http://www.goodreads.com/book/show/315849.Moongame", "http://www.goodreads.com/book/show/315854.Moondance", "http://www.goodreads.com/book/show/315856.Moonbear_s_Dream", "http://www.goodreads.com/book/show/18051309-moonbear-s-sunrise", "http://www.goodreads.com/book/show/887198.Happy_Birthday_Moon", "http://www.goodreads.com/book/show/315828.Popcorn", "http://www.goodreads.com/book/show/315851.Mooncake", "http://www.goodreads.com/book/show/315849.Moongame", "http://www.goodreads.com/book/show/382640.Star_Jumper"]}