{"ratings": 839, "userreviews": [{"userName": "Joseph", "userReviewDate": "Sep 20, 2010", "userURL": "http://www.goodreads.com/user/show/349290-joseph", "userReview": "It was enjoyable reading about perhaps the greatest of all \u201cunderground comics writer\u201d. I use the term loosely, as Pekar wasn\u2019t really underground/counter culture figure by the end of his life. Well, he wasn\u2019t mainstream either\u2026I don\u2019t know how to classify him, so I won\u2019t.Pekar\u2019s stories are fun to read, and I get what he\u2019s doing with the \u201cslice of life stuff\u201d. But between 1) the strip where he\u2019s eating an orange and his co-worker moves the trashcan closer to him so he can spit out the pits (and that\u2019s it, nothing else happens) and 2) the blow-by-blow account of what happened with all the Letterman nonsense\u2026I don\u2019t know, I think he\u2019s no longer an artist at that point. I mean, when you\u2019re chronicling everything that happens in your life\u2026Is that still art? Or is it nonfiction and journalism?"}, {"userName": "Lobeck", "userReviewDate": "Jun 13, 2009", "userURL": "http://www.goodreads.com/user/show/134476-lobeck", "userReview": "My dislike for this book does not come, as the author suggests, from my need for \"lowest common denominator\" comics.  In fact I like comics with depth and character development and an interesting story line.  This is not one of them.  Not only was I more or less bored by Mr. Pekar's lack of anything interesting to write about, but I was also unimpressed with the constant complaining about how hard his life was.  There were multiple references to the percentage of his income that he would earn in retirement, therefore making retirement not an option, and also many mentions of how no one likes his comics due to the lack of intelligence of the general comic audience.  He needs some new material.  And then some.  I wasn't crazy about the art either."}, {"userName": "Art", "userReviewDate": "Aug 23, 2012", "userURL": "http://www.goodreads.com/user/show/4941973-art", "userReview": "Read enough Pekar and every day of your life will seem profound. American Splendor is an acquired taste - where some will see fine modern art, others will just as legitimately find it to be dull, plotless oversharing. Personally, I really enjoy the headspace it puts you in. Pekar plays the everyman tax-paying file clerk and neo-haiku graphic poet in his comics as much as he does the jazz critic, intellectual and Letterman-regular cultural icon. Somehow he's both without diminishing either, and none of it feels forced. It's just his life, basically. I've been reading a lot of comics lately and not writing reviews since I somehow don't feel qualified."}, {"userName": "Julien V", "userReviewDate": "Feb 24, 2014", "userURL": "http://www.goodreads.com/user/show/6213795-julien-v", "userReview": "A classic. Pekar is so wired, anxious and depressed that no matter how low you feel, you'll end up feeling cheered by our shared \"human condition\", and the beauty of our lives without punchlines."}, {"userName": "Mark Plaid", "userReviewDate": "Apr 16, 2009", "userURL": "http://www.goodreads.com/user/show/1567755-mark-plaid", "userReview": "A thick and heavy trade paperback, The Best of American Splendor collects various comics by Harvey Pekar somewhere between the time of Our Cancer Year and Our Movie Year.  As with the usual theme of American Splendor, Pekar writes autobiographical comics.  However, Pekar writes occasional stories of people he knows or meets and usually make just as interesting reading as his autobiographical material.  His stories about Kapitan Kartoon provide good example of this.  As far as his autobiographical writing goes, Pekar's days of semi-retirement, raising a foster child, and finally getting a movie deal strengthen his writing more than anything.  Less work and required rest recovering from his cancer treatment fails to stop Pekar from pursuing his goals.  Such things certainly add hardship but like great blues singers, the more life brings him down, the more his writing skills go up.  Many describe Pekar as delightfully ordinary and undoubtedly he could be any of us but as plain as his stories seem in their cool delivery the more I want to read.  I never met Pekar but after 23 years of reading the man's comics every time I read one I feel like I'm checking in on an old friend.As always, Pekar uses several artists for his comics and the quality of the art varies per artist.  Personally, I prefer the tight drawing and ink styles of the artists R. Crumb, Gary Dumm, Joe Zabel, and Josh'2K over the loose sketchy styles of Frank Stack and Scott A. Gilbert.  However, the art styles never seem to take away from Pekar's writing.  So even when I pick up a new American Splendor and see art I don't like I know I can buy it and get a good read out of it."}, {"userName": "Paul", "userReviewDate": "Feb 14, 2011", "userURL": "http://www.goodreads.com/user/show/3779897-paul", "userReview": "After reading Jonathan Ames's The Alcoholic and finding it a bit wanting, I'd wanted to take on this innovator and master of autobiographical comics. This is a collection of the odds and ends of his long running comic, with most material coming from the 90s. It's very low key stuff. Reading the book feels like nothing more or less than simply like spending time with Harvey. He'll tell you about books he's reading, his neuroses, his encounters in the workplace, through stories that don't particularly go anywhere. Sometimes, though, he'll give homespun wisdom that makes you want to tear out certain pages and put them above your desk. He works with a variety of artists of varying quality, from very expressive Dean Haspiel, whose work I admired in The Alcoholic, to the solid but not spectacular art of Gary Dunn and Joe Sacco. Most of the stories, though, are illustrated by the underground comics stalwart Frank Stack, whose art, while expressive, is also very sketchy and impressionistic. At its best it lends an immediacy and verve to the stories, but more often than not, Harvey and his surroundings look a bit ill-formed and lumpy.This volume is a bit odd to read in that most of the stories rotate around Our Cancer Year. You get stories referring back to his time with cancer and how it affected his body, his career, and his marriage, but not the full details of that year itself. As such, The Best of American Splendor comes off as more of a supplement to that book than a volume that stands on its own. It's interesting in its own right, but not essential."}, {"userName": "Ollie", "userReviewDate": "Jul 07, 2013", "userURL": "http://www.goodreads.com/user/show/9892350-ollie", "userReview": "Yep! After holding off for so long, I finally got the Best of American Splendor as my first taste of Pekar. In this book, Pekar goes over the minutia of his every day life as a file clerk, an indie comic star, a father, a husband, and as a generally neurotic human being.What I found most interesting about Pekar is that his stories don't have a beginning, middle, and end, but are basically all middles. Even so, it's a lot of fun to get Harvey's take on what his life is like. He's clearly an underdog hero of sorts, and you can't help rooting for him.The Best of American Splendor also features art by some fantastic artists. Even though R. Crumb's art hardly makes an appearance, the volume of Joe Sacco art makes up for it. I did find Frank Stack's art to be underwhelming and sloppy, and found it hard to take in the stories that he drew, probably because the art was distracting to me. However, this shouldn't take away from the fact that the Best of American Splendor is a fun, bitter-sweet at times, and inspiring read for anyone. Even if it means that misery loves company."}, {"userName": "Helmut", "userReviewDate": "Mar 06, 2013", "userURL": "http://www.goodreads.com/user/show/17676323-helmut", "userReview": "Tagebuch eines langweiligen AlltagsHm, also Freunde von amerikanischem oder europ\u00e4ischem Mainstream-Comic werden hiermit keine Freude haben. Freunde von Geschichten mit interessantem, spannendem, witzigem oder \u00fcberraschendem Plot auch nicht. Leute, die Comics wegen den Zeichnungen kaufen, auch nicht.Ich kann mit diesem selbstbessessenen Comic nicht viel anfangen. Der Autor ist nur damit besch\u00e4ftigt, seinen langweiligen Lebensalltag zu beschreiben - ohne erkennbare Linie, ohne Ziel. Das mag Leute reizen, die gerne Biographien oder Tageb\u00fccher anderer Leute lesen, dann kann man sich bestimmt f\u00fcr diesen Autor interessieren und sollte einen Blick wagen.Wie schon an anderer Stelle geschrieben: W\u00e4hrend Robert Crumb praktisch dasselbe macht, hat er wenigstens eine irre Form der Kauzigkeit, die seine Comics interessant und unterhaltsam macht. Das geht diesem Titel hier v\u00f6llig ab.Das gro\u00dfformatige Softcover mit gutem Papier und Bindung pr\u00e4sentiert die schwarz-wei\u00df-Zeichnungen aber zumindest ansprechend."}, {"userName": "Liz", "userReviewDate": "Aug 05, 2008", "userURL": "http://www.goodreads.com/user/show/1398713-liz", "userReview": "Another set of comic gems from Pekar. I thought that the \"American Splendor\" with Paul Giamatti on the cover was the collected works of all that Pekar had written, and boy was I happy to discover I was wrong. I never thought I'd use the words \"psyched\" and \"cancer\" in the same sentence, but I'm really psyched to read \"Our Cancer Year\" by Pekar and his wife. One more thing: Giamatti makes Pekar out to be a much more pathetic character than he is in this book. Sure, he's disgruntled, BUT HE ALSO WORKS OUT. Woah - really does wonders for the character development, and I don't mean that in a dirty way."}, {"userName": "Vaughan", "userReviewDate": "Aug 07, 2010", "userURL": "http://www.goodreads.com/user/show/557331-vaughan", "userReview": "I bought this at a great new/used bookstore in Denver simply because the guys running the place were so nice, I wanted to buy as much as I could from them rather than give my money to the chains...And it's good-- a nice overview of Pekar's world view, whether you've seen the movie or not. Any one read OUR CANCER YEAR?August 2010: I'm pretty sure I finished this at some point this past school year as I really got into reading graphic novels at school during SSR, and Pekar just died--wonder if they'll be another AS?"}, {"userName": "Terry", "userReviewDate": "Sep 30, 2009", "userURL": "http://www.goodreads.com/user/show/666804-terry", "userReview": "I enjoyed this, but I picked it up mainly to supplement my enjoyment of the film. I still get a kick out of the fact that there is no one artist that represents Pekar (although Crumb's is probably the imagery that would resonate most with casual readers). As ever, Pekar is difficult and fretful (well, \"fretful\" is a very gentle term for what he is) but with a sentimental, or kind, or sense-of-fairness, streak that keeps him from being completely misanthropic."}, {"userName": "Molly ", "userReviewDate": "Nov 04, 2009", "userURL": "http://www.goodreads.com/user/show/674068-molly", "userReview": "This is the way to read Pekar -- in book form. If I read these pieces individually, they probably would have just rattled around in my head and dropped away. But reading one after the other of these mundane, brainy, complainy, funny strips -- some just one page long, others much longer -- I got this sense of Pekar and his outlook on the world that I really liked. The artwork, especially the trove of stuff by R. Crumb, is great, too."}, {"userName": "Sara", "userReviewDate": "Dec 30, 2012", "userURL": "http://www.goodreads.com/user/show/408650-sara", "userReview": "This collection is an enjoyable read--though if you are the kind of person that needs stories with a clear arc (beginning, middle and end with conflict in between or a punch line) I would not recommend Pekar's work. His work is really just honest snapshots of the human condition, gritty and real--anxieties, ways we try to control things, how we all survive while working."}, {"userName": "Tyler", "userReviewDate": "Mar 31, 2012", "userURL": "http://www.goodreads.com/user/show/225835-tyler", "userReview": "Nothing life changing, but I enjoyed this collection of American Splendor.  Pekar is extremely open in his writing and it's interesting to see how another person thinks and reacts.  I'm slightly annoyed with his anxiety and emotional issues, but it's clear that he is too.  Fun to see a bunch of different artists as well."}, {"userName": "Arielle", "userReviewDate": "Sep 20, 2007", "userURL": "http://www.goodreads.com/user/show/267488-arielle", "userReview": "I saw the movie and was a bit disappointed. I was really looking forward to an underground, edgy romp through weirdness but found the movie's characterization predictable and boring. I've seen edgier characters on the O.C. Not that I ever watched that."}, {"userName": "Sarah Hughes", "userReviewDate": "Dec 10, 2012", "userURL": "http://www.goodreads.com/user/show/12515189-sarah-hughes", "userReview": "Would like to read earlier American Splendor, Our Cancer Year or Our Movie Year, as this was a bit disjointed and skewed towards his later stuff."}, {"userName": "Thaddeus", "userReviewDate": "Oct 12, 2011", "userURL": "http://www.goodreads.com/user/show/3464640-thaddeus", "userReview": "Good blend of strips, but they're so much more enjoyable in their original sequences."}, {"userName": "Patrick Mccusker", "userReviewDate": "Jul 16, 2012", "userURL": "http://www.goodreads.com/user/show/10127125-patrick-mccusker", "userReview": "It's a lot better than a grumpy old man in Cleveland's diatribes have any right to be."}, {"userName": "Steven", "userReviewDate": "Nov 30, 2014", "userURL": "http://www.goodreads.com/user/show/14858185-steven", "userReview": "When your name is \"Pee car\", you're off to a bad start in life."}, {"userName": "Joel", "userReviewDate": "May 30, 2010", "userURL": "http://www.goodreads.com/user/show/783307-joel", "userReview": "he's a wonderful writer about the human condition. so honest"}, {"userName": "Joselynn", "userReviewDate": "Jun 28, 2009", "userURL": "http://www.goodreads.com/user/show/2463346-joselynn", "userReview": "My first graphic novel. understated eloquence."}, {"userName": "Ledena", "userReviewDate": "Jan 24, 2008", "userURL": "http://www.goodreads.com/user/show/182949-ledena", "userReview": "I worked in medical records too. The horror!"}, {"userName": "Rachel Chernick", "userReviewDate": "Jul 29, 2010", "userURL": "http://www.goodreads.com/user/show/4079818-rachel-chernick", "userReview": "He was a treasure. RIP Harvey Pekar."}, {"userName": "Dean Brodhag", "userReviewDate": "Dec 05, 2012", "userURL": "http://www.goodreads.com/user/show/1256977-dean-brodhag", "userReview": "Waiting to see the movie."}], "description": "Experience the heartwarming, all-American story of a crank and his comic book...Thanks to the hit American Splendor movie, Harvey Pekar is now known around the world. But how did a former file clerk from Cleveland and up with an Oscar nomination? The story begins in 1976, when Harvey began publishing his autobiographical, slide-of-downtrodden-life comic book, illustrated by a who's who of underground comic artists, including R. Crumb, Frank Stack, Gary Dumm and Joe Sacco. Titan is proud to present our third book from Harvey, an all-new compilation of his best work, featuring 100 per cent previously uncollected material.", "title": "Best Of American Splendor\n      \n          (American Splendor #6)", "url": "http://www.goodreads.com/book/show/240065.Best_Of_American_Splendor", "average": 4.09, "cover": "http://d.gr-assets.com/books/1347450546l/240065.jpg", "reviews": 24, "authors": [{"url": "http://www.goodreads.com/author/show/5125.Harvey_Pekar", "name": "Harvey Pekar"}, {"url": "http://www.goodreads.com/author/show/10184.Dean_Haspiel", "name": "Dean Haspiel"}], "outlinks": ["http://www.goodreads.com/book/show/895126.Fallout", "http://www.goodreads.com/book/show/164736.The_Jew_of_New_York", "http://www.goodreads.com/book/show/76574.32_Stories", "http://www.goodreads.com/book/show/2864204-breakdowns", "http://www.goodreads.com/book/show/102616.An_Anthology_of_Graphic_Fiction_Cartoons_and_True_Stories", "http://www.goodreads.com/book/show/806101.Paul_Has_a_Summer_Job", "http://www.goodreads.com/book/show/584014.Perfect_Example", "http://www.goodreads.com/book/show/269356.I_Never_Liked_You", "http://www.goodreads.com/book/show/43576.Twentieth_Century_Eightball", "http://www.goodreads.com/book/show/61449.Palomar", "http://www.goodreads.com/book/show/223790.My_Most_Secret_Desire", "http://www.goodreads.com/book/show/9065071-mid-life", "http://www.goodreads.com/book/show/63811.My_Troubles_With_Women", "http://www.goodreads.com/book/show/630113.The_Acme_Novelty_Library_18", "http://www.goodreads.com/book/show/85886.Bread_and_Wine", "http://www.goodreads.com/book/show/712965.Graphic_Witness", "http://www.goodreads.com/book/show/14475352-beta-testing-the-apocalypse", "http://www.goodreads.com/book/show/349348.Cancer_Vixen", "http://www.goodreads.com/book/show/17903238-american-splendor", "http://www.goodreads.com/book/show/17903234-american-splendor", "http://www.goodreads.com/book/show/43555.The_Best_American_Comics_2006", "http://www.goodreads.com/book/show/43554.The_Quitter", "http://www.goodreads.com/book/show/201792.Our_Cancer_Year", "http://www.goodreads.com/book/show/13138831-harvey-pekar-s-cleveland"]}