{"ratings": 860, "userreviews": [{"userName": "Viji Sarath (Bookish endeavors)", "userReviewDate": "Jul 17, 2014", "userURL": "http://www.goodreads.com/user/show/23591855-viji-sarath-bookish-endeavors", "userReview": "I AM A WORM..When I was in class tenth,we had a chapter on Nehru,an extract from his 'discovery of India' in our English text. While lecturing on that,our teacher used to ask us students what we were in comparison to the great brains like Nehru and Wells. Hearing our silence,he would answer his own question,making us repeat after him,\"WE ARE WORMS\". And after that every time he asked us 'what are you',we answered,\"I AM A WORM\". So every time I hear of a worm or read of it,I am automatically led to think of myself. Seeing the wub in this story talking of Odysseus and democracy and individuation and reading our minds,and reading about the super frog in Murakami's 'After the quake' talking about Dostoevsky,Hemingway and Tolstoy,I am led to think of the truth behind the position that humans are the superior intellects on this earth. What if we are nothing but a tiny worm in the chain of life.?! What if we are nothing but minute components of an extremely sophisticated program.? If we were given a glance of our stand,would we be anymore humble.? Or would we lynch that being who shows the reality like the one in 'the man who saw the future'? A QUESTION TO THE NON-VEGETARIANS OUT THERE INCLUDING ME..If you were to meet your would-be food before it's killed,and if it were to talk to you of of your own thoughts and your philosophy and of the faults and fineries of humanity,would you still eat it.? If you know that it is another being like you with all the sophisticated thought processes with an ability to comprehend and appreciate things like you do,would you still be able to savor it like you did in the past.? I won't blame others but would raise the first finger against myself. I am a lover of dishes made of chicken,and friends of mine mockingly call KFC my grandpa's house. I'm sure I'm not going to look at it the same way as before. I'm deeply moved,but how deeply is left to be seen. Thought-provoking,original,deeply moving. HIGHEST RECOMMENDATION."}, {"userName": "Ania", "userReviewDate": "Oct 20, 2012", "userURL": "http://www.goodreads.com/user/show/7070820-ania", "userReview": "I don't know about you, but I picture the wub as a big Guinea Pig.  Something like this perhaps:I have to say that originally I rated this story with 3 stars: enjoyable but nothing special.  And then it hit me. What if the wub wasn't really a space hog?  what if the space hog was just an animal that previously ATE whatever else had the wub inside it, and was taken over by it? What if the wub \"individuates\", as he puts it, not by leaving his group in space or time, but by leaving the group \"corporally\", i.e. body to body? Questions like these immediately lifted this story up for me to a much higher level than I previously assumed...The hero myth of Oedipus that the wub spoke about refers to the hero going out, individuating, collecting knowledge and then returning to his group. (For more on this check out: The Hero With a Thousand Faces.)  Hence at the end of this short story I would have liked the wub, whom I see as the hero on his mythical journey, to be able to return to his people with the knowledge he's learned.  But I guess this story is only about a single step in his journey, and so he hasn't finished it yet."}, {"userName": "Richard", "userReviewDate": "Apr 07, 2012", "userURL": "http://www.goodreads.com/user/show/526331-richard", "userReview": "Dick isn't the greatest of scribblers--characters move with thin or confounding motives at times, flat dialogue--but the situations are magnificent.  A ship presumably filling its hold ark-like for a long trip picks up a wub, a filthy creature supposedly tasty but also telepathic and intelligent.  From here, as they cynically say, the hilarity ensues.  A quick punch in the ethical gut."}, {"userName": "Skyler Myers", "userReviewDate": "Jan 08, 2014", "userURL": "http://www.goodreads.com/user/show/14867861-skyler-myers", "userReview": "\"Many men talk like philosophers and live like fools.\"PROs:* Original plot* Interesting ethical ideas brought up* Surprising twist at the endCONs:* Too short to really delve deeply into any ideas* Simplistic dialogueThis is one of Phillip K. Dick's shortest short stories. It can easily be read and understood in less than thirty minutes, making it an easy and rewarding read. The plot is different from anything I've seen before and it has a good ending. I think it has breached potential.\"But wouldn't it be more in accord with your principles of democracy if we all drew straws, or something along that line? After all, democracy is to protect the minority from just such infringements.\""}, {"userName": "Kedar", "userReviewDate": "Jun 26, 2012", "userURL": "http://www.goodreads.com/user/show/5988009-kedar", "userReview": "While reading this short story, my first Philip K. Dick work, this song kept playing in my mind:Big man, pig manHa, ha, charade you areYou well heeled big wheelHa, ha, charade you are- Pigs (Three Different Ones) by Pink FloydI was wondering if the travesty was really apt. I wondered if there was something in this story that crossed the gravitational force and escaped me. All I know is that here is a nice, short story about a wub (A rather stout, big pig-like being) that is picked up from Mars for an amount of 50 cents, fated to land on the tasty plates of the hungry space travelers. What happens then is for you to find out. How the hungry earthling captain is fed and satiated? Does he return back, like Odysseus?I am sure reading it will take less time than eating your Eggs and Bacon. (The story is available on Project Gutenberg)At that, yes, more PKD will be devoured."}, {"userName": "Krbo", "userReviewDate": "Jan 12, 2015", "userURL": "http://www.goodreads.com/user/show/20371267-krbo", "userReview": "hehe, genijalna minijatura starog majstora.iznova pro\u010ditana kao rezultat nekih razgovora ovdje, a usput saznam kako je to i prva uop\u0107e objavljena Dickova pri\u010da.Prvi puta pro\u010ditano: Sirius 24 - o\u017eujak 1978."}, {"userName": "Terence Blake", "userReviewDate": "May 19, 2014", "userURL": "http://www.goodreads.com/user/show/4026562-terence-blake", "userReview": "\"Beyond Lies the Wub\" is an interesting early short story, that is richer than may seem at first glance. Mythology, religion, and philosophy form a  backdrop to the story. In particular, there are references to Odysseus and to Epicureanism.I think the Odysseus reference could be filled out in several ways. Odysseus does not rely on brute force like Achilles, but on intelligence, cunning, ruse. This is another case where we can identify the Wub with Odysseus, as against the Achilles-like Captain. Futher, Odysseus had the idea of the Trojan Horse, and now the Captain\u2019s body is a Trojan Horse concealing the Wub and carrying it back to Earth.The eating of the Wub feels like a Eucharist scene, given that he talked about the parable of your Saviour, so \u201cthis is my body\u201d; especially as it was accompanied by wine.The little introduction: \u201d The slovenly wub might well have said: Many men talk like philosophers and live like fool.\u201d seems to be a reference to the Epicurean philosophers, who held pleasure as the highest good. They were compared to swine by their critiques, mere gluttons. According to John Stuart Mill:    \u201cWhen thus attacked, the Epicureans have always answered, that it is not they, but their accusers, who represent human nature in a degrading light; since the accusation supposes human beings to be capable of no pleasures except those of which swine are capable\u201dThis seems to be the case in the story, where Captain Franco is the true swine (all he can think of is eating the wub, he has no care for its intelligence and culture, and so lives like a fool), despite his human body. The Wub is the philosopher despite his swine body (although he does take pleasure in eating too).As for the name \u201cwub\u201d, I think it may be a \u201cnonce word\u201d, coined to be used for the occasion, for the nonce. It resembles Lewis Carroll\u2019s \u201cwabe\u201d in Jabberwocky, which Humpty Dumpty glosses as the grass around a sundial because it \u201cgoes a long way before it, and a long way behind it\u201d. As there is \u201cbeyond\u201d in the title, this suggests that the wub, which originated \u201cway behind us\u201d in time, lies \u201cway beyond\u201d us in evolution and mental capacity.Note: the idea that there is an Epicurean reference, however playful, is confirmed by the sequel \"Not by its Cover\", which I have not yet read. According to the Wikipedia entry: \"Wub fur, so the story suggests, continues to live after the \"death\" of the Wub, and as such is highly prized owing to its postmortem production of a luxurious pelt that has numerous, albeit trivial, human applications. One such application is its use as a book cover by a Mars based publisher who issues a new Latin volume of Lucretius' poem De Rerum Natura (On the Nature of Things)\"."}, {"userName": "Joe", "userReviewDate": "Feb 07, 2014", "userURL": "http://www.goodreads.com/user/show/811733-joe", "userReview": "As usual, Philip K. Dick creates a story that challenges and informs the reader, as well as entertaining them (to some degree).  This particular story follows twists and turns I hardly imagined, and yet it does so completely believably, and is sufficiently well-written that the characters are very easy to relate to.  At first I was skeptical that this Beyond Lies the Wub would be any good, being Dick's first story published, but it rapidly grew on me, and by the last few minutes (of the audiobook) had my undivided attention.  A worthy contribution to the Philip K. Dick canon."}, {"userName": "Vanessa Wolf", "userReviewDate": "Oct 15, 2013", "userURL": "http://www.goodreads.com/user/show/7944160-vanessa-wolf", "userReview": "A short audio adventure, \"Beyond Lies the Wub,\" is an interesting Dick tale. Turetsky gives a good performance with distinct inflections of voice. Recommend it for fans of Dick exploring his short stories."}, {"userName": "Jonathan  Smith", "userReviewDate": "May 10, 2012", "userURL": "http://www.goodreads.com/user/show/9174545-jonathan-smith", "userReview": "I enjoyed this snappy story as it had amusing characters with an equally amusing twist at the end. Recommended for a casual reading session."}, {"userName": "Cristobal", "userReviewDate": "Jan 04, 2012", "userURL": "http://www.goodreads.com/user/show/4057945-cristobal", "userReview": "An interesting short story that would make for a great episode of Amazing Stories or Twilight Zone."}, {"userName": "Dan Absalonson", "userReviewDate": "Apr 09, 2014", "userURL": "http://www.goodreads.com/user/show/2619779-dan-absalonson", "userReview": "This is the first story I've ever read by Philip K. Dick and now I want to read more of his work. I've always wanted to read \"Do Androids Dream of Electric Sheep?\" the book that the movie Blade Runner is based off of. But on to this story.This short story was a really fun read. It has an interesting premise and a fun twist at the end. If you're looking for some offbeat light Sci-Fi reading check this story out. You won't be disappointed. It was very entertaining and a fun idea. You'll see what I mean when you read it."}, {"userName": "ObiWan Canubi", "userReviewDate": "Aug 01, 2012", "userURL": "http://www.goodreads.com/user/show/6302325-obiwan-canubi", "userReview": "Sometimes you read something and you really have to let it digest before you decide whether you enjoyed it or not, Beyond Lies the Wub was just that for me.Again a short story from the nights of our camping trip, but it required two readings.  Not because it is confusing, but because I had to see if I missed something deeper than what it appeared.  No, it was what I read, every word of it.The Wub is basically a pig, a large lazy philosophical space pig who joins the crew of a space liner on a journey of inner enlightenment.  The story never gets exciting, or high paced, it is the slow-moving grandfather on his way to renew his license that he shouldn't even have at 108 years of age.In retrospect the book could have been written no better, the story is what it is and Philip K. Dick wrote the story as well as any one could, but does the story hold up on its merit, I still don't know.  Maybe it is the concept of a pig that may have written the Nicomachean Ethics: Space Swine Edition, or maybe it was the fact that my mind is having difficulty wrapping around the more broad concept that even masters of writing can write a flub, maybe that is The Wub.Check it out for yourself, FREE: http://www.amazon.com/Beyond-Lies-the...For Peter Cawdron and other Out of the States Readers: http://www.gutenberg.org/ebooks/28554P.S. Project Gutenberg is a great resource for free public domain books."}, {"userName": "Cyrano", "userReviewDate": "Feb 26, 2014", "userURL": "http://www.goodreads.com/user/show/772866-cyrano", "userReview": "Nice short story work--quick development, punchy delivery, twist at the end. And the standard Dickian examination of identity and existance.I picked up a mess of individual short stories, and this was the first one I read. Expect more later, but probably not enough meat on them all for actual reviews."}, {"userName": "Jason Meinig", "userReviewDate": "Apr 05, 2014", "userURL": "http://www.goodreads.com/user/show/20986031-jason-meinig", "userReview": "Funny, short scifi-ish story about the interaction of a captain of a spaceship and a wub - a quirky, philosophical, pig-like creature that his crew bought on Mars. The captain sets his sights on the wub as dinner, while the telepathic Martian pig tries to talk his way out of it."}, {"userName": "Martin", "userReviewDate": "Jun 25, 2014", "userURL": "http://www.goodreads.com/user/show/10536918-martin", "userReview": "Humorous sci fi short story about a spaceship crew who buy a pig like creature intending to eat it on the voyage, only to find it talks and is very intelligent. What to do, especially as they are running out of food? Funny but also disturbing."}, {"userName": "Daniel-san Zielinski", "userReviewDate": "Jun 23, 2014", "userURL": "http://www.goodreads.com/user/show/23998378-daniel-san-zielinski", "userReview": "A short story that asks an interesting question... How hard would it actually be to kill and eat an animal if you suddenly discovered that it could communicate with you on an intellectual level?  It was a quick read with a lot to think about."}, {"userName": "Liz", "userReviewDate": "Sep 19, 2012", "userURL": "http://www.goodreads.com/user/show/7379615-liz", "userReview": "A nice little short story about the Wub by Philip K. Dick.  I got this story from the Project Gutenberg at www.gutenberg.net.  I thought that I picked up a novel, but breezed to the end and then realized it was just a short story.  I was using a different e-reader program that didn't give me total page count so I was clueless.  I have heard about Philip K. Dick but, now realized, I have not actually read any of this books...even though I thought that I finally read \"Do Androids Dream of Electric Sheep\" after watching \"Blade Runner\".  Anyhow, this story helped me understand that I have been lacking on reading Dick's novels...so, more additions for my to-be-read list!"}, {"userName": "Rahul Gupta", "userReviewDate": "Apr 04, 2014", "userURL": "http://www.goodreads.com/user/show/27288389-rahul-gupta", "userReview": "A 5 minute read at the max, this short story is absolutely brilliant. A must read for all."}, {"userName": "Jessie", "userReviewDate": "Oct 01, 2014", "userURL": "http://www.goodreads.com/user/show/10873699-jessie", "userReview": "Super quick read that is well worth your time."}, {"userName": "Paul", "userReviewDate": "Jul 30, 2014", "userURL": "http://www.goodreads.com/user/show/8487908-paul", "userReview": "Funny."}, {"userName": "Adam Whittaker", "userReviewDate": "Feb 17, 2014", "userURL": "http://www.goodreads.com/user/show/5481716-adam-whittaker", "userReview": "Poignant."}, {"userName": "Cindy", "userReviewDate": "May 09, 2013", "userURL": "http://www.goodreads.com/user/show/10303390-cindy", "userReview": "This story demonstrates the evil in man. The ending was interesting...it could be interpreted in different ways. All in all, humans live to kill.I gave it 3 stars because it seems like the end was rushed, and some pieces don't fit into the puzzle. Also, the names were confusing. There were several captains, but sometimes Captain was simply used to name a single character. PKD definitely has captivating ideas, but his literary merit is average."}, {"userName": "Alan", "userReviewDate": "Feb 01, 2012", "userURL": "http://www.goodreads.com/user/show/7523598-alan", "userReview": "This was an interesting short story by PKD, and my first short story read by him. It was an interesting piece of material; however, for someone reading it in the present year it may seem dull, boring and nothing new to a reader. I'm sure if i read this story in 1952 when it was first published it would be thrilling to me. PKD still rocks though and i plan on reading more novels and short stories by him."}, {"userName": "C.S.  Ferrier", "userReviewDate": "Dec 16, 2013", "userURL": "http://www.goodreads.com/user/show/7903394-c-s-ferrier", "userReview": "I just came across this randomly while looking for other short stories online, there was even an audio version of it. Which was quite fun. Beyond Lies the Wub is probably my new favorite short story by Philip K. Dick. It's dastardly and humorous and of course quite silly. The quite silly is my favorite bit, Dick was an amazing writer. Read or listen to this. It's quite funny."}, {"userName": "Marts  (Thinker)", "userReviewDate": "Feb 04, 2013", "userURL": "http://www.goodreads.com/user/show/624463-marts-thinker", "userReview": "This is a rather interesting tale. So happens, a crew member on this ship buys an animal from a native for only 50 cents. Its strange but whats even stranger is that he talks, and hey, its no ordinary talking the thing is rather philosophical, anyway its called a Wub... and its interesting to learn what happens to him!!"}, {"userName": "TheWhistler", "userReviewDate": "Apr 04, 2013", "userURL": "http://www.goodreads.com/user/show/7272031-thewhistler", "userReview": "I find Dick's short stories so much more interesting to read and much more understandable. This was an enjoyable story, although not for those into action adventure, too contemplative. As such the story is up for interpertation by the individuale reader. There probable as many interpertatons as there are readers."}, {"userName": "J", "userReviewDate": "Apr 18, 2013", "userURL": "http://www.goodreads.com/user/show/17988001-j", "userReview": "Short and sweet, just how I love my short stories.Ending transition is a little awkward, you can figure out what happened but takes a moment as you are left to fill in the gap. It isn't necessary bad, just rough.I think it would work much better as a screen play screen the way it was written."}, {"userName": "Ralph McEwen", "userReviewDate": "Mar 09, 2013", "userURL": "http://www.goodreads.com/user/show/2403903-ralph-mcewen", "userReview": "A good story well worth listening to. The story is told in a narrative and conversational style. The narrator is well spoken, his voice is clear and easy to listen to.  The recording good is clean with out any background noises. There plenty of volume. The editing is seamless."}, {"userName": "Rebecca", "userReviewDate": "Sep 15, 2013", "userURL": "http://www.goodreads.com/user/show/5632196-rebecca", "userReview": "A sad story with a happy ending aboutGovernment officials who to want to kill something they don't understand.  The strange Wub creature is wise and friendly so the bastards kill and eat him. Assholes!!  Come to find out... that doesn't stop the Wub :)"}], "description": "\"The wub, sir,\" Peterson said. \"It spoke!\"   The slovenly wub might well have said: Many men talk like philosophers and live like fools. Science Fiction \u2013 Alien Life and InteractionBeyond Lies the Wub was Philip K. Dick's first published story and appeared in the legendary \u201dPlanet Stories\u201d pulp magazine. Free download from LibriVox.org Play Duration: 00:16:14Down load file sizes[mp3@64kbps - 7.7MB][mp3@128kbps - 15.5MB][ogg vorbis - 11MB]Public Domain stories from Project Gutenberg, that are read by volunteers.", "title": "Beyond Lies the Wub", "url": "http://www.goodreads.com/book/show/11481021-beyond-lies-the-wub", "average": 3.77, "cover": "http://d.gr-assets.com/books/1328340429l/11481021.jpg", "reviews": 54, "authors": [{"url": "http://www.goodreads.com/author/show/4764.Philip_K_Dick", "name": "Philip K. Dick"}], "outlinks": ["http://www.goodreads.com/book/show/588138.The_Hero_With_a_Thousand_Faces", "http://www.goodreads.com/book/show/13284272-with-morning-comes-mistfall", "http://www.goodreads.com/book/show/260095.Happy_Birthday_Danny_and_the_Dinosaur_", "http://www.goodreads.com/book/show/209712.Even_the_Queen", "http://www.goodreads.com/book/show/317966.Press_Enter", "http://www.goodreads.com/book/show/12753079-the-tunnel-under-the-world", "http://www.goodreads.com/book/show/501404.Clifford_Gets_a_Job", "http://www.goodreads.com/book/show/449263.Sailing_to_Byzantium", "http://www.goodreads.com/book/show/263554.Christmas_in_the_Trenches", "http://www.goodreads.com/book/show/5364103-seven-views-of-olduvai-gorge", "http://www.goodreads.com/book/show/17793135-the-collected-stories-of-arthur-c-clarke", "http://www.goodreads.com/book/show/813235.The_Children_s_Story", "http://www.goodreads.com/book/show/307403.The_Dreaming_Jewels", "http://www.goodreads.com/book/show/12679392-farmer-one", "http://www.goodreads.com/book/show/5048174-2br02b", "http://www.goodreads.com/book/show/5974828-the-damned-thing", "http://www.goodreads.com/book/show/4771677-the-traveler", "http://www.goodreads.com/book/show/16138769-the-unveiling", "http://www.goodreads.com/book/show/7987660-youth", "http://www.goodreads.com/book/show/7082.Do_Androids_Dream_of_Electric_Sheep_", "http://www.goodreads.com/book/show/14817.A_Scanner_Darkly", "http://www.goodreads.com/book/show/216363.The_Man_in_the_High_Castle", "http://www.goodreads.com/book/show/22590.Ubik", "http://www.goodreads.com/book/show/22584.Flow_My_Tears_the_Policeman_Said"]}