{"ratings": 293, "userreviews": [{"userName": "Joan", "userReviewDate": "Feb 19, 2014", "userURL": "http://www.goodreads.com/user/show/3837733-joan", "userReview": "This won the Stonewall Honor Award for 2014. This is a very important book. Gays were the forgotten victims, even more so than the Romany victims. I'm using the word Gay for a reason: The Nazis were focused on Gays because it meant they were not contributing to the next generation of Aryans for the Fatherland. This is the first work I have been aware of on this subject for Teens. Other books made allusions to this group of victims but this is the first I'm aware of where Homosexual persecution is the theme of the book. As with Jews, it is terribly important that these victims be remembered. While in this country, more and more LGBT people are treated as equals with more and more of the same rights, in many parts of the world, homosexuality is still a crime and in five countries this \"crime\" can be punished by death. The experiences of Gay prisoners was pretty similar to the experience of Jews in the camps. However, because of their pink triangle, they were likely raped more and used more frequently for medical experiments since the Nazis were very anxious to \"cure\" homosexuality. Among the nonJew inhabitants, Gays possibly had the highest death rate, perhaps as high as 60%, although this is speculation since that kind of fact apparently is one of the few things the Nazi monomania for recording everything missed. I did not enjoy reading this book. I have gotten to where I simply cannot tolerate reading about the Nazi crimes any more. However, this is really a book that needs to be read, as unpleasant as it is and for the same reason as reading about the Jewish experience of the Holocaust: it must not be forgotten lest we repeat such atrocities. I am rather shocked this did not win the award itself but was only an honor book. BTW the author is a librarian and has sat on committees to award the Newbery, Caldecott and Sibert awards. Highly recommended but you know what to expect if you have done any reading of concentration camp experiences. Highly unpleasant. Highly recommended."}, {"userName": "Karyl", "userReviewDate": "Dec 09, 2014", "userURL": "http://www.goodreads.com/user/show/1462387-karyl", "userReview": "One might think that gays have had to hide their sexuality throughout history, but that isn't quite true.  Before the Nazis came to power, gay men and women in Germany were able to live their lives in relative peace, and even had their own clubs and caberets, especially in Berlin. Laws did exist that made homosexuality illegal, but gay people were rarely arrested or persecuted under those laws.Everything changed once the Nazis took over.  Gay men were a threat to the Aryan ideal of racial purity; their homosexuality made them degenerates, and they weren't contributing increasing the German population.  As a result, stricter and stricter laws were put into place, and gay men began to be persecuted (for some reason, the Nazis didn't really seem to mind lesbians, so they seemed to have escaped much of the horror that gay men faced).  It wasn't long until gay men began to be deported to concentration camps, along with the Jews and the Romani peoples.  They too suffered from horrible conditions, lack of food, shelter, and adequate clothing, and overwork.  It's not known how many gay men died in these concentration camps.  But this book recounts some of the stories of a few survivors of Nazi brutality, and it's through them that we can remember all the nameless men who also suffered.  This is an important book.  While we shouldn't take away from the horrible suffering of the Jews, we should remember that the Nazis didn't save their cruelty for just them, that others suffered and were killed in the name of racial purity as well.  We need to know this and remember this in order to prevent any of this horror happening ever again."}, {"userName": "Gina", "userReviewDate": "Jan 15, 2015", "userURL": "http://www.goodreads.com/user/show/7397717-gina", "userReview": "One of the few books I've ever seen on this subject matter. There are many books written about the Jewish people who were persecuted during the Holocaust, the hidden children, the rescuers, the survivors, etc. These people were encouraged to tell their stories so the world would know. The homosexuals (as they were called during this time period), however, were branded not with the yellow star but with the pink triangle. Before WWII, Germany had many people living openly with their lifestyle choices and even famous Germans such as Albert Einstein fought for gay rights. All that changed when the Nazis came into power. Ken Setterington does a phenomenal job bringing awareness to this group of people (usually men) who were imprisoned, tortured, and killed, and shows how society shunned them long after the war was over. Because of this shaming, there are no truly accurate statistics of who wore or survived the branding of the pink triangle because those who wore it were too afraid to tell their stories. The book is written for young adults and is both interesting and easy to read."}, {"userName": "Penny Peck", "userReviewDate": "Sep 17, 2014", "userURL": "http://www.goodreads.com/user/show/6079662-penny-peck", "userReview": "This concise and engaging chronicle of the persecution of gay men by the Nazi regime will be a great resource for middle and high schools. The author describes the attitude toward the LGBT community in the 1920's, which was relatively tolerant in Berlin especially, and how the Nazi regime took power and targeted gay men as well as Jews, Roma, the disabled, and Jehovah Witnesses. There are several b&w photos in each chapter, and a wealth of quotations from gay men who served the work camps. The writing is appropriate for teens, even most tweens, since the discussion of homosexuality is more about feelings and not explicit sexual acts. The author is really adept at making this age appropriate, and in using quotes to allow survivors to speak for themselves. Especially helpful are the concluding chapters on the continued struggle by survivors, because homosexuality was still illegal after WWII. A Stonewall Honor book."}, {"userName": "Jackie Busch", "userReviewDate": "Apr 23, 2014", "userURL": "http://www.goodreads.com/user/show/30791558-jackie-busch", "userReview": "\"Branded by The Pink Triangle\" by Ken Setterington is 120 pages long. The book goes under the historical fiction genre. This book is a quick and easy read. It's also factual which makes it interesting.From the title you wouldn't really be able to know that this book is about. That's why I included the cover. As soon as I saw the cover I could tell this story is about the Holocaust and Nazi Germany. I had pervious knowledge that the pink triangle stood for homosexuals. I was immediately drawn to this book because I find all this stuff very interesting. I chose this book because as much as I know about the Holocaust I've always been curious about other groups involved. When I saw that there was a book about homosexuals in the Holocaust I decided to pick it up. It's a topic prior to this I didn't know too much about. I'm actually really into learning about the Holocaust and Nazi Germany.Basically this book is about the treatment of homosexuals before and during Nazi Germany.  This book covers how life changed for gays as they were labeled \"inferior\" to Germany.  The book talks about how Germany which was once one of the most expecting places for gays went to one of the worst. Life for them became awful threats, arrests, beatings, and in some cases murder were everyday struggles. Hitler's plan to wipe out the \"inferiors\" to make an aryan race were put into action. Concentration camps were built. What a lot of people don't know is that more than just Jews were sent to concentration camps anyone \"undesirable\" was sent including homosexuals. Homosexuals were imprisoned. In the concentration camps instead of wearing the Star of David homosexuals were forced to wear a pink triangle on their clothing hence \"Branded by The Pink Triangle\". This book tells the history of pink triangle inmates. This book's best used literary element is point of view. This book is written in 3rd person omniscient which let's the reader really feel for the narrator. The best part of this book is that it have many different point of views. In this book there are personal stories of survivors. Gay survivors explaining life in the concentration camps. It's almost like they'll talking to you. It makes it feel much more personal. I've always felt that no matter how hard you try you can never understand what people went/were going through. In my opinion hearing from someone whose been through is the best way to understand it. So for be this worked wonderfully.I enjoyed reading this book! I recommend it to everyone. I especially recommend it to history lovers. Even better if you like learning about the holocaust. Not only is this book entertaining but it is extremely factual. It's letter ally filled with facts. I've learned so much about their life and conditions they were faced with in the concentration camps. From this book I've gained new opinions about life and excepting others. This book teaches a wonderful lesson and it is supporting gay rights. The pink triangle now is a gay right symbol it makes me happy to now know that this is a thing.I'm going to be honest I have not met my goal. I haven't read 8 pages everyday I haven't even read everyday. It's bad but it's hard being a student athlete who would also like a Social life. I know that other people have more on their plate so I'm going to really try and read this summer. I would like to change my ways by reading majority of days. I believe part of the problem is that I have a hard time prioritizing my time. I get so caught up in the now and taking it all in and honestly reading isn't a top thing for me to accomplish. I'm going to try extra hard to improve my English skills and make good habits for my life."}, {"userName": "Dakota Larsen", "userReviewDate": "Sep 15, 2014", "userURL": "http://www.goodreads.com/user/show/34995392-dakota-larsen", "userReview": "This book was rather interesting. It is also very informative. When I saw it in the library window I assumed it was a story of one person suffering at the hands of the nazi regime, but really it's a story about the LGBTQ community suffering in general.I learned two things from this book I was unaware of before I opened it:1) That Berlin was, before the Nazi party came to power, kinda like the gay Capital city.2) And that not everyone was freed from prison camps when the war was over.(I won't explain those two in detail because I want you to read it for yourself.)It is well put together and well sited. Each chapter reads like a story in itself, which doesn't take away from the experience I guarantee.This was my first review, I hope it has helped"}, {"userName": "Christine", "userReviewDate": "Aug 22, 2014", "userURL": "http://www.goodreads.com/user/show/3399675-christine", "userReview": "Older teens - interesting non-fiction on a little explored topic."}, {"userName": "Sharon", "userReviewDate": "Aug 11, 2014", "userURL": "http://www.goodreads.com/user/show/703750-sharon", "userReview": "Setterington\u2019s book provides a historic view of the shift in attitudes toward homosexuality in Germany prior to, during, and after Hitler\u2019s rise to power. In spite of laws against homosexuality, Berlin, Germany at the beginning of the 20th century was home to a thriving and relatively open gay community.  Setterington documents this relaxed social climate via photographs, posters, and publications, then proceeds to chronicle the shift in attitudes through the ensuing decade as the Nazi party rose into power.  The book sheds light on the history of the pink triangle, a symbol sewn onto the prison uniforms of homosexuals interred in Nazi prison camps, and how it has changed from a brand of shame and persecution to a universally accepted symbol of gay rights.Setterington, a librarian, ties together historic research, photographs, individual stories, and first person accounts to shed light on a little-known aspect of the holocaust and to honor the strength and resiliency of the human spirit. His writing style is extremely readable (the opposite of dull and dry). He connects his research and this book to the \u201cIt Gets Better\u201d campaign and spreads the message, \u201ceveryone deserves to be respected for who they are.\u201d The book is an excellent addition to LGBT history and deserves a space in public and school libraries.Themes: citizenship, courage, prejudice, persecution, war crimes, man\u2019s inhumanity toward man, homosexuality, gay rights, human dignity, strength of the human spirit, identity, national pride, politics, social studiesAwards & recognition:2015 Canadian Jewish Book Awards\u2014Winner, Holocaust Literature2014 Stonewall Award\u2014Honor Book, American Library AssociationTop Ten, 2014 Rainbow List, American Library Association's Gay,       Lesbian, Bisexual, and Transgender Round Table (GLBTRT) and Social     Responsibilities Round Table (SSRT)United States Board on Books for Young People (USBBY) Outstanding     International Books 2014Bank Street College Children's Book Committee's \"Best Children's Books     of the Year, 2014\" for ages 14+Kirkus starred review"}, {"userName": "Katie Levin", "userReviewDate": "Dec 09, 2014", "userURL": "http://www.goodreads.com/user/show/34775438-katie-levin", "userReview": "Branded by the Pink TriangleBranded by the Pink Triangle is a very informative historical fiction book. Follows through the view of how homosexuals were treated in Berlin during this time period of Hitlers reign and the views and stereotypes that citizens had on them. Specifically, it highlights the pink triangle that was put on homosexuals\u2019 clothes in the concentration camps during Hitler\u2019s reign  and accounts for many peoples stories. I enjoyed reading this short novel because I felt that I had gained knowledge after finishing. Although it wouldn\u2019t have been my first pick in books to read, I am glad I did. It would be a great book for older students (high school and above) to read while covering this specific topic in class which you could include many activities about what was going on in this time period! I highly recommend this book for anyone looking for an intellectual read that wants to expand their knowledge!Setterington, K. (2013). Branded by the pink triangle. New York City, NY: Second Story Press"}, {"userName": "Barbara", "userReviewDate": "Apr 28, 2013", "userURL": "http://www.goodreads.com/user/show/1222379-barbara", "userReview": "Much has been written about the atrocities of the Nazis during the Holocaust, but little has been written about the treatment of gay men during that time period. This book does an excellent job of describing the initial harassment of gay men by the Nazis as they tried to enforce an 1871 law, known as Paragraph 175, forbidding sexual contact between men. Eventually, anyone suspected as being homosexual was taken to a concentration camp and identified with a pink triangle worn of the clothing. The author describes the stories of some of the men who survived the horrible conditions in the death camps. Until I saw the play Bent several years ago in New Orleans, I had no idea about this aspect of the Holocaust. This is an important part of history that needs to be told. I'm glad that young readers will now know the rest of the story and understand the significance of the pink triangle, now the symbol of gay rights."}, {"userName": "Inge", "userReviewDate": "Jun 19, 2013", "userURL": "http://www.goodreads.com/user/show/1298254-inge", "userReview": "Jews were not the only ones persecuted and executed by the Nazis in World War II. Instead of a Star of David, homosexual men were marked with a pink triangle, which now stands as an international symbol for gay rights. Setterington even includes the experiences of lesbians, who weren't persecuted in equal numbers and sometimes even married gay men to save them from persecution. This is an undertold story, even for a person like me who knows quite a bit about the Holocaust. This is meticulously documented and researched (the author happens to be a librarian). The most shocking thing about the Pink Triangle accounts is that many gay men who suffered in the Holocaust were not given proper apologies, compensation, or even sympathy. They were often treated as simply people who were punished for a crime. A solid non-fic title. Readable, but also good for classrooms, reports, etc."}, {"userName": "Sylvia McNicoll", "userReviewDate": "Sep 21, 2014", "userURL": "http://www.goodreads.com/user/show/7277701-sylvia-mcnicoll", "userReview": "An important non-fiction narrative on the persecution of gays during World War II and beyond. Excellent writing makes a difficult subject captivating as well as easy to read. Hoping parents will read and share with their tweens."}, {"userName": "Yasi", "userReviewDate": "Oct 29, 2014", "userURL": "http://www.goodreads.com/user/show/8249597-yasi", "userReview": "A very concise yet thorough book about the persecution of gay men during the Nazi regime (1933-1945). I found that the most use of this book is in its personal accounts of men who were arrested under Paragraph 175 and lived to tell the tale. A lot of light was shed upon how homosexuality was treated under the Nazi regime, but the author remains unbiased towards the harsh treatment of the queer community after the Second World War as well. Very good starting point for research, but the book does focus only on the account of gay men during the Holocuast as they were the most hunted group in the queer community."}, {"userName": "Lisa", "userReviewDate": "Sep 28, 2014", "userURL": "http://www.goodreads.com/user/show/1267350-lisa", "userReview": "Great read for older teens about an overlooked population of victims and survivors. Truly heartbreaking."}, {"userName": "Osilverman", "userReviewDate": "Jul 25, 2014", "userURL": "http://www.goodreads.com/user/show/27039304-osilverman", "userReview": "This book provides yet another perspective on the atrocities of the Nazi regime. It emphasizes how easy it is to turn one of these phobias (in this case - homophobia) into a state policy, if one can convince people that it is a morally sound thing to do. The book demonstrates the process of the anty-gay policy development in the Nazi Germany, and presents a series of case studies of homosexuals prosecuted by the regime. Individual stories interviened with the historical articles make this book accessible and personal. The text is slightly repetitive, but overall - a valuable read."}, {"userName": "Steve", "userReviewDate": "Dec 12, 2014", "userURL": "http://www.goodreads.com/user/show/37089260-steve", "userReview": "Genre: Young Adult Novel / Historical / Non Fiction This novel takes place during WWII when a pink triangle was sewn onto uniforms to mark the homosexuals being imprisoned in concentration camps.  The Author does a very good job at gearing this book towards a teen audience.  The story being told is something that most young people have never heard of because it is being forgotten in the histories of our past.  Being well above a teenager myself, I have never heard of the pink triangle before and I found this novel very intriguing and historically factual.  Setterington uses personal stories to bring life and truth to his book.  Without these personal stories, I don\u2019t think Setterington would have gotten all the recognition for the book that he ended up receiving because people tend not to believe something if there is no proof in it and these individuals bring that proof needed with all the emotions existing in with every survivor.  The overall theme of this book is homosexual persecution.  And after doing some quick research, this is the only book that I have found to be written for teens with a topic such of that.  I think it is important to see where LGBT people came from and just how much the world has started to accept them inside their communities.  The best thing about this book is the multiple viewpoints that it uses to tell each of its stories.  As a class, we could discuss what viewpoints the book uses and how each factor into the overall satisfaction of the book.   Setterington, Ken. Branded by the Pink Triangle. N.p.: n.p., n.d. Print."}, {"userName": "Alex Roth", "userReviewDate": "Dec 09, 2014", "userURL": "http://www.goodreads.com/user/show/34819525-alex-roth", "userReview": "Branded by the pink triangle was a book that was very different than any other book I have read. This book discussed not just one tough issue but also two, the holocaust acts and homosexuals. More specifically this book discussed what it was like being a homosexual in a prison or camp during times that the Nazi party was in full effect. The book talks about the hard issues of being homosexual in Germany or Berlin and being treated like the enemy. The pink triangle was worn on prison uniforms if an individual was homosexual.I really enjoyed this book reading it from an older person perspective. I think that it would take a very mature age group and classroom to be able to read this book and discuss it in a professional and critical way. However, I think that if able to bring this book into the classroom it can be very beneficial for students to see how many people the Nazi party truly affected that you don\u2019t always hear about in history books. Setterington, K. (2013). Branded by the pink triangle. Second Story Press."}, {"userName": "Doreen", "userReviewDate": "Oct 07, 2014", "userURL": "http://www.goodreads.com/user/show/3592703-doreen", "userReview": "Hitler wanted to eliminate the Jews and all others who were perceived roadblocks in building a pure Aryan race.  Homosexuals, Roma and Sinti (gypsies), the physically and/or mentally handicapped, Jehovah Witnesses and anyone considered to be asocial, were also targets.  This book focuses on the stories of homosexuals who were imprisoned; suffering the beatings, medical experiments, starvation, and all cruelties of the concentration camps.     Before the Nazi's rise to power, Berlin was considered the \"Homosexual Capital of Europe\".  Gay men and lesbians could socialize and enjoy a gay lifestyle in many bars, clubs and restaurants.  There was a law on the books called, Paragraph 175.  It stated that homosexual behavior could result in imprisonment, but enforcement was lax, usually resulting in a fine.  Then, with Hitler in power, revisions were made to this law.  Homosexuality was then loosely defined as 'acts contrary to human nature'.  As scores of homosexuals were arrested, imprisoned and sent to concentration camps, 'good Germans' looked the other way.  As with the Jews, years of prejudice against homosexuals made it easier for the Nazi government to persecute them.     The facts are well-researched and expertly explained.  The heart-breaking personal stories of several gay men who endured the concentration camps and the degradation associated with the 'pink triangle' sewn on their clothes, are told.  There is no way to read the stories of these men without crying.  Beautiful, intelligent, artistic men were imprisoned/beaten/killed, just for being gay.  They couldn't change who they were any easier than a Jew could change himself from being a Jew.     This is an excellent resource for educators and the layperson needing a thoughtful, truthful account of the treatment of homosexuals in Europe during the 20's, 30's and 40's.  Additionally, the author offers a timeline through 2012, highlighting significant dates and events pertaining to homosexuals.  Included are the monuments and memorials recognizing the fate of homosexuals and their losses during WWII.  This book is a great tool for a classroom or for an individual who needs to understand the impact of ignorance in the World."}, {"userName": "Jordyn Oakland", "userReviewDate": "Dec 09, 2014", "userURL": "http://www.goodreads.com/user/show/34816915-jordyn-oakland", "userReview": "Branded by the Pink Triangle by Ken Setterington is a heart-wrenching novel that focuses on the change in tolerance towards homosexuals after the Nazi party took over Germany. Homosexuals were viewed in the same light as Jewish people and were arrested as well as sent to concentrations camps; they feared for their lives. As mentioned in the title, the pink triangle was a symbol sewn onto uniforms labeling the person as a homosexual. This novel provides accurate historical details and personal stories that allows the reader to feel the fear and despair that those suppressed by Nazi Germany felt during this time. The language and situations may be appalling to some students but I think Setterington did a fantastic job keeping the authenticity and accuracy of these events. This book would be great during a unit about the history of Nazi Germany to show the students that people who are Jewish were not the only ones negatively affected. This is also a great resource for teaching diversity and acceptance of others to help create a positive classroom atmosphere. Setterington, K. (n.d.). Branded by the pink triangle."}, {"userName": "Marta Boksenbaum", "userReviewDate": "Feb 19, 2014", "userURL": "http://www.goodreads.com/user/show/2145510-marta-boksenbaum", "userReview": "A very powerful account of what homosexuals experienced during the Holocaust in Europe. This short volume clearly and concisely outlines what happened to homosexuals before, during and afterwards, illustrated with accounts of specific men's experiences. The brevity of this book, partly due to the lack of documentation and statistics on the topic, actually make the subject more digestible. This does not mean that the book lacks emotional depth. The personal accounts that are included are vivid and painful. An important aspect of this book is the description of the aftermath, how many homosexuals continued to be imprisoned and experienced violence even after the war ended due to anti-homosexual laws and prejudice.  This book can be read as a narrative, or used as reference.  It is a valuable addition to the collective history of the Holocaust, and highlights a population often overlooked when discussing World War II."}, {"userName": "Jenni Frencham", "userReviewDate": "Feb 04, 2014", "userURL": "http://www.goodreads.com/user/show/6906412-jenni-frencham", "userReview": "Setterington, Ken. Branded by the Pink Triangle. Second Story Press, 2013.This book tells the story of the persecution of gay men in Germany and throughout Europe during the Second World War, and their difficulties in receiving reparations and recognition at the conclusion of the war.It's common knowledge that Hitler caused the deaths of millions of Jews through his \"final solution\" program of concentration camps, but it's easy to forget that homosexual men, Jehovah's Witnesses, persons with disabilities, the Roma, and political prisoners also received harsh treatment at the hands of the Nazis.  This is a great resource for students who wish to study the second world war or who want to understand the heritage of the LGBT+ community.Recommended for: young adults, adults, Red Flags: since this discusses concentration camps, there are lots of mentions of death, beatings, torture, rape, starvation, etc. Overall Rating: 5/5 starsRead-alike: Rose Under Fire"}, {"userName": "Edward Sullivan", "userReviewDate": "May 24, 2013", "userURL": "http://www.goodreads.com/user/show/2574606-edward-sullivan", "userReview": "A thoughtfully written, well researched account of how homosexuals(primarily men)were persecuted in Nazi Germany and the countries it occupied, and how they later were included in the Final Solution among the \"inferiors\" to be exterminated. Setterington effectively blends history with personal stories of victims and survivors. An important contribution to Holocaust literature."}, {"userName": "Sara Shelton", "userReviewDate": "Dec 09, 2014", "userURL": "http://www.goodreads.com/user/show/35255781-sara-shelton", "userReview": "The story, \"Branded by The Pink Triangle\" by Ken Setterington was an amazing historical fiction book to read. I personally enjoy reading books which have storylines that are based around the Nazis and World War II. Growing up I always believed that Jews were the only victims during this specific time. But what didn\u2019t occur to me before I picked up this story was gays were forgotten victims as well during the Holocaust. This story was very factual which drew me in as a reader as well. I learned that Berlin was a popular place for homosexuals because they were pretty much able to live their lives in peace until Hitler came to power. Afterwards they are abused, and sent to concentration camp being forced to wear a pink triangle branding them as homosexuals. I personally would recommend this book to anyone with an interest in WWII history and human rights."}, {"userName": "Susannah", "userReviewDate": "Apr 20, 2014", "userURL": "http://www.goodreads.com/user/show/601198-susannah", "userReview": "I read about this book in connection with the . . . Printz awards? the Alex Awards? . . . one of the awards given to books for young people that highlight social issues, then found it in the new books section of my public library in the adult section, which surprised me a bit. That said, I think this book is an excellent primer for anyone who wants to know about the persecution of gay men and lesbians in Germany before, during, and after World War II. It's straightforward but unflinching in its representation of the lives of gays before the war and the horrors they faced during it. Reading this as an adult, there was much about it that I was familiar with; however, what I did learn about was the on-going persecution homosexuals faced in Germany after the war (e.g., after being liberated from concentration camps, some gay men went to prison to fulfill sentences under Germany's anti-gay Paragraph 175 law because their time in the camps wasn't considered part of their sentence) and how they were denied reparations until well after most gays who survived the camps had already died. I'm not one to use a term like \"important\" to describe books, as I think it's overused and subsequently meaningless, but this book is definitely a valuable contribution to the history of the Holocaust for all readers."}, {"userName": "Alicia", "userReviewDate": "Feb 15, 2014", "userURL": "http://www.goodreads.com/user/show/1806073-alicia", "userReview": "This well-done, short nonfiction book about gays during the Holocaust, branded with the pink triangle, is a great addition to Holocaust fiction and nonfiction, with a focus on a certain population and a message at the end about contemporary GLBT issues and recognition, years later for gays in concentration camps, survivors, and life before and after the Nazis. I appreciated the focus on certain people and their situations along with eyewitness accounts of those that were helped, aided, hidden, or otherwise either by or for gays but also what Germany and surrounding countries were like to gays before Hitler's rise to power. Chock full of information that is a great narrative nonfiction piece, there were things that I learned, having never known before, which makes it a wonderfully research piece."}, {"userName": "desiree", "userReviewDate": "Jul 21, 2014", "userURL": "http://www.goodreads.com/user/show/159526-desiree", "userReview": "This was a good historical look at the treatment of gay men during the Holocaust. It followed the stories of a few specific men, bringing a personal look at the subject."}, {"userName": "hannah", "userReviewDate": "Mar 08, 2014", "userURL": "http://www.goodreads.com/user/show/30221-hannah", "userReview": "I don't know. Like, all in all, good and important and interesting. But sometimes, especially at the beginning as it was setting up, it felt a bit too anthropological, like observing some strange species that looks and acts humanoid but is different - all, \"They had parties and clubs and homosexuals from all over the world came to experience it\" and \"They believed that as homosexuals, they were born that way and had a right to love whomever they wanted.\" Like, duh? And very much separating the author from the issue, which is fair when it comes to writing about history, but also makes it seem very \"these people are not people people,\" and given that the author is gay and also that people are people, and you can be a bit more fair without appearing biased and losing your factuality, that felt strange. Far be it from me to claim authority in naming - I can only be an enlightened ally, not speak for a group I'm not a part of - but \"the homosexuals\" feels impersonal and a bit like calling people \"illegals.\" Adjectives are not nouns, right? And people-first language, right? Anyway, something about the way language worked in this book made me uncomfortable, though again, I can't say what's right. It might also be that anytime you have to use the same word over and over again, which obviously you would have to in a book about so tight a subject, it just starts to look and sound weird, so that's probably part of it.At any rate, I've read a lot of Holocaust literature in my life, and I can only remember one other book that even mentioned pink triangles or spent any amount of time talking about how Nazis mistreated and incarcerated gay people (like, basically, all books just say \"and also Catholics, disabled people, gay people, and Roma\" and then move on), so cheers, and well balanced between general history and facts and biographical accounts to make it real and especially relevant for teens, since most were about how young people were affected, first loves, etc. Good stuff. Just also maybe problematic and a lot to think about?"}, {"userName": "Ashley", "userReviewDate": "Feb 11, 2014", "userURL": "http://www.goodreads.com/user/show/7471272-ashley", "userReview": "Meh. Interesting topic, uninteresting writing. It read like a college paper."}, {"userName": "Nina", "userReviewDate": "Jun 09, 2014", "userURL": "http://www.goodreads.com/user/show/30613446-nina", "userReview": "Although homosexuality was illegal in Germany, Berlin became a popular place for homosexuals as they were pretty much left alone. In the 1930's, as Hitler came to power and began his quest to create a master Aryan race, homosexuals began to be persecuted. They were beaten, tortured, killed, and sent to concentration camps, where they were forced to wear a pink triangle on their shirts to brand them as homosexuals. Originally meant to shame homosexuals, the pink triangle has now come to be a sign of empowerment for the LGBT community. More appropriate for high school and up, this is an important part of the Holocaust history."}, {"userName": "Ms. Yingling", "userReviewDate": "Feb 05, 2014", "userURL": "http://www.goodreads.com/user/show/2636606-ms-yingling", "userReview": "This is certainly a very well researched book about the plight of homosexual men during the Holocaust. Starting with an explanation of the accepting culture in Berlin from the late 1800s until after the first world war, this gives a very complete account of why and how the Nazis persecuted men who were perceived to be homosexual. The inclusion of information about individuals who have recounted their tales makes this especially poignant, and there is a chapter dedicated to the state of the homosexual movement after that time. Definitely deserving of its award."}], "description": "Before the rise of the Nazi party, Germany, especially Berlin, was one of the most tolerant places for homosexuals in the world. Activists, including Thomas Mann and Albert Einstein, campaigned openly for the rights of gay men and women, and tried to repeal the old existing law against homosexuality. But all that would change when the Nazis came to power and existence for gay people turned into one of fear. Raids, arrests, prison sentences and expulsions became the daily reality. When the concentration camps were built, homosexuals were imprisoned along with Jews and any other groups the Nazis wanted to suppress. The pink triangle, sewn onto prison uniforms, became the symbol of the persecution of homosexuals, a persecution that would continue for many years after the war. A mix of historical research, first person accounts, and individual stories bring this time to life for readers. Stories of bravery in the face of inhuman cruelty, friendship found in the depths of despair in the camps, and the perseverance of the human spirit will both educate and inspire.", "title": "Branded by the Pink Triangle", "url": "http://www.goodreads.com/book/show/17076450-branded-by-the-pink-triangle", "average": 3.88, "cover": "http://d.gr-assets.com/books/1361150788l/17076450.jpg", "reviews": 77, "authors": [{"url": "http://www.goodreads.com/author/show/191720.Ken_Setterington", "name": "Ken Setterington"}], "outlinks": ["http://www.goodreads.com/book/show/16044979-imprisoned", "http://www.goodreads.com/book/show/18166920-beyond-magenta", "http://www.goodreads.com/book/show/15799010-courage-has-no-color", "http://www.goodreads.com/book/show/17168240-the-nazi-hunters", "http://www.goodreads.com/book/show/17740626-go", "http://www.goodreads.com/book/show/17381972-the-president-has-been-shot", "http://www.goodreads.com/book/show/13504127-beyond-courage", "http://www.goodreads.com/book/show/13530012-october-mourning", "http://www.goodreads.com/book/show/20759526-some-assembly-required", "http://www.goodreads.com/book/show/18060015-the-port-chicago-50", "http://www.goodreads.com/book/show/10755314-sparks", "http://www.goodreads.com/book/show/15798674-fat-angie", "http://www.goodreads.com/book/show/17320669-a-volcano-beneath-the-snow", "http://www.goodreads.com/book/show/12715346-we-ve-got-a-job", "http://www.goodreads.com/book/show/16158179-the-great-american-dust-bowl", "http://www.goodreads.com/book/show/20759533-rethinking-normal", "http://www.goodreads.com/book/show/18854738-moon-at-nine", "http://www.goodreads.com/book/show/13592202-american-honor-killings", "http://www.goodreads.com/book/show/2120961.Mom_and_Mum_Are_Getting_Married_", "http://www.goodreads.com/book/show/20434479-hans-christian-andersen-s-the-snow-queen", "http://www.goodreads.com/book/show/334336.The_Wild_Swans", "http://www.goodreads.com/book/show/1114143.Clever_Katarina", "http://www.goodreads.com/book/show/139987.The_Snow_Queen"]}