{"ratings": 6900, "userreviews": [{"userName": "erry", "userReviewDate": "Jan 20, 2010", "userURL": "http://www.goodreads.com/user/show/1068400-erry", "userReview": "\u201c Cerita..selamanya tentang manusia, kehidupannya, bukan kematiannya. Ya biarpun yang ditampilkannya itu hewan, raksasa atau dewa ataupun hantu. Dan tak ada yang lebih sulit dipahami daripada sang manusia.. jangan anggap remeh si manusia, yang kelihatannya begitu sederhana; biarpun penglihatanmu setajam mata elang; pikiranmu setajam pisau cukur, perabaanmu lebih peka daripada dewa, pendengaranmu dapat menangkap musik dan ratap tangis kehidupan; pengetahuanmu tentang manusia takkan bakal bisa kemput\u201d-\tPramoedya Ananta Toer dalam Bumi Manusia \u2013=============================================================Aku adalah manusia. Tentu yang tak sempurna. Karena kealpaan dan lupa tak bisa lepas dariku. Aku hanyalah manusia biasa. Aku bukanlah dewa dengan segala ke-Maha-annya. Sempurna adalah kata yang tidak untukku.Namaku Minke, setidaknya itulah sapaan orang-orang ketika memanggilku. Saking terlalu seringnya nama itu digunakan, hingga aku hampir lupa nama asliku. Nama yang diberikan oleh Bunda dan Ayanda yang dengan bersusah payah akhirnya berhasil menjadi Bupati B. Sebagai keturunan priyayi Jawa, aku beruntung bisa mengenyam pendidikan ala Eropa. Ilmu pengetahuannya, budayanya, pergaulannya, bahasanya serta segala hal yang berbau Eropa. Aku begitu kagum akan peradaban dan budaya mereka. Hingga hampir- hampir tak lagi berdiri di atas tanah budaya sendiri. Ironis memang, tetapi itulah yang mungkin akan terjadi padaku kalau saja tak terjadi peristiwa ituSebagai lelaki normal, wajarlah kiranya ketika kujatuh hati pada seorang perempuan. Apalagi perempuan yang kecantikannya ibarat dewi. Cantik, lembut namun rapuh. Aku mabuk karena kecantikannya dan cintanya. Hingga membuatku tak sadar, jatuh semakin dalam. Sebuah hubungan yang tulus, tanpa menyadari hukum, peraturan, kasta, etnis, bangsa dan pandangan orang lain dan dunia. Tak kudengarkan lagi nasihat para guru dan orangtua sendiri. Aku terjerat, terikat, terpenjara. Pribumi adalah bundaku. Bunda yang melahirkanku, memberiku dasar budaya, adat dan darah Jawa ini. Bunda yang telah memberiku kehidupan. Pribumi juga adalah Mamaku. Seorang wanita cerdas yang menjadi pintar secara otodidak. Perempuan biasa yang menjadi keras karena pengalaman hidup. Seorang Mama yang membuatku begitu mengaguminya. Eropa adalah guruku. Aku belajar dari mereka. Aku melihat dunia dari mereka, hingga aku lebih sering berlisan dengan bahasa mereka. Tetapi seperti apapun aku tetaplah seorang pribumi. Pribumi yang hanya dijadikan alat bangsa Eropa untuk meninggikan kejayaan mereka, sementara di pihak lain kami - kaum pribumi - akan semakin direndahkan derajatnya hingga ke jauh ke dalam tanah.Batinku berontak, harga diriku berteriak. Apakah ini arti dari semua yang telah kupelajari dari kalian wahai bangsa Eropa?? Apalah artinya semua ilmu, pengetahuan, sopan santun, hukum dan keadilan yang telah mereka ajarkan?? Ketika keadilan itu hanya berlaku bagi kaum mereka sendiri. Ketika hukum hanya melindungi ras kulit putih sendiri. Dan ketika batas antara Eropa dan pribumi tetap tak dapat terlampaui. Ketika kaum penjajah kolonial tetap akan menginjakkan kaki mereka di atas kepala kaum pribumi pemilik negeri sendiri. Apakah akan selamanya seperti itu??=============================================================Bumi manusia. Manusia dgn segala problematikanya. Sebuah novel tentang seorang seorang keturunan priyayi Jawa yang mengenyam pendidikan ala Eropa. Sebuah pergolakan batin ketika ia berada di antara pertentangan antara apa yang dinamakan dengan modern dan tradisi. Apakah harus memilih cinta, cita cita ataupun keluarga. Pun jua ketika dihadapkan pada batasan antara pribumi dan Eropa. Hukum, keadilan dan semuanya.Sebuah novel yang cukup berani. Humanis. Melihat manusia dengan segala sisinya. Karena memang ini adalah Bumi manusia. Tak salahlah kalau novel ini banyak meraih penghargaan dari berbagai lembaga dan negara. Juga berulangkali diterbitkan di dicetak ulang dalam berbagai bahasa di dunia. Bahkan kalau tak salah, karena novel ini Pramoedya pernah beberapa kali dinominasikan meraih nobel sastra. Satu pertanyaan menggelitik kepala : Kenapa novel ini pernah sampai dilarang peredarannya?? Sepanjang saya membaca novel ini menurut pandangan saya pribadi, tiadalah unsur sosialis, komunis, mengancam ketahanan negara dan semacamnya. Suatu keanehan memang. Tetapi bukankah Indonesia memang adalah negeri yang penuh anomali??Bumi manusia mengajak kita untuk berpikir dan merenung. Walaupun settingnya di era kolonial Belanda. Masih cocok dengan kondisi sekarang. Kebaikan dan keburukan manusia, diskriminasi, keadilan dan ketidak adilan hukum, mengutamakan kepentingan kelompok/ golongan tertentu, pemerasan, penjajahan dan pembatasan kemerdekaan, dan sebagainya. Kalau kita renungi, hingga masa kini pun itu semua masih terjadi bukan?? Bedanya tidak lagi antara Eropa  dan pribumi. Tetapi antara sesama pribumi anak negeri. Hmm\u2026mungkin saja itu jadi salah satu jawaban dari pertanyaan yang menggelitikku tadi. Mungkin. Dan itu mungkin saja loh\u2026\u2026\u2026..- Erry -"}, {"userName": "Harun Harahap", "userReviewDate": "Jan 03, 2010", "userURL": "http://www.goodreads.com/user/show/2109023-harun-harahap", "userReview": "Tokoh yang menarik perhatian saya dalam novel ini adalah Nyai Ontosoroh. PerEMPUan pribumi yang istimewa. Nyai Ontosoroh merupakan gundik dari Seorang Belanda lemah dan tidak bertanggung jawab. Nyai Ontosoroh menjalankan dan membesarkan berbagai perusahaan yang telah ditinggal suaminya. Nyai Ontosoroh tak pernah bersekolah tapi ia bias menulis dan membaca, bertutur kata dan berperilaku secara Jawa, Melayu ataupun Belanda.Gundik memang bukan \u2018sebutan\u2019 yang enak didengar. Tapi Nyai Ontosoroh tidak pernah peduli atas itu. Dia tak pernah memilih untuk menjadi Gundik tapi ia juga tidak pernah menolak untuk melanjutkan hidup. Nyai Ontosoroh hanya ingin anak perempuannya bahagia. Dia berjuang untuk memberi makan anak-anaknya dan juga para pekerjanya. Nyai Ontosoroh pernah berkata \u201cBerbahagialah dia yang makan dari keringatnya sendiri beersuka karena usahanya sendiri dan maju karena pengalamannya sendiri\u201dDari surat-surat Miriam de la Croix untuk Minke, kita dapat melihat bahwa bangsa Jawa yang sudah sedemikian jatuh derajatnya tidak hanya disebabkan oleh Bangsa Eropa saja melainkan karena bangsa kita sendiri. Keangkuhan dan keserakahan pejabat pemerintahan telah membuat rakyat menderita diatas tanah mereka sendiri. Pejabat pemerintahan yang korup sering merasa dirinya lebih mulia daripada manusia pribumi lainnya. Sehingga mereka tak ragu untuk menjual bangsa sendiri kepada bangsa lain.Dari novel ini kita dapat mengetahui Lima Syarat yang ada pada satria Jawa: Wisma, wanita , turangga, kukila dan curiga (rumah, wanita, kuda, burung dan keris)Wisma, tanpa rumah orang tak mungkin satria. Rumah tempat satria bertolak, tempat dia kembali.Wanita, tanpa wanita, satria menyalahi kodrat sebagai lelaki. Wanita adalah lambang kehidupan. Turangga, alat yang dapat membawa kau kemana-kemana adalah ilmu pengetahuan, kemampuan, ketrampilan, kebisaan dan keahlian dan akhirnya kemajuan.Kukila melambangkan keindahan dan kelangenan(hobby), segala yang tak punya hubungan dengan penghidupan hanya dengan kepuasan batin pribadi, tanpa itu orang hanya sebongkah batu tanpa semangat.Curiga adalah lambang kewaspadaan, kesiagaan, keperwiraan, alat untuk mempertahankan yang empat sebelumnya. Tanpa keris,yang keempat itu akan bubar binasa mendapat gangguan.Salah satu Quote yang saya suka:Cinta tak lain dari sumber kekuatan tanpa bandingan, bisa mengubah, menghancurkan atau meniadakan, membangun atau menggalang."}, {"userName": "Harry Rutherford", "userReviewDate": "Oct 28, 2010", "userURL": "http://www.goodreads.com/user/show/1385097-harry-rutherford", "userReview": "This Earth of Mankind is the first novel of the Buru Quartet, so called because it was composed when Pramoedya Ananta Toer was a political prisoner on Buru Island in the 60s. I say \u2018composed\u2019 rather than \u2018written\u2019 because the first version of it was told orally to his fellow prisoners. He had apparently just about finished the research and planning when he was arrested and all his notes and books were destroyed.Which is an immediately intriguing back-story, although the relationship between the novel and his imprisonment is not particularly direct, in that Pramoedya was imprisoned by Suharto\u2019s military dictatorship as part of an anti-Communist purge, whereas the novel is set at the very end of the C19th \u2014 1898, in fact \u2014 in a Java which is part of the Dutch East Indies.Still, it is, among other things, a clearly political novel; it deals with the political awakening of a young man growing up in a society structured as a formal racial hierarchy, with \u2018Natives\u2019 at the bottom, \u2018Pures\u2019 (i.e. Europeans) at the top, and a layer of \u2018Indos\u2019 (Indo-European, mixed race) stuck in the middle, operating as a local elite.The hero of the novel is a Native, but an unusually privileged one; because of the importance of his family, he is the only Native* at an elite high school for Europeans and Indos. So he\u2019s awkwardly positioned in between worlds, brought up to believe that his European education makes him better than other Natives. But of course when he comes into conflict with the establishment, he discovers how fragile his privilege is, and how much he is dependent on the goodwill of the colonial powers.I enjoyed it; it reminded me rather of one of those European novels from between the world wars, with a whiff of melodrama, and characters having long wordy conversations about ideas. Slightly old-fashioned, but in a good way. I\u2019m certainly tempted to pick up the second in the quartet.This Earth of Mankind is my book from Indonesia for the Read The World challenge.* it feels very weird to keep capitalising \u2018Native\u2019 like that, but I\u2019m following the practice of the novel, or the translation, which capitalises the racial terms to emphasise their formal legal status."}, {"userName": "Nilam Suri", "userReviewDate": "Mar 21, 2010", "userURL": "http://www.goodreads.com/user/show/444013-nilam-suri", "userReview": "So, what can i say...after prolonged it for quite sometime i finally read one of Pramoedya's books.I'm not sure if my review can do justice for this phenomenal book,but let's try, shall we.Honestly,this book didn't impress me that much.Saya nggak tau apa yang saya harapkan saat membaca buku yang dipuja2 banyak orang,yang dijadikan bahan skripsi dan thesis,bahkan menjadikan penulisnya salah satu nominator penerima nobel. Buat saya,buku ini sama saja seperti buku-buku lainnya yang digarap dengan serius. Paling perbedaan terbesarnya terletak pada setting cerita,dan hal remeh temeh lainnya yang berhubungan dengan setting.Atau mungkin kehebatan sang penulis yang bisa membuat kita lintas waktu ke masa kolonial dulu yang bikin buku ini spesial? Yah entahlah.Namun satu hal yang pasti, buku ini menempatkan perempuan pada tempat yang tidak biasa. Hampir semua tokoh-tokoh penting dan hebat dalam buku ini adalah perempuan, mulai dari sang Nyai sampai Magda Peters. Bahkan Bunda pun adalah seorang wanita yang exceptional. Cuma Annalies agak mengganggu saya. Oke saya tau dia masih muda,nah justru karena itulah,setiap melihat ulahnya saya nggak bisa berhenti berpikir, \"drama banget sih, dasar ABG!\" walaupun dia memang menunjukkan sisi lain dirinya di bagian akhir buku sih,tapi sepanjang buku dia lebih sering membuat saya geleng-geleng kepala.Namun saya jadi penasaran, kalau buku ini benar difilmkan siapakah bintang yang secantik itu sampai kita bisa melihat kejora di matanya, ya? Semoga pilihan Mira dan Riri tidak membuat kecewa.Bagaimana dengan Minke sendiri?Hm...nggak banyak yang bisa saya katakan tentang dia,kecuali 'tukang nyosor' hahaha...well,sebutan apalagi yang harus saya berikan pada pemuda yang langsung mencium seorang gadis pada perjumpaan pertama? ;p tapi ada kalanya saya menyukai Minke,kadang dia lucu,walau saya sempat berpikir kalau dia seorang pengecut dan lemah hati. Mungkin itu karena dia masih muda. 18 is a very young age indeed.Saat membaca buku ini saya juga harus berkali-kali mengingatkan diri saya kalau kejadian dalam buku ini terjadi saat kita masih dijajah Belanda,soalnya kalau saya tak melakukannya mungkin saya akan emosi melihat kerasisan para bule itu,dan kedangkalan bangsa pribumi yang berlebihan memuja mereka. Oh,okay, mungkin buku ini memang hebat ternyata. Dia berhasil membangkitkan rasa nasionalisme saya yang nyaris nol.Good job, old man!*sambil berdoa semoga ga dikutuk*"}, {"userName": "Cintoenxz Abstraxz", "userReviewDate": "Sep 25, 2007", "userURL": "http://www.goodreads.com/user/show/396622-cintoenxz-abstraxz", "userReview": "Sebuah novel sejarah yang mengisahkan perjalanan intelektual seorang anak manusia (yang diberi nama oleh Pram Minke=monyet) untuk menemukan arti kemanusiaan dan identitas kebangsaan awal abad 20-an. Berhadapan dengan kolonialisme dan sistem hukumnya yang diskriminatif, Minke melihat banyak ketimpangan-ketimpangan, penindasan-penindasa, politik pecah belah, pembagian kelas, dan politik kolonial yang menyengsarakan manusia Indonesia dan menjatuhkan kemanusiaan ke titik yang paling rendah dalam pergulatan sejarah manusia Indonesia. Betapa tidak berharganya seorang Inlander (priboemi) dimata pemerintah kolonial. Berbagai pengalaman hidup dan kekecewaan yang dialami dalam kehidupannya, kehidupan seputar kehidupan pribadinya, terutama percintaannya dengan Annelis, yang karena berbeda warna mata harus mengalami \"tragedi\". Munculnya sosok Nyai Ontosoroh, meskipun hanya seorang gundik Belanda Totok tapi dengan kebanggaan yang besar sebagai inlander (priboemi)mampu menjadi \"guru spiritual\" yang menanamkan kesadaran identitas diri pada Minke, yang akhirnya membawanya pada kesadaran untuk menyadarkan bangsa ini, sebagai pewaris sah Nusantara, untuk bangkit dan berjuang melawan kolonialisme.Sebuah roman yang sangat menarik, yang akan membangkitkan jiwa nasionalisme, jiwa kebanggaan sebagai bangsa besar. Bahwa bangsa kita pernah mengalami penghinaan yang luar biasa, dan apakah kita akan terus melestarikan kehinaan tersebut, atau justru membangkitkan kesadaran untuk kebesaran bangsa, sebagaimana pernah dicapai pada era Majapahit?"}, {"userName": "Naeem", "userReviewDate": "Aug 27, 2008", "userURL": "http://www.goodreads.com/user/show/217489-naeem", "userReview": "First, thanks to Sara-Maria and Manu (hard as this is for me to do, a debt is a debt) for encouraging me to read the Buru Qurtet.  These four books and  Max Havelaar made for superb summer reading.  All the book covers say that Toer is \"Asia's leading candidate for the Nobel Prize.\"  I have no doubts about that.  This not because he is a great stylist of prose (at least not in the English translation), nor because he uncovers new ground in form.  Rather, I think it is Toer's ambition and vast knowledge that is astounding.  Somewhere in the back of my mind, I recall the statement that Benedict Anderson, he of  Imagined Communities fame, was influenced by Toer.  I can see that.  In the first three books, Toer is developing a theory of colonial resistance and colonial consciousness.  He also formulates a theory of nationalism.  All this is done within dramatic plots and very engaging characters.  I continue to believe that some of the best third world theorizing is done through fiction.The strength and weakness of the four novels is the vast amount of detail that Toer offers.  You will learn more about Dutch Indonesia than you ever thought was possible.  These details had the effect of completely transporting into a different time and place.  I kept thinking to myself: \"Why is it that I know next to nothing about Southeast Asia's struggle with the Dutch colonialism?\"  Reading these books was like looking out at your back yard and realizing that, in it, there is a trail that leads to whole another dimension.  The fourth novel,  House of Glass was rather unsettling for me.  First the point of view shifts.  The first three books are written from the point of view of Minke -- a gifted \"native\" who internalizes the Dutch and Western norms of his white education and who comes to see the impossibility of realizing the values of equality and justice within the colonial setting.  House of Glass shifts the point of view to another native but one who is a collaborationist.  In some ways this novel reminds me a bit of the first essay in Memmi's  colonizer and the colonized.  Second, it is not difficult to identify with the tragedy that befalls Minke since his character has integrity.  But the collaborationist in House of Glass, while intelligent, falls further and further into self-hatred.  I found the fourth book emotionally difficult.All in all an enthralling experience.  I am very impressed with Toer's historical and theoretical grasp,  although I wished he had done more work on the daily operations of the sugar factories that ruled Indonesia."}, {"userName": "R. Sanyoto", "userReviewDate": "Mar 21, 2008", "userURL": "http://www.goodreads.com/user/show/166170-r-sanyoto", "userReview": "\"Mas, kan kita pernah berbahagia bersama ?\"\"Tentu, Ann.\"\"Kenangkan kebahagiaan itu saja, ya Mas, jangan yang lain.\""}, {"userName": "Michiyo 'jia' Fujiwara", "userReviewDate": "Sep 14, 2012", "userURL": "http://www.goodreads.com/user/show/6999278-michiyo-jia-fujiwara", "userReview": "Menangis dan sedih diakhir bab terakhir ini..dan semua ditutup dengan sebuah dialog:\u201cKita kalah, Ma\u201d bisik Minke\u201cKita telah melawan, nak,  Nyo, sebaik-baiknya, sehormat-hormatnya.\u201d Nyai OntosorohIni adalah perkenalan pertamaku pada kisah para manusia..tentang kisah cinta pria pribumi dan wanita Indo nan cantik jelita; Minke dan Annelies Mellema..tentang kewibawaan seorang wanita pribumi tangguh; Sanikem atau kita lebih mengenalnya sebagai Nyai Ontosoroh..tentang seorang pria pribumi yang gamang akan hidupnya, haruskah ia hidup seperti ayah dan semua nenek moyangnya; mengagungkan sembah pada leluhur dan pembesar melalui perendahan dan penghinaan diri! Sampai sedatar tanah kalau mungkin!! Itu bukanlah yang Minke inginkan kelak dilakukan oleh anak-cucunya.. atau haruskah ia mengagungkan adat budaya Eropa..jiwa ke-Eropa-an yang memberinya pengetahuan dan peradaban..tapi hukum Eropa-lah yang juga merebut orang yang paling dikasihinya..Annelies..Apa yang akan dilakukan oleh Minke selanjutnya??"}, {"userName": "Bunga Mawar", "userReviewDate": "Jan 09, 2009", "userURL": "http://www.goodreads.com/user/show/1007892-bunga-mawar", "userReview": "Malangnya nasibmu, Inlander. Dipecah-belah lalu dikuasai Belanda yang rakus. Bebal. Biadab.Malangnya nasibmu, Sanikem. Diambil madu dan kemanisanmu, diperas otak dan jiwamu, dihinakan status nyai-mu, tak bisa menyelamatkan darah dagingmu sendiri.Malangnya nasibmu Annelies. Muda, cantik, berbudi halus. Dibuat lemah oleh kuatnya pribadi mamamu,  kesempitan duniamu, dan butanya cintamu.Malangnya nasibmu Minke. Ganteng, cerdas, berani. Punya nama lahir kok tidak dipakai. Apa kurang bagus pemberian orangtuamu, ha?Malangnya nasibmu Vera. Baca buku keren, diniatkan dibaca sehari semalam, eh... baru sadar belakangan  halaman 312-344 ternyata bukan bagian dari buku ini, tapi buku Anak Semua Bangsa. Kena spoiler deh. Mbak Endah (empunya buku) sadar nggak ya? Benar-benar buku bagus. Buktinya saya hampir meraung saat Annelies tak bereaksi saat suaminya bercerita macam-macam. Dari Putri Genoveva sampai Baron von Munchausen. Dan buku bagus ini tak layak dapat review ngasal macam ini. Tapi kan saya baru kena spoiler. Bunga bakung, buah kedondong.Harap maklum, dong."}, {"userName": "Irwan", "userReviewDate": "Aug 28, 2011", "userURL": "http://www.goodreads.com/user/show/183639-irwan", "userReview": "Jatuh cinta sejak adegan pertama:-- pada kecantikan seorang Annelies Mellema. Yang sepanjang cerita membuai dengan lembutnya kecantikan dan rapuhnya kemudaan yang berkembang ditengah konflik keluarga berlatar belakang kolonial. -- pada pandangan dan keteguhan seorang Sanikem, atau Nyai Ontosoroh. Seorang otodidak yang mengjungkalkan semua stereotip wanita yang ada di posisinya, seorang gundik Belanda. -- pada kepujanggaan seorang Minke. Aku cemburu dengan segala kehebatan dan keberuntungannya. Baca: cinta Annelies (hehe!) Terasa olehku pena Pram menggoreskan nasib Minke untuk tugas-tugas besar kesejarahan yang aktual pada jamannya.-- pada cerita yang hebat ini, yang menguntai ulang detil-detil sejarah yang kupelajari di sekolah dulu, memberinya wajah, rasa, suara bahkan airmata yang begitu manusiawi. Membisikkan masa lalu Eropa yang sudah 11 tahun kutinggali ini lewat suara kekaguman nenek moyangku atas kemodernannya maupun jerit ronta atas kebengisan penindasannya. -- pada kepenulisan Pramoedya Ananta Toer. Malu hatiku atas keterlambatanku menyaksikan sebuah kepenulisan kelas dunia ini. Tergagap-gagap aku membaca sesuatu yang tampak sederhana tapi sarat makna, salah satunya adalah dialog Minke dengan Dokter Martinet tentang kondisi psikologis Annelies. Seutas kutukan pada rejim Soeharto spontan terlontar: bisa-bisanya kau halangi sebuah karya besar.Jatuh siksa pada adegan terakhir. Saat mata menelusuri untaian kalimat-kalimat terakhir buku pertama tetralogi ini, sebuah \"kengerian sastrawi\" menyergapku. Bagaimana aku bisa segera mendapatkan lanjutan cerita ini? Ketidakberdayaan akibat ruang-waktu. Mungkin seperti persepsi jarak negeri Belanda pada jaman di buku ini. Amazon Kindle Store? Tidak, aku ingin membaca dalam bahasa aslinya! Gramedia.com app? Skeptis, layanan yang belum stabil ini saja sudah melenyapkan dua buku yang sudah kubeli. Apa daya? Jatuh cinta dan jatuh siksa seakan dua wajah dari koin yang sama :-)"}, {"userName": "Erik Angriawan", "userReviewDate": "Aug 14, 2011", "userURL": "http://www.goodreads.com/user/show/5998744-erik-angriawan", "userReview": "Kutipan Tetralogi Pulau Buru==''Bumi Manusia''==* \"Berbahagialah dia yang makan dari keringatnya sendiri bersuka karena usahanya sendiri dan maju karena pengalamannya sendiri \" (''Mama/Nyai Ontosoroh, hal 39''* \"Seorang terpelajar harus juga belajar berlaku adil sudah sejak dalam pikiran, apalagi perbuatan. (''Jean Marais, hal 52'')* \"Cinta itu indah, Minke, terlalu indah, yang bisa didapatkan dalam hidup manusia yang pendek ini. (''Jean Marais, 55'')* \"Tak ada cinta muncul mendadak, karena dia anak kebudayaan, bukan batu dari langit. (''Jean Marais, 55)* \"Melawan, Minke, dengan segala kemampuan dan ketakmampuan. (''Jean Marais, 60)* \"Hidup bisa memberikan segala pada barang siapa tahu dan pandai menerima. (''Mama, 73)* \"Jangan anggap remeh si manusia, yang kelihatannya begitu sederhana; biar penglihatanmu setajam elang, pikiranmu setajam pisau cukur, perabaanmu lebih peka dari para dewa, pendengaran dapat menangkap musik dan ratap-tangis kehidupan; pengetahuanmu tentang manusia takkan bakal bisa kemput. (''Mama, 119)* \"Cerita tentang kesenangan selalu tidak menarik. Itu bukan cerita tentang manusia dan kehidupannya , tapi tentang surga, dan jelas tidak terjadi di atas bumi kita ini. (''Mama, 120)* \"Duniaku bukan jabatan, pangkat, gaji, dan kecurangan. Duniaku bumi manusia dengan persoalannya . (''Minke, 135)* \"Semakin tinggi sekolah bukan berarti semakin menghabiskan makanan orang lain. Harus semakin mengenal batas. (''Bunda, 138)* \"Kau terpelajar, cobalah bersetia pada katahati. (''Jean Marais, 203)* \"Suatu bangsa yang telah mempertaruhkan jiwa-raga dan harta benda untuk segumpal pengertian abstrak bernama kehormatan. (''Miriam de la Croix, 212)* \"Melawan pada yang berilmu dan berpengetahuan adalah menyerahkan diri pada maut dan kehinaan. (''Miriam de la Croix, 213)* \"Suatu masyarakat paling primitif pun, misalnya di jantung Afrika sana, tak pernah duduk di bangku sekolah, tak pernah melihat kitab dalam hidupnya, tak kenal baca-tulis, masih dapat mencintai sastra, walau sastra lisan. (''Magda Peters, 233)* \"Kalian boleh maju dalam pelajaran, mungkin mencapai deretan gelar kesarjanaan apa saja, tapi tanpa mencintai sastra, kalian tinggal hanya hewan yang pandai. (''Magda Peters, 233)* \"Tak pernah ada perang untuk perang. Ada banyak bangsa yang berperang bukan hendak keluar sebagai pemenang. Mereka turun ke medan perang dan berguguran berkeping-keping seperti bangsa Aceh sekarang ini...ada sesuatu yang dibela, sesuatu yang lebih berharga daripada hanya mati, hidup atau kalah-menang. (''Jean Marais, 250)* \"Cinta tak lain dari sumber kekuatan tanpa bendungan bisa mengubah, menghancurkan atau meniadakan, membangun atau menggalang. (''Dr. Martinet, 279)"}, {"userName": "Glenn Ardi", "userReviewDate": "Nov 17, 2014", "userURL": "http://www.goodreads.com/user/show/3354941-glenn-ardi", "userReview": "Dulu seorang teman pernah berkata : \" Jika Amerika memiliki F.C Fitzgerald, Perancis memiliki Victor Hugo, Rusia memiliki Fyodor Dostoyevsky, Jerman memiliki Johann Wolfgang von Goethe dan Jepang memiliki Haruki MurakamiMaka, Indonesia memiliki seorang Pramoedya Ananta Toer \"Penasaran, karena saya sudah baca beberapa karya sastra dunia, tapi baru sedikit karya sastra Indonesia yang saya baca. Maka pada suatu kesempatan saya sempatkan membaca karya Pramoedya yang paling dikenal - Bumi Manusia. Bumi Manusia adalah buku pertama dari Tetralogi Pulau buru yang menceritakan tentang pertentangan batin yang dialami seorang intelektual Indonesia pada masa pra-kemerdekaan bernama Minke (terinspirasi dari RM Tirto Adisuryo). Bersama Minke kita sebagai pembaca diajak untuk mengalami langsung serta terlibat dalam masa perjuangan pra-kemerdekaan Indonesia, juga tentang pandangannya terhadap pendidikan serta bagaimana pendidikah dapat merubah derajat manusia dan juga nasib bangsanya.Naskah cerita ini dibuat pada masa Pram diasingkan di penjara Pulau Buru. Setelah naskah ini berkali-kali disembunyikan, kejar-kejaran sama sipir, sampai mungkin dikubur di dalam tanah, disita, ditulis ulang kembali, diceritakan dari mulut ke mulut oleh kawan-kawan Pram di penjara, kemudian ada juga sebagian dari naskahnya yang diselundupkan ke luar negeri (Australia) sampai pada akhirnya diterbitkan dalam bahasa Inggris dan Indonesia pada tahun 1975. Setelah membaca bukunya, saya menjadi begitu paham arti dari kebesaran nama seorang Pramoedya Ananta Toer. Pram yang lebih lama menghabiskan hidupnya dalam penjara, yang mencoba menulis jejak langkah pemikirannya - agar tetap abadi, tidak hilang ditelan jaman. Ternyata, nama besarnya memang bukan cuma isapan jempol belaka.Memang pantaslah jika buku ini disebut-sebut sebagai karya sastra terbesar Indonesia. Pantaslah jika buku ini mendapat 12 perhargaan internasional. dan memang pantas.. jika karya sastra Indonesia yang satu ini, disejajarkan dengan karya-karya besar sastra dunia."}, {"userName": "mahatma", "userReviewDate": "Apr 04, 2008", "userURL": "http://www.goodreads.com/user/show/178598-mahatma", "userReview": "saya baru lama kemudian menghargai karya ini.setelah membacai sendiri koran-koran lama dari awal abad XX. koran-koran yang juga jadi sumber penulisan pak pram.lalu, saya juga mendekati karya pak pram ini setelah membacai tulisan-tulisan ben anderson dkk dari cornell.saya seperti dipanggil untuk kembali ke jawa. kembali memelajari rajutan lama yang membentuk diri.dan JAWA yang ditampilkan oleh pram memang beda, tapi cocok dengan bacaan saya dari arah antropologi, sejarah, sosiologi, seni bangunan dsb. ada dinamika dari masa lalu jawa yang entah mengapa tidak terlalu menonjol, kalah oleh publikasi 'jawa keraton' yang menjual diri ke pariwisata atau gerakan heritage.ada jawa yang lain, yang lebih dinamik.dan membacai karya pram ini [yang ditulis dengan gaya bahasa yang sama dengan yang di koran-koran sejaman minke: lugas, tanpa bunga-bunga] membikin kerinduan mendalam pada dinamika yang hilang itu.keempat-empatnya dari tetralogi ini segera saya baca.'bumi manusia' saya baca ketika buku ini belum leluasa didapatkan di pasar. dan segera membaca karya pak pram yang lain \"sang pemula\", ini buku yang menceritakan tokoh yang sama tapi dengan cara lain.lalu, ketika suasana politik membolehkan publikasi ketiga buku lainnya, maka segera saya beli dan melanjutkan kisah yang terhenti tadi.pak pram berkisah dengan bahasa lugas. padat. kasar.tapi pilihan katanya jitu. karakterisasinya kuat.ontosoroh sedemikian hidup dalam novel ini, juga minke.ini buku hebat!"}, {"userName": "Yukanatha Svanidza", "userReviewDate": "May 10, 2013", "userURL": "http://www.goodreads.com/user/show/20218235-yukanatha-svanidza", "userReview": "Novel inilah yang membuat saya berpaling dari yang namanya teenlit. Maklumilah, pertama kali saya baca novel ini saat masih pakai seragam putih-merah. Faktor pemicu saya baca novel ini adalah rasa penasaran karena kakak saya pernah bilang, Pramoedya Ananta Toer lah seorang penulis yang karya\"nya wajib dibaca. Mengingat kakak saya bukanlah orang yang bisa bilang begitu secara sembarang, maka akhirnya saya mulai membuka halaman demi halaman buku ini.Karena buku ini terlalu tebal bagi ukuran saya saat itu, saya cuma baca bab 1 nya, lalu tidur dan memutuskan untuk melanjutkan nanti... yang terealisasi saat saya berganti seragam jadi putih-biru.oh... damn, God. Kenapa bisa-bisanya elu menunda baca buku ini selama sepersekian tahun? - inilah yang ada di otak saya setelah saya kupas total buku ini. Membaca ini membuat saya penasaran dengan sosok Pram, dan mulai hunting buku-buku Beliau yang lain. Tapi tetap -yang mungkin mengandung unsur buku ini adalah karya Pram yang saya baca perdana- buku ini yang paling 'the best' nya. well - buku ini menjadi debut bagi saya untuk menyukai tokoh 'sampingan'. Saya memang menyukai Minke, tetapi saya lebih terperana melihat sosok Nyai Ontosoroh. Saya nggak sangka bahwa seorang wanita dengan titel 'Nyai' dapat sehebat itu. Dia benar-benar tokoh yang belajar dari pengalaman - yang membuatnya menjadi sarkas, namun mempesona. Ia juga bukan wanita yang terpuruk terhanyut takdir yang telah melemparkan dirinya pada Tuan Belanda bejad. Bahkan satu quote yang paling saya ingat dari dia:\"Berbahagialah dia yang makan dari keringatnya sendiri, bersuka karena usahanya sendiri dan maju karena pengalamannya sendiri\u201dNyai Ontosoroh benar\" mengubah presepsi saya, menjadikan saya tidak kaget ketika saya membuka lembar demi lembar Supernova kepemilikan Dee.Secara tak langsung, saya berpaling dan mengakui, bahwa sebuah buku tidak selalu bisa dinilai dari sampulnya belaka.Kisah romance di sini, benar-benar menyayat. Saya speechless begitu tahu akhir dari buku ini. Betapa mengaduk-ngaduk emosi. Yah, saya nggak tahu mau review apalagi. Dan sebenarnya, buku seapik ini (mungkin) tidak layak mendapat review seperti ini. Saya cuma bisa kasih bintang lima dan empat jempol saya (sebanyak yang saya punya) untuk menilai novel ini."}, {"userName": "Pera", "userReviewDate": "Apr 04, 2008", "userURL": "http://www.goodreads.com/user/show/149151-pera", "userReview": "diawal, alurnya lambat, membuatku membaca tersendat sendat. Hanya karena penasaran, kenapa buku ini selalu di rekomendasi sebagai salah satu novel terbaik, aku mmemaksakan diri menyelesaikannya.Cerita novel ini berputar pada tiga tokoh utama, Mingke, Nyai Ontosoroh, dan anaknya yang jelita, Annelis.Setting pada masa penjajahan Belanda. Pram, melalui 3 tokoh ceritanya menggambarkan perbedaan kelas yang ada,antara pribumi, bangsawan,  Belanda, Keturunan Belanda, dan steorotip di masing-masing kelas. di novel ini Pram membongkar kekerdilan masing-masing kelas masyarakat tersebut. Mingke, anak bangsawan yang muak dengan feodalisme keraton jawa.Berjuang demi bangsanya melalui Pena di berbagai surat kabar. Mungkin inilah yang banyak menginspirasi penulis, hingga merekomendasi buku ini untuk di baca penulis-penulis muda.Nyai Ontosoroh, perempuan yang sangat berkarakter. Pribumi yang di 'jual' oleh keluarganya.Ia beruntung menikah dengan Belanda yang baik hati awalnya, dan mengajarinya banyak hal. Nyai Ontosoroh mulai berbenah, dari orang yang tak berharga menjadi Nyai yang di segani, karena kecerdasannya, ketegasannya dan terutama kepribadiannya. Mingke kagum dan belajar banyak dari Nyai. Dari kelas masyakarat paling bawah, tapi memiliki keagungan pribadi. Keagungan pribadi yang di anggap masyarakat hanya ada di darah biru dan orang belanda. Nyai Tak mengecap pendidikan, tapi berpengetahuan luas melebihi minke si pelajar Stovia.Annelis?ini tokoh yang paling menyedihkan nasibnya. Nyaris tanpa karakter. Hidup dengan dominasi ibunya, Nyai Ontosoroh. Dididik dengan kebencian pada sistem masyarakat yang menjebak skaligus membentuk pribadi Nyai. Hidupnya di kendalikan orang sekelilingnya. Satu-satunya penghibur hidupnya adalah Mingke suaminya. Boleh kah kukatakan ini adalah potret perempuan kebanyakan? :DHanya Berputar di sekeliling Nyai Ontosoroh, cerita ini mempu mengupas luas soal kemasyarakatan, HAM, dan nasionalisme. Aku pikir, disinilah kekuatan novel ini."}, {"userName": "Don", "userReviewDate": "Nov 28, 2014", "userURL": "http://www.goodreads.com/user/show/34442642-don", "userReview": "Accurately described as \"one of the great epic novels of the 20th century,\" this classic Indonesian perspective on the Dutch Indies colonial experience has also been described as \"the best book that has not been read by most educated people.\" A story of the dilemmas of an educated native under colonial rule and the evil oppression of racist colonial law, social structure, and assortative mating. The hubris of the nudger, the tragedy of the nudgee. In the same class as the greats of the Dutch Indies literary tradition with whom I am familiar (and I've barely scratched the surface of this incredibly rich literary tradition) such as Louis Couperus, Hella Haase, and Maria Dermo\u00fbt. And since this is but the first of tetralogy known as the \"Buru Quartet\" after the prison in which the author, known by his fans as \"Pak Pram,\" orally composed it, I fully expect, to find surpasses them.  Not continuing with this series would be unthinkable and I start today with the second novel \"Child of All Nations.\"The remarkable story of how Pak Pram orally composed the Buru Quartet while in prison is available in a short review at:  http://www.asianreviewofbooks.com/new...  Pak Pram's books were banned by both the Dutch colonial authorities and its successor government, both of which also imprisoned him. His biography is fascinating and well worth becoming acquainted with as a profile in writerly courage.  Perhaps what I admired most in this book was its uplifting spirit of courage in the face of oppression, that although tragic, is still hopeful. Highly recommended."}, {"userName": "Martha", "userReviewDate": "Sep 06, 2012", "userURL": "http://www.goodreads.com/user/show/1993011-martha", "userReview": "Woaaahh.. udah habis.. n penasaran sama lanjutannya. Buku bagus. Walaupun settingnya jadul (eh gak jadul2 amat sih, cuma jamannya kolonial Belanda bercokol di Indonesia), tapi saya tetep bisa mengikuti, memahami, dan menikmati jalan cerita dan penokohoannya. Asik mbacanya. Padahal sebelum baca agak khawatir, takutnya terganggu sama ejaan atau pemilihan kata/diksi/gaya bahasa yang ketinggalan jaman, atau terlalu serius dan sarat dg pesan2 perjuangan, terlalu idealis, dll. Eh ternyata saya salah duga. Gak nyesel deh memutuskan beli dan baca buku ini.Ada sedikit aja bagian yg saya skip krn gak menarik dan gak penting *bagi saya lho ya*, tapi gak banyak, cuma bbrp paragraf pelengkap. Kebanyakan yg berisi informasi/fakta seputar bibit pergerakan nasional. :DSuka sama karakter Nyai Ontosoroh. Perempuan pribumi yang awalnya lemah (dijual orang tuanya untuk jadi gundik seorang Belanda), secara bertahap berhasil mengupgrade dirinya menjadi wanita yang terpelajar, mandiri, tau menghargai diri sendiri, bisa memimpin perusahaan, tidak minder (walaupun dia bukan Indo, tidak sekolah, seorang Nyai pula *btw \"Nyai\" adalah sebutan melecehkan utk seorang gundik, sedangkan seorang wanita terhormat akan disebut Mevrouw*), dan tidak segan-segan melawan siapapun yang menyakiti orang2 yg dicintainya, termasuk melawan ketidakadilan sistem kolonial terhadap pribumi.Sampai akhir, dia tetap dan terus melawan, walaupun tau bahwa dia akan kalah.\"Kita telah melawan Nak, Nyo. Sebaik-baiknya, sehormat-hormatnya.\"-Nyai Ontosoroh-\"Hidup dapat memberikan segala pada barang siapa tahu dan pandai menerima.\"-Nyai Ontosoroh-*minggu depan ke Thamrin City aaahh, beli buku lanjutannya di sentra buku bekas*"}, {"userName": "Ndari", "userReviewDate": "Jan 31, 2013", "userURL": "http://www.goodreads.com/user/show/2842565-ndari", "userReview": "(review as seen in my book blog)Bicara tentang bumi, tentu saja bicara tentang manusia. Orang-orang yang tinggal di dalamnya, bekerja, makan, belajar, memulai peradaban, hidup, mati, dari berbagai macam lapisan masyarakat, tua maupun muda. Inilah yang Pram ingin angkat dari karyanya yang menjadi karya sastra Indonesia yang paling banyak dibicarakan (sekaligus paling banyak tidak dibicarakan), Bumi Manusia. Buku pertama dari tetralogi Pulau Buru ini mengambil sudut pandang Sanikem, yang lalu berganti namanya menjadi Nyai Ontosoroh, seorang selir atau istri tak sah dari seorang londo Belanda bernama Tuan Mellema. (di masanya sebutan Nyai digunakan untuk wanita-wanita pribumi yang umumnya dijual oleh orang tuanya ketika memasuki usia pubertas kepada pria-pria Belanda). Kebencian yang luar biasa kepada Ayahnya, ketakutannya dalam menjalani kehidupan berumah-tangga, serta keputus-asaannya ketika melihat betapa stratanya sebagai pribumi (sekaligus sebagai Nyai) tidak dianggap di masa itu tak lantas membuatnya terlarut dalam kepahitan. Melalui suaminya, Nyai Ontosoroh berusaha keras untuk belajar membaca, menulis dan menghitung, dan perlahan-lahan mulai membaca buku-buku--dari sastra Melayu hingga Victor Hugo--agar dapat diakui sebaga seorang manusia. Intelektualitasnya mengubah stereotip orang-orang terhadap pribumi, terutama seorang Nyai. Selain mengajarkan anak-anaknya, Robert dan Annaliese, Nyai Ontosoroh turut membantu berkembangnya bisnis Boerderij Buitenzorg milik Tuan Mellema.Kehidupan keluarga Mellema juga diceritakan melalui Minke, seorang pribumi berdarah priyayi yang sangat terpelajar. Ia seorang pelajar HBS, sekolah menengah Belanda yang bergengsi di jaman itu. Pandangannya sangat maju, seperti layaknya pribadi Eropa, meski lingkungan sekitarnya memandangnya sebelah mata (hingga gurunya tak lagi memanggilnya dengan nama asli tapi dengan \"Minke\", plesetan dari monkey, sehingga nama itu yang terus menempel di dirinya seumur hidup). Suatu ketika Minke berkenalan dengan Annaliese, jatuh cinta padanya, lalu bertemu dengan Nyai Ontosoroh yang karismatik. Ketika Minke hendak menikah dengan Annaliese, barulah status Ontosoroh yang tak jelas dalam kehidupan Mellema akhirnya menjegal langkahnya dalam hidup.Saya pertama kali membaca buku ini ketika saya SMP, ketika saya melihat buku ini di perpustakaan lalu iseng membacanya, tanpa tahu apa-apa tentang buku ini. Tentu, pikiran saya yang cetek masa itu membuat saya kewalahan tak mengerti apapun dari buku ini, lalu menaruhnya kembali ke rak. Barulah ketika saya SMA, saya mulai mencari tahu tentang sastra Indonesia, bagaimana buku ini menjadi sangat fenomenal dan sempat dilarang beberapa lama.Kolonialisme, feodalisme, Marxisme, komunisme. Empat kata ini adalah empat teori yang sering dikaitkan dengan buku ini--malahan, dua teori yang terakhir disebutkan membuat buku ini dilarang diedarkan, membuat Pram dipenjara. Namun yang membuat saya bingung adalah betapa minimnya (bahkan bisa dibilang nihil) pengaruh komunisme yang disebutkan secara tersirat atau tersurat di sini. Memang, buku ini menitik-beratkan betapa kesenjangan sosial menjadi siksa bagi kebanyakan masyarakat Indonesia, membuat banyak rakyat tersiksa dan dianggap asing di \"rumah\" sendiri. Namun Pram menunjukkannya tanpa menyuapkan pradigma, tanpa membentuk penilaian apapun. Sehingga saya ketika membaca tak lantas mengambil teori politik apa-apa. Lebih dari apapun, buku ini mengangkat pentingnya pendidikan, karena hanya melalui intelektualitaslah kita dapat \"keluar\" dari penjara yang membelenggu kita. Meski dalam keterbatasan, tak peduli apa kata orang, kita harus tetap belajar. Buku ini juga adalah kisah cinta. Cinta yang berlatar lara, menumbuhkan harapan, meski seperti kisah cinta lainnya yang tak selalu berakhir bahagia.Buku ini telah diterjemahkan ke 35 bahasa, dan telah diadaptasi ke panggung teater oleh banyak seniman, beberapa di antaranya adalah Happy Salma dan Sita Nursanti yang sama-sama memainkan peran Nyai Ontosoroh.4/5 bintang."}, {"userName": "Diane", "userReviewDate": "Mar 10, 2012", "userURL": "http://www.goodreads.com/user/show/3674669-diane", "userReview": "In all honesty, I didn\u2019t like the novel as much as I liked the other two required reading novels for Oriental Literature class, \u201cThe Temple of the Golden Pavilion\u201d and \u201cThe Rope of Ash\u201d, nor do I think it is as impressive as the other Asian Literary works that we have read in class, like the short stories of Lu Xun. The first few parts actually didn\u2019t get my attention. There are points in the story that I asked myself where the book was getting at or what it is trying to say. I know it is a post-colonial literature, so naturally I was looking for a Political commentary but was disappointed that I got a love story that lacks backbone. Minke and Annelies fell inlove immediately after they met and I am not really a fan of the kind of story. I was annoyed by Annelies. She was being immature and helpless. She was very anti-feminist and she doesn\u2019t do much except become sick and follow Minke around. She was so weak and needy. But I liked reading about everyone else, especially the European friends of Minke, who supplied the information about colonial Indonesia. The Mellema\u2019s family doctor, Dr. Martinet, who explained the condition of Annelies and what the author was trying to communicate when he wrote about Annelies, and the La Croix sisters who were trying to help Minke become a successful Javanese who could lead Indonesia to rebel against Dutch rule. They supplied vital ideas and information not only to Minke but to the readers as well. \tI liked that I get to learn about the condition of Java during the Dutch rule and was sad to discover that their condition is as worse as the Philippines have experienced during the Spanish, Japanese and American rule. The natives, although it is their land, are being oppressed by the colonizers, the trespassers. The natives are being denied of their rights in their own land and the colonizers thinking that they are superior in every way. \tI think the writer was brilliant when he wrote this story as a \u2018love story\u2019 to hide his political commentaries. As a result, it wasn\u2019t nauseating to read, unlike other political novels.The Malay culture isn\u2019t really presented much, either. There is no vivid picture on what Java is like before the Dutch conquered Indonesia, except when Minke\u2019s family would appear in the book, like Minke and Annelies\u2019 wedding. The author gave a very vivid picture of the event and it was very exciting to read because their customs, when it comes to weddings are different from what we have here in the Philippines.\tWhat I like most about reading the novel is that I get to learn about Indonesia: the History and their Culture. It is a part of Asia, of home, that, in all honesty, I wasn\u2019t very familiar with. I have been reading too much Western novel and I was surprise that I found this book rather strange when I\u2019m Asian and a Malay at that. We are very Western indeed and it is sad that we did not keep our culture. Our culture is probably as colourful or as different as that of other Asian countries and if we kept our culture, it would probably keep us grounded, just like what the Malayan culture has made Minke and Nyai as they are. Their education is that of the West but their heart and morals remained Javanese. That made them not just tough, but humble as well. Robert Mellema has the the mind of a Westerner and look at what happened to him.  Nyai and Minke, although defeated, fought with dignity and fought for what they believe is right and fair. \tI think, this is a call for Indonesia, and maybe to all parts of Asia, to fight against Western rule. The author thinks it is okay to be educated by the West because the Asians could use this education as a tool for rebellion but it is also important to keep our Asian morals that is unique. Our morals, our culture and traditions not only defines our identity as Asians but it keeps us grounded, always reminding as that it is not power that we want but Freedom. Freedom to practice our religion, our culture, our tradition. Freedom to live and rule our own land. Freedom to be who we are. I'm not a very good writer, am I? :P"}, {"userName": "Angdamdewi", "userReviewDate": "Feb 28, 2010", "userURL": "http://www.goodreads.com/user/show/3355311-angdamdewi", "userReview": "If i were Nyai Ontosoroh...If i were Minke...If i were Annelies Mellema...\"if i were\" adalah kalimat yang terlintas di pikiran saya ketika saya membaca peran dari masing - masing karakter tersebut. Adalah Nyai Ontosoroh, lepas ia adalah seorang nyai namun ia seorang manusia dalam sesosok wanita yang lahir dengan nama Sanikem, dendam pada orang tua yang menjualnya demi sekeping gulden ia berubah menjadi pohon besar yang melupakan akarnya. Apa boleh buat, namun akhirnya ia menjadi pribadi yang cerdas dan mandiri melebihi wanita Jawa kebanyakan pada zamannya. Seandainya saya adalah Nyai Ontosoroh, saya bukan hanya akan mengurus tanah dan perusahaan milik Herman Mellema saja, melainkan meminta bagian sebagai ganti tenaga dan pikiran saya dalam tahun - tahun saya mengelolanya.Minke, entah mengapa Raden yang satu ini enggan menyebut namanya, apa mungkin karena ia malu atas ke\"pribumi\"annya? entahlah, namun dibalik sifatnya yang memuja - muja barat yang pada saat itu menguasai tanah Jawa, ia adalah seorang yang pintar dan manusia yang memiliki estetika tinggi. Terbukti, sebesar apapun ia memuja barat, perasaannya tersebut tak mampu melawan hukum putih yang merenggut Annelies ke negeri nenek moyangnya.Annelies yang cantik dan maha sempurna namun sayang ia selalu bergantung pada sang bunda. Tidak punya pilihan mandiri padahal dunia sangat luas, padahal ia pintar hanya saja ia kurang pandai bersosialisasi, she's very locked in! Secara keseluruhan, saya sangat menyukai bagaimana Pramoedya memposisikan karakter wanita dalam novelnya, ia menempatkannya dalam berbagai sisi dan sudut pandang.Yang saya syukuri setelah membaca novel ini adalah: saya hidup di jaman ketika wanita dapat bebas memilih pria - nya sendiri, bukan pada jaman yang seorang wanita dapat ditukar dengan gulden, susu, atau keju dan lalu mereka harus menerima lelaki pertama yang meminta mereka ke rumah. Naudzubillah...Buku bagus, banyak yang bisa dipelajari dari Feminisme, Marxisme, hingga Orientalisme dan Relasi kuasa. Bahkan, saya menangis di bab terakhir saat Annelies ingin memakai koper yang dipakai Sanikem saat pergi dari rumah dan tak kembali lagi. Selamanya."}, {"userName": "Emma Deplores Goodreads Censorship", "userReviewDate": "Oct 21, 2012", "userURL": "http://www.goodreads.com/user/show/5229326-emma-deplores-goodreads-censorship", "userReview": "I read this book for my world fiction challenge, because it was getting embarrassing that I had nothing from Indonesia (the world\u2019s fourth-most-populous country!). Unfortunately, there just aren\u2019t a lot of choices available in English, so I wound up reading this even though it was largely lost in translation.This Earth of Mankind is a politically important book--first told orally while the author was a political prisoner--with a political (anti-colonialist) message. Second, it\u2019s the story, set at the end of the 19th century, of an 18-year-old Indonesian boy, nicknamed Minke by one of the teachers in the elite Dutch school he\u2019s privileged to attend (the teacher apparently meant to call him a monkey, and now that\u2019s replaced his actual identity, ooooh don\u2019t you see the damage colonialism does here?). But it\u2019s a very weird story. Minke meets a reclusive family with a beautiful daughter, and the two instantly become so enamored of each other that the mother invites him to come live at their house. Which he does, apparently finding this only a little weird. The daughter, whom we\u2019re explicitly told is \u201cno more than a fragile doll\u201d with the emotional maturity of a 10-year-old, becomes deathly ill whenever Minke so much as goes on an extended family visit, but he doesn\u2019t mind sticking around too much, since she\u2019s super hot after all. (\u201cA beautiful love story\u201d? Really?) Anyway, no spoilers: the book is very slow and meandering for the first 250 pages or so, but does pick up toward the end.Toer does a good job with the cultural and historical setting, which is educational, and the characters\u2019 personalities are distinct enough. The novel makes its political statement effectively without becoming so didactic as to belong on my \u201cop-ed books\u201d shelf, although it\u2019s close. It's certainly not subtle, but the injustices of a caste-based colonial system don't lend themselves to subtlety. The translation could have been more accessibly-written, though, and there\u2019s a lot of repetition, as if the author was perhaps too wedded to the novel\u2019s spoken form.At any rate, I can see this novel being great for courses on comparative or post-colonial literature, and am sure its virtues are much more evident in Indonesian and to people who share that cultural background. But for non-Indonesian, non-academic readers looking for a good story, you can probably give this one a pass."}, {"userName": "Hasanuddin", "userReviewDate": "Jun 30, 2008", "userURL": "http://www.goodreads.com/user/show/1084008-hasanuddin", "userReview": "Akhirnya bisa finish juga... Buku yang diperoleh dari orang yang ku anggap spesial ^_^Buku yang menarik, penggambaran tokohnya begitu mendetail sehingga pembaca seperti dituntun untuk mengenal dan fokus pada karakter para tokohnya. Jujur, aku lebih tertarik pada sosok Nyai Ontosoroh ketimbang Minke. Menjadi Nyai bagi Ontosoroh bukanlah pilihan, melainkan jalan yang sudah dipilihkan. Sanikem --nama asli Ontosoroh, adalah salah satu dari sekian wanita yang terseret oleh pusaran adat jawa yang \"mengekang\". Perempuan tidak lebih sebagai penghias rumah yang wilayah \"kerjanya\" hanya dapur dan kamar tidur. Dan ketika masa kegadisan tiba, adalah pertanda semakin sempitnya pilihan. Pemingitan adalah penyempitan itu sendiri.Sanikem harus tunduk pada keputusan tunggal pada budaya patrilinial, yakni dengan dipilihkan calon tanpa tahu orangnya. Ibarat sang terdakwa menanti keputusan. Dan keputusan itu datang adalah dengan \"menjual\" dirinya kepada Tuan Besar Penguasa pemilik pabrik gula.Seiring waktu, menjadi nyai bukanlah akhir dari segalanya. Melainkan meniti tangga kehidupan yang baru. Keinginan kuat untuk belajar dan bersikap mandiri ia tekuni --sesuatu yang sangat jarang dilakukan oleh wanita sejamannya. Hal tidak lumrah yang Nyai lakukan, adalah upaya mendobrak tatanan yang kaku, merendahkan dan cenderung menghinakan diri. Upaya perlawanan \"perendahan sedatar tanah\" ia lakukan dengan mendidik putrinya, Annelies, yang diberi kebebasan untuk memilih pria yang disukai. Tidak seperti dirinya yang tanpa kuasa dan tanpa peran. Dan menurut Nyai, \"Meski gagal melakukan perubahan setidaknya pernah melakukan perlawanan!\". Melawan kestagnanan, baik kemandegan sikap dalam diri maupun terhadap lingkungan. Perubahan itu adalah bentuk perlawanan."}, {"userName": "Azia", "userReviewDate": "Sep 21, 2010", "userURL": "http://www.goodreads.com/user/show/369558-azia", "userReview": "satu kata: bagusupdate review : 22 Sept '10..sebelumnya review ini pernah diposting di blog per tgl 28 Nov '08Sebenarnya sudah dari SMA saya mengetahui novel-novel Pramoedya Ananta Tour. Jangan Tanya kenapa baru SMA tahu Pram, ya tahu sendiri lah namanya memang tidak pernah disebut dipelajaran sekolah, kalaupun pernah sambil lalu saja. Uus, seringkali membawa tetralogi pulau Buru. Yang ketika itu saya hanyalah siswa yang doyan baca teenlit, komik atau R.L Srine dan mulai menyukai Agatha Christie. Buku yang tebal, pikir saya waktu itu. Saya mengalami evolusi bacaan. Setelah mahasiswa, saya baru saya mulai membaca sastra dunia. Buku-buku yang saya pinjam dari perpustakaan pusat rata-rata memang bergenre sastra. Dua minggu sekali saya sempatkan datang pinjam buku ke perpustakaan pusat, sampai saya sudah hafal rak-rak bukunya.Angin segar reformasi membuka lagi buku-buku yang sempat dilarang beredar oleh Jaksa Agung. Buku-buku Pramoedya Ananta Tour kembali dicetak. Baru kemarin, 26 November 2008, saya membaca Bumi Manusia. Saya memang memulai membaca karya Pram yang dari tipis-tipis, seperti Larasati, Gadis Perawan di Tangsi Militer. Saya sungguh keheranan. Kenapa buku ini dilarang beredar? Pram dituduh mempropagandakan marxisme-leninisme, komunis, apalah namanya. Orang tua dengan keras melarang anak-anaknya membaca buku-buku Pram (contoh kasus teman saya). Setelah saya baca..saya tidak menemukan paham-paham yang terselubung yang dibenamkan dalam cerita. Saya tak menyesal juga membaca buku ini belakangan, ketinggalan bacaan. Karena buku-buku yang telah saya membaca sebelumnya serasa melengkapi alur cerita si Minke di benak saya.Apa yang dituturkan oleh Pram melalui Bumi Manusia menggambarkan kondisi sosial budaya Hindia Belanda ketika awal 1900-an. Dimana masa-masa terjadinya perbedaan kelas antara eropa totok, Indo, Tiongkok, dan Pribumi. Tentu saja yang menjadi kelas terbawah adalah pribumi. Dalam Dutch Culture Overseas, Frances Gouda mengibaratkan pribumi sama dengan monyet. Itulah persepsi penjajah memandang yang terjajah ketika itu. Minke, si tokoh utama ini, segelintir pribumi yang beruntung dididik di sekolah Eropa, namanya yang diberikan oleh guru Belandanya ialah plesetan dari monkey, monyet! Dari satu dialog ditegaskan lebih jelas persepsi tersebut, ketika Minke bertandang ke rumah keluarga Mellemma. Tuan Mellemma, menghina Minke, biar kau berbicara bahasa belanda..biar kau berpendidikan eropa..berpakaian ala eropa. kau tetap saja seorang Inlander! Monyet!Muncullah tokoh yang begitu kuat yaitu Nyai Ontosoroh. Ia dijual sendiri oleh Ayahnya ke Tuan Mellema sewaktu usianya 13 tahun. Nyai adalah sebutan wanita simpanan pria-pria Belanda. Tidak ada perkawinan yang sah. Nyai digambarkan seorang wanita tuna susila yang menjual harga dirinya demi mendapatkan kemewahan dari Tuannya. Nyai-nyai inilah yang melahirkan Indo, blasteran Belanda-pribumi(sebutan masa kini). Nasib Indo walaupun setingkat di atas pribumi tapi tak pernah diakui sebagai Eropa totok. Beruntung jika Ayah mereka, Belanda aseli, mengakui mereka sebagai anaknya, statusnya naik tingkat mendapat kewarganegaraan Belanda. Keluarga Mellema mempunyai dua anak, Robert Mellema dan Annelies Mellema. Si sulung meremehkan pribumi dengan congkak mengikuti tabiat Ayahnya yang memang merendahkan pribumi. Sebaliknya, Anne menganggap dirinya pribumi. Satu anak papa. Satu anak mama. Frances Gouda, juga menyinggung masalah ini di Dutch Culture Overseas, terdapat keambiguan identitas bagi peranakan Indo. Tidak bisa disebut pribumi tapi bukan eropa totok pula.Nyai Ontosoroh bukan sembarang Nyai. Betul ia pribumi. tapi tutur katanya mengalahkan wanita Eropa. Tak kalah inteleknya. Berkat Nyai perusahaan boerderij buitenzorg menjadi besar. Ia diajari oleh Tuan Mellema berbagai ilmu, baca tulis, ilmu hitung. Lama kelamaan, ia yang menangani kegiatan perusahaan, bernegoisasi dengan orang-orang Eropa. Sayangnya, walaupun hidupnya dikelilingi kemewahan Eropa, kehidupannya tidak seperti bayangan masyarakat. Jika Nyai layaknya selir yang tunduk dengan tuan, justru sebaliknya lelaki siapa saja menaruh hormat dengan pembawaannya. Ia tak punya teman apalagi sahabat. Begitupun juga anak-anaknya yang ruang gerak sebatas lingkungan \u2018istana\u2019 mereka, mengendalikan perusahaan dari kantor.Kedatangan Minke sebenarnya usaha dari Robert Suurhof, teman Minke, untuk memperolok Minke yang sengaja diperkenalkan kepada Annelies yang kecantikannya melebihi Ratu Wilhemina. Robert mengira Minke yang pribumi tidak akan bisa menggapai cinta Anne. Ya, Kecantikan yang sempurna. Lihat saja peranakan Indo sekarang, cantik-cantik dan tampan-tampan bukan, penguasa jagat hiburan melalui paras mereka. Annelies memang manja dan kekanak-kanakan tapi dihadapan pekerja boerderij buitenzorg, ia seorang pengawas, mandor dan dipersiapkan untuk meneruskan kegiatan perusahaan. Sebagai seorang anak, ia kesepian, telah lima tahun semenjak ibunya menjemput paksa dari sekolah dan tidak pernah lagi bersekolah. Anne tidak mempermasalahkan status pribumi Minke. Mereka saling jatuh cinta,justru akhirnya Anne yang \u2018cinta mati\u2019 terhadap Minke. Sayang, kisah mereka tidak seperti Cinderella yang berbahagia selamanya.Ada dua hal yang menarik perhatian saya;Pertama, Pram secara gamblang menuliskan kritiknya terhadap feodalisme Jawa. Minke bisa dikatakan anak priyayi, Ayahnya baru saja diangkat menjadi Bupati. Keturunan Raja adalah priyayi. Seorang yang bergelar tinggi pun bisa dikatakan priyayi. Minke yang berpendidikan Eropa dan terbiasa bergaul dengan orang Eropa, modern istilahnya, mungkin kesal dengan kebiasaan-kebiasaan tradisional. Contohnya ketika ia menghadap Ayahnya diharuskan merangkak-rangkak.Kedua, ilmu pengetahuan Eropa yang diagung-agungkan oleh Minke runtuh ketika ia dan Nyai Ontosoroh berhadapan dengan pengadilan putih, pengadilan kolonial yang semuanya orang kulit putih. Tuan Mellema selama lima tahun lebih banyak menghabiskan waktu entah dimana. Baru diketahui, Tuan Mellema ini tinggal di rumah plesiran dari Babah A Tjong. Rumahnya masih dikatakan bertetangga. Mengingat pulau Jawa dulu tidak sepadat sekarang, biar berdekatan tetap aja jauh. Nah, Rumah bordil yang menawarkan berbagai gadis dari ras berbeda-beda akan membuat lelaki lupa rumah dan lupa istri. Tuan mellema ditemukan tewas diracun di Rumah Babah A Tjong.Nyai Ontosoroh telah menabung jikalau Tuan Besar akan kembali ke Nederland dan mencampakkan dia. Justru lewat tangan dinginnya lah, perusahaan menjadi besar. Masalahnya, pasca kematian Tuan Mellema, pengadilan memutuskan seluruh harta peninggalan perusahaan Tuan Mellema akan jatuh pada istrinya yang sah yang tinggal di Amsterdam. Hak asuh Annelies jatuh kepada kakak tirinya, Ir Mellema. Pengadilan putih tidak memperdulikan Nyai Ontosoroh, hanya seorang Nyai, Istri Simpanan, perkawinan tidak sah. Sebelumnya Minke telah menikah secara Islam dengan Anne. Pengadilan putih menggugurkan status \u2018Mevrouw\u2019 Anne, ia masih anak-anak \u2018Juffrouw\u2019. Tarik-tarikan kepentingan antara Nyai Ontosoroh dengan pengadilan putih mendapatkan dukungan yang luas. Minke menuliskan kisahnya di harian yang berbahasa Belanda, dengan nama pena, Max Toonelar. Ia mengungkit ketidakadilan yang menimpa dirinya dan mertuanya. Tapi keadilan yang didengungkan pendidikan Belanda tidak berpihak kepada mereka yang pribumi, Inlander. Rumah mereka dikepung pasukan kolonial yang terpilih dan Anne dijemput paksa untuk dipulangkan ke Nederland.Dalam Dutch Culture Overseas dikatakan kolonialisme Belanda berbeda dengan kolonialisme Inggris dan Prancis, Belanda berusaha memahami kebudayaan pribumi. Feodalisme Jawa dimanfaatkan oleh Belanda untuk menancapkan kekuasaannya. Musti hormat kepada penguasa, yang notabene adalah penjajah. Pram juga mengulas kegigihan rakyat Aceh yang berjuang melawan pasukan kompeni; lelaki, kakek nenek, wanita, hingga anak-anak kecil. Dengan gema takbir, mereka tak takut mati melawan senapan dan meriam Belanda. Sementara bagi orang Jawa, pekerjaan sebagai abdi pemerintah, dalam hal ini kolonial merupakan pekerjaan yang hebat. Belanda hanya \u2019berkawan\u2019 dengan kaum ningrat. Tak heran hanya keturunan priyayi yang beruntung mengecap pendidikan Eropa.Berkaitan dengan Minke, ia pun diharapkan menjadi Bupati, seperti Ayahnya. Namun Minke menolaknya. Yang ia inginkan hanyalah sebagai manusia bebas. Manusia yang bergerak sesuai pilihan diri sendirinya di Bumi Manusia. Amat disayangkan, pergaulan Minke masih saya katakan, eksklusif. Dipandang dari segi orang Eropa, ia hanyalah pribumi. Tapi dengan pribumi pun, ia engga gaul.-fin-"}, {"userName": "Laura", "userReviewDate": "Apr 14, 2012", "userURL": "http://www.goodreads.com/user/show/900147-laura", "userReview": "WHAT a magnificent book!!The first book in the Buru Quartet tell the story of Minke, a young Javanese student who is constantly fighting against the Dutch colonial dominance.His love story with Annelies, a beautiful Indo-European girl and his relation with her mother, show how they have to fight in order to survive in this colonial period.After his library has been burned during the 1960's coup attempt and his book have been banned, he was able to present an oral version of his novels.The first book of this series was published after his release from Buru Island concentration camp in 1979.The sequel of this book is Child of All Nations."}, {"userName": "Hendra Kurniawan", "userReviewDate": "Mar 28, 2012", "userURL": "http://www.goodreads.com/user/show/3482477-hendra-kurniawan", "userReview": "this book bring me to the pre-independent and colonialism age of Deutch to Indische. Through this book I didnt just learn history, but also the point of view of Europe-educated man represented by the young man named Minke (HBS Student). Instead of me being critical,this book also made me upset because by the end of the book, Toer bring tragedy to the story, where Minke should be separated from his lovely wife named Annabel.Mr. Toer, you are the best genius Indonesian author, ever. I wonder why Soeharto banned your books. Anyway, is there anyone know what the meaning of \"Phyloginik\"? neither Google translate nor Oxford Dictionary I use but none of them are working, furthermore I dont know is that word in English or Netherland language"}, {"userName": "Sara", "userReviewDate": "Jul 18, 2014", "userURL": "http://www.goodreads.com/user/show/1555901-sara", "userReview": "An interesting book marred( I assume from all the 5 star reviews in the original language) by an abysmal -- and sorry to say, laugh-out-loud--translation. That said, I really enjoyed the outright bizarre and melodramatic (and yes they are melodramatic) turns in the story: the keystone cops chases, the courtroom scenes, the doctor who goes on and on for pages about the psyche like some pipe smoking physician giving Rock Hudson moral advice. I also liked the main character's growing self-awareness of his sexism, even if Ann (again, the translation might be at fault here) comes off as too much of a delicate flower.  But \"Who is this Fatso?\""}, {"userName": "Aroengbinang", "userReviewDate": "Sep 26, 2008", "userURL": "http://www.goodreads.com/user/show/223226-aroengbinang", "userReview": "Buku yang telah begitu lama diabaikan, dijauhi, dipandang dengan najis lantaran stigma yang melekat begitu dalam pada pengarangnya, dan karena itu baru menyapa sekarang untuk dibaca.Jika skala tertinggi rating buku adalah skala 5, maka buku ini layak untuk mendapat nilai lebih tinggi dari itu.Kalau anda belum membaca buku ini hanya lantaran berpikir bahwa penulisnya seorang komunis atau atheis, buang jauh2 pikiran itu, dan pergilah segera ke toko buku terdekat untuk membeli dan menikmati karya agung ini. Anda tidak akan menyesal."}, {"userName": "Andrew", "userReviewDate": "Dec 06, 2014", "userURL": "http://www.goodreads.com/user/show/442654-andrew", "userReview": "Rest in peace to the postcolonial novel of characters. There were once droves of them, from all parts of the newly liberated world, but they're a rare commodity in an era where the \u201cethnic\u201d novel in the U.S. has been reduced to level one alienation and occasional italicized references to spices.Toer wrote a fucking four-volume epic without a pen on a prison island in Indonesia (and you think you're a writer...). And the first volume is a novel of beautifully drawn characters. Like E.M. Forster in A Passage to India, Toer is interested in showing every nuance of colonial existence, every intersection of the colonizer and colonized, from the decent people to the outright motherfuckers, and the infinite varieties of complex humanity in between. My only regret is-- given all the references to what dialects characters are speaking at any given moment-- that I wasn't able to read the original in what is presumably a shimmering heteroglossia."}, {"userName": "Gabriela Angie", "userReviewDate": "Feb 21, 2013", "userURL": "http://www.goodreads.com/user/show/17285013-gabriela-angie", "userReview": "I really love Pramoedya Ananta Toer's writing style. At first, the diction is quite hard to understand but as time goes by it doesn't matter anymore because the story is enjoyable (at least for some people). This is his first book from Tetralogy of Buru Island (Tetralogi Pulau Buru), and i do wish to have more time reading the other three books!!"}, {"userName": "Ulil Ananta", "userReviewDate": "Feb 05, 2011", "userURL": "http://www.goodreads.com/user/show/4930974-ulil-ananta", "userReview": "\"Jangan sebut aku perempuan sejati jika hidup hanya berkalang lelaki,, Namun bukan berarti aku tak butuh lelaki untuk aku cintai...\""}], "description": "Roman Tetralogi Buru mengambil latar belakang dan cikal bakal nation Indonesia di awal abad ke-20. Dengan membacanya waktu kita dibalikkan sedemikian rupa dan hidup di era membibitnya pergerakan nasional mula-mula, juga pertautan rasa, kegamangan jiwa, percintaan, dan pertarungan kekuatan anonim para srikandi yang mengawal penyemaian bangunan nasional yang kemudian kelak melahirkan Indonesia modern.Roman bagian pertama; Bumi Manusia, sebagai periode penyemaian dan kegelisahan dimana Minke sebagai aktor sekaligus kreator adalah manusia berdarah priyayi yang semampu mungkin keluar dari kepompong kejawaannya menuju manusia yang bebas dan merdeka, di sudut lain membelah jiwa ke-Eropa-an yang menjadi simbol dan kiblat dari ketinggian pengetahuan dan peradaban.Pram menggambarkan sebuah adegan antara Minke dengan ayahnya yang sangat sentimentil: Aku mengangkat sembah sebagaimana biasa aku lihat dilakukan punggawa terhadap kakekku dan nenekku dan orangtuaku, waktu lebaran. Dan yang sekarang tak juga kuturunkan sebelum Bupati itu duduk enak di tempatnya. Dalam mengangkat sembah serasa hilang seluruh ilmu dan pengetahuan yang kupelajari tahun demi tahun belakangan ini. Hilang indahnya dunia sebagaimana dijanjikan oleh kemajuan ilmu .... Sembah pengagungan pada leluhur dan pembesar melalui perendahan dan penghinaan diri! Sampai sedatar tanah kalau mungkin! Uh, anak-cucuku tak kurelakan menjalani kehinaan ini.\"Kita kalah, Ma,\" bisikku.\"Kita telah melawan, Nak, Nyo, sebaik-baiknya, sehormat-hormatnya.\"", "title": "Bumi Manusia\n      \n          (Buru tetralogy #1)", "url": "http://www.goodreads.com/book/show/1398034.Bumi_Manusia", "average": 4.34, "cover": "http://d.gr-assets.com/books/1290414196l/1398034.jpg", "reviews": 791, "authors": [{"url": "http://www.goodreads.com/author/show/101823.Pramoedya_Ananta_Toer", "name": "Pramoedya Ananta Toer"}], "outlinks": ["http://www.goodreads.com/book/show/301304.This_Earth_of_Mankind", "http://www.goodreads.com/book/show/17282828-the-earth-of-mankind", "http://www.goodreads.com/book/show/1880095.This_Earth_of_Mankind", "http://www.goodreads.com/book/show/301304.This_Earth_of_Mankind", "http://www.goodreads.com/book/show/301304.This_Earth_of_Mankind", "http://www.goodreads.com/book/show/301304.This_Earth_of_Mankind", "http://www.goodreads.com/book/show/301304.This_Earth_of_Mankind", "http://www.goodreads.com/book/show/301304.This_Earth_of_Mankind", "http://www.goodreads.com/book/show/301304.This_Earth_of_Mankind", "http://www.goodreads.com/book/show/248069.Child_of_All_Nations", "http://www.goodreads.com/book/show/1334844.Ronggeng_Dukuh_Paruk", "http://www.goodreads.com/book/show/984819.Para_Priyayi", "http://www.goodreads.com/book/show/16174176-pulang", "http://www.goodreads.com/book/show/1439798.Anak_Bajang_Menggiring_Angin", "http://www.goodreads.com/book/show/1455669.Harimau_Harimau_", "http://www.goodreads.com/book/show/1455480.Robohnya_Surau_Kami", "http://www.goodreads.com/book/show/2016000.Rahasia_Meede", "http://www.goodreads.com/book/show/1446004.Aku_Ini_Binatang_Jalang", "http://www.goodreads.com/book/show/3492825-bilangan-fu", "http://www.goodreads.com/book/show/1096114.Ca_Bau_Kan", "http://www.goodreads.com/book/show/1283619.Atheis", "http://www.goodreads.com/book/show/6468957-tanah-tabu", "http://www.goodreads.com/book/show/1441445.Hujan_Bulan_Juni", "http://www.goodreads.com/book/show/1722607.Olenka", "http://www.goodreads.com/book/show/1353409.Cantik_itu_Luka", "http://www.goodreads.com/book/show/15995172-amba", "http://www.goodreads.com/book/show/1492432.Sitti_Nurbaya", "http://www.goodreads.com/book/show/248069.Child_of_All_Nations", "http://www.goodreads.com/book/show/174442.House_of_Glass", "http://www.goodreads.com/book/show/735248.Gadis_Pantai", "http://www.goodreads.com/book/show/248069.Child_of_All_Nations", "http://www.goodreads.com/book/show/174442.House_of_Glass", "http://www.goodreads.com/book/show/963128.Arok_Dedes"]}