{"ratings": 453, "userreviews": [{"userName": "Forrest", "userReviewDate": "Jan 21, 2013", "userURL": "http://www.goodreads.com/user/show/811928-forrest", "userReview": "From the framing story of The Girl wandering the carnival to the vignettes she discovers in the Cinema Panopticum, this wordless graphic novel is a complete \"artifact\" with no loose ends. The stories are surreal and horrific with a touch of dark humor. Cinema Panopticum reminds me, in many ways, of my favorite TV show of all time, The Twilight Zone. This work might be considered the flip side to the cute, surreal Ojingogo, with one side of the coin (Panopticum) having a drop of humor in a bucket of surreal horror, and the other (Ojingogo) having a drop of darkness to its bucket of lighthearted, surreal humor. But readers need not compare Cinema Panopticum to other works in order to see the work's brilliance. It stands quite well on its own as a book in which the weight of the artwork is commensurate with the gravity of the stories it portrays. The scratchboard technique used throughout is, by its very nature, a little rough-edged, though this grittiness is foiled by the elegance of expression that Ott imparts to his characters. His faces exude the underlying thoughts and feelings of each character: curiosity, laughter, disgust, and, most of all, terror; all in a wonderfully clever and even moving series of wordless stories that one will not soon forget."}, {"userName": "Sam Quixote", "userReviewDate": "Sep 01, 2014", "userURL": "http://www.goodreads.com/user/show/5759543-sam-quixote", "userReview": "The framing device of the book is of a girl at a carnival who discovers that she hasn\u2019t enough money for any of the rides or stalls - that is until she finds a small, unattended attraction called Cinema Panopticum. Inside it are 5 sets with screens, all cheap. She puts a coin in each and watches them one by one... The Hotel is a Kafka-esque tale of a man wanting to stay the night in, what turns out to be, an empty hotel. Finding a lavish spread in one room, he feasts upon it and then goes to bed. He awakens in the middle of the night with an ache in his gut... why is this hotel empty? The Champion sees a Mexican wrestler literally fighting for his life against Death. The Prophet follows a homeless man and his attempts to spread the word that the world is doomed. The Experiment features a mad scientist and his experiment on a man with poor eyesight. Thomas Ott excels at the storytelling in all of the shorts here, all without words. The black and white scratchboard technique he uses so skilfully perfectly matches the tone of mounting horror in each of the macabre stories and has you rifling through the pages, devouring each brilliant story much too quickly! As with all of Ott's books you can fly through it in minutes because it\u2019s all pictures, but I always find myself going back and looking at individual pages again to admire the time each page must\u2019ve taken as well as to simply enjoy the haunting imagery. The level of artistry is just astonishingly high. Cinema Panopticum is my favourite Thomas Ott book and I heartily recommend this, and his entire body of work, to all comics fans. His nightmares are too good not to be experienced!"}, {"userName": "Dewi", "userReviewDate": "Mar 25, 2014", "userURL": "http://www.goodreads.com/user/show/291869-dewi", "userReview": "Astagah! Mengapa saya tidak pernah mendengar nama Thomas Ott sebelum ini :(Menyimak karya Thomas Ott seperti menonton film era 1920-an alias film bisu dan tanpa warna.Thomas Ott menyajikan karyanya tanpa adegan percakapan. Lewat kelamnya suasana, ekspresi wajah dan gerak tubuh, ia sukses menyusupkan nuansa horor sampai merasuk ke tulang sumsum. Hebatnya lagi dalam cerita Cinema Panopticum ia membuat kejutan akhir yang tidak terduga. Akhir cerita yang harus ditebak pembaca dan saya baru berhasil menemukan ide jenius Thomas Ott setelah membaca ulang cerita ini.Cerita dalam buku ini mengisahkan seorang gadis kecil yang pergi ke pasar malam. Dia hanya memiliki sedikit uang dan menemukan hampir tidak ada wahana yang bisa dia naiki. Sampai akhirnya ia menemukan Cinema Panopticum. Wahana ini sendiri berupa slide-slide gambar/film yang menyusun sebuah cerita. Ada lima kotak, masing-masing berjudul The Hotel, The Champion, The Experiment, The Prophet dan .... eh baiknya dibaca sendiri aja yah :P"}, {"userName": "Jien", "userReviewDate": "Jun 12, 2011", "userURL": "http://www.goodreads.com/user/show/5612611-jien", "userReview": "No words are needed here except for the titles of the different sections. This story is worth reading immediately after reading. It is circular in a way that entirely works."}, {"userName": "Andr\u00e9s Santiago", "userReviewDate": "Dec 11, 2014", "userURL": "http://www.goodreads.com/user/show/4128372-andr-s-santiago", "userReview": "Escheresque and nightmarish, one of the best graphic novels I\u00b4ve ever read. Haunting and beautiful, I could re-read this ad nauseam."}, {"userName": "Titis Wardhana", "userReviewDate": "Oct 26, 2012", "userURL": "http://www.goodreads.com/user/show/1647581-titis-wardhana", "userReview": "Gambarnya yang bikin serem...Ada gadis kecil yang pergi ke taman hiburan, tapi di sana uangnya gak cukup buat maen, ahirnya dia jalan terus en nemu tenda dengan tulisan Cinema Panopticum, pas masuk ada lima kotak yang cuman butuh satu koin buat maenin, si gadis cilik ini masukin koin ke kotak pertama yang ada tulisannya: The Prophet, ada laki-laki yang memperingatkan orang2 kalau bentar lagi kiamat, jelas gak ada yang percaya sampai ahirnya dia dibawa alien ke luar angkasa, dan terjadilah end of the world itu.Kotak kedua ada tulisannya The Wonderpill, ada laki-laki yang hampir buta dateng ke dokter mata, si dokter ngasi pil, en tiba2 di jidat en kepala laki-laki itu muncul benjolan2 yang ternyata... (better read it yourself :p)Kotak ketiga ada tulisannya La Lucha, ceritanya pegulat yang selalu menang, pas pulang lg ngumpul sama kluarganya ada panggilan buat bertarung lg, istrinya ngelarang soalnya dapet firasat buruk, ternyata lawannya The Death, dia menang tapi...Kotak keempat The Hotel, ada laki2 yang masuk ke hotel, tapi kosong gak ada resepsionis, trus lg nyari2 ada makanan semeja, lgsung dimakan, tapi tiba2 perutnya gak enak, en dia ngeliat di kamar2 klo penghuninya uda mati keracunan, trus dia berhasil kluar dari hotel en ternyata hotel itu adalah...Kotak kelima The Girl, tapi gak diliatin di dalemnya, yang diliatin gadis cilik ini yang tiba2 lari...Wew so much stories, padahal cuman gambar, gak ada kata2nya sama sekali..."}, {"userName": "cindy", "userReviewDate": "Feb 08, 2012", "userURL": "http://www.goodreads.com/user/show/1454002-cindy", "userReview": "A funny-scary-bizzare work by Thomas Ott, a name I just recently knew about, but his works had given me much enjoyment. I particulary love this one, a series of stories inside a story, which could be read/watch separately - every parts are solid and properly told, or read/watch entirely as whole - and feel the ghastly excitement.The GirlA little girl wants to have some fun on an amusment park, but she only has 5 dimes. Everything are too expensive, except for Cinema Panopticum. A dime per cinema.The HotelA customer of a hotel found his hotel was unexplainably quiet, but a feast was already ready on the table... not knowing who the chef was.The ChampionA wrestler try to outfight death.The ExperimentA man with poor eyes sight has been given magic pills. His eyes don't get better, but....The ProphetIs the end of lives on earth coming soon?The Girl...............Got goooooosebump!"}, {"userName": "verbava", "userReviewDate": "Oct 03, 2014", "userURL": "http://www.goodreads.com/user/show/2219641-verbava", "userReview": "\u043f'\u044f\u0442\u044c \u0456\u0441\u0442\u043e\u0440\u0456\u0439 (\u043e\u0434\u043d\u0430 \u0437 \u044f\u043a\u0438\u0445 \u043e\u0431\u0440\u0430\u043c\u043b\u0435\u043d\u043d\u044f) \u0440\u0456\u0437\u043d\u043e\u0433\u043e \u0440\u0456\u0432\u043d\u044f \u043c\u043e\u0442\u043e\u0440\u043e\u0448\u043d\u043e\u0441\u0442\u0456, \u0441\u044e\u0440\u0440\u0435\u0430\u043b\u0456\u0441\u0442\u0438\u0447\u043d\u043e\u0441\u0442\u0456 \u0442\u0430 \u0447\u043e\u0440\u043d\u043e\u0433\u0443\u043c\u043e\u0440\u043d\u043e\u0441\u0442\u0456, \u2013 \u043e\u0434\u043d\u0430\u043a, \u043f\u043e\u043f\u0440\u0438 \u0440\u0456\u0437\u043d\u0456 \u043f\u0440\u043e\u043f\u043e\u0440\u0446\u0456\u0457 \u0441\u043a\u043b\u0430\u0434\u043d\u0438\u043a\u0456\u0432, \u0443\u0441\u0456 \u0432\u043e\u043d\u0438 \u043d\u0435\u043e\u0434\u043c\u0456\u043d\u043d\u043e \u043f\u043e\u0442\u0443\u0436\u043d\u0456. \u0432\u043a\u0440\u0430\u0439 \u043f\u0440\u0438\u0454\u043c\u043d\u0438\u0439 \u043c\u0430\u043a\u0430\u0431\u0440."}, {"userName": "Assem  A. Hendawi", "userReviewDate": "Jul 26, 2014", "userURL": "http://www.goodreads.com/user/show/3551669-assem-a-hendawi", "userReview": "Oh man! How can't you just fall in love with the panopticum?What a great pleasure discovering Thomas Ott.Can't recommend it enough"}, {"userName": "Shilpa", "userReviewDate": "Feb 12, 2014", "userURL": "http://www.goodreads.com/user/show/7847102-shilpa", "userReview": "Clever little wordless graphic novel! Don't miss it."}, {"userName": "Martina", "userReviewDate": "Jul 26, 2010", "userURL": "http://www.goodreads.com/user/show/357607-martina", "userReview": "WOW, another brilliant picture book by Thomas Ott! Isinya 5 buah cerita pendek - diawali dengan THE GIRL, cerita tentang seorang gadis kecil yang pergi jalan-jalan ke taman hiburan. Dengan uang yang terbatas, banyak wahana yang tidak bisa dinaiki. Akhirnya gadis itu masuk ke stand CINEMA PANOPTICUM, dimana dia bisa menonton film-film singkat hanya dengan harga 1 dime/sen. Di stand itu dia menonton 4 film (cerita) : the hotel, the prophet, the champion, the experiment. Horor banget deh.Walau dibaca pas siang hari bolong tapi tetep aja spooky ^^"}, {"userName": "Daniel", "userReviewDate": "Dec 20, 2011", "userURL": "http://www.goodreads.com/user/show/4573412-daniel", "userReview": "I've always been fascinated by wordless narration and by what it takes from the narrator to effectively tell such a story. Well Ott here gives us a sample of how to do it, and then some. He pulls it off masterfully and is able to get us through a couple of darkly humorous, surprising stories without uttering a single word. It also should be noted that he is an impressive illustrator and that it is quite obvious that he has mastered his technique and style. I really loved this and I'm looking forward to \"reading\" his other works."}, {"userName": "Sophie", "userReviewDate": "Sep 02, 2012", "userURL": "http://www.goodreads.com/user/show/887702-sophie", "userReview": "A very clever, wordless graphic novel.  A young girl at a carnival finds the only amusement she can afford is the Cinema Panopticum.  The following five stories are the little films she watches: The Hotel, The Champion, The Experiment, The Prophet and The Girl.  Each wordless little story has a horror twist at the end which are actually quite quirky and disturbing, in the vein of some of the better Twilight Zone episodes.  The art is lovely, scratchboard white on black which gives a dark, atmospheric quality to the work."}, {"userName": "Edward Lebowski", "userReviewDate": "May 15, 2014", "userURL": "http://www.goodreads.com/user/show/24665811-edward-lebowski", "userReview": "M-A-L-A-T-O"}, {"userName": "Ayushi", "userReviewDate": "Oct 02, 2014", "userURL": "http://www.goodreads.com/user/show/5032781-ayushi", "userReview": "Absolutely stunning!"}, {"userName": "Paul-Jon", "userReviewDate": "Jan 16, 2013", "userURL": "http://www.goodreads.com/user/show/2458507-paul-jon", "userReview": "There's lovely woodcutty art in this silent collection of grim tales, with the framing device of a wee girl looking at the stories in viewfinder machines.It's just a bit of a shame there's not much more to it than the great art. It's an atmosphere piece, I guess, but it's so slight that you don't really get swept into its world.There's one short story here that's very strong, but the rest of them are basically just undercut by their weak punchlines.Ocht, it was enjoyable enough."}, {"userName": "DJ Dycus", "userReviewDate": "May 05, 2013", "userURL": "http://www.goodreads.com/user/show/4758170-dj-dycus", "userReview": "A very intriguing little book. It is an entirely visual narrative that's a cross between Edward Gorey and Ray Bradbury's Something Wicked This Way Comes. Ott's style is reminiscent of wood cuts.He presents us with a series of stories within the story, each one of which is more macabre than the one before."}, {"userName": "M.", "userReviewDate": "Apr 14, 2010", "userURL": "http://www.goodreads.com/user/show/1090874-m", "userReview": "spooky stories told in a streamlined wordless fashion with fantastic art.  the atmosphere pervades, and is wonderful.  vaguely reminiscent of, perhaps, illustrated thomas ligotti as flash-fiction, though 100 times more successful than the actual graphic adaptations of ligotti that have been produced thus far."}, {"userName": "Sue Smith", "userReviewDate": "Sep 24, 2011", "userURL": "http://www.goodreads.com/user/show/3583076-sue-smith", "userReview": "Genius!!!!!Gawd I love scratchboard art - it's so incredibly graphic and expressive.  It gives the grittiness and edge to what would otherwise be something mundane.  This book will have you going back over and over to 'reread' the stories and marveling at the details.  Loved it!"}, {"userName": "Micah Wallace", "userReviewDate": "Dec 11, 2007", "userURL": "http://www.goodreads.com/user/show/75656-micah-wallace", "userReview": "Great concept and beautiful, highly effective art.  My only complaint is that a few of the stories fall a little flat (the hotel, the prophet).  The others are entertaining and have great little payoffs.  My favorite chapter is The Experiment--a perfect mix of dark, scary, and funny."}, {"userName": "David Schaafsma", "userReviewDate": "Jul 29, 2013", "userURL": "http://www.goodreads.com/user/show/269235-david-schaafsma", "userReview": "Gorgeously rendered black and white scratchboard graphic novel of a girl who goes to a carnival to pay pennies to see four thoughtful, not graphic, but still successfully unsettling horror movies in what is called Cinema Panopticum. Terrific work, highly recommend."}, {"userName": "Josh", "userReviewDate": "Jun 23, 2012", "userURL": "http://www.goodreads.com/user/show/4134979-josh", "userReview": "Ott's art is always delicious to look at, and he takes the tired art-horror tropes to new and disturbing levels. If Lynd Ward and Ingmar Bergman had a child, it'd turn out something like Thomas Ott."}, {"userName": "Twan", "userReviewDate": "Jan 15, 2012", "userURL": "http://www.goodreads.com/user/show/6748510-twan", "userReview": "I've had a bit of a Thomas Ott session of late but I think this may be the one I enjoyed the most, especially 'The Hotel'. Great stuff from an amazing artist."}, {"userName": "Britney", "userReviewDate": "Mar 19, 2013", "userURL": "http://www.goodreads.com/user/show/7666179-britney", "userReview": "The wordless narration really works well for this, especially the illustrations which is fantastic. Definitely one of my favorites. Well done, Mr. Ott."}, {"userName": "Belinda", "userReviewDate": "Aug 26, 2009", "userURL": "http://www.goodreads.com/user/show/92098-belinda", "userReview": "Read this in one sitting--stunning---like watching a silent Twilight Zone unfold--beautiful and haunting art with touch of malice--love it!"}, {"userName": "Fulya", "userReviewDate": "Oct 16, 2013", "userURL": "http://www.goodreads.com/user/show/7712110-fulya", "userReview": "Perfection in its purest form. Horrifying images and absolutely perfect illustrations. Wonderful stories happening in one place."}, {"userName": "Stephen", "userReviewDate": "Nov 02, 2013", "userURL": "http://www.goodreads.com/user/show/1539831-stephen", "userReview": "As much as I love it whenever an artist masters scratchboard, or horror (rare), I didn't 'get' this particular work."}, {"userName": "Olivia", "userReviewDate": "Jun 13, 2012", "userURL": "http://www.goodreads.com/user/show/10143451-olivia", "userReview": "A bizarre narrative of stories inside stories. Ott leaves you wanting to turn the page to find out what happens next."}, {"userName": "Emma", "userReviewDate": "Feb 07, 2008", "userURL": "http://www.goodreads.com/user/show/237339-emma", "userReview": "Completely spooky and deranged, all without the use of words.  The pen-and-ink style is searing enough."}, {"userName": "Ivon", "userReviewDate": "Feb 29, 2012", "userURL": "http://www.goodreads.com/user/show/3505628-ivon", "userReview": "sudah lama tidak dibuat kaget oleh ending komik horor. it's d@mn good. fug."}], "description": "T. Ott plunges into the darkness with five new graphic horror novelettes: \"The Prophet,\" \"The Wonder Pill,\" \"La Lucha,\" \"The Hotel,\" and the title story, each executed in his hallucinatory and hyper-detailed scratchboard style and running between 16 to 20 pages.The first story in the book introduces the other four: A little girl visits an amusement park. She looks fascinated, but finds everything too expensive. Finally, behind the rollercoaster she eyeballs a small booth with \"CINEMA PANOPTICUM\" written on it. Inside there are boxes with screens. Every box contains a movie; the title of each appears on each screen. Each costs only a dime, so the price is right for the little girl. She puts her money in the first box: \"The Prophet\" begins. In the film, a vagrant foresees the end of the world and tries to warn people, but nobody believes him. They will soon enough.In the second film, \"The Wonderpill,\" a short-sighted man initially goes blind from some pills his doctor gave him, but soon the blindness wears off and he finds they accord quite a view. \"La Lucha,\" the third story, introduces a Mexican wrestler who fights against death himself. In a typical Ott twist, he wins and loses at the same time. The final story, \"The Hotel,\" depicts a traveler who goes to sleep in what seems to be an otherwise empty hotel. His awakening is the stuff of nightmares...Ott's O. Henry-esque plot twists will delight fans of classic horror like The Twilight Zone and Tales From the Crypt, or modern efforts like M. Night Shamalayan's films; his artwork will haunt you long after you've put the book down.", "title": "Cinema Panopticum", "url": "http://www.goodreads.com/book/show/634790.Cinema_Panopticum", "average": 4.22, "cover": "http://d.gr-assets.com/books/1176557134l/634790.jpg", "reviews": 46, "authors": [{"url": "http://www.goodreads.com/author/show/342508.Thomas_Ott", "name": "Thomas Ott"}], "outlinks": ["http://www.goodreads.com/book/show/418694.The_Living_and_the_Dead", "http://www.goodreads.com/book/show/1823114.Three_Shadows", "http://www.goodreads.com/book/show/10864775-isle-of-100-000-graves", "http://www.goodreads.com/book/show/8499509-duncan-the-wonder-dog", "http://www.goodreads.com/book/show/2849538-creepy-archives-vol-1", "http://www.goodreads.com/book/show/1335949.Essential_Tomb_of_Dracula_Vol_1", "http://www.goodreads.com/book/show/6917121-monsters", "http://www.goodreads.com/book/show/712964.Gods_Man", "http://www.goodreads.com/book/show/551094.Ed_the_Happy_Clown", "http://www.goodreads.com/book/show/7627836-weathercraft", "http://www.goodreads.com/book/show/214076.Monologues_for_the_Coming_Plague", "http://www.goodreads.com/book/show/1945460.Les_murailles_de_Samaris", "http://www.goodreads.com/book/show/114967.Mother_Come_Home", "http://www.goodreads.com/book/show/52238.Adolf_", "http://www.goodreads.com/book/show/15067.The_Ticking", "http://www.goodreads.com/book/show/4666109-ojingogo", "http://www.goodreads.com/book/show/1576850.The_Number_73304_23_4153_6_96_8", "http://www.goodreads.com/book/show/691288.Dead_End", "http://www.goodreads.com/book/show/1104676.Greetings_from_Hellville", "http://www.goodreads.com/book/show/8459051-r-i-p", "http://www.goodreads.com/book/show/634793.Tales_of_Error"]}