{"ratings": 650, "userreviews": [{"userName": "Andy", "userReviewDate": "Jul 01, 2008", "userURL": "http://www.goodreads.com/user/show/1271644-andy", "userReview": "[Review by Sarah.]If you haven't read any Clifford books but have seen the PBS cartoon, you should know that they're not all that similar. The books--other than those based on the show--have a cruder drawing style, and the unfortunately named Emily Elizabeth in particular looks rougher. The differences aren't only cosmetic, either; Clifford is more of a troublemaker in the books, and not only while he's earnestly but clumsily trying to do the right thing. (Not that it's as easy to tell what's going through his mind, since he doesn't talk with his dog friends in the books.) Whether you prefer the \"edgier\" Clifford (note: not all that edgy) is a matter of taste."}, {"userName": "Carrie", "userReviewDate": "Sep 02, 2014", "userURL": "http://www.goodreads.com/user/show/26146717-carrie", "userReview": "5 year old says: Clifford saved the birds from the cat!"}, {"userName": "Mina", "userReviewDate": "Nov 20, 2014", "userURL": "http://www.goodreads.com/user/show/37156858-mina", "userReview": "I don't know"}, {"userName": "Amy ", "userReviewDate": "Sep 20, 2013", "userURL": "http://www.goodreads.com/user/show/16282422-amy", "userReview": "Clifford is an old favorite and very loveable dog. In this book he has trouble getting along with the neighbors. This book could help students learn to walk away from a bad situation when they know that what they do is not going to help. This book also shows that walking away isn't always easy and that even with the best of intentions it doesn't always work out."}, {"userName": "Vanessa Easley", "userReviewDate": "Feb 05, 2013", "userURL": "http://www.goodreads.com/user/show/16198041-vanessa-easley", "userReview": "I think this book was an alright read but not my favorite. It could definitely be used to teach kids about being yourself and never giving up as well as that people who don't know you that well may still judge you. Different lessons can be pulled from this book."}, {"userName": "Jessica ", "userReviewDate": "Nov 11, 2008", "userURL": "http://www.goodreads.com/user/show/1617748-jessica", "userReview": "Clifford appeals to children. These books appealed to my son when I used to read to him at night. Usually at least one of these was in the pile of to-reads every night. (Yes, I read a lot to my son--7 to 10 books a night during his early childhood)."}, {"userName": "Satin", "userReviewDate": "Feb 01, 2011", "userURL": "http://www.goodreads.com/user/show/4866491-satin", "userReview": "-good book overall-very intersting how a bad situation turned into a very good situation towards the end of the story-use when teaching a lesson on nieghbors/helping others"}, {"userName": "Sydney", "userReviewDate": "Aug 24, 2012", "userURL": "http://www.goodreads.com/user/show/3083052-sydney", "userReview": "Typical clifford story, but the different ways Clifford unintentionally ticks off the grouchy neighbors are funny."}, {"userName": "Little Miss and the Legomeister", "userReviewDate": "Mar 05, 2012", "userURL": "http://www.goodreads.com/user/show/5291269-little-miss-and-the-legomeister", "userReview": "One of the better Clifford books.The story is cute and I love the old couple. It's occasionally funny."}, {"userName": "Sarah", "userReviewDate": "Sep 21, 2012", "userURL": "http://www.goodreads.com/user/show/129832-sarah", "userReview": "The neighbors are not too happy about Clifford's loud howling and digging. How will they reach an agreement?"}, {"userName": "Theresa", "userReviewDate": "Apr 10, 2012", "userURL": "http://www.goodreads.com/user/show/5860019-theresa", "userReview": "good early reader, using texet to relate to the television show, a cute childhood story book."}, {"userName": "\u219c\u0188\u0266\u01df\u057c\u2602\u025b\u2113\u2113\u025b\u219d", "userReviewDate": "Mar 15, 2013", "userURL": "http://www.goodreads.com/user/show/17896457", "userReview": "What is a big red dog to do with grouchy neighbors."}, {"userName": "Tabby", "userReviewDate": "May 16, 2008", "userURL": "http://www.goodreads.com/user/show/1131680-tabby", "userReview": "just a great leaner for children...(including me)"}], "description": "The new neighbors don't seem to be pleased about anything Clifford, the big red dog does.", "title": "Clifford and the Grouchy Neighbors\n      \n          (Clifford the Big Red Dog)", "url": "http://www.goodreads.com/book/show/2224884.Clifford_and_the_Grouchy_Neighbors", "average": 4.06, "cover": "http://d.gr-assets.com/books/1344706901l/2224884.jpg", "reviews": 13, "authors": [{"url": "http://www.goodreads.com/author/show/73337.Norman_Bridwell", "name": "Norman Bridwell"}], "outlinks": ["http://www.goodreads.com/book/show/263615.The_Berenstain_Bears_and_the_Week_at_Grandma_s", "http://www.goodreads.com/book/show/1069085.Let_s_Go_Home_Little_Bear", "http://www.goodreads.com/book/show/1995907.Arthur_s_April_Fool_Arthur_Adventure_Series_", "http://www.goodreads.com/book/show/930677.Look_Out_Kindergarten_Here_I_Come", "http://www.goodreads.com/book/show/375991.The_Mother_s_Day_Mice", "http://www.goodreads.com/book/show/552583.Me_First", "http://www.goodreads.com/book/show/205294.There_Was_An_Old_Lady_Who_Swallowed_A_Bat_", "http://www.goodreads.com/book/show/543434.Buzz_Said_the_Bee_Hello_Reader_Level_1_", "http://www.goodreads.com/book/show/215850.Dogs_Don_t_Wear_Sneakers", "http://www.goodreads.com/book/show/605137.Franklin_Goes_To_The_Hospital", "http://www.goodreads.com/book/show/532171.Curious_George_and_the_Dinosaur", "http://www.goodreads.com/book/show/890685.Richard_Scarry_s_Bedtime_Stories", "http://www.goodreads.com/book/show/426085.Duck_at_the_Door", "http://www.goodreads.com/book/show/576338.Clifford_We_Love_You", "http://www.goodreads.com/book/show/512836.Clifford_and_the_Big_Parade", "http://www.goodreads.com/book/show/351229.Clifford_at_the_Circus", "http://www.goodreads.com/book/show/615247.Clifford_Barks_", "http://www.goodreads.com/book/show/501404.Clifford_Gets_a_Job", "http://www.goodreads.com/book/show/647550.Clifford_Goes_to_Hollywood", "http://www.goodreads.com/book/show/11475133-clifford-goes-to-the-doctor", "http://www.goodreads.com/book/show/615300.Clifford_Goes_To_Washington", "http://www.goodreads.com/book/show/2664553-clifford-grows-up", "http://www.goodreads.com/book/show/858719.Clifford_the_Big_Red_Dog", "http://www.goodreads.com/book/show/615233.Clifford_s_Halloween", "http://www.goodreads.com/book/show/615244.Clifford_The_Small_Red_Puppy", "http://www.goodreads.com/book/show/1323310.Clifford_The_Firehouse_Dog", "http://www.goodreads.com/book/show/1294848.Clifford_s_Birthday_Party"]}