{"ratings": 36, "userreviews": [{"userName": "Rosa Cline", "userReviewDate": "Feb 10, 2014", "userURL": "http://www.goodreads.com/user/show/27718966-rosa-cline", "userReview": "This Level 1 reader is simple words with the simple illustrations tell of how Clifford started as a very small puppy seeing his vet and how he loved her then, then after a year he was to big to be in her clinic and she figured out ways to check him over because she cared about him and she told him he was big enough now and he could stop growing and he did. Anyone that loves Clifford would enjoy this simple book about him."}, {"userName": "Edacheeky", "userReviewDate": "Oct 24, 2014", "userURL": "http://www.goodreads.com/user/show/29690057-edacheeky", "userReview": "CLIFFORD WAS THE BEST"}, {"userName": "PWRL", "userReviewDate": "Jan 27, 2012", "userURL": "http://www.goodreads.com/user/show/4579023-pwrl", "userReview": "AEOSM"}], "description": "A brand-new, original Clifford early reader! Clifford goes for his annual checkup, and Dr. Smart has to be very creative to check Clifford's heartbeat, look into his mouth, ears, and eyes, because Clifford is so big. Clifford is very brave when he has to get his shot, and he gets a treat at the end!", "title": "Clifford Goes to the Doctor\n      \n          (Clifford the Big Red Dog)", "url": "http://www.goodreads.com/book/show/11475133-clifford-goes-to-the-doctor", "average": 3.67, "cover": "http://d.gr-assets.com/books/1328838018l/11475133.jpg", "reviews": 3, "authors": [{"url": "http://www.goodreads.com/author/show/73337.Norman_Bridwell", "name": "Norman Bridwell"}], "outlinks": ["http://www.goodreads.com/book/show/576338.Clifford_We_Love_You", "http://www.goodreads.com/book/show/512836.Clifford_and_the_Big_Parade", "http://www.goodreads.com/book/show/305476.Clifford_and_the_Big_Storm", "http://www.goodreads.com/book/show/2224884.Clifford_and_the_Grouchy_Neighbors", "http://www.goodreads.com/book/show/351229.Clifford_at_the_Circus", "http://www.goodreads.com/book/show/615247.Clifford_Barks_", "http://www.goodreads.com/book/show/501404.Clifford_Gets_a_Job", "http://www.goodreads.com/book/show/647550.Clifford_Goes_to_Hollywood", "http://www.goodreads.com/book/show/615300.Clifford_Goes_To_Washington", "http://www.goodreads.com/book/show/2664553-clifford-grows-up", "http://www.goodreads.com/book/show/858719.Clifford_the_Big_Red_Dog", "http://www.goodreads.com/book/show/615233.Clifford_s_Halloween", "http://www.goodreads.com/book/show/615244.Clifford_The_Small_Red_Puppy", "http://www.goodreads.com/book/show/1323310.Clifford_The_Firehouse_Dog", "http://www.goodreads.com/book/show/1294848.Clifford_s_Birthday_Party"]}