{"ratings": 111, "userreviews": [{"userName": "Talia", "userReviewDate": "Mar 13, 2012", "userURL": "http://www.goodreads.com/user/show/6506115-talia", "userReview": "This is the second book in the Jed, Bill and Liza series I read as a child. I believe I got the first one in 2nd grade, and I wasn't ready for it. The next year, I saw it on my bookshelf, read it and was then hooked. This was probably purchased as the book fair. Remember those? They came to your school library and had red, blue, yellow and green fold out displays with books to buy. They were awesome. I'm going through and re-reading this series, delighting in the adventures I read over and over again as a kid. They still hold up. Maybe I'll get to introduce my nephew to them in a few years!"}, {"userName": "Yawz", "userReviewDate": "Dec 24, 2014", "userURL": "http://www.goodreads.com/user/show/38214392-yawz", "userReview": "Even worst than the first. Don't know how it managed that!"}, {"userName": "Dina", "userReviewDate": "Mar 31, 2014", "userURL": "http://www.goodreads.com/user/show/2062707-dina", "userReview": "3/30/14-3/31/14"}, {"userName": "Vicky", "userReviewDate": "Feb 20, 2010", "userURL": "http://www.goodreads.com/user/show/3175170-vicky", "userReview": "As a child I remember this was the most popular book in our elementary school library (high-praise indeed!). Now, I'm having a hard time locating a copy for my 7-year-old neice, who I'm sure will love it as much as I did."}, {"userName": "carrietracy", "userReviewDate": "Nov 02, 2013", "userURL": "http://www.goodreads.com/user/show/87425-carrietracy", "userReview": "I had fond memories of reading this as a child, a mystery book that wasn't actually scary was right up my alley.  However, times change and wow does this contain some pretty weird/racist bits about Native Americans."}, {"userName": "Natalie", "userReviewDate": "Oct 24, 2011", "userURL": "http://www.goodreads.com/user/show/944550-natalie", "userReview": "I bought this at the library sale too. I'm sure when Sam gets around to reading it she'll love it :-)"}, {"userName": "Stephanie Kurtz", "userReviewDate": "Apr 14, 2012", "userURL": "http://www.goodreads.com/user/show/4747162-stephanie-kurtz", "userReview": "Just read aloud to Jake. Great mysteries for kids to listen to! Classic Peggy Parish."}, {"userName": "Kayleen", "userReviewDate": "Mar 27, 2013", "userURL": "http://www.goodreads.com/user/show/547523-kayleen", "userReview": "I enjoy kids novels but this one was a little too kiddie for me."}, {"userName": "Saralyn", "userReviewDate": "Feb 22, 2008", "userURL": "http://www.goodreads.com/user/show/921689-saralyn", "userReview": "I love the Liza, Bill & Jed mysteries. Great for kids!"}, {"userName": "Sarah", "userReviewDate": "Nov 20, 2013", "userURL": "http://www.goodreads.com/user/show/25864351-sarah", "userReview": "is a nice book, so ctually y like it for children."}, {"userName": "Mrs Johnnie Tate", "userReviewDate": "Jul 09, 2010", "userURL": "http://www.goodreads.com/user/show/3872291-mrs-johnnie-tate", "userReview": "The wonderful world of treasure hunting!"}, {"userName": "john", "userReviewDate": "Sep 28, 2010", "userURL": "http://www.goodreads.com/user/show/4350908-john", "userReview": "Excellent book for 2nd-3rd graders"}, {"userName": "Amy", "userReviewDate": "Jul 03, 2008", "userURL": "http://www.goodreads.com/user/show/1270814-amy", "userReview": "this book is great."}, {"userName": "WSL Library", "userReviewDate": "Oct 16, 2013", "userURL": "http://www.goodreads.com/user/show/21615591-wsl-library", "userReview": "X4"}], "description": "Who or what is taking the kitchen scraps from the garbage every night? What starts out as a puzzle becomes a mystery. Every night Grandma leaves table scraps in a wrapped plastic bag in the garbage can where, according to plan, the McNellis children pick them up to feed their kittens. But the plan changes when the bag is gone in the morning. The twins, Liza and Bill, and brother Jed decide to investigate the matter.First the children discover Liza's missing red sweater in a part of the woods she hadn't been to before, next they read about runaway children in the newspaper, and then their new puppy is lost. Finally they find a teepee in the woods with what seems to be Indians in warpaint dancing and shooting arrows! The young detectives must put all the clues together and solve the mystery.", "title": "Clues in the Woods\n      \n          (Liza, Bill & Jed Mysteries)", "url": "http://www.goodreads.com/book/show/32863.Clues_in_the_Woods", "average": 3.84, "cover": "http://d.gr-assets.com/books/1388943255l/32863.jpg", "reviews": 14, "authors": [{"url": "http://www.goodreads.com/author/show/9002.Peggy_Parish", "name": "Peggy Parish"}, {"url": "http://www.goodreads.com/author/show/88667.Paul_Frame", "name": "Paul Frame"}], "outlinks": ["http://www.goodreads.com/book/show/960668.When_the_Dolls_Woke", "http://www.goodreads.com/book/show/936785.The_Forbidden_Castle", "http://www.goodreads.com/book/show/630648.Beverly_Cleary_s_Ramona", "http://www.goodreads.com/book/show/183108.The_Mystery_on_Cobbett_s_Island", "http://www.goodreads.com/book/show/49929.Heidi_s_Children", "http://www.goodreads.com/book/show/608374.The_Mystery_of_the_Dinosaur_Bones", "http://www.goodreads.com/book/show/1212167.Karen_s_Doll", "http://www.goodreads.com/book/show/1162182.The_World_s_Worst_Fairy_Godmother", "http://www.goodreads.com/book/show/291465.Encyclopedia_Brown_Sets_The_Pace", "http://www.goodreads.com/book/show/1258024.Nate_the_Great_and_the_Phony_Clue", "http://www.goodreads.com/book/show/685986.Arthur_s_Honey_Bear", "http://www.goodreads.com/book/show/1568972.The_Vanishing_Shadow", "http://www.goodreads.com/book/show/509901.Snow_White_and_Rose_Red", "http://www.goodreads.com/book/show/1047511.You_Shouldn_t_Have_to_Say_Goodbye", "http://www.goodreads.com/book/show/2419278.Going_Going_Gone_with_the_Pain_and_the_Great_One", "http://www.goodreads.com/book/show/897163.Stranded", "http://www.goodreads.com/book/show/404978.The_Stupids_Step_Out", "http://www.goodreads.com/book/show/356930.Among_Friends", "http://www.goodreads.com/book/show/1111960.The_Haunted_House", "http://www.goodreads.com/book/show/900735.Key_to_the_Treasure", "http://www.goodreads.com/book/show/131701.The_Mystery_of_Hermit_Dan", "http://www.goodreads.com/book/show/32864.Pirate_Island_Adventure", "http://www.goodreads.com/book/show/32865.The_Ghosts_of_Cougar_Island", "http://www.goodreads.com/book/show/774001.Amelia_Bedelia", "http://www.goodreads.com/book/show/155106.Amelia_Bedelia_and_the_Surprise_Shower", "http://www.goodreads.com/book/show/14481.Come_Back_Amelia_Bedelia", "http://www.goodreads.com/book/show/14479.Amelia_Bedelia_Helps_Out", "http://www.goodreads.com/book/show/413166.Good_Work_Amelia_Bedelia"]}