{"ratings": 563, "userreviews": [{"userName": "Jenny (Reading Envy)", "userReviewDate": "Apr 20, 2013", "userURL": "http://www.goodreads.com/user/show/68030-jenny-reading-envy", "userReview": "This is one of the volumes I had hoarded for National Poetry Month.  Alice Walker is better known as the author of The Color Purple, but she has written quite a few poems.  These span from 1965 and are highly biographical, from her trip to Kenya to her work in voter registration in Mississippi, through relationship ups and downs, up through having children.  I had first skimmed through them when I was helping a friend find a poem for his mother's funeral, but getting to have a more careful reading was an even better experience.Read the entirety of these poems:Be Nobody's Darling, probably my favorite!Expect NothingHere is a little bit from another one I liked, Rage.\"The silence between your wordsrams into melike a sword.\"And this tiny part of Listen:\"Every time you sayyou love me I look for shelter.\"I really liked segment vii from Exercises from Themes on Life:\"I like to see you tryto worm yourselfaway from mefirst you pleadyour ageas if my young heart felt any of the tirednessin your bones . . . \"This poem I'll include in its entirety (sensing a theme, hmm Alice?):Forbidden ThingsThey say you are not for me,and I try, in my resolved but barely turning brain,to know \"they\" do not matter,these relics of past disastersin march against the rebellion of our time.They will fail;as all the others have:for our fate will not be this:to smile and salute the pain,to limp behind their steel bootof happiness,grieving for forbidden things."}, {"userName": "Krista the Krazy Kataloguer", "userReviewDate": "Oct 20, 2009", "userURL": "http://www.goodreads.com/user/show/316102-krista-the-krazy-kataloguer", "userReview": "I LOVE her poetry!  She reminds me of Maya Angelou, whom I also love.  Their poems speak to my soul, like Langston Hughes' poetry does.   Highly recommended!!"}, {"userName": "Kirsty Stanley", "userReviewDate": "Jul 14, 2011", "userURL": "http://www.goodreads.com/user/show/5208770-kirsty-stanley", "userReview": "I spotted this book on the shelf in the library and having loved The Color Purple when I read it, I was looking forward to reading Alice Walker's Poetry. I have to say that I was distinctly underwhelmed and it wasn't until I reached page 126 that I spotted a poem I connected to and there were 28 in the book that I'd like to read again. 15 of these came from her ' Horses make a landscape look more beautiful' collection, the other 24 from this collection would also be worth another look.For me I connected most to her poems on poetry and writing and female solidarity, themes that are also reflected in The Color Purple. My favourites were: Women (a beautiful homage to women striving for better than their daughters, an education 'without knowing a page/Of it/Themselves), A Woman is not a potted plant (As well as loving the title the nature images were well used) Without Commercials (a call to women to accept what they've been given and not tan, bleach, cut or add to live up to an 'ideal' beauty. It's the old beauty is within message but well done)Now that the book is finished (about the struggle of being a writer consumed by her characters and a mother with the feeling of neglecting her child)Beast (about the impact of not writing on the soul)How poems are made:a discredited view (discredited! But a view I agree with).Now to be fair poetry is a very personal thing and not all poems by one writer will appeal to everyone. I have clearly sought out poems that match my worldview because I'm comfortable with this, others may not like my choices but find others more appealing and there is plenty to choose from in this volume. With poetry I'd always say give it a go, even finding one or two poems you like is a good thing."}, {"userName": "Iris", "userReviewDate": "Jan 18, 2009", "userURL": "http://www.goodreads.com/user/show/1922798-iris", "userReview": "I loved this book. I mean,  loved  this book. It was the first book of grown-up poetry I remember ever reading, and I was thrilled to my bones to read about sex, black hair, poverty, revolution, and to read poetry about writing poetry. As an 11-year-old in suburban Salt Lake City--an 11-year-old self-described poet living in suburban Salt Lake City-- this book opened doors for me, and made me feel not so alone.I reread it. It has shining, beautiful moments. It has a lot of sentimental value for me. But.... it feels like someone just thinking to themselves, only with line-breaks. I appreciate the conversant value of it, and can appreciate it for what it is and the niche it occupies, but it doesn't blow me away."}, {"userName": "Ronald Wise", "userReviewDate": "Aug 12, 2011", "userURL": "http://www.goodreads.com/user/show/5855283-ronald-wise", "userReview": "A large collection of poetry by Walker from what seemed to be a darker, less optimistic or confident period of her life. Reading this collection after reading her later works, I could understand better the celebration which seemed evident in her 2003 poetry collection Absolute Trust in the Goodness of the Earth and her 2004 novel Now Is the Time to Open Your Heart. The poetry in this collection seemed tinted with anger and despair. This book was added to my reading list, along with all her works, after reading her novel mentioned above."}, {"userName": "Jennifer (aka EM)", "userReviewDate": "Dec 31, 2008", "userURL": "http://www.goodreads.com/user/show/1393336-jennifer-aka-em", "userReview": "I love alice walker.  I love her novels, which read like poems.  In fact, before I knew she was a poet, I knew she was a poet.And I love this volume of her poetry.  The title poem is a stunning piece of environmental consciousness coupled with simple, but powerful, images of the earth as a body/the body as the earth.  Her sensibility oozes out of these words, even more than in her novels. It's reprinted on my blog \n  here\n."}, {"userName": "Jerome K", "userReviewDate": "Aug 13, 2007", "userURL": "http://www.goodreads.com/user/show/277259-jerome-k", "userReview": "I wouldn't say Alice Walker is the best poet out there. But there's something in her poems that I haven't found in anyone else's. It's very effortless and artless even. Her poems are like fresh spring water, or clean morning sunlight. There's a lot of pain in here but it never overwhelms. Her poems are one big act of forgiveness. I prefer them to her fiction these days."}, {"userName": "Melissa", "userReviewDate": "Sep 30, 2013", "userURL": "http://www.goodreads.com/user/show/2343226-melissa", "userReview": "Not for the faint of heart. Revolutionary in the fearlessness that drips from every line. These works definitely provide insight into who Alice Walker unapologetically is and what life events have formed her voice and hence inspired her novels and stories."}, {"userName": "Aimee", "userReviewDate": "Jun 19, 2007", "userURL": "http://www.goodreads.com/user/show/140256-aimee", "userReview": "I have a copy of this book to carry with me when I need a pick me up, and a signed hardcover that lives at home.  I've had this book for 10 years at least, and still find Walker's words powerful and nuanced."}, {"userName": "Nicole McGrath", "userReviewDate": "Sep 10, 2014", "userURL": "http://www.goodreads.com/user/show/5894678-nicole-mcgrath", "userReview": "I first read \"A Woman is Not a Potted Plant\" as a teenager, and it left a great impression on me.  Re-reading Walker's poems have given me a renewed sense of their meaning."}, {"userName": "Colette", "userReviewDate": "Sep 26, 2008", "userURL": "http://www.goodreads.com/user/show/112439-colette", "userReview": "great collection of alice walker's poems. she frames each major body of work with what was going on in her life then, which has made me appreciate it even more. lovely."}, {"userName": "MotherMagic", "userReviewDate": "Apr 17, 2008", "userURL": "http://www.goodreads.com/user/show/1094371-mothermagic", "userReview": "The book I took with me into labor of birthing my son. I adore Alice Walker and wanted her poems with me through that experience. A wonderful collection."}, {"userName": "Debby Zygielbaum", "userReviewDate": "Jun 23, 2012", "userURL": "http://www.goodreads.com/user/show/8952650-debby-zygielbaum", "userReview": "This is one of my favorite volumes of poetry ever. The title poem still raises the hairs on the back of my neck because it speaks such truth to me."}, {"userName": "Beth", "userReviewDate": "Jul 29, 2008", "userURL": "http://www.goodreads.com/user/show/1361465-beth", "userReview": "A beautiful collection of Walker's poetry. Some of these are perrenial favorites of mine, some seem to pop up when I need them most."}, {"userName": "heartful", "userReviewDate": "Jan 27, 2008", "userURL": "http://www.goodreads.com/user/show/835200-heartful", "userReview": "I read this continuously from cover to cover, which I never do for poetry.  It struck a deep chord with me at a hard time in my life."}, {"userName": "Kelly", "userReviewDate": "Jun 25, 2007", "userURL": "http://www.goodreads.com/user/show/70263-kelly", "userReview": "absolutely fantastic.  i bought the book purely based on reading the poem Warning and have not been disappointed since then."}, {"userName": "Jennifer Hollett", "userReviewDate": "Feb 11, 2009", "userURL": "http://www.goodreads.com/user/show/2000130-jennifer-hollett", "userReview": "Some of my favorite poetry. Though I may not always agree with Walker politically, her writing is IMO superb."}, {"userName": "Alison", "userReviewDate": "Jul 04, 2007", "userURL": "http://www.goodreads.com/user/show/161923-alison", "userReview": "this is my favorite book of poetry ever.  it got me through my white-guilt-ridden college days"}, {"userName": "Sarah", "userReviewDate": "Aug 20, 2008", "userURL": "http://www.goodreads.com/user/show/1443232-sarah", "userReview": "Alice Walker's poetry is otherworldy, she speaks to the experience of women everywhere."}, {"userName": "Alyssa", "userReviewDate": "May 17, 2013", "userURL": "http://www.goodreads.com/user/show/296132-alyssa", "userReview": "It's a 3 because some of the poems are out-standingly amazing and some are fine."}, {"userName": "Amanda", "userReviewDate": "May 25, 2011", "userURL": "http://www.goodreads.com/user/show/5507745-amanda", "userReview": "This book of poetry saved my life in high school."}, {"userName": "Amanda", "userReviewDate": "Aug 05, 2007", "userURL": "http://www.goodreads.com/user/show/163355-amanda", "userReview": "One of the first books that made me want to write poetry."}, {"userName": "Jill Cicero", "userReviewDate": "Sep 09, 2010", "userURL": "http://www.goodreads.com/user/show/332344-jill-cicero", "userReview": "Beautiful, beautiful, beautiful...I so love Alice Walker."}, {"userName": "Tami", "userReviewDate": "Jan 27, 2013", "userURL": "http://www.goodreads.com/user/show/6389293-tami", "userReview": "One of the best poetry books I own."}, {"userName": "Kate", "userReviewDate": "Sep 06, 2012", "userURL": "http://www.goodreads.com/user/show/12071234-kate", "userReview": "Very beautiful accessible poetry"}, {"userName": "Abbie", "userReviewDate": "Aug 23, 2007", "userURL": "http://www.goodreads.com/user/show/304401-abbie", "userReview": "My favorite poetry book."}], "description": "Alice Walker has been writing poetry since 1965, when she traveled to East Africa. Here are new and unpublished poems collected for the first time with the complete poems of Alice Walker, including all her previous volumes.", "title": "Collected Poems: Her Blue Body Everything We Know: Earthling Poems 1965 1990", "url": "http://www.goodreads.com/book/show/896312.Collected_Poems", "average": 4.18, "cover": "http://d.gr-assets.com/books/1179269752l/896312.jpg", "reviews": 25, "authors": [{"url": "http://www.goodreads.com/author/show/7380.Alice_Walker", "name": "Alice Walker"}], "outlinks": ["http://www.goodreads.com/book/show/60942.Her_Blue_Body_Everything_We_Know", "http://www.goodreads.com/book/show/538547.Her_Blue_Body_Everything_We_Know", "http://www.goodreads.com/book/show/1136261.Her_Blue_Body_Everything_We_Know", "http://www.goodreads.com/book/show/446830.Her_Blue_Body_Everything_We_Know", "http://www.goodreads.com/book/show/6080146-ihr-blauer-k-rper", "http://www.goodreads.com/book/show/60942.Her_Blue_Body_Everything_We_Know", "http://www.goodreads.com/book/show/11486.The_Color_Purple", "http://www.goodreads.com/book/show/11486.The_Color_Purple", "http://www.goodreads.com/book/show/60942.Her_Blue_Body_Everything_We_Know", "http://www.goodreads.com/book/show/60942.Her_Blue_Body_Everything_We_Know", "http://www.goodreads.com/book/show/538547.Her_Blue_Body_Everything_We_Know", "http://www.goodreads.com/book/show/60942.Her_Blue_Body_Everything_We_Know", "http://www.goodreads.com/book/show/1136261.Her_Blue_Body_Everything_We_Know", "http://www.goodreads.com/book/show/60942.Her_Blue_Body_Everything_We_Know", "http://www.goodreads.com/book/show/60942.Her_Blue_Body_Everything_We_Know", "http://www.goodreads.com/book/show/60942.Her_Blue_Body_Everything_We_Know", "http://www.goodreads.com/book/show/60942.Her_Blue_Body_Everything_We_Know", "http://www.goodreads.com/book/show/60942.Her_Blue_Body_Everything_We_Know", "http://www.goodreads.com/book/show/60942.Her_Blue_Body_Everything_We_Know", "http://www.goodreads.com/book/show/60942.Her_Blue_Body_Everything_We_Know", "http://www.goodreads.com/book/show/60942.Her_Blue_Body_Everything_We_Know", "http://www.goodreads.com/book/show/60942.Her_Blue_Body_Everything_We_Know", "http://www.goodreads.com/book/show/60942.Her_Blue_Body_Everything_We_Know", "http://www.goodreads.com/book/show/60942.Her_Blue_Body_Everything_We_Know", "http://www.goodreads.com/book/show/60942.Her_Blue_Body_Everything_We_Know", "http://www.goodreads.com/book/show/60942.Her_Blue_Body_Everything_We_Know", "http://www.goodreads.com/book/show/60942.Her_Blue_Body_Everything_We_Know", "http://www.goodreads.com/book/show/1136261.Her_Blue_Body_Everything_We_Know", "http://www.goodreads.com/book/show/60942.Her_Blue_Body_Everything_We_Know", "http://www.goodreads.com/book/show/60942.Her_Blue_Body_Everything_We_Know", "http://www.goodreads.com/book/show/60942.Her_Blue_Body_Everything_We_Know", "http://www.goodreads.com/book/show/60942.Her_Blue_Body_Everything_We_Know", "http://www.goodreads.com/book/show/492201.A_Wild_Patience_Has_Taken_Me_This_Far", "http://www.goodreads.com/book/show/602333.Cries_of_the_Spirit", "http://www.goodreads.com/book/show/607270.Blessing_the_Boats", "http://www.goodreads.com/book/show/201215.Twelve_Moons", "http://www.goodreads.com/book/show/188038.Not_Vanishing", "http://www.goodreads.com/book/show/469023.The_Marvelous_Arithmetics_of_Distance", "http://www.goodreads.com/book/show/780823.In_Mad_Love_and_War", "http://www.goodreads.com/book/show/65976.Post_Dykes_to_Watch_Out_For", "http://www.goodreads.com/book/show/853926.The_Unswept_Room", "http://www.goodreads.com/book/show/11486.The_Color_Purple", "http://www.goodreads.com/book/show/60937.The_Temple_Of_My_Familiar", "http://www.goodreads.com/book/show/60935.Possessing_the_Secret_of_Joy", "http://www.goodreads.com/book/show/60943.In_Search_of_Our_Mothers_Gardens", "http://www.goodreads.com/book/show/60944.Meridian"]}