{"ratings": 175, "userreviews": [{"userName": "Bodhi K.", "userReviewDate": "Dec 12, 2012", "userURL": "http://www.goodreads.com/user/show/13857975-bodhi-k", "userReview": "I am currently reading Virginia Hamilton's Cousins. The book Is about an eleven year old girl named Cammy. She has a dying great grandmother that she calls Gram Tut. I am at the part when Cammy runs away from her cousins house because of an argument . Their argument was about how Patty Ann was so beautiful and good at everything she did. Finally Cammy broke into tears and ran out the door. It was thundering and raining and Cammy was scared in the cold rain. Cammy hates thunder and found some shelter. I really like this author so far because he goes into good detail of how Cammy's afraid of thunder. Cammy finally saw her brother's pickup truck and waved to her brother and got in. I can relate to this when I woke up to loud thunder and misinterpreted it by a gun shot. I felt really scared, but then I saw the rain outside my window and I wasn't scared anymore. I would rate this book five out of zero stars because Cammy has a lot of different kinds of moods. She can be sad, excited, energetic, happy, mad, enthusiastic, awesome, and even silly. This book is very Leisurely Paced and is a Fiction book. I recommend this book to you if you like books that are Leisurely Paced and Fiction."}, {"userName": "Natalia Miranda", "userReviewDate": "Sep 25, 2012", "userURL": "http://www.goodreads.com/user/show/6916010-natalia-miranda", "userReview": "Don't recommend the book but I honestly did not like it. Not my type of book, and sorta hard to read, and some grammar errors. Cammy has a family that does not get along, her cousin Patty Ann is perfect and is good at everything. But pattys brother richie is bad. Cammys brother Andrew is a nice kid and her mom is awesome. And her grandma Tut which she loves and is very old. But after Patty Ann died, Cammy felt blamed and haunted after her death. But then she overcame and learned how to love and forgive."}, {"userName": "Cheryl", "userReviewDate": "Oct 31, 2011", "userURL": "http://www.goodreads.com/user/show/3498889-cheryl", "userReview": "This edition is a much better cover.  The one I found at a thrift store was published by Apple and looks like just a schoolgirl rivalry thing.  But it's by Hamilton.  So, class rivalry, teenage alcoholism, divorce, bulimia, a 94 year-old grandma in a rest home, well, that's just the beginning.  Told in Hamilton's effective mystic & mythic voice, for the bravest young readers."}, {"userName": "Bernadette", "userReviewDate": "Aug 25, 2009", "userURL": "http://www.goodreads.com/user/show/1837176-bernadette", "userReview": "I was wondering what was going to happen to stir up the cousins! I could not relate to this aspect of the book; I never was close to my cousins or grandmother, but I thoroughly enjoyed the humor in the family relationships in this book. The book touches on a lot of issues that would lead to great book discussions \u2013 dealing with death, under-age drinking, unemployment, language, caring for elderly family members, and prejudice. Central to the book is dealing with death \u2013 both of the inevitable death of Gram Tut and the sudden death of Patty Ann. Many people have difficulty discussing death with elderly people and I really enjoyed the way Cammy and Gram handle it in the book. The language used in the book seemed authentic as well, even down to the grandmother constantly thinking about the children not speaking \"proper\" English. The most striking feature of the book for me, however, was the honesty. The feelings of the characters are shared without shame, but the characters grow and mature."}, {"userName": "Gabrielle", "userReviewDate": "Oct 04, 2012", "userURL": "http://www.goodreads.com/user/show/12836945-gabrielle", "userReview": "ThemeThe theme of the book \"Cousins\" is to always love and forgive your family no matter how they act and what they do. I say this because Cammy and Patty Ann where two cousins that never got along. They would argue almost every day. I know this because in the book Patty Ann tells Cammy on page 31 \u201cYou are jealous just because I can sit on my hair and I get all straight A\u2019s.\u201d They argued and criticized each other.Until one day when Patty Ann died because of Cammy.  The book says that\u2019s when Cammy realized that she had really loved Patty Ann no matter how bad they treated each other. This is where I get my theme from. To always love and forgive your family no matter how they act or what they do. I think Cammy wouldn\u2019t have so much grief for herself if she would have at least shown or told Patty Ann that she loved her. That way Patty Ann could have died knowing that her cousin had loved her, despite of what happened."}, {"userName": "La Kata E.K.", "userReviewDate": "Jul 28, 2014", "userURL": "http://www.goodreads.com/user/show/26287968-la-kata-e-k", "userReview": "I read this book over twenty years ago as a child and the sadness this book evoked still lingeres whenever I remember reading the story. It's the kind of book that I am going to have my daughter read as soon as she is old enough. It was a heart wrenching book that caused me to truly think at such a young age."}, {"userName": "Jamal Dodd", "userReviewDate": "Sep 29, 2014", "userURL": "http://www.goodreads.com/user/show/35472329-jamal-dodd", "userReview": "what I thought about this book is generous/amazing.I love to read good books like this I'm 10 years old andi like to read .My parents buy me good and amazing books like theses.So i like  to read  books."}, {"userName": "Wan Yu( Stephanie)", "userReviewDate": "Feb 24, 2011", "userURL": "http://www.goodreads.com/user/show/4068189-wan-yu-stephanie", "userReview": "I enjoyed while I read this book,because I like how the author illustrated the relationship between the main character and her cousin; the way the author use details to described the characters' feelings. Cammy loves her family but her cousin Patty, because of her appearances and actions to others. I agreed with Xiao Wen, she said being cousin doesn't mean they are be friends. Yeah! Cousin is part of the family, and their relationship can't be deleted. this reminds me about my cousins. My relationship with my cousins aren't good but better than with my friends.Cousin isn't equal to friend. Cousin can be better than friend and friend can be better than cousin also. One difference is cousin is forever!"}, {"userName": "Ann Marie", "userReviewDate": "Nov 03, 2014", "userURL": "http://www.goodreads.com/user/show/2947141-ann-marie", "userReview": "I liked it...I felt the author handled every issue with honesty and grace...it was at times difficult to understand because of the language used however one was able to insert themselves into the story therefore making the language obstacles less noticeable...and you are totally able to see the world through this little girls eyes...I recommend this one for your fourth and fifth grade readers..."}, {"userName": "James Barnett", "userReviewDate": "Nov 05, 2012", "userURL": "http://www.goodreads.com/user/show/12890410-james-barnett", "userReview": "The protagonist of \u201cCousins\u201d name is Cammy. At the beginning of the story Cammy showed jealousy toward her cousin Patty Ann. Cammy felt that Patty Ann was perfect because she was older, she had long curly hair, her clothes were all brand new, she earned straight A\u2019s in school, and she never got in trouble with her mom the way Cammy does. Cammy thought it was no reason to like Patty. Cammy is a dynamic character in this book because at the end she learned to love Patty, when Patty saves Cammy from drowning at camp. Cammy can be described as sassy, mean, and prejudice."}, {"userName": "Xiao Wen", "userReviewDate": "Dec 05, 2010", "userURL": "http://www.goodreads.com/user/show/4369775-xiao-wen", "userReview": "This is not a hard book to read, but just sometimes, I don't get use to the oral words and sentences. I like the sentence that shows on the cover, which is \"Being cousins doesn't mean you'll be friends.\" I like this sentence, because I agree with it. Sometimes, I think that friends are more important than cousins, because cousins are just kind of like the family relationship, it can't be erase it out, and it doesn't mean anything. But friends are different, friendships can be erase it out, and it shows the relationship between two unknown people."}, {"userName": "Cara Rosenberg", "userReviewDate": "Dec 25, 2014", "userURL": "http://www.goodreads.com/user/show/37056023-cara-rosenberg", "userReview": "This was not a good book. On the back where it says the summary, it sounded good, but when I waited for the terrible thing to happen, I missed it because it was not written well. I Waited the whole book for it to happen, but it was bad all the way through."}, {"userName": "Marwa", "userReviewDate": "Dec 12, 2013", "userURL": "http://www.goodreads.com/user/show/26559187-marwa", "userReview": "i loved this book. It was actually amazing how Gram Tut comes home from the nursing care. I just finished reading and i really enjoyed it... I recommend this book to those people who haven't read this book, they should read it. Try reading a couple pages in this book. it's a little boring in the first couple pages, but i would give it a *4* :)"}, {"userName": "Mas5thgrade2011", "userReviewDate": "Nov 01, 2010", "userURL": "http://www.goodreads.com/user/show/3997897-mas5thgrade2011", "userReview": "It is a very mysterious book. Two things are very mysterious in this book. You will love this book if you are into historical fiction. It has many sad and happy moods at different time and pionts in the story."}, {"userName": "Betsy", "userReviewDate": "Aug 30, 2011", "userURL": "http://www.goodreads.com/user/show/419395-betsy", "userReview": "More of a 3.5 star for me. Poignant and tender--I love Cammy's love for her grandmother and how Cammy's family comes together to support her after she witnesses a horrible accident befall one of her cousins."}, {"userName": "Mr.M", "userReviewDate": "Sep 15, 2011", "userURL": "http://www.goodreads.com/user/show/6040437-mr-m", "userReview": "Unexpected and really gripping.  Loved it.  Hamilton won the Newbery Award for \"M.C. Higgins the Great.\"  I found \"M.C.\" too dragging and anti-climactic.  Not so \"Cousins.\"  Read it!"}, {"userName": "Kimberly Tardy", "userReviewDate": "Apr 14, 2013", "userURL": "http://www.goodreads.com/user/show/8633743-kimberly-tardy", "userReview": "This book is very, VERY touching to the heart and mind. It's basically a life lesson to read/talk about. Virginia did an awesome job writing this book."}, {"userName": "Aida", "userReviewDate": "Oct 10, 2010", "userURL": "http://www.goodreads.com/user/show/1778265-aida", "userReview": "This was a little hard to read (yes, I know) but once I got into it, it was great and didn't put it down until I finished it!"}, {"userName": "\u2554NADiA\u2665", "userReviewDate": "May 04, 2009", "userURL": "http://www.goodreads.com/user/show/1537565-nadia", "userReview": "This book was pritty boaring in the begging and toward the midddle!But you need to read the end=)"}, {"userName": "Andrea Mccrae", "userReviewDate": "Feb 20, 2012", "userURL": "http://www.goodreads.com/user/show/4135333-andrea-mccrae", "userReview": "Family struggles in a very readable format."}, {"userName": "Sadie Colleen", "userReviewDate": "Jan 26, 2010", "userURL": "http://www.goodreads.com/user/show/3202515-sadie-colleen", "userReview": "Good book but not really my type."}, {"userName": "Amanda", "userReviewDate": "Aug 30, 2010", "userURL": "http://www.goodreads.com/user/show/2278550-amanda", "userReview": "this book was so sad!"}, {"userName": "Gogo Max", "userReviewDate": "Feb 28, 2013", "userURL": "http://www.goodreads.com/user/show/14736696-gogo-max", "userReview": "nice, a bit shocking !!"}, {"userName": "Cws", "userReviewDate": "May 21, 2009", "userURL": "http://www.goodreads.com/user/show/823026-cws", "userReview": "JEAR3-Ham"}], "description": "The story of eleven-year-old Cammy, who must come to grips with the sudden death of her cousin and rival, Patty Ann. \"Another wise, beautifully written book from this well-established master.\"--KirkusBeing cousins doesn't mean you'll be friends....Cammy loves her family -- except for her cousin Patty Ann. Though she knows she shouldn't feel this way, she can't help it. Patty Ann is too perfect to like, too perfect to be a friend.Then one day something terrible happens, something that can't be changed. That's when Cammy learns the truth about Patty Ann, and about family love -- and forgiveness.", "title": "Cousins\n      \n          (Cousins #1)", "url": "http://www.goodreads.com/book/show/228032.Cousins", "average": 3.5, "cover": "http://d.gr-assets.com/books/1328861840l/228032.jpg", "reviews": 24, "authors": [{"url": "http://www.goodreads.com/author/show/24588.Virginia_Hamilton", "name": "Virginia Hamilton"}], "outlinks": ["http://www.goodreads.com/book/show/576782.Sees_Behind_Trees", "http://www.goodreads.com/book/show/772721.Hound_at_the_Hospital", "http://www.goodreads.com/book/show/8561672-grandma-s-gift", "http://www.goodreads.com/book/show/266655.Miracle_s_Boys", "http://www.goodreads.com/book/show/775982.Toning_The_Sweep", "http://www.goodreads.com/book/show/54389.Taking_Sides", "http://www.goodreads.com/book/show/433227.Mary_Anne_and_the_Library_Mystery", "http://www.goodreads.com/book/show/127169.Ghosts_Beneath_Our_Feet", "http://www.goodreads.com/book/show/750867.The_Friends", "http://www.goodreads.com/book/show/564830.MacDonald_Hall_Goes_Hollywood", "http://www.goodreads.com/book/show/291465.Encyclopedia_Brown_Sets_The_Pace", "http://www.goodreads.com/book/show/634977.Midnight_in_the_Dollhouse", "http://www.goodreads.com/book/show/328016.I_Lost_My_Tooth_In_Africa", "http://www.goodreads.com/book/show/45537.The_Road_to_Paris", "http://www.goodreads.com/book/show/536711.Horrible_Harry_at_Halloween", "http://www.goodreads.com/book/show/671283.At_Her_Majesty_s_Request", "http://www.goodreads.com/book/show/142097.A_Friendship_For_Today", "http://www.goodreads.com/book/show/69666.M_C_Higgins_the_Great", "http://www.goodreads.com/book/show/225725.The_House_of_Dies_Drear", "http://www.goodreads.com/book/show/783963.The_Girl_Who_Spun_Gold", "http://www.goodreads.com/book/show/292250.The_People_Could_Fly", "http://www.goodreads.com/book/show/741522.Sweet_Whispers_Brother_Rush"]}