{"ratings": 368, "userreviews": [{"userName": "Shania Steenhard", "userReviewDate": "Oct 16, 2014", "userURL": "http://www.goodreads.com/user/show/34606368-shania-steenhard", "userReview": "A poor mother fox is trapped in a steel trap she has one young fox left and two kids name Mandy Hope and James Hunter help the mother by taking care of the young fox till both foxes are strong enough to go in the wild. I chose this book because the title seemed very interesting to me, also the picture drew me in. Mandy seemed like she was the most interesting character because she is adventurous in the woods and she loves taking care of animals with her mom and dad in animal ark. The least interesting person may have to be James because I feel like he is a side kick of Mandy. He follows her around and does what she says like a puppy. Even though he is trying to be a good friend.  My favorite part of the book has to be when the baby fox health improved. My least favorite part of the book was when Mandy and James had to see the helpless mother fox almost die in the woods. Reading Mandy cried her eyes out when she saw this made me relate, when one of my animals were dieing. A important symbol in the book has to be the young fox which they called lucky to me the fox represents new life and a new begging. I would like to tell the author of how he did a really nice job with the book, it was a book with very descriptive writing and also it was just a very excellent story. I would properly trade places with James, Because I feel like I would be more help then he is. Instead of James agreeing to let the animals go into the wild I would tell Mandy to keep the animals in the animal ark to be in a safer environment. \"Mandy felt the tears roll down her cheeks, She would miss lucky so much but she knew that a wild animal belonged in the wild\" to me that quote is very interesting because even though Mandy wanted the mother and lucky to be with her and James she let those emotions go, so that both animals can be free. I learned from this book about letting go and helping others in need. I would read more animal ark story later in life because to me each story teaches you new things."}, {"userName": "Jim Van westbroek", "userReviewDate": "Mar 28, 2014", "userURL": "http://www.goodreads.com/user/show/30001073-jim-van-westbroek", "userReview": "I think the first book I ever read myself, it formed my love for foxes."}, {"userName": "Shayma", "userReviewDate": "Dec 16, 2010", "userURL": "http://www.goodreads.com/user/show/4668513-shayma", "userReview": "this made me com to adore foxes i have a huge heart for theme whenever i see one i always remeber this book wich ill charish forever i loved the animal ark books forever."}, {"userName": "Sammy", "userReviewDate": "Aug 07, 2011", "userURL": "http://www.goodreads.com/user/show/4792806-sammy", "userReview": "I was completely obsessed with this series of books when I was a child and my aim was to read every single book. They are a really good children's series."}, {"userName": "Taylor Troncin", "userReviewDate": "Aug 07, 2013", "userURL": "http://www.goodreads.com/user/show/20790138-taylor-troncin", "userReview": "Loved this series when I was younger. Still a huge animal lover and would like to read the rest of this series!"}, {"userName": "Casey Murphy", "userReviewDate": "Aug 02, 2009", "userURL": "http://www.goodreads.com/user/show/2048230-casey-murphy", "userReview": "it was a great and cute book! i got it as a birthday present it was so awesome!"}, {"userName": "\u2665Rachel\u2665", "userReviewDate": "Oct 03, 2008", "userURL": "http://www.goodreads.com/user/show/1538985-rachel", "userReview": "I LOVED this animal ark book! It is really good and you should read it!"}, {"userName": "Thomas", "userReviewDate": "Jan 24, 2011", "userURL": "http://www.goodreads.com/user/show/3946748-thomas", "userReview": "IT WAS AMAZING! It's almost a real book! it Tell's how to take care of foxes."}, {"userName": "Kameron Foreman", "userReviewDate": "Nov 24, 2010", "userURL": "http://www.goodreads.com/user/show/4580521-kameron-foreman", "userReview": "Only on page 16 but I like it so far!!!"}, {"userName": "Jessie", "userReviewDate": "Nov 09, 2012", "userURL": "http://www.goodreads.com/user/show/3983573-jessie", "userReview": "Mandy and James of a fox cub."}], "description": "Somebody has to look after a mischievous fox cub after its mother has been caught in a trap. Mandy and James learn to cope with a baby fox until it is strong enough to return to the wild.", "title": "Cub in the Cupboard\n      \n          (Animal Ark #8)", "url": "http://www.goodreads.com/book/show/1901355.Cub_in_the_Cupboard", "average": 3.69, "cover": "http://d.gr-assets.com/books/1190055081l/1901355.jpg", "reviews": 11, "authors": [{"url": "http://www.goodreads.com/author/show/80569.Lucy_Daniels", "name": "Lucy Daniels"}, {"url": "http://www.goodreads.com/author/show/11449.Ben_M_Baglio", "name": "Ben M. Baglio"}], "outlinks": ["http://www.goodreads.com/book/show/18485379-kettu-kaapissa", "http://www.goodreads.com/book/show/645885.Kittens_in_the_Kitchen", "http://www.goodreads.com/book/show/2029504.Pony_on_the_Porch", "http://www.goodreads.com/book/show/1503075.Puppies_in_the_Pantry", "http://www.goodreads.com/book/show/2865734-goat-in-the-garden", "http://www.goodreads.com/book/show/1912043.Hedgehogs_in_the_Hall", "http://www.goodreads.com/book/show/1413465.Badger_in_the_Basement", "http://www.goodreads.com/book/show/484176.Sheepdog_in_the_Snow", "http://www.goodreads.com/book/show/675639.Piglet_in_a_Playpen", "http://www.goodreads.com/book/show/746694.Ponies_at_the_Point", "http://www.goodreads.com/book/show/1761212.Owl_in_the_Office", "http://www.goodreads.com/book/show/645885.Kittens_in_the_Kitchen", "http://www.goodreads.com/book/show/1503075.Puppies_in_the_Pantry", "http://www.goodreads.com/book/show/2029504.Pony_on_the_Porch", "http://www.goodreads.com/book/show/1413465.Badger_in_the_Basement", "http://www.goodreads.com/book/show/1413399.Hamster_in_a_Hamper"]}