{"ratings": 67, "userreviews": [{"userName": "Helvry Sinaga", "userReviewDate": "Jan 24, 2011", "userURL": "http://www.goodreads.com/user/show/1943878-helvry-sinaga", "userReview": "[image error]"}, {"userName": "Annisa Anggiana", "userReviewDate": "Jan 23, 2012", "userURL": "http://www.goodreads.com/user/show/383883-annisa-anggiana", "userReview": "\u201cDi tempat itu arwah Umar akan menyertai kita! Dari sana jugalah kita akan memenuhi tugas-tugas kegerilyaan kita seperti yang biasa dilakukan oleh Umar. Kita akan memenuhi perintah Tuhan untuk memerangi orang kafir, Pang La\u2019ot! Selama aku masih hidup kita masih memiliki kekuatan, perang geriliya ini akan kita teruskan! Demi Allah! Polim masih hidup! Bait hidup! Imam Longbata hidup! Sultan Daud hidup! Tuanku Hasyim hidup! Menantuku, Teuku Majet di Tiro masih hidup! Anakku Cut Gambang masih hidup! Ulama Tanah Abee hidup! Pang La\u2019ot hidup! Kita semua masih hidup! Belum ada yang kalah! Umar memang telah Syahid! Marilah kita meneruskan pekerjaannya! Untuk Agama! Untuk kemerdekaan bangsa kita! Untuk Aceh! Allahu Akbar!\u201dWaaaahhh.. Baca kalimat diatas bikin saya merinding! Dalam buku ini Cut Nyak Din mengucapkan kalimat di atas setelah menerima kabar bahwa suaminya Teuku Umar telah gugur di medan perang. Beliau berhasil meneguhkan hati karena menyadari bahwa sekarang dirinya harus menjadi kuat demi cita-cita perjuangan yang telah mengugurkan banyak nyawa. Maka Cut Nyak Din menyisihkan perasaan sedihnya karena kehilangan suami yang dicintainya. Merinding.Cut Nyak Din adalah putri keluarga terkemuka di Aceh, Ayahnya Nanta Setia adalah seorang Ulubalang di wilayah 6 mukim (mukim: desa yang terdiri atas kampung-kampung masjid,  6 mukim berarti wilayah tersebut terdiri dari 6 desa). Pada tahun 1858 beliau dinikahkan dengan Teuku Ibrahim pada waktu berumur 10 tahun.\u201cCut Nyak Din dan Teuku Ibrahim adalah anak Aceh yang mencintai bangsa dan tanah airnya, teristimewa, Agamanya.\u201dSebagaimana ditulis dalam buku, dinyatakan bahwa walaupun dijodohkan. Mereka belajar bersama arti berumah tangga sehingga lama kelamaan timbul rasa saling mengasihi.Tanggal 8 April 1873 bala tentara Belanda mendarat di Tanah Aceh. Teuku Ibrahim adalah salah satu pemimpin perlawanan terhadap Belanda yang sangat dihormati rakyat. Ketika peperangan memasuki wilayah 6 mukim, Teuku Ibrahim berada sebagai pemimpin barisan, diikuti oleh para pemuda dengan semangat berkobar untuk melawan tentara Belanda. Cut Nyak Din, para wanita dan anak-anak mengungsi dari Lampadang, kampung tempat mereka tinggal.Di pengungsian Cut Nyak Din menerima berita bahwa suaminya gugur. Di tengah perasaan bingung dan kehilangan pegangan karena gugurnya Teuku Ibrahim, munculah sepupunya Teuku Umar yang tangkas dan berani menawarkan bantuan untuk membela wilayah 6 mukim. Din mencari tokoh yang dapat menggantikan kepemimpinan perlawanan. Di mata beliau pada saat itu tidak ada seorang pun yang cukup mumpuni untuk menggantikan Teuku Ibrahim. Munculnya Umar adalah jawaban bagi Cut Nyak Din.\u201cTak disangka-sangka dalam kalbu Din tersedia tempat untuk Umar. Saudara sepupunya itu dianggap cukup memiliki sifat-sifat satria dalam dirinya. Pilihan hati Din pun jatuh pada Umar. Umar itulah yang diharapkan dapat dijadikan kawan seperjuangan di masa-masa yang akan datang. Umar diharapkan menjadi pengganti kawan seperjuangan yang hilang.\u201dMenikahlah Cut Nyak Din dengan Teuku Umar. Walaupun berstatus sebagai istri ketiga namun berbagai pihak mengakui bahwa Cut Nyak Din lah orang yang paling berpengaruh dalam perkembangan Umar selanjutnya.Teuku Umar sendiri merupakan tokoh yang kontroversial. Banyak asumsi dan prasangka seputar diri Teuku Umar. Karena siasat menyerah pada pihak Belanda timbul banyak sekali pendapat mengenai Umar. Ada yang percaya bahwa Umar betul-betul berpura-pura menyerah dan ada yang berpendapat bahwa Umar seorang oportunis yang bertindak sesuai dengan keadaan.Apapun motivasi Teuku Umar untuk menyerah dan bekerjasama dengan Belanda, pada akhirnya Teuku Umar menghianati pihak Belanda dengan membawa serta persediaan persenjataan dan amunisi yang tidak sedikit jumlahnya kepada pihak Aceh. Dan semenjak saat itu Teuku Umar menjadi pejuang paling berani yang memimpin perlawanan Aceh terhadap Belanda. Kiprah Teuku Umar membuat pihak Belanda menganggap bahwa untuk meredam perlawanan orang nomor satu yang harus mereka bunuh adalah Teuku Umar.Selang beberapa waktu, Syahid pula lah Teuku Umar. Dan Cut Nyak Din menyatakan akan memimpin dan meneruskan perjuangan suaminya, sebagaimana dikutip pada awal review ini. Enam tahun setelah mempimpin geriliya Cut Nyak Din telah berada dalam kondisi tidak sehat. Matanya telah buta dan penyakit encok telah melemahkan gerak anggota tubuhnya. Seorang pengikutnya yang paling setia Pang La\u2019ot akhirnya tidak sampai hati melihat kondisi Cut Nyak Din. Dan di saat itu hampir seluruh pejuang, bahkan Polim pun telah tunduk pada Belanda. Dengan motivasi ingin menyelamatkan Cut Nyak Din dari penderitaan akhirnya Pang La\u2019ot mengadakan perundingan dengan Belanda.Mereka akan menyerah asalkan Cut Nyak Din diperlakukan secara terhormat, dirawat dan diobati segala penyakit-penyakitnya. Belanda setuju, Cut Nyak Din, walaupun dengan sumpah serapah akhirnya dibawa oleh Belanda. Tadinya Cut Nyak Din akan dibiarkan tinggal di Aceh, namun melihat animo masyarakat yang tidak berhenti menjenguk pemerintah Belanda merasa khawatir akan keberadaan Cut Nyak Din. Khawatir keberadaan tokoh yang amat sangat disegani itu dapat kembali mengobarkan api perlawanan rakyat Aceh.Akhirnya Cut Nyak Din dibuang ke Sumedang Jawa Barat. Di tanah asing itulah Cut Nyak Din menghembuskan nafas terakhirnya. Dan sampai saat terakhir masyarakat Sumedang tidak mengetahui jati diri wanita tua penuh kharisma yang mereka panggil Ibu Perbu.Membaca buku ini serasa memanggil nama-nama dalam ingatan yang dihafal ketika masa sekolah dulu. Dan membuat saya mengerti mengapa semangat pantang menyerah itu bisa muncul.Mengerti  apa yang dibela para pejuang yang mempertaruhkan nyawanya. Dan mensyukuri detik ini saya bisa menikmati apa yang bisa saya nikmati.Dan tentang Cut Nyak Din. Wanita luar biasa dengan hati seteguh karang dalam mempertahankan kebenaran. Wanita yang dengan berani membuang semua atributnya dan ikut langsung memimpin perlawanan demi tanah airnya, demi Agamanya. What more can I say? She\u2019s simply a bright star.\u201cMenurut orang Belanda, perang telah berakhir. Akan tetapi bagi orang Aceh yang pantang tunduk, perang masih jauh dari selesai.\u201d"}, {"userName": "Welma La'anda", "userReviewDate": "Jun 29, 2009", "userURL": "http://www.goodreads.com/user/show/1510293-welma-la-anda", "userReview": "Buku ini telah lama disedari sejak kali pertama lagi saya berkunjung ke Gramedia. Namun saya pesan kepada diri sendiri, \"nanti, nanti, nanti baru beli\". Akhirnya kali ketiga saya ke sana iaitu pada Jumaat (19 Jun) , terbeli juga buku ini atas hasutan Kak Min. Beli lagi. Aduh! Mula dibaca pada 21 Jun kira-kira mungkin sejam sebelum Zohor. Tekad dikuatkan untuk menyelesaikan pembacaan pada hari itu juga. Tetapi pada kira-kira pukul 5.30 petang, saya sudah tidak berdaya. Pening. Pada hari ini, baru saya berkesempatan membaca saki-baki halamannya yang masih tertinggal.Saya pasti jikalau bukan kerana tajuknya, saya berkemungkinan besar tidak akan membeli buku ini kerana takut atau mungkin terkejut dengan gambar hadapan buku. Seram bukan. Saya ingat lagi, ketika saya makan tengahari, saya terpaksa alihkan buku ini kerana kulit muka hadapannya. Memetik kata-kata Kak Min, \"Kenapalah mereka ini tidak meletak gambar muka hadapan Cut Nyak Din yang lebih cantik sesuai dengan kecantikannya\". Gambar yang sebegini memungkinkan saja orang tidak berani membeleknya jikalau tidak tahu siapakah sebenarnya kisah ratu pahlawan Acheh ini. Saya pula, saya sendiri kurang pasti di mana saya mendengar perihal beliau tetapi apa yang pasti, saya tahu Cut Nyak Din ialah seorang pahlawan wanita yang menjadi kebanggaan Acheh menentang penjajahan Belanda.Pelbagai perasaan apabila membaca buku ini. Meremang bulu roma, sedih, dan bersemangat. Cut Nyak Din - Kisah Ratu Perang Acheh ialah sebuah buku fiksyen sejarah. Cukup menarik sekali cara penceritaannya. Ada sedikit kelainan dari segi pengolahan dan persembahan cerita berbanding fiksyen sejarah terdahulu yang pernah dibaca. Mesra pembaca sehinggakan sampai satu tahap saya merasakan seperti gabungan membaca novel dan buku sejarah pula. Selain itu, buku ini ditulis dengan menyelitkan sekali pendapat-pendapat penulis untu beberapa situasi. Kadang-kadang ada pendapat itu yang membuatkan saya berkata, \"Eh suka hati Cut Nyak Dinlah mahu berkahwin lagi satu\". Ada lagi petikan berita yang diselitkan sebagai bahan bukti di antara cerita. Cukup menarik saya rasa. Tidaklah saya merasakan seolah-olah kaku menghayati cerita. Seperti yang saya katakan tadi, apabila anda membaca buku ini, anda seperti membaca sebuah novel tetapi anda sedar ia adalah sebuah buku sejarah. Berbeza dengan fiksyen sejarah yang pernah saya baca sebelum ini, saya merasakan \"Oh saya sedang membaca buku sejarah\".Pada ruang pengantar, Azhari menulis tentang Cut Nyak Din dan Belanda. Ya Allah, sebenarnya saya kurang berapa faham secara total apa yang disampaikan beliau. Susah betul untuk memahami bahasa Indonesia yang digunakan. Ada banyak perkataan tidak difahami. Percayalah, jikalau anda membaca ruang pengantarnya sahaja, kemungkinan anda akan putus asa kerana sudah membuat judgement awal-awal tentang buku ini iaitu bahasa Indonesianya tidak difahami. Berbeza 180 darjah dengan isi buku sebenar. Sangat mudah difahami. Tetapi dalam banyak-banyak yang tidak difahami itu, ada sedikit yang saya faham iaitu tentang peribadi dan pemikiran penulis buku ini sebenarnya. Penulis merupakan seorang rakyat Belanda dan di dalam buku ini beliau menyatakan tentang negatifnya pemerintahan Belanda di Acheh dan banyak memihak kepada Cut Nyak Din tetapi hakikatnya dia bukan sebegitu. Saya pula secara peribadi tidak membenarkan100% cerita di dalam ini kerana ia sudah difiksyenkan. Saya tidak tahu mana satu yang fakta dan mana satu yang sudah diolah terutama apabila sudah melibatkan dialog. Lagipun saya tidak pernah membaca buku fiksyen sejarah tentang Cut Nyak Din untuk menapis cerita di dalam buku ini. Ini ditambah lagi dengan perasaan berhati-hati terutama yang berkaitan cerita negatif tentang wira-wira Acheh di dalam buku ini. Oleh kerana itu, apabila penulis menulis Teuku Umar memegang azimatnya sebelum pergi berperang, menjadi pertanyaan bagi saya, \"Eh, ya ka?\".Saya bertanya pada diri saya, \"Adakah saya akan mempunyai jiwa seperti Cut Nya Din apabila suatu hari nanti Malaysia dijajah semula?\". Membaca kisah perjalanan mereka mempertahankan Acheh dari jajahan Belanda membuatkan saya berfikir, \"Ya Allah, begitu besar sekali perjuangan mereka\". Menangis saya dibuatnya buku ini.Gaya penceritaan buku ini begitu lancar sekali. Ia dimulakan dengan cerita Manchudun Sati. Manchudun Sati ialah moyang kepada Cut Nyak Din. Beliau hidup beratus tahun sebelum kelahiran Cut Nyak Din lagi. Cerita tentang Manchudun Sati ini diperihalkan kerana untuk menerangkan kepada kita bagaimana titik tolak bermulanya keturunan beliau boleh ada di Acheh sedangkan beliau ialah orang Minangkabau. Hendak dijadikan cerita, Sultan Acheh pada masa itu tidak suka kepada Manchudun Sati kerana beliau tidak mahu tunduk kepada pemerintahan Acheh. Manchudun Sati menjadi pemerintah di salah sebuah kawasan di bawah kekuasaan Acheh. Beliau yang membangunkan kawasan itu sehingga menjadi terkenal dan Sultan mula nampak keinginan untuk memiliki kawasan Manchudun Sati. Sultan memberi arahan agar mereka membayar ufti tetapi Manchudun Sati tidak mahu melakukannya kerana menganggap mereka adalah sebuah kerajaan yang merdeka. Akhirnya berlakulah pergolakan antara tentera Manchudun Sati dan Sultan. Semua tentera Manchudun Sati meninggal dan hanya tinggal beliau. Pelbagai cara untuk membunuh beliau, tetapi beliau masih tidak mati-mati juga. Akhirnya, sultan memerintahkan untuk membawa beliau ke tempat pentadbiran Acheh di Kotaraja dengan mengikat beliau di bawah perahu. Jadi apabila perahu itu belayar (betulka istilah ini), Manchudun Sati akan terheret sekali. Sampai ke tahap itu, beliau tidak meninggal lagi dan masih juga tidak mahu menyerah diri. Sultan yang menyaksikan peristiwa itu terpegun dan membebaskan beliau. Bukan itu sahaja, beliau diberi pangkat dan dibenarkan tinggal di istana. Sejak dari hari itulah, keturunan Manchudun sati bermula di Acheh dan mendapat kedudukan yang mulia.Sikap tidak gentar kepada ketidakadilan dan keras hati memperjuangkan keadilan inilah yang diwarisi turun temurun sehingga Cut Nyak Din. Jikalau anda membaca buku ini, tidak ada seorang pun keturunan Manchudun Sati yang tunduk kepada kerajaan Belanda malah mereka terus-menerus memberi tentangan sehingga syahid ataupun mati kerana sudah terlalu tua.Cut Nyak Din berkahwin dengan Teuku Ibrahim Lagmna ketika beliau masih belum baligh lagi. Cut Nyak Din digambarkan seorang gadis bangsawan yang cantik, tidak seperti perempuan Acheh yang lain, dan jiwanya keras seperti seorang pejuang. Ayahnya cukup risau mencari jodoh yang sesuai dengan anaknya yang tidak seperti perempuan lain itu. Akhirnya, Nanta Setia, ayah Cut Nyak Din menerima pinangan keluarga Teuku Ibrahim kerana dianggap Teuku Ibrahimlah calon yang paling sesuai. Teuku Ibrahim adalah suami pertama kepada Cut Nyak Din. Teuku Ibrahim seorang yang cukup perkasa. Hari-hari hidupnya sentiasa dalam perjuangan membebaskan Acheh dari Belanda. Tekanan daripada Belanda hari demi hari semakin mengasak. Beliau juga semakin kuat memberontak. Walaupun digambarkan Cut Nyak Din seorang yang cukup keras dalam perjuangan, Teuku Ibrahim lebih keras lagi. Kata-katanya selalu sahaja membuatkan Cut Nyak Din berasa tenang. Beliau selalu mengingatkan, \"Allah bersama kita, Allah bersama kita\". Sampai satu tahap, banyak kampung yang sudah berserah diri kepada Belanda, malah ada juga yang membelot kepada Teuku Ibrahim dan pejuang yang lain, tetapi Teuku Ibrahim masih tetap utuh dengan perjuangannya. Semasa menjadi isteri Teuku Ibrahim, saya masih tidak nampak jasa-jasa Cut Nyak Din. Ya lah ini buku biografi tentang Cut Nyak Din, tetapi hampir separuh halaman buku ini, masih juga tidak diceritakan secara detail apakah kehebatan dan sumbangan Cut Nyak Din seperti yang diwar-warkan. Apa yang saya tahu, \"Oh, Teuku Ibrahim memang hebat.\" Akhirnya, Teuku Ibrahim Lamgna syahid. Mula-mula abangnya ( saya kurang pasti pula) yang ditembak, Teuku Ibrahim pergi ke arah abangnya itu dan memangkunya. Lalu, Teuku Ibrahim pula ditembak. Sejurus selepas itu, kawan Teuku Ibrahim pula cuba memangku pemimpin mereka dan akhirnya beliau sekali syahid. 3 orang syahid dengan saling pangku-memangku. Meleleh lagi air mata saya.Jasad beliau dibawa ke kawasan pergunungan, tempat sementara pelarian mereka sekeluarga dan keluarga lain. Cut Nyak Din tidak dapat mengawal kesedihannya. Teuku Ibrahim ialah teman perjuangannya walaupun beliau hanya duduk di rumah sahaja dan Teuku Ibrahim pergi berjuang. Tetapi, kita tidak boleh menafikan jasa-jasa beliau mengobarkan kata-kata semangat dan menyokong perjuangan rakyat Acheh di bawah pimpinan Teuku Ibrahim Lamgna membebaskan tanah Acheh dari kaphe (Belanda). Pada mula-mulanya saya menyebut kaphe sebagai Kap-He. Rupa-rupanya disebut sebagai kaphe. Kaphe = kafir.Sebulan selepas itu, Cut Nyak Din berkahwin dengan sepupunya iaitu Teuku Umar. Inilah yang dikatakan oleh penulis tentang tangisan Cut Nyak Din ketika jasad Teuku Ibrahim dibawa. Dalam hati saya, \"Eh biarlah Cut Nyak Din mahu berkahwin dengan siapa?\". Kita tidak boleh menghukum perkahwinan Cut Nyak Din sebagai satu pembelotan cinta kepada Teuku Ibrahim. Mungkin situasi pada ketika itu menyebabkan Cut Nyak Din harus mencari pendamping. Tetapi jauh juga di dalam sudut hati saya ini, \"Ala, kenapa kahwin dengan Teuku Umar. Nanti tidak bolehlah berjumpa semula dengan Teuku Ibrahim di syurga\".Cut Nyak Din ialah isteri ketiga kepada Teuku Umar. Karakter Teuku Umar sedikit berbeza dengan Teuku Ibrahim. Karakternya lebih kurang sama dengan Cut Nyak Din. Beliau juga ialah seorang pejuang sejati. Cinta antara Cut Nyak Din dan Teuku Umar ialah berlandaskan cinta perjuangan. Oleh kerana itu, walaupun Cut Nyak Din lebih berumur tetapi mereka digambarkan sebagai sebuah pasangan yang bahagia dan saling lengkap-melengkapi. Pada era bersuamikan Teuku Umar inilah, saya nampak peribadi Cut Nyak Din mula menyerlah. Cut Nyak Din mula mengganti ayahnya dalam menerajui Mukim 6. Beliau banyak menasihati Teuku Umar dalam perjuangan. Teuku Umar pun mempunyai perasaan hormat yang tinggi pada beliau. Cuma Teuku Umar digambarkan tidak berapa suka kerana isterinya sangat rapat dengan barisan ulama, sedangkan Teuku Umar mahu isterinya lebih mendekati golongan bangsawan dalam perjuangan membela Acheh. Tetapi, perasaan itu dibiarkan sahaja dan tidak diluahkan kepada isterinya.Akhirnya Teuku Umar cuba berbaik-baik dengan Belanda. Ini sebenarnya hanya sandiwara dan tipu muslihat sahaja. Lama juga beliau bersandiwara iaitu selama 3 tahun, sampai dikurniakan darjah Teuku Johan Pahlawan. Tetapi, akhirnya beliau tersepit kerana ada di antara orang-orang Belanda yang masih meraguinya dan orang Acheh yang pantang tunduk kepada Belanda pun mahu menentangnya. Setelah Cut Nyak Din menasihatinya, Teuku Umar mula mengambil keputusan untunk menamatkan sandiwaranya. Memetik kata-kata beliau, \"Untuk mencapai kemenanga akhir..atau menerima kekalahan mutlak...Jika kekalahan itu yang kita terima, kita akan hancur, Din\". Lalu dijawab Cut Nyak Din, \"Apa boleh buat, Umar! Jika Allah subhanahu wata'ala menakdirkan kita ke sana. Kita semua akan syahid. Akan tetapi, anak cucu kita tentu tidak akan berdiam diri. Mereka akan maju ke medan perang dan membela takdir moyangnya. Tidak mungkin anak cucu kita akan membiarkan kaphe menghancurkan tanah airnya dan menumpas nenek moyangnya. Kuatkanlah imanmu, Umar. InsyaAllah, Tuhan selalu bersama kita\".Maka bermulalah semula peperangan di antara rakyat Acheh dan Belanda. Teuku Neh ( orang Acheh yang belot) pun bersiap sedia lari ke Pulau Pinang. Dalam hati saya, \"Dekat juga ya Pulau Pinang dengan Acheh\". Ini bukan kali pertama saya mendengar nama Pulau Pinang di dalam buku ini. Sebelum ini pun, Teuku Ibrahim dan pahlawan lain mendapatkan bekalan senjata dari Pulau Pinang.Peperangan pada kali ini lebih hebat. Pada ketika inilah, Teuku Umar syahid dengan 2 peluru menembusi perutnya. Selepas itu, perjuangan membebaskan Acheh dipimpin oleh Cut Nyak Din. Keadaan mereka sangat daif. Kerajaan Belanda memburu mereka habis-habisan, sehinggakan sampai satu tahap banyak yang menyerah diri. Cuma seorang yang tidak menyerah diri iaitu Cut Nyak Din. Beliau akhirnya buta. Mungkin ini penyakit keturunan. Melihatkan keadaannya yang sudah tua dan tidak berapa sihat, akhirnya Pang La'ot (orang yang menjaga Cut Nyak Din, kawan seperjuanga Teuku Umar) menghantar wakil untuk berjumpa Belanda. Beliau menunjukkan tempat persembunyian Cut Nyak Din. Beliau meminta kepada kerajaan Belanda agar jangan mengasari Cut Nyak Din dan berikan rawatan kepadanya. Cut Nyak Din memang marah sekali apabila orang Belanda datang ke tempat persembunyiannya dan Pang La'ot memujuknya. Peristiwa itu berlaku pada bulan Ramadhan. Akhirnya, Cut Nyak Din dirawat di dalam istana dengan jagaan rapi. Banyaklah ketua-ketua pembesar Acheh datang melawat beliau. Cut Nyak Din masih tetap seperti itu. Masih keras terhadap Belanda. Masih membenci Belanda. Oleh kerana ditakuti beliau akan mencetuskan semula perang jihad di kalangan rakyat Acheh, maka Cut Nyak Din dibuang negeri ke Sumedang (sebuah tempat di Sumatera saya kira). Di sana, penyakit beliau terus dirawati sehingga matanya sembuh semula. Beliau juga memiliki pembantu untuk menjaganya. Ini bersesuaian dengan statusnya sebagai puteri bangsawan dan isteri kepada panglima.Saya terfikir tentang satu perkara. Kenapa apabila mahu berperang, orang Acheh akan menggali parit? Saya kira, bukan orang Acheh sahaja tetapi orang jawa juga. Baru-baru ini pensyarah saya pernah berkata lebih kurang begini, \"Di Johor banyak orang Jawa. Orang Jawa memang suka membuat parit. Bukankah Indonesia dijajah Belanda.\" Tetapi, saya lupa bertanya apa kaitan antara parit dengan Belanda.Buku ini membawa pelbagai iktibar kepada kita samada dari sudut agama, patriotik atau pun hubungan suami isteri. Cut Nyak Din membuktikan dia bukan isteri yang sembarangan. Dia bukan isteri yang mengikat suaminya untuk duduk bagaikan belangkas sahaja di rumah. Dia meniup semangat perjuangan cintakan syahid dan negara di dalam diri suami-suaminya sehingga mereka syahid. Betullah kata orang, di belakang seorang pemimpin yang hebat ada seorang wanita yang hebat juga."}, {"userName": "Rizki", "userReviewDate": "Dec 25, 2010", "userURL": "http://www.goodreads.com/user/show/4328723-rizki", "userReview": "Reading this historical fiction book really helps me to have an insight of who Cut Nyak Dien was, but not only that, this book, despite a history-based fiction and not an academic one, serves a good source of the whole context at that time. Aceh and its intriguing dynamics."}, {"userName": "Bayu Baguska", "userReviewDate": "May 09, 2012", "userURL": "http://www.goodreads.com/user/show/9395240-bayu-baguska", "userReview": "mengenang dan mengingat sejarah aceh sangat dibutuhkan bagi generasi aceh.,....,.,"}, {"userName": "miaaa", "userReviewDate": "Nov 29, 2010", "userURL": "http://www.goodreads.com/user/show/858390-miaaa", "userReview": "Dibaca dalam rangka diskusi buku dengan salah satu media nasional. Diskusinya seru, beberapa hal yang aku ingat soal percakapan minggu kemarin adalah:1. Kartini tokoh feminis Jawa, Cut Nyak Din itu feminis sejati Indonesia karena memimpin sendiri perang gerilya melawan Belanda. 2. The real puppet master. Tokoh kuat yang berada di balik layar perjuangan kedua suaminya, Ibrahim dan Umar. 3. Mengapa oh mengapa tidak ada catatan sedikit pun tentang gerilya yang dipimpin Cut Nyak Din selama enam tahun itu.4. Naskah dalam bahasa Belanda ditemukan secara 'tidak sengaja' oleh JJ Rizal di perpustakaan Sitor Situmorang. Bang Rizal, teruslah melakukan keajaiban seperti ini.5. Buku ini memberikan kesempatan bagi pembacanya untuk mengenal lebih jauh masyarakat Aceh dahulu dan memahami mereka sekarang.6. Sepertinya penerbit butuh proofreader nih, typo di mana-mana. 7. Masukan untuk Moderator GRI 2011, bikin acara Jelajah Cut Nyak Din dari Aceh ke Sumedang :D8. Semoga hasil sesi foto di atas rumput tidak mengecewakan hehe"}, {"userName": "Ari", "userReviewDate": "Jan 31, 2014", "userURL": "http://www.goodreads.com/user/show/169993-ari", "userReview": "Walaupun Lulofs, seorang perempuan Belanda yang juga pernah tinggal di Aceh, menyatakan bahwa ini merupakan novel fiksi, namun ia menyajikan fakta yang setelah saya triangulasi dengan sumber lain, tidak melenceng dari sejarah.Kisah Cut Nyak Din membakar semangat.  Bahwa seorang perempuan dapat berjuang melawan tirani penjajah dengan caranya sendiri: mengabdi kepada suami dan mengedepankan pengasuhan anak.  Keteguhan hati dan iman tidak tergoyahkan dan ini dibuktikan saat Cut Nyak Din melanjutkan perang gerilya selama 6 tahun."}, {"userName": "Evi Yuniati", "userReviewDate": "Nov 29, 2010", "userURL": "http://www.goodreads.com/user/show/3521374-evi-yuniati", "userReview": "Buku sejarah yang menarik untuk dibaca. Silsilah Cut Nyak Din, bagaimana bergejolaknya perang melawan kumpeni dan bagaimana bencinya Din pada Belanda tergambar di buku ini.Yang juga bikin penasaran, nama daerah-daerah mukim-mukim atau sagi-sagi itu sekarang ini bernama apa ya?Hanya saja dari awal baca, cerita perjuangan Cut Nyak Din justru ada di bagian Penutup. Mungkin penerbit memang menyusun alur ceritanya seperti itu dan Cut Nyak Din sendiri sudah berperan dalam pertempuran itu, hanya saja berkiprah dibalik layar. Memang pepatah : 'dibalik pria sukses ada wanita yang hebat' sudah terbukti sejak jaman Cut Nyak Din.Kalau membaca buku ini dan mengenal sosok Cut Nyak Din, ternyata emansipasi itu sudah ada sebelum RA. Kartini lahir. Overall buku ini bagus secara konten tapi tidak untuk paragraf tulisan di semua halaman yang terlalu rapat. Gud job komunitas bambu dan terus menerbitkan buku-buku sejarah :)"}, {"userName": "Hasanuddin", "userReviewDate": "Jul 05, 2010", "userURL": "http://www.goodreads.com/user/show/1084008-hasanuddin", "userReview": "Siapa bilang Indonesia dijajah Belanda selama 350 tahun, emang Aceh saat itu sudah \"Indonesia\"?. Aceh baru takluk dipenghujung abad 19 hingga jelang abad 20. Kalo nanya \"Indonesia\"-nya di Jawa, sudah takluk pada awal tahun 1800an."}, {"userName": "Fauziyyah Arimi", "userReviewDate": "Nov 09, 2013", "userURL": "http://www.goodreads.com/user/show/3529919-fauziyyah-arimi", "userReview": "Sosoknya... Cut Nyak Din.--See my full review"}, {"userName": "Obet ", "userReviewDate": "Nov 28, 2010", "userURL": "http://www.goodreads.com/user/show/238275-obet", "userReview": "pahlawan wanita...yg menjadi emansipasi para wanita."}], "description": "Cut Nyak Din terkenal sebagai salah seorang pejuang Aceh yang gigih melawan invasi Belanda pada abad ke-19. Buku tentang Cut Nyak Din karya penulis Indonesia sudah cukup banyak, tapi jarang-jarang ada yang merupakan buah pena penulis dari kalangan kolonial.Buku ini merupakan buah pena Nyonya M.H. Sk\u00e9lely Lulofs. Dalam tulisan ini Lulofs memaparkan betapa heroik perjuangan Cut Nyak Din tapi justru karena itulah kisah penaklukan Aceh menjadi kisah gilang-gemilang. Maria Ulfah Subadio & T.O. Ihromi:Kisah pahlawan perempuan Aceh ini, serta kewibawaannya dan kepandaiannya juga keberaniannya dalam berjuang melawan Belanda menunjukkan pada kita bahwa perempuan ini juga dapat melaksanakan peranan-peranan yang katanya cuma 'ditakdirkan' untuk lelaki.Paul van 't Veer:Berkat biografi karya Nyonya Lulofs inilah kita dapat mengetahui dalam sejarah Indonesia selain Kartini yang lembut, ada Cut Nyak Din yang mengobar perang dan begitu tabah mengembara di hutan sampai terserang penyakit dan menjadi buta, tetapi tak juga mau menyerah melawan Belanda. Ia sungguh 'Ratu Perang Aceh' yang menggetarkan.Azhari:Lewat biografi ini kita dapat memahami bahwa sefundamental apapun sebuah wawasan zaman ternyata tak luput dari kontradiksi: satu sisi Lulofs memahami benar mengapa Cut Nyak Din melawan, untuk itu dia menunjukkan penghargaannya dengan gambaran heroisme dan keberanian Din, di sisi lain dengan begitu justru kegemilangan penaklukkan kolonialis Belanda di Aceh mencuat. Tapi dalam kontradiksi itulah buku ini malah menjadi kisah penaklukkan yang mengharukan. Apalagi ditulis dengan narasi sastra yang juga kuat dengan sumber dan khasanah.", "title": "Cut Nyak Dien: Kisah Ratu Perang Aceh", "url": "http://www.goodreads.com/book/show/6178769-cut-nyak-dien", "average": 3.94, "cover": "http://d.gr-assets.com/books/1246948042l/6178769.jpg", "reviews": 11, "authors": [{"url": "http://www.goodreads.com/author/show/291650.Madelon_H_Sz_kely_Lulofs", "name": "Madelon H. Sz\u00e9kely-Lulofs"}], "outlinks": ["http://www.goodreads.com/book/show/5108366-babad-tanah-jawi", "http://www.goodreads.com/book/show/6218808-kerajaan-aceh", "http://www.goodreads.com/book/show/13488688-minamoto-no-yoritomo", "http://www.goodreads.com/book/show/3292293-dalih-pembunuhan-massal", "http://www.goodreads.com/book/show/193797.Einstein", "http://www.goodreads.com/book/show/2199111.Biografi_Gus_Dur", "http://www.goodreads.com/book/show/3036480-wajah-bandoeng-tempo-doeloe", "http://www.goodreads.com/book/show/1480761.Mahabbah_Cinta_Rabiah_Al_Adawiyah", "http://www.goodreads.com/book/show/1698507.Sejarah_Kecil_Petite_Histoire_Indonesia", "http://www.goodreads.com/book/show/4596481-tariq", "http://www.goodreads.com/book/show/963128.Arok_Dedes", "http://www.goodreads.com/book/show/13573912-bukan-350-tahun-dijajah", "http://www.goodreads.com/book/show/3273735-nusantara", "http://www.goodreads.com/book/show/1340482.Perang_Pasifik", "http://www.goodreads.com/book/show/1630401.Saya_Terbakar_Amarah_Sendirian_", "http://www.goodreads.com/book/show/6233919-membongkar-manipulasi-sejarah", "http://www.goodreads.com/book/show/2549396.Bung_Karno", "http://www.goodreads.com/book/show/1812399.Kuda_Terbang_Maria_Pinto", "http://www.goodreads.com/book/show/6573683-berpacu-nasib-di-kebun-karet", "http://www.goodreads.com/book/show/526026.Coolie", "http://www.goodreads.com/book/show/15726277-de-hongertocht"]}