{"ratings": 153, "userreviews": [{"userName": "Michael Harris", "userReviewDate": "Aug 01, 2012", "userURL": "http://www.goodreads.com/user/show/5660675-michael-harris", "userReview": "I purchased this after reading a reference about Brian's book in another book.  It was a well written and very human look at all of Einstein's life ... the brilliant scientist & mathematician, the flawed husband and father and the amazing humanist fighting for people  and causes all of his life.  It is rich in letters and personal memories of his many friends and colleagues.  By far the best of the Einstein biographies that I have read."}, {"userName": "Yusuf", "userReviewDate": "Oct 07, 2012", "userURL": "http://www.goodreads.com/user/show/12787907-yusuf", "userReview": "At just over 500 pages long this Biography of Einstein is quite lengthy. In the case of Einstein though this is justified. Einstein changed the course of physics with his proposal of general relativity, and though he won the Nobel prize for the photoelectric effect, it is relativity that he in know for.  In his biography of Einstein Brian shows that the great scientist was more that an eccentric genius. Einstein was a person, and Brian does a great job of showing us just exactly who he was.  The book chronicles his entire life starting from his early life in germany and ending at his death in the United States. Einstein's life story is inspiring, especially for someone who hopes to pursue a career in the sciences. Einstein led an interesting life, and he had a profound impact on the history of the world. Brian manages to make the man whose name is synonymous with genius into a real relatable person. Everybody should be familiar with the life of the man who changed the course of history. This book is a good place to start."}, {"userName": "Susie", "userReviewDate": "May 06, 2012", "userURL": "http://www.goodreads.com/user/show/7995298-susie", "userReview": "I really enjoyed this biography. Brian showed that Einstein was a man flawed like any other man. He really allowed me to feel as though I understood Einstein as a person. He delved into the personal life of Einstein and showed us a side never before seen. I thought that the way he presented Einstein's theories was well laid out for a layman as well. He also presented the immense obstacles that Einstein had to overcome before he met with success. Overall I felt that this was one of the best books about a historical figure I've ever read."}, {"userName": "Stacey Mcgill", "userReviewDate": "Mar 02, 2014", "userURL": "http://www.goodreads.com/user/show/27097447-stacey-mcgill", "userReview": "I FINALLY finished this book! It was very long! I understand why there is a lot to write about but it was definitely a labor if love. I did enjoy the book, especially considering I knew very little about Einstein. It was well written. I would recommend it to anyone really interested in Einstein. Just be prepared for a very detailed, lengthy read."}, {"userName": "Savannah Levell", "userReviewDate": "Dec 31, 2012", "userURL": "http://www.goodreads.com/user/show/15960512-savannah-levell", "userReview": "Absolutely the best Einstein biography. Really lays out his theories for anybody to understand with ease. Definitely recommended for anybody interested in the natural world."}, {"userName": "sab", "userReviewDate": "Mar 08, 2008", "userURL": "http://www.goodreads.com/user/show/915472-sab", "userReview": "Heard the author on NPR and a little curious.  I'm not much of a biography reader but would like to get more into it."}, {"userName": "James", "userReviewDate": "Jan 06, 2013", "userURL": "http://www.goodreads.com/user/show/15997168-james", "userReview": "Comprehensive, enlightening and enjoyable. This book is 500 pages, but you'll find it hard to put down."}, {"userName": "Merri", "userReviewDate": "Dec 20, 2014", "userURL": "http://www.goodreads.com/user/show/14374769-merri", "userReview": "Beautifully written book that shows the human side of this incredible man."}], "description": "His name is synonymous with genius. His work helped shape the twentieth century and point the way toward the next. In the more than forty years since his death, Albert Einstein has continued to intrigue and inspire new generations. Now, in the first full-scale biography of Einstein to be published in some twenty years, acclaimed author Denis Brian probes the private, public, and scientific personas of the enigmatic man behind the legend. For two decades, Denis Brian pored over the Einstein archives and conducted extensive interviews with the scientist's friends and associates. In the process, he discovered a wealth of absorbing new information, much of it previously withheld by those closest to Einstein - including Helen Dukas, his personal secretary, and Otto Nathan, the executor of Einstein's estate. What emerges in Brian's brilliantly drawn life of Einstein is a down-to-earth and always compelling figure. Exploring this staggering legacy in conversation with many of Einstein's contemporaries, Denis Brian penetrates the veil of formulas, theories, and experiments to expand our understanding of their meaning. With incisive, intimate detail, he recreates the world in which Einstein worked, in solitude and with others, revered by his assistants and enjoying warm relationships with other physicists. Also included in Brian's comprehensive portrait are the FBI's investigation of Einstein's alleged communist connections, as well as his efforts on behalf of Europe's Jews during Hitler's rise to power, and his ardent support of the formation of the state of Israel.", "title": "Einstein: A Life", "url": "http://www.goodreads.com/book/show/193797.Einstein", "average": 3.96, "cover": "http://d.gr-assets.com/books/1396228832l/193797.jpg", "reviews": 8, "authors": [{"url": "http://www.goodreads.com/author/show/79131.Denis_Brian", "name": "Denis Brian"}], "outlinks": ["http://www.goodreads.com/book/show/6647999-einstein-le-g-nie-l-homme", "http://www.goodreads.com/book/show/15791129-101-things-i-learned-in-engineering-school", "http://www.goodreads.com/book/show/587159.It_Must_Be_Beautiful", "http://www.goodreads.com/book/show/6178769-cut-nyak-dien", "http://www.goodreads.com/book/show/17348.The_Hole_in_the_Universe", "http://www.goodreads.com/book/show/686509.Critical_Lives", "http://www.goodreads.com/book/show/1041971.The_Meditation_Bible", "http://www.goodreads.com/book/show/547288.Honor_s_Voice", "http://www.goodreads.com/book/show/1480761.Mahabbah_Cinta_Rabiah_Al_Adawiyah", "http://www.goodreads.com/book/show/1431515.Demokrasi_Kita", "http://www.goodreads.com/book/show/16328437-loud-hands", "http://www.goodreads.com/book/show/432179.The_Riemann_Hypothesis", "http://www.goodreads.com/book/show/747291.William_the_Conqueror", "http://www.goodreads.com/book/show/2636928-abu-bakar-as-sidiq", "http://www.goodreads.com/book/show/245112.Father_Son_Co_", "http://www.goodreads.com/book/show/4596481-tariq", "http://www.goodreads.com/book/show/6050388-darwin-s-armada", "http://www.goodreads.com/book/show/301563.The_Recursive_Universe", "http://www.goodreads.com/book/show/477618.The_True_Gen", "http://www.goodreads.com/book/show/895614.Tallulah_Darling"]}