{"ratings": 760, "userreviews": [{"userName": "Colleen Venable", "userReviewDate": "Jun 08, 2008", "userURL": "http://www.goodreads.com/user/show/61222-colleen-venable", "userReview": "I pretty much loved everything about this book, from the fantastic character designs (both in personality and in actual visual portrayal-woo for chunkier protagonists whose storyline never talks about the fact that she isn't a twig!), to the story itself which was layered in amazing ways most YA novels don't ever attempt. Thought-provoking and inspirational, not to mention being a damn fine read. A MUST READ for anyone who secretly or not so secretly is an art freak at heart. One complaint: cover is totally misrepresentational. This book is DEEP."}, {"userName": "The Holy Terror", "userReviewDate": "Apr 22, 2013", "userURL": "http://www.goodreads.com/user/show/2016128-the-holy-terror", "userReview": "I'm not picking graphic novels all that well it seems. At least not every time. It's true, I don't read the synopsis and just look at the cover and briefly flip through the book to check the artwork, so I suppose it's my own fault for picking another \"lonely emo girl finds a boy who finally 'gets' her and disappoints her parents to 'find herself' with a ragtag group of misfits.\" This wasn't as extreme in those regards as \n  Ivy\n was, but this actually ended up lacking substance in spite of that. I felt like I was reading three half realized ideas than one fully coherent story. There were too many characters and side stories, not enough development for any of them, and it was kind of boring to boot. I actually didn't think Emi even fit in this book; she seemed like a smart and quietly reserved character and she deserved something better than this. I would've much rather have read about her relationship with Henry or the unraveling of her employers' marriage than the loud and obnoxious characters at The Factory. Just because you're a self-proclaimed geek and don't fit in or know what to do with your life doesn't mean you have to change everything about yourself all of a sudden, and I'm really getting sick of this theme."}, {"userName": "Toby", "userReviewDate": "Mar 08, 2009", "userURL": "http://www.goodreads.com/user/show/1270622-toby", "userReview": "Cybils YA Graphic Novel Award winner        I surprised myself by being engaged by this iconic YA search for identity where Emi, a self-proclaimed geek, dares to attend a Freak Show, after being captivated by its star, the Amazing Poppy Galore, at a mall.  At this point in the story, the words fail and the image takes over:  Poppy is full-page glorious, \"covered in silver and pieces of mirror.  Like a disco ball...\"  Emi dares to dream that even she could remake herself into Emiko Superstar.     I noticed some interesting features of this book, both in the text and in the pictures.  For one, the main character is biracial, Japanese & Canadian, without it being mentioned in the story.  Also, the book is illustrated in black and white.  The choice of b&w instead of color suggests a darker, sadder mood than, say, Rapunzel's Revenge, the elementary grade Cybils Graphic Novel Award winner.      I found it easy to read the text, because the symbols were clear, that is, when a character was speaking, the words were in a speech bubble whereas if a character was thinking, the words were in a text box instead. I also noticed that I was looking at the illustrations differently than I do in a picture book.  I scanned the illustrations in the same way I usually scan text, since in this case, the story is told visually.     I looked for evidence of development of plot, character. setting, theme and point of view, as I know that a criticism often leveled at graphic novels is that they are poor literature.  Here's an example of how the graphic format enhanced the style:  The narrator tells us \"The path to the stage was a black sky dotted with eyes, all looking at me\", which would have sounded cheesy if it wasn't a tiny text box, surrounded by 3 small panels of Emi, two of her worried face and one of just her nervous hands and then 11 pairs of expectant eyes.     I am a reluctant reader, when it comes to graphic novels, and no wonder, since I don't know how to read them.  From a pair of articles in Horn Book (Graphic Novels 101, archived online at hbook.com, March 2006), I've come to understand that reading a graphic novel entails not just traditional literacy but also what they call 'reading between the panels', that is, the reader actively participates in the text by drawing conclusions about what's happening in between the panels.  Beyond this, the illustrations in graphic novels don't just illustrate the story, they can be analyzed in terms of literary elements, for example, we can be viewing a scene, literally, as the character is viewing it, thus placing us inside the story.  Illustrations can also be analyzed in terms of visual elements, such as size, shape, layout and use of white space, for example, large panels grab our attention and invite careful examination, while a series of small panels suggest action and movement.  As Hollis Margaret Rudiger notes in Reading Lessons: Graphic Novels 101, \"...the pictures...(don't) jut supplement the story.  They (ARE) the story\"."}, {"userName": "Sarah Sammis", "userReviewDate": "May 28, 2009", "userURL": "http://www.goodreads.com/user/show/122647-sarah-sammis", "userReview": "Emiko Superstar by Mariko Tamaki and illustrated by Steve Rolston won the YA Graphic Novel category of the Cybils earlier this year.Emiko is a geeky and awkward teenager who wants to find her place in the world. She's an Asian Canadian growing up in Toronto. The book covers her summer vacation where she is baby sitting for a dysfunctional family and spending her nights as a performance artist in a club that draws its influence from Andy Warhol's Factory.Emiko Superstar drew me into the story with the very first scene where she arrives home dressed like an escape from the Factory. She's minus a shoe and completely disheveled. She stumbles home and passes out on her messy bed. The rest of novel explains how she got to this point.The story is about taking risks and the consequences that come with taking the wrong ones. Emiko risks arrest from attending the late night events at the Factory where any number of illegal things are going on. She also risks her personal health from the lech who runs the place. She also risks grounding from her parents if they find out about her late nights.What the book does well is show a teenager's view of how the world works and the mistakes she makes with her assumptions. She's caught up with the phenomena of being popular and famous but is afraid at first to take the necessary risks to hone her skills. She's also taken in with showy attitude, being swept away with the obnoxious husband's bragging about his toys and possessions instead of seeing how manipulative he's being.Emiko though isn't a perfect angel in an imperfect world. She gets her moment of fame through lying and stealing. She gets her source material from a diary she had no business reading and certainly no business copying from. The diary though does give the novel the chance to introduce a more adult lesbian story than Skim (also by Mariko Tamaki and also a Cybils nominee). By making the lesbian side plot strictly between two adults, it gives more room to show the risks, consequences and rewards of coming out."}, {"userName": "Meghan", "userReviewDate": "Dec 22, 2010", "userURL": "http://www.goodreads.com/user/show/3998684-meghan", "userReview": "The fate of the Minx imprint is really a crying shame.  For an all-too-brief moment, DC Comics was publishing these fantastic narratives about teenage girls who were not even remotely the assumed norm, delivered in the form of extremely viewable and readable graphic art.  Sadly, these books were published under a false imprimis (\"'Minx'?  Srsly???\") and not under any other and didn't have a great fate.This is a great story about being mixed-race, about transitioning from one grade to another and not wanting to stay  in the same cliques, about self-expression, about living in a world that is more complicated that you are allowed to acknowledge, and about the powers that be.  It is extremely smart."}, {"userName": "Alarra", "userReviewDate": "May 23, 2009", "userURL": "http://www.goodreads.com/user/show/121123-alarra", "userReview": "Minx. I had serious issues with what Emi does - she copies out diary entries of the young trapped suburban mother she's babysitting for, and turns that woman's pain into performance art in order to impress a bunch of sleazy disaffected hipsters.  She never owns to her dishonesty, and while there are happy endings all round, it just doesn't sit right with me."}, {"userName": "Cathy", "userReviewDate": "Dec 22, 2009", "userURL": "http://www.goodreads.com/user/show/608625-cathy", "userReview": "I LOVED this one! Emiko doesn't really fit into any mold and she feels out of place where ever she is, which I can totally relate to. She is labeled a nerd/geek, but she's not really, she's just uncomfortable around people. Her summer is typical. Lousy. While at the mall she has an experience that changes her life... and no, its not a sale at the Gap.I loved the story. In high school I was uncomfortable and unsure of how to act. The one thing that I loved to do was write. It was the perfect outlet for me and that's when I truly felt comfortable.The illustrations were absolutely perfect. Emiko was cute, but you could tell that she felt unsure. I loved the freckles. :)Henry is the rumpled (love interest?) and older outlet that helps her to discover where her talent really lies. He's drawn in a cute, kinda nerdy, kinda like one of the musicians in the band Reel Big Fish. (No one's going to know who I'm talking about, but it took me a million minutes to remember what band he was from so I'm adding it.)Anyway, it definitely gets my stamp of approval."}, {"userName": "Kirsten", "userReviewDate": "Jan 17, 2009", "userURL": "http://www.goodreads.com/user/show/349438-kirsten", "userReview": "I picked this up at the library and started flipping through.  Only after a close look at the back cover did I realize that I have read another of Tamaki's graphic novels, Skim.  I liked Skim, but it seemed a little light-weight and unfocused.  This book definitely comes out of the same ethos as Skim.  Emi is a geek who doesn't even fit in with the other geeks.  She almost accidentally stumbles upon this non-conformist group of people, where each person is weirder than the last and many are performers (particularly, performance art) at the Freak Show (a sort of open-mic thing).  Emi transforms herself into one of the Freaks, and starts performing too.  The ending wasn't very satisfying - there just wasn't much there - and while I enjoyed the reading experience, it was also a little hollow.  Good subject, good writing, decent characters - just needs more substance!"}, {"userName": "Snorkle", "userReviewDate": "Nov 25, 2009", "userURL": "http://www.goodreads.com/user/show/999233-snorkle", "userReview": "I did not get this story and I thought it was stupid. I never felt for the main character and I thought that some of the things she did were downright irresponsible and reckless. I couldn't fathom why the author of this book would want us to then applaud these things the girl did. The illustrations were okay, but because of the rest of the story I just couldn't bring myself to enjoy them. I got really frustrated with the main character and I just wanted her to grow up. I would not recommend this book at all.*Taken from my book reviews blog: http://reviewsatmse.blogspot.com/2009..."}, {"userName": "Yellowinkling", "userReviewDate": "Jan 26, 2014", "userURL": "http://www.goodreads.com/user/show/3328829-yellowinkling", "userReview": "Fantastic art, great characters, unique plot and setting.  All the ingredients of a great graphic novel.Now, past all the meat and potatoes, I just have to say it: I LOVED Emi.  I wished I could meet her, and talk to her for hours.  I think most geeky girls would feel this way.  Us girl-geeks all go through what Emi does and we all wonder and wrestle with the same things.  Not all of us, though, are as hilarious as Emi.  I wish I had the same wry humor as her - and her courage!I only wish it was longer.  More time with Emiko could only be a good thing.  I look forward to reading more by Mariko Tamaki."}, {"userName": "Batz4books", "userReviewDate": "Nov 07, 2014", "userURL": "http://www.goodreads.com/user/show/3705306-batz4books", "userReview": "Emiko is a little bored with being a nerd.  She's not against nerd things, but she thinks there is more to her than just RPG and math contests.  She gives in to an urge to go to the Freak Show, and artsy underground show held at The Factory, where she sees counter culture kids of all stripes performing on stage, and realizes that is something she desperately wants to do.  She doesn't sing or dance or do puppets or any of the odd performance art popular at the Freak Show, and she's not sure what to do.  A chance find inspires her during her regular babysitting job, the discovery of a diary hidden in the laundry room, detailing the quiet desperation of a young, suburban mother who wants out of her marriage but is afraid to go.  Using clothing from her grandmother's go-go-girl days, Emi tries something she's never done, breaks out of her normal routine and studious mold, and learns a lot about love, friendship, the seedier side of art, and her own self-expression.Good for teens wanting a nontraditional protagonist, interested in art, and some safe rebellion."}, {"userName": "Amanda Foust", "userReviewDate": "Apr 05, 2014", "userURL": "http://www.goodreads.com/user/show/155473-amanda-foust", "userReview": "I miss Minx."}, {"userName": "Jenny (Reading Envy)", "userReviewDate": "Nov 10, 2013", "userURL": "http://www.goodreads.com/user/show/68030-jenny-reading-envy", "userReview": "This description on the back says it all:\"Watch Emi go from dull suburban babysitter to eclectic urban performance artist.\"A quick read of a graphic novel, it could have gone deeper in a bunch of directions. I was actually surprised it was stand alone because I would have liked to know more of the story of the woman she babysat for, as well as Poppy.  Of course, I've read that Minx Books isn't around anymore, so perhaps any plans that were there fell through."}, {"userName": "Melissa", "userReviewDate": "Mar 14, 2013", "userURL": "http://www.goodreads.com/user/show/86010-melissa", "userReview": "This graphic novel was just kind of 'meh' for me. I wish the story was a bit more fleshed out. I did appreciate that Emi is a chubby girl, but no one talks about it because it isn't an issue, and I liked her artsy tendencies (despite the fact that her art was stolen from someone else). I think it's probably good for teenagers (the target audience), but I would have liked to see more."}, {"userName": "Pamela", "userReviewDate": "Nov 25, 2014", "userURL": "http://www.goodreads.com/user/show/10788271-pamela", "userReview": "I love love love this book. It so perfectly captures those strange teenage moments when complete re-invention is still possible - a grungy club and a handful of freaks is a portal to a completely new world. Actually, I didn't realize until just now how much this reminds me of Blake Nelson's  Girl, which has been one of my favourites for twenty years. It's exciting though, to have a story of a young woman out on a self-propelled exploration that also avoids all the boring cliches of the genre. Instead of guys and more guys, there are performance artists using toilet seats as props, trial-by-fire (or audition) and the dizzying feel of suddenly not being invisible. Did I mention I love this? I really love this."}, {"userName": "Kathy", "userReviewDate": "Apr 08, 2009", "userURL": "http://www.goodreads.com/user/show/300931-kathy", "userReview": "Shy Emiko decides to not hang out w/ her fellow geeks over the summer, which starts out crappy.  Then she hears about a performance art freak show, and gradually starts blossoming.  There's theft, balancing a geek friend w/ being w/ the \"in\" crowd, and finding her own voice."}, {"userName": "Sundry", "userReviewDate": "Feb 13, 2010", "userURL": "http://www.goodreads.com/user/show/339871-sundry", "userReview": "Good story.  Kind of made me excited about writing and making art again.  Thanks, Mariko.  Also nice previews of other books published by Minx Books in the back. I'll look for these titles."}, {"userName": "Veronica", "userReviewDate": "Jun 29, 2014", "userURL": "http://www.goodreads.com/user/show/5136208-veronica", "userReview": "If I had read this BEFORE reading \"Skim\" and \"This One Summer,\" I may have been more generous with the stars. Real rating 3.5. I really love Tamaki's characters and there is always something in them that I *get* (which makes me think maybe she and I had similar teen years. ;D) BUT this one is not as good as the others. It feels more childish, less poignant, which may be the point, I don't know. Twelve or thirteen year old me probably would have adored it.It is also sadly lacking in Jillian Tamaki's beautiful art, which was a shame. The two together for \"Skim\" and \"This One Summer\" are definitely graphic novel magic. :)"}, {"userName": "Lisamarie", "userReviewDate": "May 10, 2009", "userURL": "http://www.goodreads.com/user/show/161975-lisamarie", "userReview": "A lot of the \"Minx\" books just make me feel kind of, um, old?  But this one is special."}, {"userName": "Jenna", "userReviewDate": "Aug 13, 2014", "userURL": "http://www.goodreads.com/user/show/9007836-jenna", "userReview": "Review originally posted on my old YA Materials blog.\n  \"Up until this point, I was not exactly the kind of person who would go to a FREAK SHOW. I guess you could say I was kind of...awkward. My mother said I was a wallflower. At my school they call it being a geek.\"\nAs a graphic novel format, Emiko Superstar combines the theme of performance visual art with the actual medium the readers interact with. Like those watching THE FREAK SHOW, readers are inundated in sparse yet vivid visual details and Emiko's voice, which is familiar and easily recognizable. While the text and dialog themselves would not have been sufficient to move the story without the visual backdrop, Emiko Superstar needed a different writing style to work as a graphic novel. The circular plot, which shows a scene from the end of the novel at the beginning, allows readers to understand the drastic change between baby sitting Emiko and FREAK SHOW Emiko and her numerous stumbles along the way are reminiscent of teenage life and the failed attempts at trying new activities. The manner in which the romance between Henry and Emiko is downplayed is well-done, as the entire graphic novel does not revolve around their love and is secondary to Emiko trying to discover who she is as an individual. Like most graphic novels, the language in Emiko Superstar is directly from Emiko's head and as a teenaged point of view character, keeps the language casual and yet poetic in its brevity."}, {"userName": "Courtney", "userReviewDate": "Apr 26, 2011", "userURL": "http://www.goodreads.com/user/show/1739351-courtney", "userReview": "A fun, light-hearted graphic novel by one of the authors of \"Skim\".  Emiko self-identifies as a geek and has typically been OK with being in the background. Her summer is promising to be boring, the only thing getting her out of the house being her babysitting job for a young couple.  One day, she witnesses a unique girl making a scene by dancing and tossing out flyers advertising a freak show.  In spite of her hesitations, Emiko is intrigued and eventually makes her way to the club where she is utterly enchanted by the freedom of expression on stage.  Emiko decides she wants to become a part of the scene and begins to work on an act.  Inspiration eludes her until she stumbles across a journal written by the mother of her babysitting charge.  In a sense, this is a coming-of-age tale.  Emiko is dire need of something to help her discover who she really is.  While a freak show may not be the answer for everyone, Emiko's sense of liberation while performing is easy to relate to.  With a little bit of help from some of the women in her life (though they will likely never realize it), Emiko is able to transform herself into a superstar of sorts.  How long can she keep it up?  Furthermore, how long can the freak show scene sustain itself?I liked it a lot.  And I really, really want to visit that freak show to see for myself the acts portrayed in the book.  It's pretty rare to see performance art depicted in a teen graphic novel, so that makes this little book unique.  Emiko is easy to relate to, especially for anyone who's ever spent time in the shadows.  It's hard not to be enchanted by the world Emiko becomes a part of and it's disappointing when she ultimately has to move on."}, {"userName": "edh", "userReviewDate": "Apr 05, 2009", "userURL": "http://www.goodreads.com/user/show/971061-edh", "userReview": "Emiko is in the middle of the summer that will change her life.  After being fired from her job as a whip girl at a froufrou drinks store and being saddled with babysitting when her parents demand that she do something productive, Emi has no real direction.  Stumbling on the Freak Show makes her believe that there might be something more for her - that she might have some sort of artistic ability.  Part rave, part vaudeville: the Freak Show features performances that defy normal conventions (and occasionally involve toilet seats and jam).  Emi is especially impressed by Poppy, a performance artist who is strong and beautiful.  Henry also frequents the Freak Show, but like Emi he doesn't fit into the scene - he's always on the edges of the action.  It's a summer to remember.I've been devastated by the demise of the Minx imprint.  Somehow DC didn't give this line enough time to saturate into their potential audience.  Strong girls and independent thinkers will love all the Minx books they can find and will wish there were more.  Follow Emi's suburban rebellion and awakening with something equally powerful, like Marjane Satrapi's Persepolis."}, {"userName": "Brittany", "userReviewDate": "Oct 25, 2011", "userURL": "http://www.goodreads.com/user/show/1178011-brittany", "userReview": "Emiko didn't start off as a superstar. She started off as just a girl with a summer job. Was a whip girl then a babysitter. This was before she saw Poppy in the mall. After that Emiko went to go see the Freaks and what a sight they were. She meets a guy named Henry that tells her she can fall in with that crowd to, if she only tries and wows. So she tries, because she wants to create something. Emiko wants to find herself and the freaks might just help her.This was an interesting little tale about a crazy place. The Factory is a fantastic concept and it was crazy seeing all the different things that people came up with to perform. Like hula-hooping, whoda thunk? There was a lot of sad parts in this story, divorce, wrong lover, bad lovers all sorts. But there was a lot of hope and inspiration too. Emiko found out a lot about herself and how to live life. Sometimes we have to do stuff that sucks, we have to do more of the things we love if we're going to make it through. Definitely pick this one up if you dig art and stuff ;)First Line:\"Emiko Superstar. The more I think about it... ...the more I think this story should start with something about Andy Warhol.\"Read more: http://www.areadingnook.com/2011/10/r..."}, {"userName": "Orchid", "userReviewDate": "Mar 26, 2011", "userURL": "http://www.goodreads.com/user/show/4109402-orchid", "userReview": "So I have no read almost all of the graphic novels that were published by DC Comics, Minx imprint (which is sadly no longer around). For this review I'm just going to get right down to nitty gritty of what I thought about it. I ask that y\u2019all also bear with me if my review reads weird today; I've had a case of bad allergies and a little bit of a cold (and have been taking Benadryl).While I really like the underlying message of Emiko Superstar, I find that on a whole I only kind of liked it. I know odd, usually I either love something or I don't like it which is making it kind of hard writing this review.I really enjoyed reading about Emiko trying to break out of her awkward/shy shell. I thought she was a decent character...although a bit of an odd bird. I think that Emiko Superstar did a brilliant job of showing that other people\u2019s lives aren't always as picture perfect as everyone expects. I now I'm doing a horrible job of describing this, but it was just interesting to see what Emiko did once she found out the truth about some of the new people in her life. I didn't much care for the whole underground performance art thing, the \"artist\" were just a bit too weird for me. Another thing I didn't really like about Emiko Superstar was that there was smoking and drinking in it, while it fit in with the character of those who were doing it, it was just kind of turned me off from enjoying this book more. Artwork: The artwork for Emiko Superstar was interesting, but definitely not one of my favorite styles. I found it to be...well a bit clutter and like there was a little too much going on in a few of the panels. But while I didn't much care for the art I liked the story.Emiko Superstar earns 3 1/2 pineapples."}, {"userName": "Johnathan Morris", "userReviewDate": "Mar 25, 2012", "userURL": "http://www.goodreads.com/user/show/7384991-johnathan-morris", "userReview": "Emiko Superstar is a wonderfully written and drawn graphic novel about a young girl, half-white and half-Japanese, searching for a little acceptance in a very unlikely place: where everyone is perceived to be weird. Reading the book, I found the personal growth of the character Emiko to be similar to my own, and I think young readers may feel the same way as well.The story provided an insight to a little piece of art history tucked away in cities everywhere. Places where people can go to be as expressive as they wish. The graphic novel, I believe, teaches a valuable lesson about finding special things about ourselves in our own eccentricities. The artwork was phenomenally done and reveals the extra pizzazz of scenery and characters that other types of works inherently miss on. In the background of all the pictures, readers will find little \u201cEaster-eggs\u201d that add a lot more to the understanding of the story.As a teacher, I think this graphic novel would be a great addition to any class library, demonstrating that the issues that students face are not singular, and, if they keep searching, they will find their niche in all kinds of places."}, {"userName": "jess", "userReviewDate": "Feb 16, 2009", "userURL": "http://www.goodreads.com/user/show/670054-jess", "userReview": "Ok, first of all, I love the MINX books. I know they aren't perfect, but they go a long way for me. I like them not only because I read them nostalgically for my teenage self, who probably would have loved them, but also because I think they are just cute, interesting stories that are a nice breather from un-minx books. When I read in September that Minx is giving up the ghost, I felt genuinely bummed. I'm glad my local library carries a bunch of Minx titles so I can work through the cannon after it disappears from store shelves.Anyway, Emiko Superstar feels like a chapter of a book that wasn't written. The entire story takes place in one summer. I definitely wanted to know more about where Mariko Tamaki was bringing Emiko from, and where she was going to go post-Freak Show. There were some great subplots that could have really filled out a larger book, like the life of the suburban mom who Emi babysits for, and the character of Poppy could have her own series. The art is okay - passable, not thrilling. The writing is the highlight."}, {"userName": "Eva Mitnick", "userReviewDate": "Jan 19, 2009", "userURL": "http://www.goodreads.com/user/show/633929-eva-mitnick", "userReview": "As a Very Quiet high school student, I just wanted to be invisible.  Well, even more invisible than I already was.  Except maybe to the couple of boys I had crushes on.  It wasn\u2019t until college that I became enamored of the long-defunct world of Andy Warhol and Lou Reed and dreamed of tramping around seedy NYC streets smoking too many cigarettes.  The vision ended there, but it had enough aesthetic appeal to cause me to keep my hair very short and very black for quite some time.  Fishnets, boots, and thrift-store clothing also figured prominently.  I wanted to show all my Angst and Weirdness on the outside.Emiko, a half-Japanese, half-white Toronto high school student, takes her dreams of Freakdom one step further when she finds herself irresistibly drawn to The Factory every Friday, where Freaks reign supreme and creative souls perform art on stage (slithering through toilet seats while smeared in grape jelly, using sock puppets to dramatize a difficult mother/daughter relationship, and so on).One artist named Poppy embodies the free, creative, brave spirit that Emiko longs to possess.  Emiko does finally work up the courage to perform at The Factory, but her performance is cribbed from the very personal diary of the woman for whom she babysits.  Despite this rocky start and the rather abrupt demise of The Factory, Emiko has managed to jumpstart her own creativity \u2013 and finds out you don\u2019t need to be a Freak to be an artist. Emiko\u2019s attraction to these odd free spirits will be perfectly understandable to many readers, and her awkwardness and shyness are made clear by both her mumbled responses and her body-language \u2013 writer Tamaki and illustrator Rolston seem to be absolutely on the same page, making the reading of this graphic novel a smooth experience.  There isn\u2019t much depth to the story or much innovation in the illustrations; compared to the truly awesome Skim, this is merely pleasant.  However, it is still highly recommended for grades 8 and up \u2013 especially those Freak-wannabes out there.Some of whom grew up and became librarians, but remain full-fledged geeky Freaks on the inside."}, {"userName": "Caroline  ", "userReviewDate": "Sep 19, 2009", "userURL": "http://www.goodreads.com/user/show/33079-caroline", "userReview": "I picked this up a while ago but forgot I had it.  This was one of the last comics from DC's late, lamented Minx line of manga-sized comics aimed with teenage female protagonists(I don't want to call them books 'for' or even 'aimed at' girls because anyone can enjoy them).  This story about Emiko, a biracial Canadian teenager, and self-professed geek who decides to reinvent herself as a performance artist.  Mariko Tamaki has written an emotionally complex story bursting with very specific details, and Steve Rolston's art really brings this home; his work is more cartoonish and comic strip-like than readers of either American comics or manga may be used to, but a closer look shows how much detail he packs into each scene, and how much personality he gives each character.I really enjoyed reading this and, though there are some story elements that felt a little familiar (a plot device with a diary is a bit clunky and sitcommish), the emotional weight and the voice of the characters really sticks with you."}, {"userName": "Jamie", "userReviewDate": "Aug 02, 2008", "userURL": "http://www.goodreads.com/user/show/159602-jamie", "userReview": "I didn't think I was going to like this book as much as I did when I first started reading it. The whole \"freak\" scene didn't really strike me as very convincing, but as with Mariko Tamaki's other recent graphic novel, Skim, the main character was so wonderfully realized, the trappings of the story hardly even mattered. My problem with many of the Minx titles has been that I felt they stopped short, that the growth the protagonists were experiencing wasn't given a full arc. Not so here. Emiko goes through real changes, makes mistakes and faces up to them, and ultimately, my instincts that all was not as it seemed with the Factory prove to be part of the writer's design. Tamaki is a fairly sly storyteller, actually. Her machinations are not nearly as obvious as they seem. Henry, whom one would think is going to be the expected love interest, has deeper roots in the narrative foundation than a lazier writer might give him, and I completely missed the parallels between the mother Emi babysits for and the performance artist she looks up to until the two story lines crossed over one another. Both, as it turns out, have something to teach our heroine.No one should be surprised that I am a fan of Steve Rolston's artwork. He and I go way back. This is some of the best cartooning I've seen from him. His work on his own One Bad Day is his finest hour as far as fluid storytelling is concerned, but the sheer confidence and the consistency of style in Emiko Superstar totally outranks anything he has done before. Each panel is as perfectly drawn as the ones that surround it, and his layouts are deceptively simple. He breaks the panel-grid all over the place, but with a clarity that keeps you from noticing or losing your place.Emiko Superstar is not false advertising: superbly stellar, indeed."}, {"userName": "Andrea Blythe", "userReviewDate": "Aug 30, 2013", "userURL": "http://www.goodreads.com/user/show/1270905-andrea-blythe", "userReview": "3 and 1/2 starsEmily is a lonely geek, who discovered the Freak Factory, a dumpy, garbage strewn hangout, where people come to perform and let their weirdness shine. Enamored by the dancer Poppy, Emily finds courage to take the stage and become Emiko the superstar, even if only for a short while. This is definitely a young adult comic/graphic novel with a simple, uplifting storyline. It's not deep and there is no sense of complexity. But it's a well put together story and Emily is likeable. And like Emily, I could fall in love with Poppy and her sense of freedom, too.  The art style also supports it well and I like that a variety of body types are shown."}], "description": "A borrowed diary, a double life, and identity issues fuel a teenager's quest to find herself before she cracks and commits social suicide, in this new series written especially for girls. Young adult.", "title": "Emiko Superstar", "url": "http://www.goodreads.com/book/show/2322339.Emiko_Superstar", "average": 3.59, "cover": "http://d.gr-assets.com/books/1348336896l/2322339.jpg", "reviews": 115, "authors": [{"url": "http://www.goodreads.com/author/show/483588.Mariko_Tamaki", "name": "Mariko Tamaki"}, {"url": "http://www.goodreads.com/author/show/63764.Steve_Rolston", "name": "Steve Rolston"}], "outlinks": ["http://www.goodreads.com/book/show/2149664.Janes_in_Love", "http://www.goodreads.com/book/show/2660576-token", "http://www.goodreads.com/book/show/1079971.Good_as_Lily", "http://www.goodreads.com/book/show/925826.Re_Gifters", "http://www.goodreads.com/book/show/1661170.Kimmie66", "http://www.goodreads.com/book/show/2473053.Chiggers", "http://www.goodreads.com/book/show/10361139-americus", "http://www.goodreads.com/book/show/1736355.Water_Baby", "http://www.goodreads.com/book/show/6362843-refresh-refresh", "http://www.goodreads.com/book/show/2377953.The_New_York_Four", "http://www.goodreads.com/book/show/698142.Clubbing", "http://www.goodreads.com/book/show/13541584-will-whit", "http://www.goodreads.com/book/show/3366825-into-the-volcano", "http://www.goodreads.com/book/show/650722.Garage_Band", "http://www.goodreads.com/book/show/4437831-the-eternal-smile", "http://www.goodreads.com/book/show/3003042-burnout", "http://www.goodreads.com/book/show/12023617-tina-s-mouth", "http://www.goodreads.com/book/show/4065472-the-war-at-ellsmere", "http://www.goodreads.com/book/show/18465566-this-one-summer", "http://www.goodreads.com/book/show/2418888.Skim", "http://www.goodreads.com/book/show/14741571-you-set-me-on-fire", "http://www.goodreads.com/book/show/1151121.True_Lies", "http://www.goodreads.com/book/show/953438.Fake_ID"]}