{"ratings": 222, "userreviews": [{"userName": "Jen", "userReviewDate": "Oct 04, 2011", "userURL": "http://www.goodreads.com/user/show/1719442-jen", "userReview": "The last sentence!  Resolutely unresolved.  Fear is.  It is.  It changes shapes, but survives.  What to do with it?  What scares Garmann in this story (going to school) isn't what scares me now, as an adult, but it is a real fear; it's a fear that I've encountered before.  Of course, when I was starting school my fears were perfectly tailored for me: I was afraid of the school bus- certain that after it all, I would somehow end up the only kid left on the bus and the strange driver would just keep driving. (I think I thought I could handle the kids, it was the adult that had power I didn't have that scared me) So, yeah, if you're starting kindergarten, or just starting anything for the first time, those beginnings can be scary... pretty much anything can be scary, even not feeling scared can be scary (oh the suspense of a horror movie that opens with a brilliantly sunny day).  Fear is. In this amazing book with offbeat artwork, young freckledy Garmann goes around asking family members what scares them.  Death is mentioned, among other fears, and Garmann tries to understand, but sometimes it seems hard (one visiting aunt is afraid of winter and for Garmann winter is fun times!). This book made me cry because of the sweet wrinkled aunts' faces and answers, the metaphor for death (walking in a garden...now that is rest-forget you, stupid pearls and gold), and the wonderful opportunity to talk to my own children about what fear is and what I do about it.  Thank you Stian for comfort in uncomfortableness."}, {"userName": "Betsy", "userReviewDate": "Jul 13, 2008", "userURL": "http://www.goodreads.com/user/show/221050-betsy", "userReview": "In the head of even the most open-minded person there are still in-born beliefs of what purpose a picture book really serves. If you sat your average citizen down and played that old word association game, the term \"picture book\" would inspire thoughts of Seuss or Sendak or  Are You My Mother? Large American publishers recognize this and tend to publish homegrown titles that fulfill these whitebread expectations. The few overseas titles they bring in tend to be English or Australian. That leaves picture books from other places like China, Sweden, or Norway to the small publishers. Kane/Miller, Simply Read Books, and Eerdmans Books for Young Readers are some of the ones who are left to take chances on books that simply do not slot neatly into the little pre-ordained picture book categories we have in our heads. So when a book like Garmann's Summer plops down on your lap, your initial instinct is to reject it. \"It looks weird!\" \"What's this book about?\" \"Why's he look like that?\" It's a knee-jerk series of reactions. Only when you slow down, read the book fully, and think about it do you realize that maybe there's room in this world for a small unassuming Norwegian tale about a boy's thoughts on death, age, fear, and losing your baby teeth. Children, as odd as it sounds, are not adverse to age-appropriate emotional complexity.Garmann is six-years-old and soon he'll be attending his first day of school. Not surprisingly, he's a little scared about this. The summer is almost over and once again, as they do every year, three old aunts have come to visit Garmann's family to drink coffee in the garden and admire the season's show. Talking about many things with the aunts, Garmann discovers what it is that they are afraid of. Aunt Ruth is scared of having to switch to a walker soon, and the cold winter ahead. Aunt Borghild is a little scared of death. Aunt Augusta has few memories left, and so she is scared of very little. Garmann's daddy is sometimes scared when he plays in the orchestra that he'll make a wrong note. Garmann's mama is scared that her son might someday run into the busy street. And soon, with little asides about teeth, Batman hats, and the summer, the aunts leave on their boat and Garmann puts his things in order for the first day of school. And he's a little scared.When this book won the 2007 Bologna Ragazzi Award for excellence in children's book publishing, the citation accompanying Garmann's Summer said of it, \"The book has a poetic force that sets itself apart.\" True enough. But even more than this, I feel that it's the tone of this book that stays with you. Let's separate it out from its illustrations for just a moment here. Though translated, Garmann's Summer doesn't have that slightly off-kilter feel of a book written in one language and transferred to another. What it does have is a quietness. A patience. From the start, the story acknowledges that sometimes the only grown-ups six-year-olds can really connect with are the elderly. It's almost as if at a certain point, old people have gained enough wisdom to talk to small people AND tall people in meaningful ways. Maybe that's what it means to be wise.Plus the translation is almost eerily seamless. Terms and names switch from one language to another without so much as a hitch. For example, it appears that the term \"butterflies in your tummy\" is the same in Norwegian as it is in English. And there is no fear that translator Don Bartlett took creative license with any of this since the accompanying illustration is of Garmann behind an x-ray, butterflies fluttering about clear as crystal. At another point Garmann, \"realizes that the flowers have the same names as old ladies - Gladiola, Dahlia, Chrysanthemum, Marigold, and Petunia.\" Again, true in both cultures. We are not as different as we may think. There is one important fact that didn't translate entirely, however. Garmann would be starting Kindergarten if he were an American child. Yet in this book his first day of school will be in the first grade. This may prove a little confusing to kids when they read the book, but it's not a make or break detail by any means.One of the most requested books out there is the average First Day of School picture book title.  Countdown to Kindergarten,  Miss Bindergarten Gets Ready for Kindergarten,  Will I Have a Friend?, etc. All these books tap into children's anxieties and worries. What \"Garmann's Summer\" does so deftly is tie an understandable fear (the first day of school) into grown-up fears (leaving, death, messing up) and in doing so shows kids that all human beings are afraid of something. Now in an American title this would mean that the book would inevitably end with a neat and tidy resolution. Somehow the message of \"there's nothing to be afraid of\" would filter in and everything would be hunky dory by they tale's end. There are many reasons to believe while reading Garmann's Summer that it was not originally produced in America, but the clearest of these is the ending. The very last four sentences of the book are, \"From the corner of his eye he sees the first leaf falling from the apple tree. Before going to bed he checks his teeth one last time to see if any are loose. Thirteen hours to go before school starts. And Garmann is scared.\" The thing is, this isn't seen as a good or bad thing, but a fact. The accompanying image is of Garmann looking at a windowsill, his packed backpack on the floor behind him. It's a wistful kind of ending. One that assures children, without saying too much, that they are not alone in their fears. Everyone is scared of something.Stian Hole's words are one matter. His illustrations, the first thing people react to upon seeing this book, are another. On a first reading I was initially repulsed by how different the images were from anything else I'd ever seen. A kind of mixed-media collage of photographs, drawings, and retro images, some adults have a hard time with this book. I'd love to pinpoint exactly why this is. For some of them, maybe it has to do with the three aunts. Hole doesn't beautify their wrinkles or pretty up their age. These women, whoever they might be, are old old old. There's one shot of Auntie Borghild asleep that shows every crease, crevice, and wrinkle on her face (to say nothing of the occasional white hair on her chin) that back up the sentence, \"The wrinkles remind Garmann of rings on a tree\" perfectly. Here in America, we don't see many wrinkles in our media. Old people don't have reality shows. In picture books, when we do see them, they tend to be cartoons or drawings. To see a real old person this close reminds adults of aging and death, and we react accordingly. Kids, however, don't see it that way. Faces, both young and old, fascinate them and they are willing to ask questions about them that adults would never dare. Children will love the pictures in this book. If anyone thinks that they are odd, it's going to be people who already are familiar with the status quo.I tend to pinpoint time periods with books like these, but Stian Hole likes to mix up eras as much as he does images. Garmann's father leaves on a tour bus containing everyone from Elvis to lithographed heads. Garmann imagines Auntie Ruth on his skateboard, a fabulous flame image viewable on the underside. And Garmann's toys are an amazing mix of ages too. At one point Garmann stands before a table containing his stuff. He is wearing a Batman shirt circa the Tim Burton film (note the bat image within the circle). On the table are three Batman comics, all in English too. The top one is a late 1960s issue, and underneath that are two comics that are much earlier (probably from the forties or so). There are also objects like tin toys, a pencil case, plastic Indians, two pogs (?) and, astoundingly, an Indian head nickel. What a little Norwegian boy is doing with an Indian head nickel is beyond my comprehension. In any case, Garmann's backpack is contemporary, so Hole is clearly messing with our minds here. Don't try to pin this book down. It resists your every attempt to do so.None of this is to say that the book is for everyone. It isn't. There will be a lot of parents that eye the cover warily when you hand it to them, smile, and place it gently back on the shelf again. But a book like \"Garmann's Summer\" teaches us that not everyone in this world is alike. Sometimes you're going to find creative adults who are willing to read this story, love it, and pass it on to their children who will (in turn) read the book and love it too. I receive a lot of books for review and I keep almost none of them. Garmann's Summer, however, is one of the few I will keep until my children (whenever I have them) are old enough to go to school. Like nothing you've ever read before, this is the very definition of a beautiful children's picture book. Highly recommended. Ages 4-8"}, {"userName": "Neva", "userReviewDate": "Nov 19, 2014", "userURL": "http://www.goodreads.com/user/show/2604564-neva", "userReview": "I saw the original Norwegian edition of this book months ago at a book fair, and couldn't get it out of my mind afterwards, couldn't find peace before finding it in a language that's accessible for me. Now I am happy: I finally read it in English and I loved it! For a grown-up it is a real treat: both visually and as a text.The conversations between the boy Garmann (who soon will start school) and his three elderly Aunties (who \"all talk at the same time, clap their hands and flit from plant to plant like bees\" in the garden) are delightful and, in the best Nordic tradition (Karlsson on the roof!), paradoxical and funny.\"What are you going to be when you grow up?\" Auntie Augusta whispers to Garmann. \"A fireman or football player?\"\"A fire eater\", Garmann answers.\"Soon I will have to use a walker with wheels\" Auntie Ruth says.\"You can borrow my skateboard.\"It is a book about a careless Summer and fear of death, about family and raspberries, about questions and school bags. A poetical, wonderful little story."}, {"userName": "Alison", "userReviewDate": "Jun 09, 2008", "userURL": "http://www.goodreads.com/user/show/580090-alison", "userReview": "I love the way the fresh, funky appearance of this book's illustrations draws out both its humor and humanity. But I know a lot of people going to find the art creepy. To you creeped-out peeps I say, READ THE TEXT! READ THE TEXT! Ignore the art long enough to let the writing of this book wow you, both for its style and the sensitivity of its content. I think this book is an absolute gem. For one thing I'm not sure when I've seen old age depicted in a picture book with more grace and beauty."}, {"userName": "Laura", "userReviewDate": "Jun 02, 2014", "userURL": "http://www.goodreads.com/user/show/977009-laura", "userReview": "Garmann's summer is coming to a close and he is worried about his first day of school. His aunts come to visit at the end of his summer and Garmann uses this time to ask them what they are afraid of and they give him thoughtful answers, as do his parents. The text can cause you to laugh out loud or to stop and pontificate for awhile about what your own answers or emotions would be in the same situation. The author has done an excellent job writing with humor as well as sincerity. The illustrations are a mixture of multiple artistic medians that offer very vivid, yet weird pictures that accurately represent and support the text while also invoking laughter. This book is appropriate for grades 1-4 because the content and grammatical structure can provide a challenge even for a fourth grader."}, {"userName": "Eunhye Yu", "userReviewDate": "Dec 09, 2012", "userURL": "http://www.goodreads.com/user/show/12606715-eunhye-yu", "userReview": "Growing up, summer was the one season that we absolutely loved because it was school free and we could do whatever we wanted to do. For my Contemporary Realistic Fiction I chose the book Garmman\u2019s Summer by Stian Hole and the basic story is about Garmman\u2019s adventure before the summer ended. Every summer Garmman\u2019s three aunts come over and stay at his house and interesting things happen. One funny part from the book is when his aunts would talk about certain expressions. \u201c\u2018How do you feel about starting school? Do you have butterflies in your tummy?\u2019 Auntie Borghild asks. \u2018I\u2019m scared,\u2019 Garmman answers, wondering how butterflies get into your stomach\u201d (Hole 7). The book keeps going on and Garmman\u2019s just thinking these ridiculously funny thoughts in his mind, which makes the book really fun to read.\tI thought this was a very good book. It was a very cute book to read and to see how Garmman reacts to certain things that his aunts do. I really like this book because the drawings look so realistic, I honestly don\u2019t know if they took pictures and pasted them on the pages or not for every thing that Garmman imagines in his mind. One example is that his aunts were talking about having butterflies in his stomach. To represent what he thought to himself they had an x-ray over his stomach and showed butterflies flying around in his stomach. They put those pictures on the pages to help the reader understand what he\u2019s thinking which I thought was very useful and very funny. This would definitely be a good book to share to students because I think they would enjoy this a lot because of the pictures and all the things that Garmman thinks and how the author illustrates them. Also, I think some students can definitely relate to Garmman. I think the teacher could help the students guess what Garmman would do or how he would think that certain expression that his aunt says. Teacher definitely can have fun with this book with their students, it can encourage students to continue to use their imagination."}, {"userName": "Sam Bloom", "userReviewDate": "May 02, 2009", "userURL": "http://www.goodreads.com/user/show/712205-sam-bloom", "userReview": "Reading this book is like watching one of those memorable, truly bizarre dreams you once had come to life. The illustrations are photorealistic but completely surreal at the same time; there are dragonflies and butterflies on pretty much every page, but they tend to be prehistoric in size. Garmann's mother looks like she's straight out of Leave it to Beaver, if June Cleaver ever went to a luau. The twins from next door make Chucky from Child's Play look like a little angel. Sitting on a bus in one illustration are Elvis circa Heartbreak Hotel, Dizzy Gillespie circa The Cosby Show, a penguin, a track star (?) in a bow tie, and any number of old-fashioned looking people with orchestra instruments. Did I mention this book was completely bizarre?Then there's the plot, which basically revolves around Garmann stewing in his own juices as summer winds down and he is about to go to school for the first time. The Aunts are in town - 3 ancient creatures who visit for the summer as long as they're still breathing, which (judging by the illustrations) won't be long. My favorite part of the book revolves around Garmann asking the Aunts what they're scared of; a couple of very touching moments where the old women compassionately share fears with Garmann, except for Auntie Augusta, who \"isn't scared of anything... 'I'm so looking forward to the almond tart,' she says when Garmann asks.\"This book is so totally unlike any other picture book I've ever seen that, despite the fact that I would *never* read it at a story time and probably would never even read it to my own child, I've got to give it 4 stars. The ending is so unusual for a children's book; there is no comfort for Garmann mere hours before his first day of school. In fact, when I read the last sentence (\"And Garmann is scared.\") and turned the page, I was flabbergasted that the book was over. But after I read it a second time (a MUST, in order to see all of the little tidbits in the illustrations) I realized that all of the reassuring parts had happened back in the middle, when Garmann was asking the adults in his life about their fears. Because for some children, if you know that the adults in your life are as scared as you are, maybe you don't need a fairy tale ending after all."}, {"userName": "Roxanne Hsu Feldman", "userReviewDate": "Jun 05, 2008", "userURL": "http://www.goodreads.com/user/show/315628-roxanne-hsu-feldman", "userReview": "What an unusual book.  At first glance, the images turned me off -- from the cover to the first pages -- with the weirdly proportioned heads/bodies done with photo-collages.  Then.. I got sucked into this style and most importantly, I got mesmerized by the text and by the matter-of-fact tone of everyone's answer to Garmann's queries about death and fears.  The illustrations eventually reminded me of Terry Gillian's work for Monty Python's Flying Circus with many pages featuring curving flower stems and vines and the unlikely pairings of objects: the ancient aunt on a skateboard above skyscrapers or the bus load of images of famous jazz and other musicians... So, this is a very strange experience: from \"Ugh\" to \"Brilliant!!!\""}, {"userName": "Christiane", "userReviewDate": "Apr 02, 2009", "userURL": "http://www.goodreads.com/user/show/1250314-christiane", "userReview": "Very odd picture book.  Originally published in Norway and winner of the 2007 BolognaRagazzi Award (\"one of the most prestigious international prizes for excellence...awarded each year in conjunction with the Bologna Children's Book Fair\". ---from the front inside cover)I liked the collage illustrations which are detailed and colorful, sometimes whimsical and other times rather frightening.  The story is about a six year old boy scared about starting school.  His three old aunties come to visit and they all have tea in the garden.  Garmann discovers that everyone is scared of something...but does not seem comforted by this knowledge.  It's hard to find much kid-appeal in the book, fascinating and odd as it is."}, {"userName": "Mary", "userReviewDate": "Aug 24, 2013", "userURL": "http://www.goodreads.com/user/show/23157878-mary", "userReview": "I found this book to be dark and rather frightening, particularly when thinking of the age group towards which it is directed.  This is the story of a little boy who is scared of going to school for the first time and he asks the people in his life what scares them.  His three older aunts, his father, and his mother all have something that scares them.  There are many aspects of the book that are less than appealing as a children\u2019s book to me: the images are compilations of photographs and drawings, but in a way that makes each person seem unreal.  The text is lengthy and in very small print, which makes the images even more pronounced.This is a book that even I, as an adult, would be reluctant to read again."}, {"userName": "Erin", "userReviewDate": "Sep 25, 2014", "userURL": "http://www.goodreads.com/user/show/10911056-erin", "userReview": "In Garmann's Summer, Stian Hole tells the story of Garmann, a young boy on the verge of starting school. His elderly aunts, that have visited over the summer, are preparing to depart. In a voice and tone unique to that of a young child, Garmann asks those close to him to share their own fears--some of which include life/death, aging, seasons, and crossing the street. Although Garmann has everything he needs to start school, the fact that he is yet to lose a tooth makes him nervous. As summer draws to a close, Garmann finds that the adults in his life each have fears of their own--leading him to acknowledge and confront his own fear of starting school. Hole's unique illustrations and graphics capture Garmann and the people in his life in great detail. Each page provides a window into the mind of a 6 year old as their treasured summer draws to a close and the dawn of a new school year approaches. This same window offers a one-of-a-kind perspective on age and aging as Garmann's innocence and honesty tug on our heart strings. The descriptive text and thought-provoking illustrations could serve a span of elementary readers across an array of themes."}, {"userName": "Brigida", "userReviewDate": "Mar 18, 2013", "userURL": "http://www.goodreads.com/user/show/17246407-brigida", "userReview": "Summer is almost over for Garmann and he still hasn't lost a single tooth. His three aunts come over to visit one day and he is reminded that it's almost time to go back to school. He is scared. He can't deal with the changes going on around him. Will he get over his fear and go with the flow? You must read to find out.Intended Grade Level: Kindergarten-2nd"}, {"userName": "Cindy", "userReviewDate": "Nov 03, 2008", "userURL": "http://www.goodreads.com/user/show/1024836-cindy", "userReview": "I read this a month ago and loved the illustrations but wasn't sure about the story. I've reread it again and am enchanted by Garmann and his honest questions. I'm still not sure if young children will embrace this book, but I'm thankful to Eerdmann's for making it available in the U.S. I'm eager to get some kid reaction..."}, {"userName": "Barbara", "userReviewDate": "Mar 07, 2009", "userURL": "http://www.goodreads.com/user/show/1578258-barbara", "userReview": "I just reread this picture book again, and again I am struck by the way the author is able to delve into the mind of a child.  Garmann is thinking about what's going on around him and using what he sees and hears to understand his world.  None of the adults treat him as a silly boy.  They talk seriously with him and answer his questions  As they share their fears, they help him see that uncertainty and fear are a part of life that we accept and that life is a complex mix of pleasure and sadness.  At the end of the book, he is still scared of the beginning of the new school year, but he's checked his schoolbag and put everything in order for the next day.  He's ready to move on, fear and all.  Though Garmann is going into first grade, this strikes me as a picture book for older readers.  If I were still teaching, I'd use this at the end of the year with my sixth graders who were always in a state of panic, hotly denied, about moving into the world of the upper school.  They would have had some interesting observations about the post-modern, rather surrealistic, art as well as a thoughtful discussion of the text."}, {"userName": "Brianna Michel", "userReviewDate": "May 23, 2010", "userURL": "http://www.goodreads.com/user/show/3759748-brianna-michel", "userReview": "I was intrigued by the illustrations of this book first and foremost.  The unique realistic looking cartoon collage art definitely piqued my curiosity.  Garmann is a young boy whose \"ancient\" aunts come to visit him during the last few days of summer. During their visit he questions them about the future and their fears.  The matter-of-fact tone of this book sets the stage for talk about death and fears, which is far different from the way such difficult topics are dealt with in the United States. The book gives a wonderful view into the mind of a child, the amazing illustrations give such great detail and give the reader a more clear picture of what Garmann is envisioning. The book made it so easy to enter the mind of a child and experience life through his perspective.  I felt that this creative and candid book is very easy to relate to, there are not many strong cultural elements present, which makes it simple for kids and adults all around the world to relate to the discussion of fear, death, and the insight into the mind of a child makes it impossible to put down."}, {"userName": "Ginta Harrigan", "userReviewDate": "Jul 07, 2013", "userURL": "http://www.goodreads.com/user/show/6322007-ginta-harrigan", "userReview": "\u201cGarmann\u2019s Summer\u201d is about a six year old boy, Garmann, who receives a visit from his three aunts at the end of the summer; during the visit they discuss things that scare them.I loved this book.  Garmann\u2019s summer is coming to an end but before it does he receives a visit from his three elderly aunts.  The crux of the story begins when Garmann\u2019s aunt Borghild asks him if he has \u201cbutterflies in his tummy\u201d about attending school for the first time.  Garmann responds that he is scared and that sets off the story in the book \u2013 Garmann asks his aunts, mother, and father to tell him something that makes them scared.  The book is done with humor.  It is a delightful book that primary children will enjoy hearing.  The book is Norwegian but I did not get the impression anything was missing in the translation.  There were no situations in the book that required explanation, everything written (dentures, butterflies in the tummy, knit cap with pom poms, etc.) were things any child in the United States would have had some exposure to.My rating for this book is five stars.  This is a very entertaining story that primary children, even intermediate children, will enjoy hearing.  A really great read."}, {"userName": "Jean", "userReviewDate": "Mar 17, 2009", "userURL": "http://www.goodreads.com/user/show/89505-jean", "userReview": "This English translation won the Batchelder Award for best translated book for 2008. An artful picture book (not for very young toddlers), each photo/paint collage is a rich work in itself. Text and pictures combined give us six year-old Garmann's last summer before starting school, as well as philosophical exploration of fear and death--the impending death of his elderly aunties, as well as perhaps the end of his innocence. Both Garmann and his aunts are afraid of the changes that lie ahead, but there is a strong current of wonder too. I like it more every time I read it.I wonder, though, if the word \"scared\" has fewer violent connotations in the original language. The last sentence can seem jarring if the harsher connotations come to mind. So when I read it aloud, I just say the last sentence contemplatively, affectionately--not in the menacing way that our sensational culture might imply. I haven't tried it with children yet. but I know some senior citizens who are likely to love it!"}, {"userName": "Teri Weaver", "userReviewDate": "Feb 27, 2010", "userURL": "http://www.goodreads.com/user/show/3146922-teri-weaver", "userReview": "This is one of the most bizarre books I\u2019ve ever read.  A combination of illustrations and text make this book have an eccentric feel.  It\u2019s a story about a boy who has fears that he discusses with his aunts.  During their visit, he asks about their fears and his other family member\u2019s fears.  The main fear he faces, (as children all of the world face at one time) is-- going to school.  His elderly aunts face the fears of falling on ice, having to shovel snow, and dying.  The young boy reveals that he is not daring, he has fears.  Through the experience of having elderly female relatives visit, he attempts to face his fears.  Although I felt the ending leaves the reader somewhat unsatisfied as the fears the young boy faces go unresolved, I can imagine this book being used to talk about children\u2019s fears about school.  It would open a dialogue for parents and teachers to discover what fears children have.  The book\u2019s illustrations are fascinating because they are a combination of photography and drawings.  Characters have real-life, enlarged heads on smaller bodies.  Apparent octogenarians are represented with an alarming amount of wrinkles and age spots.  Most of the text is humorous and appropriate to anyone who has had elderly female relative visitors.  I think the book should be read because of the attention-grabbing, unusual illustrations and the theme of going to school."}, {"userName": "Kathleen Behrendt", "userReviewDate": "Mar 15, 2013", "userURL": "http://www.goodreads.com/user/show/17373859-kathleen-behrendt", "userReview": "This unusual picture book, translated from Norwegian, is a Batchelder Honor Book as well as the winner of the 2007 Bologna Ragazzi Award - an international prize for excellence in children's publishing. Garmann will be attending school for the first time and he is apprehensive about that. He askes his three visiting elderly aunts, his father and his mother what they are afraid of. They all share their fears with Garmann, but it doesn't really help. He prepares himself for school as much as he can, and then he goes to bed - still afraid of the next day. The illustrations are striking - they are a mix of art and photographs. The page with the three snowmen Garmann imagines making shows them wearing some of the knitted hats with pom-poms on top that the aunts make for him every year.I would recommend this book to childen and parents preparing for their own first day of school. This type of illustration would make an interesting project using art and photographs. It would be a welcome addition to a back-to-school display in late August."}, {"userName": "Marcia", "userReviewDate": "May 04, 2014", "userURL": "http://www.goodreads.com/user/show/1171131-marcia", "userReview": "This is a very unique picture book. The photo-collage illustrations are a bit jarring, and almost ghastly. But you grow used to them as the story entrances you. Garmann is afraid to start school. This is something we can all relate to and it is captured brilliantly. The details add so much depth, especially the young boy's thinking around the three very elderly aunts you come to visit. Nice to read something that feels very fresh and European."}, {"userName": "Tara Godfrey", "userReviewDate": "May 23, 2010", "userURL": "http://www.goodreads.com/user/show/3772779-tara-godfrey", "userReview": "Hole, Stian, and Don Bartlett. Garmann's Summer. Grand Rapids, Mich.: Eerdmans for Young Readers, 2008. Print.Imagine life as a six year old getting ready to enter school with all the fears and excitement of the changes to come. In Garmann\u2019s Summer, Hole and Bartlett capture the reader through the mind of a boy in exactly that situation. Garmann has the privilege of having his three aunts visit him as this particular summer is coming to an end. He inquires of their fears and apprehensions realizing that he is not the only one with fears. The pictures are very vibrant and look real with a cartoon feel. The story whisks the reader away through the straightforward thoughts of a six-year-old. Though the book has a slow pace, the reader is engaged by all the different thoughts and ideas running through young Garmann\u2019s head. This story is a must read for those that love understanding life through the perspective of a child."}, {"userName": "Eric Chipman", "userReviewDate": "May 25, 2010", "userURL": "http://www.goodreads.com/user/show/3744460-eric-chipman", "userReview": "I thought this book had an immediate attraction to it.  The illustrations were like nothing I had ever seen in a children's book.  They were unique and rather peculiar yet still accessible, entertaining and enjoyable.  The story and the illustrations carried a synonymous tone, and complemented each other well.  Stian Hole accomplished an accurate first person perspective of Garmann the child in the story.  The illustrations and the narrative both felt authentic of a shirtless six year old boy trying to make sense of a world of with goings and comings, endings and beginnings and life and death.  I appreciated the candid (perhaps blunt by American standards) commentary of  Garmann the child in the narrative.  I feel this story is for younger children six and up, though they will likely need the story read to them, the highly imaginative and entertaining illustrations will be sure to keep any child's attention."}, {"userName": "Maricor", "userReviewDate": "Feb 13, 2011", "userURL": "http://www.goodreads.com/user/show/4873583-maricor", "userReview": "Garmann\u2019s Summer by Stian Hole (2008)Picture Book, 41 pagesWith its quirky graphics and poetic storyline, Garmann\u2019s Summer is an interesting find.  Hole\u2019s graphics are reminiscent of mixed media collage art found in a contemporary art museum and on popular stationary sets.  The narrative shares Garmann\u2019s discussions with family members and their fears, as well as his six-year-old interpretations of their adult idioms and expressions.   With its longer text and busy images, I hesitate to read this book to a larger group at the library.  However, I delight in the book\u2019s presentation and how it challenges the stereotype of children\u2019s literature.  Garmann\u2019s Summer will definitely be one of those books that children either love or hate, and I would recommend it to children ages 5 or older.  There must be an enjoyment in the peculiar and unique to appreciate this work of art."}, {"userName": "Rochelle", "userReviewDate": "May 22, 2010", "userURL": "http://www.goodreads.com/user/show/3751222-rochelle", "userReview": "This book is presented with wonderful surrealistic images that bring to life the thoughts and imagination of a young boy named Garmann.  It is an unpredictable, slow paced story that draws you in with each page.  Garmann\u2019s old aunts come for a visit at the end of the summer while he is preparing for his first day of school.  As with anyone facing the unknown, he is nervous about this new experience and has many questions.  These questions are answered by his parents and his aunts in a very to-the-point way.  The text and the illustrations enhance one another, drawing you into the mind of this young boy.  Each new page is a new thought that express the fears, joys, frustrations and determination of the curious little boy.  This is a great story to help young readers understand that everyone has fears about something, and that it is good to face those fears."}, {"userName": "April Helms", "userReviewDate": "Jun 28, 2009", "userURL": "http://www.goodreads.com/user/show/706630-april-helms", "userReview": "Garmann is trying to enjoy his last days of summer, but he is worried about his first day of school. He knows school will start soon. His three elderly aunts have come to visit, and autumn is in the air. Garmann is also frustrated: he has not lost a single tooth yet. This sophisticated picture book packs a lot of themes -- life, death, changes, and fears -- between the pages. The artwork is fascinating, well done and layered. The thoughts come from a 6-year-old boy, but this is almost more for adults with its complexities. This may not be the best book for someone just starting school, not only because of the depth and complexity of the topics, but his fears never really get resolved. This might be a good book to share with second grade and up, who are facing something they fear, in a one-on-one, so the child and adult reader can talk."}, {"userName": "Jay Bushara", "userReviewDate": "Feb 13, 2013", "userURL": "http://www.goodreads.com/user/show/6639807-jay-bushara", "userReview": "Funny, fearful, curious and completely unaffected, here is a book that never ceases to surprise. A six year old boy spends much of his summer visiting with three old aunts who are not long for this world, and not overly worried about what awaits them. He buries a sparrow. He pulls at his teeth \u2013 still not loose \u2013 and frets about the twins next door who can ride bicycles and read and spell backwards, and shed teeth with impressive regularity. Though of course he is changed - from contemplating ladybugs and tunneling in the hedges, from chats with his mother and father, and from waving goodbye to the boat carrying his aunts to wherever and (maybe) forever. The greatest and most permanent transformations usually happen where no one else can see, and they are an awesome responsibility, summer or not."}, {"userName": "Mary Hoch", "userReviewDate": "Nov 02, 2011", "userURL": "http://www.goodreads.com/user/show/6407419-mary-hoch", "userReview": "The end of young Garmann's sixth summer brings with it nervousness about starting school.  With his three old aunts visiting,Garmann speaks to them about what scares them.  This leads him to explore life and death, fear, and new beginnings.Author and illustrator Stian Hole uses unique photographic images to help enrich Garmann's story.  The text is both humorous and endearing in its approach.  Garmann's Summer won Batchelder honors in 2009.  It was originally published in Norway in 2006, and translated in 2008.  This would be a great book to use primary students just starting school. Additionally, pairing this book with an American book of the same theme would allows students to observe similiarities and differences in the texts."}, {"userName": "Marissa Garcia", "userReviewDate": "Mar 27, 2013", "userURL": "http://www.goodreads.com/user/show/3172576-marissa-garcia", "userReview": "Garmann grapples with the fear of beginning school and saying goodbye to a number of parts of his childhood and family, all within the whimsical, hazy fabric of a summer. Garmann's Summer's profound undertones are sophisticated, moving, and the hallmark of a picture book published outside of the United States. There is no denying the oddly grotesque nature of the art in this book, but it's genuinely arresting and powerful, using gorgeous collage work and vintage elements.Suggest to: children beginning school, adults looking for picture books with remarkable art, sophisticated subject matter, or published outside of the US, any patron looking for a special read."}, {"userName": "Marissa Garcia", "userReviewDate": "Mar 20, 2013", "userURL": "http://www.goodreads.com/user/show/17382852-marissa-garcia", "userReview": "Garmann grapples with the fear of beginning school and saying goodbye to a number of parts of his childhood and family, all within the whimsical, hazy fabric of a summer. Garmann's Summer's profound undertones are sophisticated, moving, and the hallmark of a picture book published outside of the United States. There is no denying the oddly grotesque nature of the art in this book, but it's genuinely arresting and powerful, using gorgeous collage work and vintage elements.Suggest to: children beginning school, adults looking for picture books with remarkable art, sophisticated subject matter, or published outside of the US, any patron looking for a special read."}, {"userName": "Bullcitytaheel", "userReviewDate": "Feb 11, 2009", "userURL": "http://www.goodreads.com/user/show/350649-bullcitytaheel", "userReview": "Illustration style reminded me of Jib-Jab videos - people's heads were large on their bodies.  I think something didn't translate well from the Norwegian culture; the flow was a little strange and the illustrations gave it a surreal feel.  I cannot imagine reading this to a young (K-2) class - in addition to the main character being scared to start school (which Kindergarteners would relate to), a visiting older aunt is scared of dying; the boy finds a dead bird and buries it.  It would be OK in a family read atmosphere.  The old aunties visiting did remind me of my great-aunts visiting from England, although I AM SURE I never asked them if they were dying soon."}], "description": "This unique, award-winning picture book delves into the mind of a young boy who is afraid of starting school. Summer is nearly over. The old aunts have come to visit, and autumn is in the air. Everything is ready for Garmann's first day of school, but he is still nervous. And he can't believe that he hasn't lost a single tooth yet, despite his best efforts! Stian Hole has created a memorable and endearing character in Garmann, whose musings about fear and courage, life and death, beginnings and endings, help him understand that everyone is scared of something. Published in ten languages, Garmann's Summer was the recipient of the 2007 BolognaRagazzi Award, one of the most prestigious international prizes for excellence in children's book publishing, awarded each year in conjunction with the Bologna Children's Book Fair.", "title": "Garmann's Summer", "url": "http://www.goodreads.com/book/show/2991430-garmann-s-summer", "average": 3.88, "cover": "http://d.gr-assets.com/books/1347979544l/2991430.jpg", "reviews": 83, "authors": [{"url": "http://www.goodreads.com/author/show/1288050.Stian_Hole", "name": "Stian Hole"}, {"url": "http://www.goodreads.com/author/show/2737734.Don_Bartlett", "name": "Don Bartlett"}], "outlinks": ["http://www.goodreads.com/book/show/9666113-el-final-del-verano", "http://www.goodreads.com/book/show/14662720-l-ete-de-garmann", "http://www.goodreads.com/book/show/18077822-l-estate-di-garmann", "http://www.goodreads.com/book/show/4417990-bird", "http://www.goodreads.com/book/show/2262162.Silent_Music", "http://www.goodreads.com/book/show/79746.The_Composition", "http://www.goodreads.com/book/show/4524994-the-enemy", "http://www.goodreads.com/book/show/171230.Wolves", "http://www.goodreads.com/book/show/858593.The_Friend", "http://www.goodreads.com/book/show/1030796.Fred_Stays_With_Me_", "http://www.goodreads.com/book/show/2466135.Traction_Man_Meets_Turbo_Dog", "http://www.goodreads.com/book/show/9257843-lizards", "http://www.goodreads.com/book/show/12993697-more", "http://www.goodreads.com/book/show/2651822-the-storyteller-s-candle-la-velita-de-los-cuentos", "http://www.goodreads.com/book/show/3467394-the-little-bit-scary-people", "http://www.goodreads.com/book/show/2380834.Planting_the_Trees_of_Kenya", "http://www.goodreads.com/book/show/1029144.The_Chicken_of_the_Family", "http://www.goodreads.com/book/show/6125001-a-book", "http://www.goodreads.com/book/show/3114608-willow", "http://www.goodreads.com/book/show/3476560-the-black-book-of-colors", "http://www.goodreads.com/book/show/3017992-madam-president", "http://www.goodreads.com/book/show/20972209-anna-s-heaven", "http://www.goodreads.com/book/show/20340532-nattevakt", "http://www.goodreads.com/book/show/18333067-soir"]}