{"ratings": 144, "userreviews": [{"userName": "Anyce Paul-Emile", "userReviewDate": "Oct 20, 2014", "userURL": "http://www.goodreads.com/user/show/34803833-anyce-paul-emile", "userReview": "I thought that this was a touching story of this young women who wanted to help the sick and wounded after she lost so much. This story does have a theme of, do what is write, not what you want."}, {"userName": "Hannah", "userReviewDate": "Jul 29, 2011", "userURL": "http://www.goodreads.com/user/show/5912133-hannah", "userReview": "I read this several times when I was ten/eleven/twelve and found the story well told and interesting. I learned some history from it, and was impressed by Annie's heroism and selfless service, as well as those she worked with. I think I may have kept going back to it, though, because I found the ending unsatisfactory. I still felt lost and restless, like Annie could never have real peace and a place of her own again.The characters are well portrayed, the battles and storyline are clear and easy to follow, and Annie's emotions and decisions are relateable. I appreciated the humanness of it all. The story inspired me to do more research on the Civil War and the people involved in it."}, {"userName": "Elisa", "userReviewDate": "Oct 16, 2012", "userURL": "http://www.goodreads.com/user/show/9026140-elisa", "userReview": "I enjoy civil war fiction. This book was pretty good, though I like Sarah Emma Edmond's story better. Also, I hate how writers make their characters meet and, especially, talk to real people. It fells so false. In this story, I am refurring to Kady Brownell. I just HATE that. I felt really awful when Edwin died. Also, if you are going to write historical fiction, you must be acurate, there were several places that weren't quite right. But I might be the only person who recognized this, as I am some-what of an expert on the civil war. I really wish instead of buying this book that I had bought yarn. Anyhow, it wasn't good, but it wasn't all that bad."}, {"userName": "Kiersten", "userReviewDate": "Sep 13, 2014", "userURL": "http://www.goodreads.com/user/show/8873144-kiersten", "userReview": "Not terrible. Towards the end it just becomes lists of dates and names that are confusing for elementary age kids, but the story itself is neat."}, {"userName": "Shannon Clark", "userReviewDate": "Aug 19, 2012", "userURL": "http://www.goodreads.com/user/show/4822574-shannon-clark", "userReview": "This historical novel about a Civil War nurse made me sob. Truly it did. It brought the solders' deaths to a personal level through the eyes of Annie, a nurse during the civil war who went into the battlefield with the soldiers. In fact, it brought the entire Civil War to a personal level for me.I have never been a big fan of history-reading and memorizing dry facts that didn't mean anything to me. It's so different when reading a historical fiction book-I feel like I know these people and can feel their anguish and pain.This is a must read for anyone interested in the Civil War-or for anyone not interested! :)"}, {"userName": "Kiersten", "userReviewDate": "Dec 19, 2012", "userURL": "http://www.goodreads.com/user/show/8847848-kiersten", "userReview": "I first read this book when I was probably around twelve years old. I still have the old worn copy of the book on my bookshelf. I really enjoyed the book. Even though I come from a family who had relatives fight in the Confederate army and the main character is a Union nurse, I still felt like she is a character who would stick with me. She helped so many soldiers no matter what side they were on. She was so caring and stayed when all the other nurses left. I love to pick up this book and read it from time to time."}, {"userName": "Gian", "userReviewDate": "Mar 18, 2014", "userURL": "http://www.goodreads.com/user/show/29521921-gian", "userReview": "This is a good book! Anyone interested about nursing must read it."}, {"userName": "Keri", "userReviewDate": "May 13, 2014", "userURL": "http://www.goodreads.com/user/show/6817502-keri", "userReview": "Great for middle grade readers who want a quick, easy lesson in Civil War history and important figures like Annie Etheridge. However, for older readers the story lacked the detailed history and emotional depth and plot that other historical novels (especially those by an author like Ann Rinaldi) demonstrate so well."}, {"userName": "Michelle", "userReviewDate": "Oct 03, 2009", "userURL": "http://www.goodreads.com/user/show/2271456-michelle", "userReview": "I was reading through one of my old journals and found an entry about this book. I apparently loved it and wanted everyone to read it. I do actually remember reading it are really liking it. It would be nice to re-read now that I am a bit older. But, from my younger self... you must read."}, {"userName": "Maggie", "userReviewDate": "Dec 29, 2010", "userURL": "http://www.goodreads.com/user/show/2796949-maggie", "userReview": "oh my god. this was such a great book. i cried when general kearney died cuz he supported annie so much. i was really proud of will actually beinghealthy and safe all through war, but i cried the most when edwin powers died. It actually felt like i was  right next to annie when he died."}, {"userName": "Jim", "userReviewDate": "Aug 01, 2011", "userURL": "http://www.goodreads.com/user/show/5938782-jim", "userReview": "A fictionalized biography of Annie Etheridge, known as \"Michigan Annie\" or \"Gentle Annie\", who was a volunteer nurse w/ the 2nd & 3rd Michigan Volunteer Infantry regiments in the Army of the Potomac from First Bull Run to the Siege of Petersburg. A quick read but worthwhile."}, {"userName": "Anne Mallamo", "userReviewDate": "Feb 21, 2013", "userURL": "http://www.goodreads.com/user/show/17684580-anne-mallamo", "userReview": "\"She was beloved by the men of her regiment, writing letters for them to their loved ones, and comforting them in their pain.\"I thought this book was well written for a younger kids book. But I didn't find it to be my kind of reading."}, {"userName": "Caralee", "userReviewDate": "Feb 23, 2010", "userURL": "http://www.goodreads.com/user/show/2284867-caralee", "userReview": "This was one of the books that got me interested in historical fiction in 5th grade (I've been reading it ever since).  We were assigned to read one book out of five on the civil war era.  I read all five because they were all excellent!"}, {"userName": "Angela", "userReviewDate": "Sep 07, 2013", "userURL": "http://www.goodreads.com/user/show/5772321-angela", "userReview": "090713.  This book is a true story about a young girl who who marched, nursed, and wrote letters for the soldiers during the civil war.  It's a middle school read, but it was very interesting."}, {"userName": "Emily", "userReviewDate": "Sep 04, 2010", "userURL": "http://www.goodreads.com/user/show/4040519-emily", "userReview": "this was one of the worst books ever!!!!!!!!!!!!!!!!!!!! and the most confusing i wanted to bury it in the backyard and never see it again on a test i got a 6 out of 10 :("}, {"userName": "Mshell", "userReviewDate": "Sep 25, 2011", "userURL": "http://www.goodreads.com/user/show/6446077-mshell", "userReview": "We read this out loud for part of our Civil War study.  Fairly accurate history, went along with our study perfectly.  The kids loved it and it was a very easy read."}, {"userName": "Michelle", "userReviewDate": "Jun 25, 2008", "userURL": "http://www.goodreads.com/user/show/1255636-michelle", "userReview": "This was my favorite childhood book and I could not resist adding it to my list, even though I have not read it in over 15 years."}, {"userName": "Jackiewolfson", "userReviewDate": "Nov 19, 2009", "userURL": "http://www.goodreads.com/user/show/2960263-jackiewolfson", "userReview": "This was one of my favorite books as a kid. Strong female lead for a story set in the Civil War, what could be better? :)"}, {"userName": "Mackenzie", "userReviewDate": "Jan 30, 2008", "userURL": "http://www.goodreads.com/user/show/841015-mackenzie", "userReview": "I love this book it's amazing it's sad that annie's best friends fiance died (he was engaged to sophie) but it's a great book!!!!"}, {"userName": "Lisa", "userReviewDate": "Aug 04, 2012", "userURL": "http://www.goodreads.com/user/show/3980475-lisa", "userReview": "I think it's a good idea to keep books like this around so that we can always remember how horrifying war is."}, {"userName": "Beth Nell", "userReviewDate": "Oct 03, 2007", "userURL": "http://www.goodreads.com/user/show/410237-beth-nell", "userReview": "this was one of my favorite books when we were studying the civil war. Annie was my favorite!!!"}, {"userName": "Melissa", "userReviewDate": "May 06, 2013", "userURL": "http://www.goodreads.com/user/show/5158718-melissa", "userReview": "I wish i would've read this book when i was learning about the civil war."}, {"userName": "Jenna", "userReviewDate": "Apr 03, 2009", "userURL": "http://www.goodreads.com/user/show/1941504-jenna", "userReview": "The Civil war was so sad, but this is an interesting book."}, {"userName": "Nate", "userReviewDate": "Jun 10, 2011", "userURL": "http://www.goodreads.com/user/show/4960495-nate", "userReview": "Read this with my reading group at school."}, {"userName": "Sally", "userReviewDate": "Mar 02, 2011", "userURL": "http://www.goodreads.com/user/show/3989806-sally", "userReview": "I deffanetly reccomend it.Age9"}, {"userName": "Letitia", "userReviewDate": "Aug 27, 2007", "userURL": "http://www.goodreads.com/user/show/86892-letitia", "userReview": "I would rate this 3.5 stars if I could."}, {"userName": "Krista the Krazy Kataloguer", "userReviewDate": "Nov 18, 2007", "userURL": "http://www.goodreads.com/user/show/316102-krista-the-krazy-kataloguer", "userReview": "The inspiring story of Anna Etheridge."}, {"userName": "Teen Reviewers", "userReviewDate": "Dec 16, 2009", "userURL": "http://www.goodreads.com/user/show/2560302-teen-reviewers", "userReview": "Lexile Level: 760"}, {"userName": "Peter", "userReviewDate": "Aug 01, 2012", "userURL": "http://www.goodreads.com/user/show/11302194-peter", "userReview": "Civil War Nurse."}], "description": "A fictionalized biography of Anna Blair Ethridge, a Union Army nurse.", "title": "Gentle Annie", "url": "http://www.goodreads.com/book/show/841053.Gentle_Annie", "average": 3.82, "cover": "http://d.gr-assets.com/books/1387666626l/841053.jpg", "reviews": 29, "authors": [{"url": "http://www.goodreads.com/author/show/379783.Mary_Francis_Shura", "name": "Mary Francis Shura"}], "outlinks": ["http://www.goodreads.com/book/show/313438.Sam_the_Minuteman", "http://www.goodreads.com/book/show/319382.Belle_Teale", "http://www.goodreads.com/book/show/696077.Bully_for_You_Teddy_Roosevelt_", "http://www.goodreads.com/book/show/586325.Kipling_s_Choice", "http://www.goodreads.com/book/show/425937.With_Every_Drop_of_Blood", "http://www.goodreads.com/book/show/1323320.The_First_Woman_Doctor", "http://www.goodreads.com/book/show/645989.Journey_to_Nowhere", "http://www.goodreads.com/book/show/925166.Squanto_Friend_Of_The_Pilgrims", "http://www.goodreads.com/book/show/143056.Pirates_Don_t_Wear_Pink_Sunglasses", "http://www.goodreads.com/book/show/843808.Turn_Homeward_Hannalee", "http://www.goodreads.com/book/show/1821811.The_Slopes_of_War", "http://www.goodreads.com/book/show/1002895.The_King_s_Swift_Rider", "http://www.goodreads.com/book/show/588145.Freedom_Crossing", "http://www.goodreads.com/book/show/1060915.Kidnapped_by_River_Rats", "http://www.goodreads.com/book/show/203179.It_s_Thanksgiving", "http://www.goodreads.com/book/show/614239.Down_the_Yukon", "http://www.goodreads.com/book/show/498947.Kirsten_Saves_the_Day", "http://www.goodreads.com/book/show/841061.Winter_Dreams_Christmas_Love", "http://www.goodreads.com/book/show/1561594.Gabrielle"]}