{"ratings": 406, "userreviews": [{"userName": "Becky", "userReviewDate": "Feb 14, 2012", "userURL": "http://www.goodreads.com/user/show/1376766-becky", "userReview": "Back in the day, Betty Ren Wright was right up there with R.L. Stine and Christopher Pike for YA mysteries. I'd never read any of her books though, I'm not sure why, but when I saw this one in my local thrift store for $0.59, I picked it up. For as short as it is, and as big as the font is, it took me forever to read it. Not that this was a bad book, but rather that there was a lot of stuff that didn't really serve any purpose other than to provide length. The one guy has a motorcycle and a bad reputation but nothing ever comes of it and the step-brother is angry and resentful and then all of a sudden he's just not anymore, etc.  I know this is a children's book, but it just seemed all over the place, and nothing really came together or worked for me. Meh. 2 stars. It was OK."}, {"userName": "Charlotte Hunter", "userReviewDate": "Feb 25, 2014", "userURL": "http://www.goodreads.com/user/show/8513749-charlotte-hunter", "userReview": "While not one of Wright's best books, GHOSTS BENEATH OUR FEET receives 4 stars from me because she introduces cultural elements that added elements of complexity to an otherwise simple story.Katie, her mother, and her stepbrother, Jay, have arrived in a decrepit mining town to take care of Uncle Frank, an old friend of the family who lives in a decrepit house atop a long-abandoned mine. Thirty years earlier, Uncle Frank's son died in the mine, along with other miners, and an elderly woman in the town warns Katie that the ghosts of these men--knackers, or angry, monstrous ghosts--will emerge on the anniversary of their death. Katie puts her ear to the ground, near Uncle Frank's house, and she hears a groaning noise. In the mine's old entry, the ghost of a young woman appears to warn her of something, and as the days--and nights--pass, this specter appears to Katie in an old mirror in Uncle Frank's house.No one believes Katie sees these things until, on the anniversary of the mining accident, calamity occurs. This is not Wright's best book, but it's far from her worst (which remains, in my mind, THE SCARIEST NIGHT, which isn't). Jay's teen angst seems realistic enough, if dragged out a bit. Katie's mother is poorly drawn; she veers from confident and capable, to frenzied and stressed in ways that seem inappropriate to what's going on. The resolution of the ghostly issue isn't bad, though the creep factor at the end isn't high."}, {"userName": "Emily", "userReviewDate": "Mar 09, 2011", "userURL": "http://www.goodreads.com/user/show/1353392-emily", "userReview": "Katie\u2019s stepfather has just died, and she, her mother, and step-brother move to a fictional small town that I gather is in the Upper Peninsula of Michigan. They will be living with and taking care of Uncle Frank, who is actually no relation to them. Newquay is a former mining town that is currently almost dead. The mine had collapsed 30 years prior, killing several men and giving rise to tales of \u2018knackers,\u2019 the ghosts of miners, turned evil and trying to tunnel their way out. Katie does see a ghost, but it\u2019s not a miner and doesn\u2019t seem evil, either. Actually the ghost is quite helpful. Other issues explored in the book include Katie\u2019s stepbrother Jay not feeling welcome in a family that no longer includes his dad, and so becoming a trouble-maker in an effort to get sent away.A fun, quick read. Interesting incorporation of local lore and Cornish customs. Ages 9-12."}, {"userName": "Kristine Pratt", "userReviewDate": "Oct 04, 2013", "userURL": "http://www.goodreads.com/user/show/1952643-kristine-pratt", "userReview": "Spooky fun which was perfect on the day I read this - a chilly night in October with the wind howling outside my bedroom window.Katie is staying in a spooky old house, one of the few occupied in what's become a ghost town in Northern Wisconsin. If i hadn't been through several such towns years ago I don't know that this story would have affected me the way it did. But what a setting for a ghost story! Something creepy is underneath the ground, and a spectral visitor seems to be warning Katie and her family to leave before it's too late.As I said, it's fun and just scary enough. I love this author for young readers who want a gentle scare."}, {"userName": "Jill", "userReviewDate": "Jul 05, 2014", "userURL": "http://www.goodreads.com/user/show/1756819-jill", "userReview": "Interesting story, a bit dated, but I'm sure it's popular with young girls."}, {"userName": "Davraena", "userReviewDate": "Jan 22, 2014", "userURL": "http://www.goodreads.com/user/show/3722054-davraena", "userReview": "Loved this. My favorite stormy-night-and-a-fire book. Always thought it was funny how they made pizza in this book, putting the cheese on last."}, {"userName": "Kathy Freeman", "userReviewDate": "Jan 18, 2014", "userURL": "http://www.goodreads.com/user/show/27425252-kathy-freeman", "userReview": "A favorite from my childhood."}, {"userName": "Vicki", "userReviewDate": "Jan 11, 2014", "userURL": "http://www.goodreads.com/user/show/4740086-vicki", "userReview": "A fun book to read. Probably a good 5th or 6th grade book.  Some feelings and a rousing end."}, {"userName": "Amber dePixi", "userReviewDate": "Nov 05, 2010", "userURL": "http://www.goodreads.com/user/show/955555-amber-depixi", "userReview": "I loved this book as a kid, but it's been years since I read it. All I remember off the top of my head is a girl who sees a ghost in the mirror, there's a field full of flowers, an old mine explosion from years ago, and a brother or a stepbrother...Glad I found this book so I can maybe read it again!"}, {"userName": "Amanda", "userReviewDate": "Mar 26, 2010", "userURL": "http://www.goodreads.com/user/show/1750910-amanda", "userReview": "This was not the best book by Betty Ren Wright. This book started okay, I liked it until the ending.(Which seem's thats how it is with most books I read.) The ending was really lame and I don't think that well thought out, but I love the rest of the Betty Ren Wright books I have read."}, {"userName": "Mary", "userReviewDate": "Nov 12, 2008", "userURL": "http://www.goodreads.com/user/show/782496-mary", "userReview": "I liked this book. It was really, really good. I couldn't put it down. It was like when you got to one chapter, you had to read the next because it was like a mystery. If anybody likes a mystery and doesn't like to put down a book, this is something you can read."}, {"userName": "Olivia -", "userReviewDate": "Nov 26, 2011", "userURL": "http://www.goodreads.com/user/show/5331170-olivia--", "userReview": "I think this book is pretty good. It didn\u2019t hold my atention that long, but when I read farther, then I just read and read. I didn\u2019t want to put the book down. Who ever likes ghosts should read this book."}, {"userName": "StrangeBedfellows", "userReviewDate": "Dec 10, 2012", "userURL": "http://www.goodreads.com/user/show/1400071-strangebedfellows", "userReview": "One of my favorites from when I was a kid. I recommend it for young readers looking for a good ghost story, but it's also an appealing story about a girl struggling with a hard time in her life."}, {"userName": "Katrina Sutton ", "userReviewDate": "Jul 27, 2011", "userURL": "http://www.goodreads.com/user/show/1139485-katrina-sutton", "userReview": "I loved this book as a child where there was mystery as well as a ghost story. I rediscovered this book at an used book store and purchased it for my own little girl. Such a great find."}, {"userName": "Heather Taylor-Naas", "userReviewDate": "Mar 01, 2012", "userURL": "http://www.goodreads.com/user/show/5314749-heather-taylor-naas", "userReview": "When I was about 10 or 12 I loved the books by Betty Ren Wright. So last month I revisited my childhood. Was still as good as I remembered."}, {"userName": "Maren", "userReviewDate": "Mar 28, 2011", "userURL": "http://www.goodreads.com/user/show/5112475-maren", "userReview": "This is one of the few books I remember reading when I was younger.  I remember the images and feelings I had while reading it."}, {"userName": "Catherine", "userReviewDate": "Apr 24, 2011", "userURL": "http://www.goodreads.com/user/show/1711150-catherine", "userReview": "This is a quick scary - but not too scary - story. I like the theme of what makes a family that runs throughout it."}, {"userName": "Sparkler", "userReviewDate": "Aug 07, 2012", "userURL": "http://www.goodreads.com/user/show/10653700-sparkler", "userReview": "I remember reading this, and the second the ghost appeared my dog licked my toe. I jumped 3 feet in the air. XDDD"}, {"userName": "D", "userReviewDate": "Dec 27, 2009", "userURL": "http://www.goodreads.com/user/show/637980-d", "userReview": "I did a book report on this in sixth grade and I remember liking it a lot."}, {"userName": "Relaynie", "userReviewDate": "Mar 18, 2009", "userURL": "http://www.goodreads.com/user/show/2141157-relaynie", "userReview": "ghosts,small towns,miners,supernatural"}, {"userName": "Megan", "userReviewDate": "Jul 30, 2008", "userURL": "http://www.goodreads.com/user/show/376685-megan", "userReview": "Not first reading (date below)"}, {"userName": "Emmanuel", "userReviewDate": "Mar 01, 2008", "userURL": "http://www.goodreads.com/user/show/953148-emmanuel", "userReview": "it spoooooooooky! hehehe"}, {"userName": "Cws", "userReviewDate": "Apr 15, 2009", "userURL": "http://www.goodreads.com/user/show/823026-cws", "userReview": "JAR4-Wri"}], "description": "Katie believed that spending the summer in a quiet little town would be really cool. There'd be new kids to meet and lots of places to explore. But Katie's dream summer quickly turns into a nightmare. The quite little town is practically deserted, and the local kids don't seem too friendly.", "title": "Ghosts Beneath Our Feet", "url": "http://www.goodreads.com/book/show/127169.Ghosts_Beneath_Our_Feet", "average": 3.78, "cover": "http://d.gr-assets.com/books/1387713090l/127169.jpg", "reviews": 23, "authors": [{"url": "http://www.goodreads.com/author/show/52129.Betty_Ren_Wright", "name": "Betty Ren Wright"}], "outlinks": ["http://www.goodreads.com/book/show/6472043-ghosts-beneath-our-feet", "http://www.goodreads.com/book/show/6472043-ghosts-beneath-our-feet", "http://www.goodreads.com/book/show/1686230.Ghost_Cat", "http://www.goodreads.com/book/show/568543.The_Ghost_in_the_Third_Row", "http://www.goodreads.com/book/show/634977.Midnight_in_the_Dollhouse", "http://www.goodreads.com/book/show/391719.Sixth_Grade_Can_Really_Kill_You", "http://www.goodreads.com/book/show/715316.Stonewords", "http://www.goodreads.com/book/show/665281.The_Little_Gymnast", "http://www.goodreads.com/book/show/1146093.Ghosts_I_Have_Been", "http://www.goodreads.com/book/show/597489.The_Witches_of_Worm", "http://www.goodreads.com/book/show/2577177-my-sister-the-vampire", "http://www.goodreads.com/book/show/961516.The_House_On_Hackman_s_Hill", "http://www.goodreads.com/book/show/730243.The_Burning_Questions_of_Bingo_Brown", "http://www.goodreads.com/book/show/402024.A_Candle_in_Her_Room", "http://www.goodreads.com/book/show/206244.With_You_and_Without_You", "http://www.goodreads.com/book/show/291894.Nighty_Nightmare", "http://www.goodreads.com/book/show/132571.13_Ghosts", "http://www.goodreads.com/book/show/475385.Kathleen", "http://www.goodreads.com/book/show/125579.Tales_To_Give_You_Goosebumps", "http://www.goodreads.com/book/show/708206.Good_Bye_Pink_Pig", "http://www.goodreads.com/book/show/750035.The_Dollhouse_Murders", "http://www.goodreads.com/book/show/127162.Christina_s_Ghost", "http://www.goodreads.com/book/show/127170.The_Ghosts_of_Mercy_Manor", "http://www.goodreads.com/book/show/127188.Crandalls_Castle"]}