{"ratings": 2608, "userreviews": [{"userName": "Nathan \"N.R.\" Gaddis", "userReviewDate": "Mar 09, 2014", "userURL": "http://www.goodreads.com/user/show/7607437-nathan-n-r-gaddis", "userReview": "A Bantam pb from 1962, reprint 1981.  Some of this stuff was written in 1697.  It\u2019s \u00f4ld.  Into the gutter left and right about two-letters\u2019 worth of a span are nearly illegible.  But for fifty coppers, I knew what I was getting.  One makes due.  And plans for a better annotated, more nicely bound edition in one\u2019s future.The first piece, popularly known as Gulliver\u2019s Travels, I have failed to review elsewhere.  I hesitate to link to that Review knowing that such appearance of self-promotion is and ought to be frowned upon.  But I recognize too that the mere mention of the fact that I\u2019ve made mention of it here will impel you to seek it out and Like it anyway.  Or not.  What you will read there, should you head thitherward, is the mere recommendation of it as \u201crequired reading\u201d, a spurned designation which says little more than \u201cclassic.\u201d  It has both its wit and its entertainment value.  The Travels, I mean.Second piece is a lovely novel called A Tale of a Tub: Written for the Universal Improvement of Mankind (spelling here slightly modernized).  What is bound in this Bantam is a reproduction of the fifth edition, described as \u201cWith Author\u2019s Apology and Explanatory Notes.  By W. W--tt--n, B.D. and others.\u201d  The following treatises wrote by the author are announced as forthcoming (I\u2019m still waiting)  :: A Character of the present Set of Wits in this Island.A panegyric Essay upon the Number Three. (would that he had writ one upon Four).A Dissertation upon the principal Productions of Grub Street. Lectures upon a Dissection of Human Nature. A Panegyric upon the World. An analytical Discourse upon Zeal, histori-theo-physi-logically considered. A general History of Ears (for a general theory of noses, vide Tristram Shandy).A modest Defence of the Proceedings of the Rabble in all Ages. A Description of the Kingdom of Absurdities. A Voyage into England, by a Person of Quality in Terra Australis incognita, translated from the Original. A critical Essay upon the Art of Canting, philosophically, physically, and musically considered. These several treatises are touched upon and lightly discussed in the work under discussion.A Tale of a Tub, being a charming, if rather standard and Traditional kind of novel, is organized along the following lines.  (I make this delineation if only to demonstrate the rather straight=forward and conventional nature of what has been previously dismissed as a \u201cdifficult\u201d work).The first :: \u201cAn Apology, For the, &c.\u201d.  This from our Author\u2019s hand, June 3, 1709.Secondly :: \u201cPostscript\u201d.  The which is an apparent appendage to the first. Followed by \u201cTo the Right Honourable, John Lord Somers.\u201d which will be acknowledged as an entirely justifiable practice.  (from the hand of \u201cThe Bookseller\u201d).Fourth, \u201cThe Bookseller to the Reader\u201d.  (a nice touch, if a bit overdone).The next piece is of high=conventional fictioneering, \u201cThe Epistle Dedicatory to His Royal Highness Prince Posterity.\u201dProperly placed in the succeeding position, \u201cThe Preface\u201d which is well placed in towards the beginning of our novel.And thus with the meat of the matter taken care of, wrapped warmly in packaging paper and set aside we continue to the middle matter::\u201cSection I. The Introduction.\u201dIn order to more fully sketch the true structure of this work, the following items will be delineated along two lines, n\u00e4mlich, the central thread first followed by a sketch of the digressive matter.  Thusly we read ::  \u201cSection III.  A Digression Concerning Critics.\u201d\u201cSection V.  A Digression in the Modern Kind.\u201d\u201cSection VII.  A Digression in Praise of Digressions.\u201d\u201cSection IX.  A Digression concerning the Original, The Use, And Improvement of Madness in a Commonwealth.\u201d  (self-explanatory)\u201cThe Conclusion\u201d (in which a number of conclusionary remarks and remarks by way of concluding are made ; all without being superfluous). Into this novel Mr Swift has felt it necessary, perhaps due to a fit of pretentiousness, to weave in a little moral story about three brothers and their Dead Father.  It\u2019s a nice enough tale and perhaps he needed to include it in order to get his novel past the censors, but it would have been nice if he stuck straight to his narrative and had disallowed his own propensity for showing=off from getting in the way of what would have been a very enjoyable novel with real characters that just jump off the page like Salmon at Leixlip!  That digressionary tale is structured in the following manner ::\u201cSection II.\u201d  (bears no subtitle).\u201cSection IV. A Tale of a Tub\u201d.\u201cSection VI. A Tale of a Tub.\u201d  (Our author is rather annoyingly redundant in the subtitling of these digressive passages).\u201cSection VIII. A Tale of a Tub.\u201d [sic]\u201cSection X.  A Tale of a Tub.\u201d [ditto]\u201cSection XI.  A Tale of a Tub.\u201d (Our author\u2019s lack of originality really starts to show in these section=titles).So much for what ought to count as Swift\u2019s mastery of the form of the novel, entire and complete.  For we must recognize that those little digressionary passages containing the story of those three brothers and their Dead Father must count as that part of the novel-definition in which we understand \u201csomething wrong with it.\u201dIf I may intrude just for a brief moment.  In order to settle things even, fair & square, &c., with the current critical and perspicacious practice among our Good Readers, I do owe it to point out that this edition contains at least one typographical error.  I recall not precisely where, which page, although it was verso, the final word.  The err\u2019r consists of a failing \u201ci\u201d in the word \u201ccritic.\u201d  Make of that what you will, but I think the joke is quite plain.  Which reminds me.  Also according to standard practice, I, your Faithful Reviewer, will float this Review into your literary and critical Feed Troughs each time I endeavor to correct a comma, dot an i or perform like function upon a tee, or should any peas and cues require Verbesserung.  I confess my failure heretofore in properly performing this social grace and vow, &c, &c, & &c.Back to our book...Next in our Bantam ::  \u201cA Full and true Account of the Battel Fought last Friday, Between the Antient and the Modern Books in St. James\u2019s Library.\u201d  The astute reader will recognize this as the purist of plagiarisms, ripping off almost without blushing the current story underway, n\u00e4mlich, \u201cThe Present and Continuing Account of the Bottle Being Fought Presently and Currently Right Now, Between Good Books and Popular Books on goodreads.camp.\u201d  Nevertheless, there is a charming story contained herein about a battle between a spider and a bee.  Not to be missed!\u201cA Discourse Concerning the Mechanical Operation of the Spirit in a Letter to a Friend. A Fragment.\u201d  This and the above were at one time bound together with the above=twice.  But this \u201cdiscourse\u201d is entirely disappointing for this reason :: it leaves me failing the capacity to make the comment I had intended to make upon reading its title but prior to reading its text.  Namely of course, that Swift has written the wrong thing here.  Instead of writing a satirical piece about the gaseous wailing of persons religious and spirituoso, he ought to have written about the mechanistic philosophy of mind then detectable in the likes of philosophers such as Mr Hobbes.  Had he done so then herein this Review I could have remarked about how little progress have we made in the direction of a truly philosophical understanding of the mind ; substituting for ourselves instead a bunch of erroneous naturalistic superstitions and neuro-xyz junk.  So I\u2019ll just say what I want to say anyway and let the rest of you take the easy- and cheap- shots at the religiously clownish.Had Swift been a man of the Left instead of the conservative creep and party=switcher which he in fact was, we could have imagined a present-day Swift writing a satirical piece entitled \u201cAn Argument to Prove That the Abolishing of the Private Health Insurance Industry In the USofA.  May, as Things Now Stand, Be Attended with Some Inconveniences, and Perhaps Not Produce Those Many Good Effects Proposed Thereby.\u201d  Instead, he predicts our present times quite perspicaciously whereby we retain nominal christianity and nominal atheism both as our national religions.  [I confess that this locution, \u201cnominal atheism\u201d may prove controversial.  By it one should understand merely that assemblage of atheists who feel compelled to confess their atheism.  The parallel with the nominal christian should be made clear enough when considered in contrast to each their opposite, the \u2018real\u2019 or \u2018true\u2019 version of each.] There\u2019s more stuff in this Bantam.  Not to spoil plot or anything by putting flowers on its grave, but here\u2019s what\u2019s there ::\u201cThe Bickerstaff Papers\u201d (three items) -- So a target easy which might be an equivalent today to the (still) easy target of astrological prognostication, may I suggest the TED talks?\u201cThe Examiner: No. 14, Nov. 9, 1710\u201d.  I don\u2019t know what this is because I\u2019ve not read it yet but the title is rather appealing, to use an understatement expression.\u201cThe Drapier\u2019s Letters:  The First Letter\u201d.  Required Reading, probably, for Wakeans and a variety of Finnegans, whether awake, alive or merely asleep.\u201cA Modest Proposal\u201d  I understand this to be a kind of PoMo cookbook (ie, a PoMoCoBo).Swift\u2019s Correspondence (a meager three exemplars).  Again, do you know Stella & Stella?  Ppt!Swift\u2019s Poems.  God help us all if we\u2019ve gotta read poems just for in order to get page=count credit!Chronology.  I always skip these things.  As boring as History.Selected Bibliography -- Please don\u2019t tell me what to read.  I\u2019m perfectly happy just knowing what I like.And to conclude, the opening line of the Introduction, not from Our Author\u2019s hand ::\u201cOf satire in general and of Jonathan Swift in particular, this may safely be prognosticated -- *          *          *          *          *          *          *          *          *          *          *          *          *          *          *          *          *          *          *          *          *          *          *          *          *          *          *          *          *          *          *          *          *          *          *          *          *          *          *          *          *          *          *          *          *          *          *          *          *          *          *          *          *          *          *          *         *         *         *         *         *         *         *         *         *         *         *         *         *         *         *         *         *         *         *         *         *         *         *         *         *         *         *         *         *         *         *         *         *          \u201c\u271d\u271d\u201d\"Here is pretended a defect in the manuscript, and this is very frequent with Our Reviewer, either when He thinks He cannot say anything worth reading, or when He has no mind to enter on the subject, or when it is a matter of little moment, or perhaps to amuse His reader (whereof he is frequently very fond) or lastly, with some satirical and plagiaristic intention.\"\""}, {"userName": "Jeanette  \"Astute Crabbist\"", "userReviewDate": "May 25, 2011", "userURL": "http://www.goodreads.com/user/show/796425-jeanette-astute-crabbist", "userReview": "I picked up this collection because I wanted to read A Modest Proposal.  It's one of those must-reads, and only nine pages long.  Written in 1729, it's a bitingly satirical economic solution to the problem of poverty among Irish families with too many mouths to feed.  Quite funny in some places, unless you're a very literal person, in which case you'll find it gruesome.  Here's a example: \"I have been assured by a very knowing American of my acquaintance in London, that a young healthy child well nursed is at a year old a most delicious, nourishing and wholesome food, whether stewed, roasted, baked, or boiled, and I make no doubt that it will equally serve in a fricassee, or a ragout.\" Three stars for that selection. As for the rest of the book, I've decided not to waste my time. Since I had the book around, I slogged through Part I of Gulliver's Travels and then quit.  I've heard about it all my life...classic, right?  Huh, well, don't waste your time.  I'm well aware that it is carefully veiled political satire aimed at specific personages, but it's now so outdated as to be meaningless.  Even with the copious explanatory footnotes in the version I read, it made little sense to me.  Besides that, it's un-be-freaking-lievably boring, and just plain gross in some places. One star for Gulliver.I read bits and pieces of other selections in the book, and won't be reading any more. Overall assessment = 2 stars"}, {"userName": "Michael", "userReviewDate": "Nov 04, 2012", "userURL": "http://www.goodreads.com/user/show/1938544-michael", "userReview": "I read this at the turn of the millennium, along with Ambrose Bierce and H. L. Mencken, as it seemed an ideal time to get to know the great cynics of the English language. I was mostly familiar with Gulliver through various child-oriented media adaptations, and had never really experienced the whole story as it was intended - as a satire of European society in the Age of \"Enlightenment.\" Happily, this version gave me that opportunity, and was also annotated to give context to some of what Swift was lampooning, as well as a chance to read a few of Swift's other works.\u201cGulliver\u2019s Travels\u201d is a novel-length tale that takes up just over half the volume. It is, I think, the most readily accessible to a modern reader of the works in here. It is a rousing adventure story, similar in some ways to \u201cRobinson Crusoe,\u201d in which a luckless traveler is castaway in unexplored regions of the Earth\u2019s oceans and must fend for himself in a strange environment. Fortunately (mostly) for Gulliver, the islands he encounters are populated, but by various strange inhabitants, whose customs and physical form he must adapt to. The most well-known of these are the Lilliputians, who are the first people he encounters, and who stand only six inches high. They have a fairly European culture, in spite of their diminutiveness, and Gulliver gets along with them well, ultimately arbitrating in a war with their miniature neighbors which is started over which side of an egg one \u201cought\u201d to crack open. This part is a mockery of the minor points of theology that divided Englighmen at the time, but can be extended to any sectarian dispute or cause for war. He later encounters a land of giants, in which he seems the Lilliputian, and also the dread Yahoos and the noble Houyhnhmms, a race descended from horses, who are clearly superior to human beings. Throughout, the language and descriptions are delightful, and there is enough action to hold the attention of a modern reader.\u201cThe Tale of a Tub,\u201d \u201cThe Battle of the Books,\u201d and \u201cThe Mechanical Operation of the Spirit\u201d are shorter pieces which satire English learned society in their  spiritual hypocrisy, their divisiveness, and their disregard for tradition. \u201cThe Tale of a Tub\u201d is fairly hard going, grounded in disputes of the day and using intentionally overblown language, although it does contain a good parody of the three major Christian sects of the day, and their lack of respect for their heritage. \u201cBattle of the Books\u201d is more exciting, with a library coming to life and drawing lines between \u201cAncients\u201d and \u201cModerns,\u201d who conduct an amusing war with one another. The \u201cAncients,\u201d it is presumed, win due to their possessing greater substance. In some ways, it is a commentary on the proliferation of writing made possible by the printing press, and the corresponding decline of quality as quantity increased. This could be relevant to today\u2019s explosion of electronic publishing as well. \u201cMechanical Operation of the Spirit\u201d is a sort of parody of the \u201cEnthusiastic\u201d religious trend of his day, essentially arguing that they have confused sensual pleasure for religious devotion.Also worth noting are \u201cA Modest Proposal\u201d and \u201cThe Abolishing of Christianity,\u201d both of which satire positions in an extreme way, making it appear that the author is arguing for the exact opposite of what he wants. Instead, he is showing the logical conclusion of his opponent\u2019s arguments, and thereby destroying that position. In \u201cA Modest Proposal for Preventing the Children of Ireland from Being Poor,\u201d Swift argues satirically that the most kind approach to the problem of Ireland within the Empire would be to start eating Irish babies and prevent their continued procreation. It is worth noting that Swift was Irish himself, and felt that the English had no business trying to repress the Irish national spirit. \u201cThe Abolishing of Christianity in England\u201d essentially argues that if the Church of England continues on its present course, there will be no future for Christianity in England. He pretends to be arguing against an already-decided course, and to be very humbly suggesting that Christianity\u2019s merits may be being overlooked, but in fact he is arguing very strongly that political and religious developments in England are appalling.There are several more small pieces in the book, including some of Swift\u2019s poetry, which very from difficult to delightful. The whole is well worth the time of anyone interested in modern English writing and thought and its historical development."}, {"userName": "Fenixbird SandS", "userReviewDate": "Mar 29, 2009", "userURL": "http://www.goodreads.com/user/show/425836-fenixbird-sands", "userReview": "has a collection of Swift's poems+ politically incorrect, \"A Tale of a Tub.\"  \"A Description of the Morning\" (1709) by Jonathan SwiftNow hardly here and there a hackney-coachAppearing, showed the ruddy morn's approach.Now Betty from her master's bed had flown,And softly stole to discompose her own.The slipshod prentice from his Master's door,Had par'd the dirt, and sprinkled round the floor.Now Moll had whirl'd her mop with dext'rous airs,Prepar'd to scrub the entry and the stairs.The youth with broomy stumps began to trace,The kennel-edge where wheels had worn the place.The small-coal man was heard with cadence deep,'Till drown'd in shriller notes of chimney-sweep,Duns at his Lordship's gate began to meet,And brickdust Moll had scream'd thru half the street.The turnkey now his flock returning sees,Duly let out a-nights to steal for fees:The watchful bailiffs take their silent stands;And school-boys lad with sachels in their hands.Simply loved this classic children's tale (THIS edition does have footnotes) As this author was born in Dublin, Ireland, in 1667 the son of English parents.  Active in politics, he returned to Ireland following years in England, filling the spot of \"Chaplain to the Lord Justice,\" Jonathan Swift was a \"Tory\" a supporter of the Irish resistance.  \"A wee bit of history\" lies in these pages....This edition has a collection of Swift's poems, correspondence + his politically incorrect, \"A Tale of a Tub.\""}, {"userName": "Whispers from the Pirate's Ghost Whisper", "userReviewDate": "Dec 31, 2014", "userURL": "http://www.goodreads.com/user/show/5555043-whispers-from-the-pirate-s-ghost-whisper", "userReview": "(Sorry, I reviewed the wrong copy, or found one closer to what I read.  you can read that one here: https://www.goodreads.com/review/show...but I will delete this one at the end of the day. (it says the same thing)My appologies."}, {"userName": "Sarah", "userReviewDate": "Nov 05, 2010", "userURL": "http://www.goodreads.com/user/show/762761-sarah", "userReview": "There was some interesting social and political commentary in here, especially in Parts III and IV. And I appreciated that. And I know this complaint sort of is beside the point, but it's my honest complaint and I'm going to state it. Why the hell did this guy ever get married and have kids? He always goes on adventures because he apparently can't stand to be at home for more than a couple of months at a time and craves the open seas. And when he's on these adventures, he never seems to miss his family back home. It seems like an afterthought combined with a tidy way of wrapping up each tale--on the last page it's always \"and then I returned home to my wife and children.\" The end. Annoying."}, {"userName": "Mo", "userReviewDate": "Jul 30, 2010", "userURL": "http://www.goodreads.com/user/show/902915-mo", "userReview": "I remember this being much more interesting when I was a kid.  Maybe I was reading a children's or abridged version because I couldn't even finish part one this time.  It's too bad because it does sound like a really interesting story, just not so much while I'm actually reading it."}, {"userName": "Sofie", "userReviewDate": "Sep 01, 2013", "userURL": "http://www.goodreads.com/user/show/2685567-sofie", "userReview": "Gulliver's Travels is about Captain Gulliver who wrote a book about his travels, into several different islands. He goes to 4 main islands: Lilliput, Brobdingnag, Laputa, and, the country of Houyhnhnms. On his travels he meets many strange creatures."}, {"userName": "Susan", "userReviewDate": "Jan 08, 2009", "userURL": "http://www.goodreads.com/user/show/1652278-susan", "userReview": "I don\u2019t think I read this as a kid, or if I did I only read the Lilliput part, though I did remember that Gulliver also met big people who treated him like a little doll. Those were parts 1 and 2. In part 3, he visits a number of different places trying to get home. He encounters people whose dedication to science makes them incapable of doing anything practical and some humans who never die but continue to age, being \u201cwritten off\u201d by their culture when their contemporaries die so that the live a painful and miserable death. Finally, in part 4, he lands in the land of the Houyhnhnms who are rational horses who don\u2019t even have words for lie, deceit, murder, etc. There are also Yahoos, and they look just like Gulliver but are assumed to be completely irrational because all they do is scrap and fight. Gulliver is finally forced to leave because he appears to be a Yahoo\u2014even though he\u2019s made friends among the Houyhnnms. He makes his way back to England and turns in revulsion from his wife and children and all other humans, being so traumatized by the Yahoos and his own sense that he\u2019s really one of them.The satire is funny, even when you don\u2019t track down all the specific references to Swift\u2019s contemporary world, but the last part where Gulliver is revolted by the Yahoos and their behavior is no longer so funny. The reader is tempted, like Gulliver, to revile one\u2019s own kind who, even 300 years later, are still busy lying, cheating and making war."}, {"userName": "Lisa (Harmonybites)", "userReviewDate": "Nov 05, 2011", "userURL": "http://www.goodreads.com/user/show/2596042-lisa-harmonybites", "userReview": "The introduction to my edition claims that \"Gulliver's Travels has held our attention for nearly three centuries because of its uncanny ability to be whatever we have wanted it to be: a political book, a children's book, a merry book, a mad book, satiric, ironic, parodic, perhaps a novel, perhaps not.\" The source material sure doesn't read like children's fare. Although I suppose small boys might very well adore the bathroom humor, I can't see them getting past the antique language with unending paragraphs, random capitalizations, archaic spellings and a wealth of political allusions needing footnotes to unravel. And after the first half, with Gulliver as giant to the Lilliputans and then a doll-sized figure among the giant Brobdingnags, these tall tales become both too erudite and too bitter for children. In the third part dealing with the flying island of Laputa, the political allegory becomes a lot more pointed. Gulliver's Travels reminds me of a blend of Alice in Wonderland and science fiction--using strange unknown lands and peoples to look at ourselves in fresh ways. It's often funny and wildly imaginative in its details, although other parts make for heavy reading with lots of dense, pedantic exposition. I wouldn't call Swift congenial company among classic writers. He said in a letter to Pope his purpose is \"to vex the world rather than divert it.\" Swift also strikes me as a very conservative mindset, and I don't mean that in a simple political capital \"C\" contemporary sense. In fact in some ways he can be very forward looking for his period. He believed women should be educated the same as men and had the same intellectual potential. So the introduction and notes say, and you can see hints of that view in Gulliver's Travels and more explicitly in his \"Letter to a Young Lady.\" But Swift is also deeply suspicious of innovation or the possibility of real progress. To change is to degenerate according to Swift, not improve. The derision leveled at the Academy in Part III and its junk science and absurdest art is particularly cutting--and still feels relevant. (Although that's nothing to the utterly scathing rant against lawyers in Part IV--and yes, a lot of its points are still relevant too.) Certainly his tale in the last part of the Yahoos (humanoid beasts) and Houyhnhnms (horse-shaped but noble and rational) is deeply biting about human nature. Given this is all told through Gulliver's first person narrative and the way Gulliver degenerates after living among the Houyhnhms I'm not certain which ways it cuts. Are the Houyhnhms really noble creatures against which humans are found wanting? Or are they a commentary about the dehumanizing effects of slavery and imperialism?I suppose I might be able to tell better by reading more of Swift. And I tried. The edition I have includes other writings by Swift, the most substantial of which is The Tale of the Tub. I'm afraid I found it far less engaging than Gulliver's Travels. Perhaps if I were a student of the period or a contemporary of Swift I might have found it much more relevant or amusing. But since I really couldn't care less whether Roman Catholicism, the Church of England, or \"Dissenters\" such as Baptists or Quakers constitute the \"true\" faith I admit I was soon so very, very bored--and grateful I wasn't forced to read this for school. The one other work of Swift beside Gulliver's Travels I would very much recommend to a general reader is his lacerating satiric essay \"A Modest Proposal.\" I don't want to give too much away, but it's one of those very few essays, such as Virginia Woolf's \"A Room of One's Own,\" that you remember vividly once read even decades later."}, {"userName": "Justin Mitchell", "userReviewDate": "Aug 28, 2012", "userURL": "http://www.goodreads.com/user/show/2218505-justin-mitchell", "userReview": "So, since this is a collection of many works, to judge it as one seems unfair.Here's how I felt about each one:Gulliver's Travels: 5 starsTale of a Tub: 1 starA Modest Proposal: 4 starsEverything else: 2 starsSo, overall, three stars for this volume.  Swift has a trenchant wit.  I laughed out loud a few times, something not many writers can make me do.  But in many negative ways, he is a product of his time--verbose, florid, and difficult to understand, focused more on advertising his own verbal prowess than communicating ideas.  \"Tale of a Tub\" was especially excruciating.  The introduction gushes about it, but I found it insufferable.  I understand it's intended ironically, but it just isn't very funny, either, so really all it does is torture you just like it would if it was for real, without the payoff of humor.  No thanks.However, \"Gulliver's Travels\" is every bit as good as you imagine it might be.  It read like the best Italo Calvino novel ever--and is still relevant today, almost three hundred years after it was written.  And that's the thing--a lot of Swift's writing was very topical, and very attached to its time.  Only rarely did he manage to transcend it, and with \"Gulliver's Travels,\" he did just that."}, {"userName": "Deb (Readerbuzz) Nance", "userReviewDate": "Jun 27, 2014", "userURL": "http://www.goodreads.com/user/show/1654645-deb-readerbuzz-nance", "userReview": "Will the real Gulliver please stand up?Is it an authentic Gulliver experience to read the children's picture book?Or is it a more genuine experience to read it, unedited, without pictures, on a Kindle?I read both this week. I liked the children's version better. The pictures were fun and the edited text included the best of the original and omitted the extraneous material that seemed irrelevant to the heart of the book. I'm happy I read the original as well as the edited version. I can see the appeal of this book for readers. Funny. Thoughtful. Gulliver visits places in the world that make his entire worldview shift and crumble and, finally, evolve. A wonderful book. Or books."}, {"userName": "Tyler Chatelain", "userReviewDate": "Apr 13, 2011", "userURL": "http://www.goodreads.com/user/show/4258095-tyler-chatelain", "userReview": "Gulliver's Travels is an absolutely ridiculous tale, throwing Lemuel Gulliver into a series of strange encounters which seem like alternate worlds that parallel society.  The novel was so appealing throughout due to the way the satire treats society, particularly in response to the feudalism of the Lilliputs (whose society appears comical in trying to oppress the \"giant\" Gulliver) and the seemingly sardonic take on the English Royal Society and its incredibly disgusting, often inane experiments.  Throughout the nvel Swift shows how a writer can take the ridiculous notions of society and twist them into something even more absurd to draw reflection on how we consider such aspects."}, {"userName": "Dorothy R", "userReviewDate": "Sep 18, 2011", "userURL": "http://www.goodreads.com/user/show/5931517-dorothy-r", "userReview": "Finally read this one. Probably would have been much more fulfilling if I were up on my British history of the time frame during which he wrote - although some of the satire was even funnier considering the passage of time. For example, I am sure that his making fun of Isaac Newton's belief in gravity is much more interesting  since it is no longer questioned as a valid scientific operator but is accepted as the truth. And learning where the word \"yahoo\" came from was a little bonus."}, {"userName": "Nathan", "userReviewDate": "May 03, 2014", "userURL": "http://www.goodreads.com/user/show/30908038-nathan", "userReview": "I was good, but kind of dry."}, {"userName": "Diane", "userReviewDate": "Apr 28, 2013", "userURL": "http://www.goodreads.com/user/show/10550421-diane", "userReview": "I finally finished this book today. I extremely struggled to get through the Other Stories part. The part with Gulliver's Travels surprised me. I've always thought it was just about the little people of Lilliput ... but there's 3 other sections which include Giants, an Island in the Sky and Horses. So on a scale of 5 stars .... I give Gulliver's Travels a 3 and the Other Stories a 1 ... so giving the book a 2 (or 4 on a scale of 10 stars)."}, {"userName": "Rebeca", "userReviewDate": "Nov 26, 2011", "userURL": "http://www.goodreads.com/user/show/5915687-rebeca", "userReview": "The real rating I give this book is a 1.5 star, but I put 2 just to be nice. I just hated the ending and the constant satire. It annoyed me to death. I should just be able to read a book without having to analyze it and think about what Swift's meaning behind it is supposed to be. For Gulliver to end up conversing with his horses after all he experienced just isn't a great ending to me, let alone a great book."}, {"userName": "Annchan Maulana", "userReviewDate": "Oct 22, 2007", "userURL": "http://www.goodreads.com/user/show/212781-annchan-maulana", "userReview": "The story telling about Gulliver journey to four strange and remarkable place :1. Lands of Lilliput, where Gulliver seems a giant among a race of tiny people; 2. Brobdingnag, where the natives are giants and Gulliver puny; 3. The ruined yet magical country of Laputa; 4. The home of the Houyhnhnms, gentle horses far superior to the ugly humanoid Yahoos who share their universe."}, {"userName": "Flo", "userReviewDate": "May 08, 2012", "userURL": "http://www.goodreads.com/user/show/8631308-flo", "userReview": "I read this when I belonged to a book club a few years back. It was my book choice. I thought it was an interesting read. Interesting in that it was different from anything else you might have read before. My fellow book club members unanimously disliked it, maybe even hated it. After that book choice, they always worried when it was my turn to choose a book."}, {"userName": "Sharon", "userReviewDate": "Jan 11, 2010", "userURL": "http://www.goodreads.com/user/show/3129564-sharon", "userReview": "The first time I tried to read this for high school English I had a version that was printed as Swift had written it:  strange spelling, capital letters in the middle of sentences.  I could not get through it.  Once I found a more comprehensible version, I made it through, but I never really enjoyed any of it.  Adore the animated film, though (\"All's well!)."}, {"userName": "Laura", "userReviewDate": "Oct 31, 2010", "userURL": "http://www.goodreads.com/user/show/2527776-laura", "userReview": "I'm not going to say that this is a terrible book it was probably an awesome book when it was written it's just that all the satire went right over my head. The story itself I found way to long and can't see it being a good children's story at all. It was just crammed with some much boring detail that I didn't find entertaining or necessary."}, {"userName": "Kirsten", "userReviewDate": "Jul 06, 2009", "userURL": "http://www.goodreads.com/user/show/513996-kirsten", "userReview": "Some classics tell their age more than others. Swift wrote satire about current events--and that quite brilliantly--but some of the objects of his critique are dead and buried. Still, the story itself holds its own well enough. New lands, giants, ship wrecks, pirates, mad scientists, talking horses...there's something in it for everyone."}, {"userName": "Carson", "userReviewDate": "Jun 10, 2011", "userURL": "http://www.goodreads.com/user/show/4915506-carson", "userReview": "I did not really enjoy Gulliver's Travels because the way Gulliver tells the story is very boring and long. There are pages and pages of description that just become dull. It is good to know the story, but it is a very long, boring book."}, {"userName": "Tony", "userReviewDate": "Apr 21, 2010", "userURL": "http://www.goodreads.com/user/show/1101198-tony", "userReview": "I gather that most folks have already read this, but if you are one of those few who haven't (as I was a short while ago), I highly recommend reading the chapters satirizing Academia, i.e. Gulliver's descriptions of Laputa and Lagado."}, {"userName": "Tom Marcinko", "userReviewDate": "Dec 09, 2012", "userURL": "http://www.goodreads.com/user/show/15334605-tom-marcinko", "userReview": "Picked up as a last-minute airplane-reading decision, by chance, but an appropriate book to take to Japan.Such a perfect fantasy in so many ways, especially the first section (Lilliput).\"Tale of a Tub\" is pretty tough going, though."}, {"userName": "Darlene", "userReviewDate": "Nov 25, 2012", "userURL": "http://www.goodreads.com/user/show/1653675-darlene", "userReview": "I read this as a 15 year old. I loved it. Now not so much. I know somewhere in my 20's I lost some of my imagination. It made me reflect that I need to get that back. I think I need to add more fantasy on my bookshelf."}, {"userName": "Nathan Sharp", "userReviewDate": "Apr 26, 2011", "userURL": "http://www.goodreads.com/user/show/4542242-nathan-sharp", "userReview": "Swift is definitely creative and clever.  A lot of the effect of this book is diminished for the current reader because it has been so influential that his ideas have been copied to the point of cliche, but it is still enjoyable."}, {"userName": "Jeremiah Tillman", "userReviewDate": "Jan 09, 2015", "userURL": "http://www.goodreads.com/user/show/1695730-jeremiah-tillman", "userReview": "A Little dated, yet very interesting ideas. I loved The Battle of the Books by Swift and greatly look forward to reading the esoteric masterpiece, A Tale of a Tub by Swift as well."}, {"userName": "Todd", "userReviewDate": "Aug 28, 2007", "userURL": "http://www.goodreads.com/user/show/255579-todd", "userReview": "My likeness of this book is inflated by the fact I read it straight through with a pot of coffee in a hostel in Costa Rica when homesick. It was awesome then and should still be now."}, {"userName": "Chris", "userReviewDate": "May 19, 2009", "userURL": "http://www.goodreads.com/user/show/78503-chris", "userReview": "Oh yeah, I read this right after high school because I knew that I should (having heard about it a million times) and thoroughly enjoyed it."}], "description": "Ted Danson reads the official tie-in to Hallmark Entertainments NBC-TV television event! Imagine the greatest adventure of all time.... Rediscover the immortal story of Lemuel Gulliver and his fantastic voyage. Join him on his journey to the land of the six-inch-high Lilliputians...and into the royal court of the sixty-foot-tall Brobdingnagians. Ascend with him to the flying island of Laputa, whose inhabitants are endowed with uncommon intelligence, but no common sense at all. And follow him into the world of the Houyhnhnms, a race of civilized horses -- lords and masters of the brutish human Yahoos. The tale of a lifetime, \"Gulliver's Travels\" is filled with action, romance, danger, satirical wit, timeless wisdom, and the high drama only a classic of this caliber can convey. Set sail!", "title": "Gulliver's Travels and Other Writings", "url": "http://www.goodreads.com/book/show/6262281-gulliver-s-travels-and-other-writings", "average": 3.74, "cover": "http://d.gr-assets.com/books/1266602661l/6262281.jpg", "reviews": 42, "authors": [{"url": "http://www.goodreads.com/author/show/1831.Jonathan_Swift", "name": "Jonathan Swift"}], "outlinks": ["http://www.goodreads.com/book/show/19387.Candide_Zadig_and_Selected_Stories", "http://www.goodreads.com/book/show/31626.The_Gift_of_the_Magi_and_Other_Short_Stories", "http://www.goodreads.com/book/show/301210.The_Longman_Anthology_of_British_Literature_Volume_2A", "http://www.goodreads.com/book/show/32068.Selected_Short_Stories", "http://www.goodreads.com/book/show/609117.Two_Treatises_of_Government_and_A_Letter_Concerning_Toleration", "http://www.goodreads.com/book/show/110170.Joseph_Andrews", "http://www.goodreads.com/book/show/12412968-1812", "http://www.goodreads.com/book/show/387044.Cato", "http://www.goodreads.com/book/show/223397.Selected_Poetry_and_Prose", "http://www.goodreads.com/book/show/49961.Notes_from_Underground_The_Double_and_Other_Stories", "http://www.goodreads.com/book/show/44865.The_Major_Works", "http://www.goodreads.com/book/show/415836.The_Expedition_of_Humphry_Clinker", "http://www.goodreads.com/book/show/82664.The_Seventeen_Traditions", "http://www.goodreads.com/book/show/43044.The_Sea_Wolf_and_Selected_Stories", "http://www.goodreads.com/book/show/373407.The_Republic_and_Other_Works", "http://www.goodreads.com/book/show/10790801-girl-4", "http://www.goodreads.com/book/show/3946101-maelstrom", "http://www.goodreads.com/book/show/928194.The_Picture_of_Dorian_Gray_Riders_of_the_Purple_Sage", "http://www.goodreads.com/book/show/7733.Gulliver_s_Travels", "http://www.goodreads.com/book/show/5206937-a-modest-proposal", "http://www.goodreads.com/book/show/2677.A_Modest_Proposal_and_Other_Satirical_Works", "http://www.goodreads.com/book/show/2678.Gulliver_s_Travels_A_Modest_Proposal", "http://www.goodreads.com/book/show/865879.A_Tale_of_a_Tub"]}