{"ratings": 172, "userreviews": [{"userName": "Christian Clemmons", "userReviewDate": "Feb 03, 2012", "userURL": "http://www.goodreads.com/user/show/6569226-christian-clemmons", "userReview": "Help! I'm Trapped in Summer Camp by Todd Strasser contains two stories in one. I enjoyed this book because it is a funny, adventurous book. I like books like this because it is fun to read and it makes you feel pretty excited to keep going through the book. The settings take place during summer at a summer camp. One of the camps is called Camp Walton the other is Camp Grimley. The main characters include kids named Jake, Josh, and Andy. Jake is usually the character the story revolves around. The first conflict is that Jake is trapped in the first day of summer camp and he has no idea how to get out. The second conflict is Jake chose the wrong camp so him and his friends must survive a survival camp. I would recommend this book to people who like adventures and humor. This book gives people a good sense of humor and adventure."}, {"userName": "Dolly", "userReviewDate": "Aug 19, 2011", "userURL": "http://www.goodreads.com/user/show/1019021-dolly", "userReview": "We've read a couple of books in the Help! I'm Trapped series and so far we like them.  They are a bit more complex and longer than some of the other chapter books we've read recently and the drama is entertaining.  Of course this book is a knock-off of the movie \"Groundhog Day\", starring Bill Murray.  That's one of my favorites and so I loved the concept here.  It was an engaging story and as long as it was, we had plenty of time to read since a thunderstorm knocked out our power and we had little else to do.  Overall, it was a very interesting and engaging story and we will certainly look for more of the books in this series at our local library."}, {"userName": "James", "userReviewDate": "Mar 13, 2014", "userURL": "http://www.goodreads.com/user/show/27747055-james", "userReview": "This book was very good I would recommend it to anyone who likes  adventure and comedy. The main character is very funny and its two stories in one and ones with a summer camp were he can not get passed the first day and the second one is he switches bodies with a camp leader and it turns out interesting results. So I recommend this book to anyone who wants comedy and adventure"}, {"userName": "Jared", "userReviewDate": "Nov 06, 2012", "userURL": "http://www.goodreads.com/user/show/12517020-jared", "userReview": "I thought that this book was very entertaining to read because it's sort of like a mystery/comedy. It's a mystery because Jake has to find a way to stop living the first day of summer camp over and over again. It's a comedy because they pull pranks on each other and tons of other stuff. I can't tell you how he gets out of summer thought because that part is very interesting and I would spoil the whole story. I would defiantly recommend this book to my friends."}, {"userName": "Ahmad Hassan", "userReviewDate": "Aug 10, 2011", "userURL": "http://www.goodreads.com/user/show/6007367-ahmad-hassan", "userReview": "In this book ,a boy named Jake Sherman, who is going to a camped called Walton.On the first day of camp,Jake hurts Peter feeeling because He jones on him. Peter wouldnt be his freind.There is a person that Jake doesnt know that wants him to be nice to Peter. That guy make Jake do the first day of camp all over again. Stick around and find out what happen to Jake and How he solved it."}, {"userName": "Nrak AKA Karn", "userReviewDate": "Mar 19, 2008", "userURL": "http://www.goodreads.com/user/show/840339-nrak-aka-karn", "userReview": "I own this book. It very awesome and hilarious. Todd Srasser is a great writer it ends in the most funniest way you won't even believe it. One of the best books i read in 4th grade. Even if you are not in 4th grade it is still worth it, a great book. You will definetly love.I will sell or swap this book with anyone in Grover Middle School"}, {"userName": "*Cody* Hubble", "userReviewDate": "Mar 08, 2010", "userURL": "http://www.goodreads.com/user/show/2772205-cody-hubble", "userReview": "this is a really boring book at first but once u start to read it you start to like it.I give this book four stars because of what i said before,it's boring but then gets interesting"}, {"userName": "Laila Tarek", "userReviewDate": "Sep 12, 2013", "userURL": "http://www.goodreads.com/user/show/12567937-laila-tarek", "userReview": "I loved the book, the characters.. everything!! it was really amazing, but the end wasa little disappointing. But, I still enjoyed it very much. it's a funny light read! :)"}, {"userName": "Steven", "userReviewDate": "Jun 06, 2010", "userURL": "http://www.goodreads.com/user/show/3832373-steven", "userReview": "This book deals with issues of self and group identity in some thoughtful ways.  The setting in camp, though, limits its application in all classrooms."}, {"userName": "Hayley", "userReviewDate": "Nov 24, 2011", "userURL": "http://www.goodreads.com/user/show/6653692-hayley", "userReview": "I loved this book! IT was almost as good as Diary of a Wimpy Kid.  I loved it because it taught a valuble lesson to not pick on other people."}, {"userName": "Fari ", "userReviewDate": "Jul 19, 2014", "userURL": "http://www.goodreads.com/user/show/30492707-fari", "userReview": "It was pretty good, funny and creative. I liked it, read it a year and a half ago... Yeah, not much else to say."}, {"userName": "Maggie Williams", "userReviewDate": "Aug 29, 2008", "userURL": "http://www.goodreads.com/user/show/1360316-maggie-williams", "userReview": "so good finished both of the parts in 2 days!!!!!!!!!!!!!!!!!!!!!!!!!!!!!!!!!hope that never happens to me!!haha"}, {"userName": "Crowleaf", "userReviewDate": "Dec 11, 2011", "userURL": "http://www.goodreads.com/user/show/6346114-crowleaf", "userReview": "Haha.. this was one of my favorite books ever as a kid. Also, my favorite of all the Help! I'm trapped! series."}, {"userName": "Vitaliy", "userReviewDate": "Feb 27, 2009", "userURL": "http://www.goodreads.com/user/show/2078181-vitaliy", "userReview": "I'm thinking what the book is o.k book but I'm  thinking the author needed to add a better ending for the book."}, {"userName": "Abishkar Chhetri", "userReviewDate": "May 06, 2011", "userURL": "http://www.goodreads.com/user/show/5390918-abishkar-chhetri", "userReview": "My First Book!!!It was pretty good!Didn't read the second story!"}, {"userName": "Karin", "userReviewDate": "May 03, 2011", "userURL": "http://www.goodreads.com/user/show/2596392-karin", "userReview": "Enjoyed the humor. Hope to read more books by this author."}, {"userName": "Jadyn Cooke", "userReviewDate": "Mar 03, 2013", "userURL": "http://www.goodreads.com/user/show/18006787-jadyn-cooke", "userReview": "i thought it was to predictable. but otherwise i liked it"}, {"userName": "Jessie", "userReviewDate": "Sep 29, 2008", "userURL": "http://www.goodreads.com/user/show/1322985-jessie", "userReview": "this book made no sense to me but i liked it!"}, {"userName": "Lamisa", "userReviewDate": "May 10, 2009", "userURL": "http://www.goodreads.com/user/show/1325130-lamisa", "userReview": "odd"}], "description": "Jake Sherman's first day at summer camp is pretty bad... but it gets even worse when he has to live through it again... and again!", "title": "Help! I'm Trapped in the First Day of Summer Camp\n      \n          (Help! I'm Trapped...)", "url": "http://www.goodreads.com/book/show/518595.Help_I_m_Trapped_in_the_First_Day_of_Summer_Camp", "average": 3.83, "cover": "http://d.gr-assets.com/books/1175474957l/518595.jpg", "reviews": 18, "authors": [{"url": "http://www.goodreads.com/author/show/31468.Todd_Strasser", "name": "Todd Strasser"}], "outlinks": ["http://www.goodreads.com/book/show/6992139-help-i-m-trapped-in-summer-camp", "http://www.goodreads.com/book/show/7924828-help-i-m-trapped-in-summer-camp", "http://www.goodreads.com/book/show/11995817-help-i-m-trapped-in-the-first-day-of-summer-camp-help-i-m-trapped", "http://www.goodreads.com/book/show/11961317-help-i-m-trapped-in-the-first-day-of-camp", "http://www.goodreads.com/book/show/6992139-help-i-m-trapped-in-summer-camp", "http://www.goodreads.com/book/show/6992139-help-i-m-trapped-in-summer-camp", "http://www.goodreads.com/book/show/6992139-help-i-m-trapped-in-summer-camp", "http://www.goodreads.com/book/show/639146.Dinosaur_Detectives", "http://www.goodreads.com/book/show/69087.Class_Clown", "http://www.goodreads.com/book/show/2706564-the-dragonling", "http://www.goodreads.com/book/show/240222.Sir_Cumference_and_the_Great_Knight_of_Angleland", "http://www.goodreads.com/book/show/790260.The_Curse_of_the_Campfire_Weenies_and_Other_Warped_and_Creepy_Tales", "http://www.goodreads.com/book/show/813889.Secret_Identity", "http://www.goodreads.com/book/show/127169.Ghosts_Beneath_Our_Feet", "http://www.goodreads.com/book/show/125611.The_Deadly_Experiments_of_Dr_Eeek", "http://www.goodreads.com/book/show/236645.The_Most_Wonderful_Doll_in_the_World", "http://www.goodreads.com/book/show/462021.Alligator_Pie", "http://www.goodreads.com/book/show/386715.Four_Miles_to_Pinecone", "http://www.goodreads.com/book/show/6660370-your-neighborhood-gives-me-the-creeps", "http://www.goodreads.com/book/show/401814.If_You_Traveled_West_In_A_Covered_Wagon", "http://www.goodreads.com/book/show/949948.Circle_of_Gold", "http://www.goodreads.com/book/show/1702662.Sniper", "http://www.goodreads.com/book/show/811116.Crime_Files", "http://www.goodreads.com/book/show/18554634-lords-of-trillium", "http://www.goodreads.com/book/show/288136.The_Mystery_of_the_Stolen_Corn_Popper", "http://www.goodreads.com/book/show/518604.Help_I_m_Trapped_In_My_Teacher_s_Body", "http://www.goodreads.com/book/show/518600.Help_I_m_Trapped_In_Obedience_School", "http://www.goodreads.com/book/show/518597.Help_I_m_Trapped_in_My_Sister_s_Body_", "http://www.goodreads.com/book/show/518622.Help_I_m_Trapped_in_Obedience_School_Again", "http://www.goodreads.com/book/show/1388519.Help_I_m_Trapped_in_My_Gym_Teacher_s_Body", "http://www.goodreads.com/book/show/518594.Help_I_m_Trapped_in_Santa_s_Body", "http://www.goodreads.com/book/show/518603.Help_I_m_Trapped_in_an_Alien_s_Body", "http://www.goodreads.com/book/show/518617.Help_I_m_Trapped_in_My_Principal_s_Body", "http://www.goodreads.com/book/show/350507.Give_a_Boy_a_Gun", "http://www.goodreads.com/book/show/518593.Boot_Camp", "http://www.goodreads.com/book/show/6249550-wish-you-were-dead", "http://www.goodreads.com/book/show/7499620-blood-on-my-hands", "http://www.goodreads.com/book/show/17262252-fallout"]}