{"ratings": 382, "userreviews": [{"userName": "Jim", "userReviewDate": "Feb 28, 2010", "userURL": "http://www.goodreads.com/user/show/1895570-jim", "userReview": "When you consider that this book is accompanied by a great CD album of great early jazz, blues, and country greats, it's a terrific deal. The book itself consists of a series of annotated trading cards designed by cartoonist R. Crumb for Yazoo Records releases some thirty years ago. Crumb's art is, as usual, wonderful; and the short descriptions remind us about how much great old music from the 1920s and 1930s is forgotten today."}, {"userName": "Josh", "userReviewDate": "May 29, 2012", "userURL": "http://www.goodreads.com/user/show/4134979-josh", "userReview": "I fell in love with R. Crumb around the same time I got interested in blues music, and I found out about his love for blues when I stumbled upon a Son House greatest hits with Crumb's portrait of House on the cover. It's a perfect drawing; the tilt of the head, the gauche coloration vs. the black and white of the original photo, and the wrinkles - oh, the wrinkles! R. Crumb made the music make sense. Were it not for that particular rendering of Son House, blues may have remained a historical oddity to me rather than a vital, blood-and-bones experience. In this collection, I think Son House is the only musician who was actually caught performing in the shot, while the rest of them are posing for the camera. The fact that Crumb can capture the humanity in an artificially-smiling face is mind-blowing. Crumb looks at an old faded photo of the Weems String Band and gives it life. Suddenly these aren't just bodies that recorded some music and then vanished. Crumb has found the people hidden in the tape hiss, and he draws (or in the case of the jazz set, paints) each face, each body, as if he knew them personally."}, {"userName": "Jeff Song", "userReviewDate": "Jul 05, 2010", "userURL": "http://www.goodreads.com/user/show/3965283-jeff-song", "userReview": "Crumb put together a great collection of music on the CD that accompanies this book of his portraits of his Heroes of Blues, Jazz, & Country.I think he is one of the masters of pen and ink portraiture."}, {"userName": "Nick Bennett", "userReviewDate": "Sep 25, 2014", "userURL": "http://www.goodreads.com/user/show/26781851-nick-bennett", "userReview": "Great stuff, the country section was particularly interesting."}, {"userName": "Richard Dees", "userReviewDate": "Aug 22, 2009", "userURL": "http://www.goodreads.com/user/show/477057-richard-dees", "userReview": "skip james \"hard time killing floor blues\" is on the cd that comes with the book and instantly became one of my favorite blues songs"}, {"userName": "Bruce", "userReviewDate": "Feb 15, 2014", "userURL": "http://www.goodreads.com/user/show/1449923-bruce", "userReview": "Three sets of cards: Heroes of the Blues, Early Jazz Greats, and Pioneers of Country Music first published in the 1980s by Yazoo Records/Shanachie Entertainment are reproduced in this compilation. The Blues and Country sets were drawn in Crumb\u2019s distinctive style and then colored. The Jazz set was painted by him. The portraits taken from existing photographs represent the musical passions of Crumb. The accompanying notes by Calt, Jasen and Nevins give brief information about the musicians, their careers, influences, playing styles and when available their birth and death dates."}, {"userName": "Crotijak", "userReviewDate": "Feb 07, 2014", "userURL": "http://www.goodreads.com/user/show/3737188-crotijak", "userReview": "Crumb is extrodinary artist, and although I don't personally like the style this book is drawn, I liked the theme of the book very much. It's cery interesting and gives insight in early stages of blues, jazz and rock music."}, {"userName": "Rob Charpentier", "userReviewDate": "Aug 13, 2014", "userURL": "http://www.goodreads.com/user/show/30667391-rob-charpentier", "userReview": "Fans of Robert Crumb are familiar with his old-timey music obsession as well as his corresponding mania for collecting 78 rpm records. (Shameless plug: read \"Do Not Sell at Any Price\" by Amanda Petrusich, which deals with the collecting of this outdated music format.) If it wasn't for his artwork overshadowing all else he does, Crumb would quite possibly be known for his music collection. This book combines both of these aspects of the man. Single panel color illustrations along with a brief bio fill this book with musicians very few of us have ever heard of. There's an accompanying CD that comes along with this book to rectify this which really makes this book a must have!"}, {"userName": "Jerry Oliver", "userReviewDate": "Apr 19, 2013", "userURL": "http://www.goodreads.com/user/show/5152030-jerry-oliver", "userReview": "This was a very cool little book. This book brings together all of R. Crumb's illustrations he did for three early 1980's sets of trading cards featuring the Heroes Of The Blues, Early Jazz Greats and Pioneers Of Country Music. These excellent illustrations are accompanied by short bios of these intriguing musician and groups from first days early recorded American music. This is a fun collection for enthusiasts or a great introduction to artists like Son House, The Carter Family, Jimmie Rogers, Charlie Poole and many more known and very obscure musicians from the period."}, {"userName": "J", "userReviewDate": "Jan 12, 2008", "userURL": "http://www.goodreads.com/user/show/384892-j", "userReview": "This beautifully put together book is really and truly outstanding.  The combination of Robert Crumb's art with single page bios of various old time blues, jazz and country stars is a major success.  If you want to learn a little about a whole lot of singers and musicians from the 20's and 30's, this is your source.  Even better, the included CD contains 21 awesome songs from the catalog of Yazoo Records, recorded between 1927 and 1931.  Listen while you learn!  R. Crumb's Heroes Of Blues, Jazz & Country takes the cake and eats it, too."}, {"userName": "Jim", "userReviewDate": "Jun 07, 2013", "userURL": "http://www.goodreads.com/user/show/5090655-jim", "userReview": "You take a provocative artist like Robert Crumb and pair him with a controversial topic like early Blues and you get a masterpiece. This is just small bios of famous artists, which is similar to his \"Little Blues Book\" - key difference though is LBB offers even more depth on the Blues history and certain artists/lyrics which is really enjoyable - but unlike that book which is in B&W, this is in lovingly created color!!. Read them both together if you love the blues - the lyric component of LBB is really worth it."}, {"userName": "Tom", "userReviewDate": "Jul 22, 2007", "userURL": "http://www.goodreads.com/user/show/204408-tom", "userReview": "a splendid collection of Crumb's trading card sets, in easily-accessible \"book\" format, with a cracking CD of scratchy gems, like the Weems String Band, who all look like each other's cousins. his craft - drawing old photos in his own cartoon style - gives these old time musicians the slightly weird depth that suits them. if you don't like Crumb's world, you won't like this - but if you don't know him, it's a pretty good place to start"}, {"userName": "Eric", "userReviewDate": "Feb 03, 2009", "userURL": "http://www.goodreads.com/user/show/740329-eric", "userReview": "A Christmas gift from my sister, this is an exceptional collection of single-panel renditions of unheralded musical legends by the brilliant (if eccentric) R. Crumb.  The collection was originally intended to be published as a set of trading cards--which tells you something of the book's format: the artist appears on one page, and a short paragraph about his or her life appears opposite.It's a lovely book."}, {"userName": "thom", "userReviewDate": "Feb 18, 2009", "userURL": "http://www.goodreads.com/user/show/1470777-thom", "userReview": "A great introduction to old blues, country and jazz records which even includes a CD to get you started. Some of the music is captivating, other more a little strange to modern ears. Crumb's illustrations are, of course, fantastic, but some of the anecdotes about the various bands are just as great. Altogether it's a great book - wonderful to flick through listening to the CD."}, {"userName": "Bobby", "userReviewDate": "Aug 25, 2009", "userURL": "http://www.goodreads.com/user/show/275927-bobby", "userReview": "I've never been very attracted to Crumb's work although I understand his importance in the history of graphic novels & comics.This book however was the perfect combination of art, music, and history.  I was unaware of these card he originally created, but found the book interesting and it introduced me both in music and text to a variety of musicians."}, {"userName": "Tim Niland", "userReviewDate": "Jan 16, 2008", "userURL": "http://www.goodreads.com/user/show/251908-tim-niland", "userReview": "This delightful little book collects reprintings of collectible cards that the comic R. Crumb drew in the 1980's. Crumb is a longtime collector and aficionado of early 20th century American music, and this drawings with very brief biographical accompaniment make a colorful statement about the characters that built American music."}, {"userName": "Paul Secor", "userReviewDate": "Sep 20, 2012", "userURL": "http://www.goodreads.com/user/show/5737008-paul-secor", "userReview": "Used to have the trading cards. Actually never bothered with the book. Seemed to me like Crumb just copied old photographs and didn't put much of himself into the drawings, so they didn't interest me.I seem to be in a minority here with my rating, but that's ok."}, {"userName": "Jim Wilson", "userReviewDate": "Nov 10, 2013", "userURL": "http://www.goodreads.com/user/show/15509543-jim-wilson", "userReview": "R. Crumb drawings of mostly forgotten early blues, jazz and country musicians with brief biographical notes.  Typical R. Crumb drawings.  There is a music CD included.  Nice book for those interested in early music."}, {"userName": "Dave Peticolas", "userReviewDate": "Oct 08, 2014", "userURL": "http://www.goodreads.com/user/show/31104786-dave-peticolas", "userReview": "A fine collection of r.crumb drawings of blues and country musicians from the 20's and 30's. Each sketch includes a short bibliography and the book comes with a CD of selected music."}, {"userName": "Tyler", "userReviewDate": "Oct 21, 2007", "userURL": "http://www.goodreads.com/user/show/141327-tyler", "userReview": "Crumb's illustrations are great, the band and artist synopses that they accompany are surprisingly informative for their length, and the attached bonus CD is killer."}, {"userName": "Carrie", "userReviewDate": "May 11, 2013", "userURL": "http://www.goodreads.com/user/show/127922-carrie", "userReview": "Fantastic little book. As wonderful as the trading cards are, though, the music itself is the real draw - listen to the CD, make yourself a radio station online, enjoy."}, {"userName": "Mike", "userReviewDate": "May 01, 2012", "userURL": "http://www.goodreads.com/user/show/2704698-mike", "userReview": "Fun book, great illustrations and great recordings.  I wish he'd given as much space to the blues musicians as he gave to the old-time/country ones."}, {"userName": "Lee", "userReviewDate": "Feb 18, 2012", "userURL": "http://www.goodreads.com/user/show/90786-lee", "userReview": "A pretty fine little Xmas present. Like baseball cards that come with ideas about music to download instead of stale chewing gum."}, {"userName": "Mary Louise ", "userReviewDate": "Jul 12, 2011", "userURL": "http://www.goodreads.com/user/show/540140-mary-louise", "userReview": "I am a big fan of the graphic genre, and this book, about all the music superstars, is fantastic. Educational and entertaining."}, {"userName": "Kayla Rae Whitaker", "userReviewDate": "Jan 16, 2009", "userURL": "http://www.goodreads.com/user/show/393471-kayla-rae-whitaker", "userReview": "The music compilation is excellent. So is the rendering of the Carter Family. I'm very glad this is a part of my library now."}, {"userName": "David Allen", "userReviewDate": "Jul 20, 2008", "userURL": "http://www.goodreads.com/user/show/192-david-allen", "userReview": "The CD, collecting 21 songs from 1927-1931 chosen by Crumb, is worth the $20 cost all by itself. The book is a nice bonus."}, {"userName": "Matthew", "userReviewDate": "Jul 10, 2013", "userURL": "http://www.goodreads.com/user/show/10907927-matthew", "userReview": "A fun, beautifully drawn and surprisingly brilliant guide to blues, jazz and country by the always remarkable Crumb."}, {"userName": "Greg", "userReviewDate": "Jun 12, 2011", "userURL": "http://www.goodreads.com/user/show/153322-greg", "userReview": "Is it wrong that I want to get this for my six-year-old niece?"}, {"userName": "Daniel", "userReviewDate": "Feb 08, 2008", "userURL": "http://www.goodreads.com/user/show/859443-daniel", "userReview": "kinda fuckin' beautiful."}, {"userName": "Rosebud", "userReviewDate": "Oct 17, 2007", "userURL": "http://www.goodreads.com/user/show/528724-rosebud", "userReview": "this is a true treasure."}], "description": "Anyone who knows R. Crumb's work as an illustrator knows of his passion for music. And all those who collect his work prize the \"Heroes of the Blues, Early Jazz Greats,\" and \"Pioneers of Country Music\" trading card sets he created in the early to- mid-1980s. Now they are packaged together for the first time in book form, along with an exclusive 21-track CD of music selected and compiled by Crumb himself (featuring original recordings by Charley Patton, \"Dock\" Boggs, \"Jelly Roll\" Morton, and others). A bio of each musician is provided, along with a full-color original illustration by the cartoonist. A characteristically idiosyncratic tribute by an underground icon to the musical innovators who helped inspire him, \"R. Crumb's Heroes of Blues, Jazz & Country\" is a must-have collection for Crumb aficionados, comics fans, and music lovers alike.", "title": "Heroes of Blues, Jazz, and Country", "url": "http://www.goodreads.com/book/show/61343.Heroes_of_Blues_Jazz_and_Country", "average": 4.31, "cover": "http://d.gr-assets.com/books/1329166458l/61343.jpg", "reviews": 31, "authors": [{"url": "http://www.goodreads.com/author/show/5866191.Robert_Crumb", "name": "Robert Crumb"}, {"url": "http://www.goodreads.com/author/show/138075.Stephen_Calt", "name": "Stephen Calt"}, {"url": "http://www.goodreads.com/author/show/3373671.David_Jasen", "name": "David Jasen"}, {"url": "http://www.goodreads.com/author/show/1031258.Richard_Nevins", "name": "Richard Nevins"}, {"url": "http://www.goodreads.com/author/show/24494.Terry_Zwigoff", "name": "Terry Zwigoff"}], "outlinks": ["http://www.goodreads.com/book/show/18890980-r-crumb-s-heroes-of-blues-jazz-country", "http://www.goodreads.com/book/show/18890980-r-crumb-s-heroes-of-blues-jazz-country", "http://www.goodreads.com/book/show/18890980-r-crumb-s-heroes-of-blues-jazz-country", "http://www.goodreads.com/book/show/424610.Incredibly_Strange_Music_Vol_One", "http://www.goodreads.com/book/show/870168.Japrocksampler", "http://www.goodreads.com/book/show/564707.A_Whore_Just_Like_The_Rest", "http://www.goodreads.com/book/show/6077395-secret-identity", "http://www.goodreads.com/book/show/17595.Blues_People", "http://www.goodreads.com/book/show/201792.Our_Cancer_Year", "http://www.goodreads.com/book/show/101274.Music_is_My_Mistress", "http://www.goodreads.com/book/show/373465.Elliott_Smith", "http://www.goodreads.com/book/show/78441.Unknown_Pleasures", "http://www.goodreads.com/book/show/8248253-electric-eden", "http://www.goodreads.com/book/show/148576.A_Mammal_s_Notebook", "http://www.goodreads.com/book/show/283238.Space_is_the_Place", "http://www.goodreads.com/book/show/564701.Wreckers_of_Civilisation", "http://www.goodreads.com/book/show/2027150.No_Wave", "http://www.goodreads.com/book/show/423977.Ocean_of_Sound", "http://www.goodreads.com/book/show/7556.Quimby_The_Mouse", "http://www.goodreads.com/book/show/666447.As_Though_I_Had_Wings", "http://www.goodreads.com/book/show/13538043-new-york-drawings", "http://www.goodreads.com/book/show/6371553-the-book-of-genesis", "http://www.goodreads.com/book/show/61344.The_R_Crumb_Handbook", "http://www.goodreads.com/book/show/657497.The_R_Crumb_Coffee_Table_Art_Book", "http://www.goodreads.com/book/show/63811.My_Troubles_With_Women", "http://www.goodreads.com/book/show/61353.The_Book_of_Mr_Natural"]}