{"ratings": 1925, "userreviews": [{"userName": "Harun Harahap", "userReviewDate": "May 18, 2010", "userURL": "http://www.goodreads.com/user/show/2109023-harun-harahap", "userReview": "Betapa muaknya saya membaca kisah yang dituturkan oleh seorang Pribumi asli yang merasa dirinya Eropa  dan lebih tinggi derajatnya daripada pribumi yang lain. Pribumi yang mempunyai kekuasaan untuk menghisap darah pribumi yang lain. Pribumi itu bernama Jacques Pangemanann, seorang pribumi asli yang diangkat anak oleh orang Perancis dan mendapatkan pendidikan Perancis.Di Novel penutup dari tetralogi Pulau buru ini, sudut pandang memang tak lagi milik Minke tapi Jacques Pangemanann. Dalam novel \"Rumah Kaca\" ini kebanyakan menceritakan tentang perkembangan organisasi di Indonesia pada tahun 1910an. Kita dapat mengetahui kisah para pahlawan yang pernah kita dengar seperti dr. Tjiptomangunkusumo atau Douwwes Dekker. Ataupun pahlawan yang mungkin kita tak pernah mendengarnya sekalipun seperti Siti Soendari. Minke sedikit sekali diperbincangkan dalam novel ini. Hanya beberapa kali disinggung dan dipuja oleh Pangemanann. Betapapun Pangemanann merasa bangga terhadap kehebatan dan nasionalisme Minke hingga ia merasa bersalah hingga perang batin berkecamuk dalam dirinya, saya tidak peduli. Saya merasa dia tetaplah orang Jahat dan Munafik. Setiap orang mempunyai pilihan akan hidupnya, begitu juga dengan Pangemanann. Karena ia lebih memilih menjadi penindas bangsanya sendiri daripada membantu bangsanya mendapatkan hak kemerdekaan. Maka saya pun tak akan menangisi kehilangannya tas harta dan keluarganya bahkan kematiannya.Ada hal yang menarik dari pemikiran Minke tentang Politik dan Organisasi. Ketika dia bilang bahwa dia akan dibebaskan dengan bersyarat bahwa dia tidak boleh berorganisasi dan berpolitik. Tapi minke pun menyampaikan bahwa kehidupan sendiri selalu bertautan dengan politik dan berjalan dengan oraganisasi. Setiap orang yang membayar pajak maka dia telah berpolitik dantelah membenarkan apa yang dilakukan pemerintah.Minke walaupun telah mati jasadnya, namun ide dan pemikirannya akan selalu hidup. Keadilan harus ditegakkan dan kemerdekaan harus diraih. Tak ada lagi penjajahan, kemiskinan dan kebodohan.  Biarlah hingga ia mati dihinakan oleh para penguasa . Tapi akan kuteriakkan dengan lantang kalimat terakhir pada novel ini:Deposuit Potentes de Sede et Exalvatat Humiles. (Dia Rendahkan Mereka yang Berkuasa dan Naikkan Mereka Yang Terhina)"}, {"userName": "Michiyo 'jia' Fujiwara", "userReviewDate": "Oct 13, 2012", "userURL": "http://www.goodreads.com/user/show/6999278-michiyo-jia-fujiwara", "userReview": "Selesai sudah.. Sudah selesai semua petualangan para manusia dan bumi-nya, atas persaudaraan dan kesamaan nasib anak semua bangsa yang tak mau lagi terbelenggu oleh kolonialisme dan keinginan untuk memerdekan diri sendiri dan untuk setiap tindakan yang mereka lakukan, akan menciptakan jejak langkah bagi generasi mereka dan generasi sesudah mereka..Minke..Ia pergi dalam kesepian\u2014ia yang sudah dilupakan, dilupakan sudah dalam hidupnya. Ia seorang pemimpin yang dilupakan oleh pengikutnya. Ini hanya terjadi di Hindia, di mana tulang belulang pun dengan cepat dihancurkan oleh kelembapan. Bagaimanapun masih baik dan masih beruntung pemimpin yang dilupakan oleh pengikut daripada seorang penipu yang jadi pemimpin yang berhasil mendapatkan banyak pengikut.Ubah sudut pandangmu..dan nikmatilah sudut pandang baru ini..bukan lagi dari sudut pandang Minke..tokoh yang kita telah kenal sebelumnya..tapi dari seorang Jacques Pangemanann.. tokoh yang kuanggap tidak penting..sampai-sampai aku tidak mencantumkan nama-nya pada Jejak langkah.. Ia pengawas ketat bangsa-nya sendiri demi keselamatan dan kelangsungan hidup Gubermen. Semua pribumi-telah ditempatkannya dalam sebuah rumah kaca dan diletakkan dalam meja kerjanya. Segalanya menjadi jelas terlihat. Itulah pekerjaannya-mengawasi semua gerak-gerik seisi rumah kaca itu. Maka bila ia berhasil menyelesaikan tulisan ini, dan sampai pada tangan kalian, hendaklah pada catatannya ini kalian beri judul Rumah Kaca..Tapi yang terjadi..Rasa penyesalan dan duka telah memenuhi hati nuraninya..diakhir perjalanan hidupnya, walaupun belum selesai catatannya mengenai Rumah Kaca..paling tidak ia telah berikan; Kepada Madame Sanikem Le Boucq..cukuplah semua tertera dalam berkas catatanku Rumah Kaca ini, yang dengan rela kupersembahkan kepadamu. Madamlah hakimku. Hukuman aku terima Madame.Bersama ini aku serahkan juga padamu naskah-naskah yang memang menjadi hakmu , tulisan R.M Minke, anakmu terkasih. Terserah bagaimana Madame menggunakan dan merawatnya.Deposuit Potentes de Sede et Exaltavat Humile--Dia Rendahkan Mereka yang Berkuasa dan Naikkan Mereka yang HinaAdieu Buru.."}, {"userName": "Ahmad", "userReviewDate": "Apr 09, 2009", "userURL": "http://www.goodreads.com/user/show/546894-ahmad", "userReview": "Jika karya ini danggap New york Times sebagai yang paling ambisius, saya sepakat. Pram membuktikan dirinya benar-benar patut menjadi nominee nobel sastra. Ia seolah membungkam semua fakta yang selama ini dipercaya sebagai sejarah dengan sangat apik. Dibandingkan tiga karya terdahulunya, karya ini memang lebih melelahkan. Bahkan, saya sampai berkata, \"Akhirnya, selesai juga...\" Ia berlompatan mengulang semua cerita dari sudut pandang dan daya cerna pikir yang berbeda. Pada akhirnya, \"Rumah Kaca\" bagi saya adalah catatan penting yang laik jadi pengajaran sastra anak-anak muda. Ya, anak-anak muda yang telah kehilangan gairah kepada negerinya sendiri, ditinggal mati oleh idealisme, dan takluk pada pargmatisme."}, {"userName": "Anna", "userReviewDate": "Jan 08, 2010", "userURL": "http://www.goodreads.com/user/show/1541812-anna", "userReview": "Salut kepada Pram, bisa-bisanya dia berlagak seperti seorang Eropa dengan yakinnya, memberikan narasi mengenai intrik seputar kolonialisme dari sudut pandang orang dalam (yang telah terlanjur kupercayai walaupun belum tentu valid), sekaligus menjadi seorang Pribumi yang tak ada bandingannya dalam mengerti karakteristik bangsanya. Benar-benar dia adalah harta pusaka bangsa ini, semoga bukunya dibaca hingga ke generasi-generasi yang akan datang; mengingat hidup yang lebih terarah bila kita mengerti latar belakang permasalahan.Di bawah ini kutipan yang sungguh tidak boleh terlupakan:Menjadi perabot kekuasaan seperti ini, makin ke atas makin besar mulut, kuping hilang; makin ke bawah makin besar kuping, mulut hilang\"--\"Kalau setinggi itu puji-pujian Tuan pada Jawa, mengapa dia bisa dikalahkan oleh Eropa?\"\"Pertama-tama karena bangsa ini mempunyai watak selalu mencari-cari kesamaan, keselarasan, melupakan perbedaan untuk menghindari bentrokan sosial. Dia tunduk dan taat pada ini, sampai kadang tak ada batasnya. Akhirnya dalam perkembangannya yang sering, ia terjatuh pada satu kompromi ke kompromi lain dan kehilangan prinsip-prinsip. Ia lebih suka penyesuaian daripada cekcok urusan prinsip.\"--\"Ia pernah mengatakan pada salah seorang temannya: orang boleh pandai setinggi langit, tapi selama ia tidak menulis, ia akan menghilang di dalam masyarakat dan dari sejarah.\"--\"Betapa bedanya bangsa-bangsa Hindia ini dari bangsa Eropa. Di Eropa setiap orang yang memberikan sesuatu yang baru pada umat manusia dengan sendirinya mendapat tempat yang selayaknya di dunia dan di sejarahnya. Di Hindia, nampaknya setiap orang takut tak mendapat tempat dan berebutan untuk menguasainya.--Pada jaman Soeharto dahulu, akibat dari kediktatorannya adalah pembungkaman terhadap naskah-naskah sejarah juga terhadap suara-suara sumir yang gerah akan ketidakadilan dimana-mana. Juga, akibat dari kediktatorannya itu adalah masyarakat yang tertib disiplin walaupun itu bukan perilaku dari pikiran yang sadar, karenanya Indonesia bisa sampai pada prestasi yang gilang gemilang diantara sesama Asia, hingga timbullah nama Indonesia sebagai macan Asia.Naskah Pram banyak yang diberangus semasa Soeharto. Pada sekolah formal di jaman itu, organisasi seperti Serikat Islam dan Boedi Moeljo hanya dipaparkan sesingkat-singkatnya. Pertanyaan dalam ulangan pun lebih tidak penting lagi, hanya menanyakan kapan didirikan dan siapa tokohnya. Merupakan hadiah tersendiri bagi demokrasi, kini naskahnya sudah bisa dibaca dengan bebas walaupun kurang diperhatikan.Orang banyak lebih senang beradu mulut mengenai kasus yang apabila diambil perbandingannya dengan apa yang dikisahkan dalam buku ini, seperti remeh temeh saja. Kebebasan yang telah dirintis pada masa proklamasi hilang tergerus orba, kini orba telah hilang namun semangat itu belum bisa kembali karena bangsa terlena oleh kebisaannya yang baru didapat setelah tiran runtuh: berbicara. Sampai sulit negara maju barang selangkah karena terlampau banyak orang memberi kritik, yang entah karena memang dalam pengetahuannya ataupun karena sirik hatinya. Dalam pengukurannya, bukan tidak mungkin kemajuan Pribumi berlogika sejak jaman dulu sangat sedikit, tapi bisa dibilang minus. Sayang sekali orang kurang berminat membaca sejarah, hanya dengan pikiran yang penuh orang bisa mengeluarkan kata yang baik dan bijak.   Walaupun begitu baik semuanya, tetap saja seperti penyakit seperti pada penulis Indonesia lain, Pram mendewakan tokoh utama berlebihan :("}, {"userName": "Zaki Setiawan", "userReviewDate": "Oct 03, 2012", "userURL": "http://www.goodreads.com/user/show/6632683-zaki-setiawan", "userReview": "Deposuit Potentes de Sede et Exaltavat Humiles(Dia Rendahkan Mereka yang Berkuasa dan Naikkan Mereka Yang Terhina) (hal : 646)Karya Eyang Pram yang ini sungguh \u201cmelewati batas zaman\u201d. Kita yang disuguhi cerita tentang Minke pada tetralogi sebelumnya ( Bumi Manusia, Anak Semua Bangsa dan Jejak Langkah) kemudian diakhiri dengan pembuangan Minke ke tanah Maluku. Tahap Penangkap sampai dengan Pembuangan Minke dipimpin langsung seorang Komisaris Besar Polisi Hindia berdarah Ambon yaitu Jacques Pangemanann.Rumah Kaca sebagai bagian akhir dari tetralogi ternyata tidak bercerita tentang Minke lagi namun tentang Jacques Pangemanann. Polisi yang menangkap dan membuangnya ke Maluku. Jacques Pangemanann adalah pribumi asli dari Manado yang diangkat anak seorang apoteker berkebangsaan prancis maka dia mempunyai menyandang nama  Jacques.Jacques Pangemanann diceritakan setelah membuang Minke kemudian pensiun dari dinas Kepolisian. Masa Pensiun bukan diisi bersantai dengan keluarga namun diangkat sebagai staf ahli Algemene Secretarie. Staf Ahli yang menangani operasi khusus untuk menghambat pergerakan organisasi pribumi.Kisah Spionase di awal abad 20, Eyang Pram menceritakan bagaimana cara Pangemanann menghambat Organisasi Pribumi baik dengan cara paling halus sampai dengan cara yang paling licik. Novel ini sangat terasa paling berat diantara tetralogi tersebut. Operasi Intelijen dengan riset , menganalis, diskusi dan eksekusi di lapangan.Operasi Intelijen semacam ini yang kerap dilakukan dinasa intelijen manapun. Pemerintah yang menciptakan terror di masyarakat agar tercipta kondisi yang diinginkan. Ini model-model operasi intelijen modern. Sungguh ini kepiawaian Eyang Pram dalam meramu cerita.Karena jalan ceritanya sebagian berisi diskusi, analisa dan kesimpulan yang dibuat oleh Pangemanann. Eyang Pram ingin menyampaikan gagasan mengenai negeri kita ( Indonesia ) melalui tokoh Pangemanann. Pemikiran, Analisa, Pendapat dan tindakan si Pangemanan adalah tidak lain opini dari Eyang Pram itu sendiri terhadap Indonesia.Indonesia telah merdeka secara resmi dan syah. Eyang Pram menceritakan bahwa kemerdekaan itu baru sebatas ragawi bukan sampai dengan jiwa manusia Indonesia. Karena eyang Pram menilai bahwa jiwa bangsa Indonesia sama sekali tak berubah sejak zaman Belanda datang ke Indonesia pertama kali sampai saat ini.Manusia yang kompromistis, penyuka keselarasan dan tidak berprinsip. Coba anda  baca bagian 3 yang berisi diskusi Pangemanann dengan Tuan L mengenai orang jawa dan kejawen. Terlihat jelas pemikiran Eyang Pram namun tersamar dengan nama Pangemanann.\u201cPertama-tama karena bangsa ini mempunyai watak mencari kesamaan, keselarasan, melupakan perbedaan, untuk menghindari bentrokan sosial. Dia tunduk dan patuh pada ini sampai kadang tak ada batas . Akhirnya dalam perkembangan nya yang sering, ia terjatuh pada satu kompromi ke kompromi lain dan kehilangan prinsip-prinsip. Ia lebih suka penyeseuaian daripada cekcok urusan prinsip\u201d (hal : 125)\u201cOrang Eropa lebih kecil jumlahnya , tapi menang karena prinsip\u201d ( hal : 128)Inilah ketajaman mata hati Eyang Pram. Beliau mampu meneropong tentang manusia Indonesia secara sosiologis maupum antropologis. Beliau tuangkan dalam bentuk novel bukan karya ilmiah yang kadang terasa membosankan.Analisa Eyang Pram ini masih sangat up-to-date  sampai saat ini.  Jacques Pangemanann adalah gambaran manusia pribumi dari dahulu sampai dengan saat ini. Pangemanann setelah mengantar Minke ke Ambon kemudian meningggalkan surat kepadanya. Minke adalah sahabat dan guru bagi seorang pangemanann.Minke adalah orang yang terhormat dalam kekalahannya. Pangemanann adalah seorang hamba Gubermen secara pribadi tidak ikut campur dalam menentukan pembuangan Minke ke MalukuPada akhir catatanku sendiri aku tulis :\u201dHamba Gubermen ! Orang yang selalu bertanggungjawab dan merasa bertanggungjawab kepada Gubermen, tak pernah bertanggungjawab sendiri kecuali demi keselamatan dan kesenangan hidupnya (hal : 132)Pangemanann diceritakan mengalami dilemma karena harus menghancurkan bangsanya sendiri. Pangemanann tak sanggup menolak pekerjaan \u201ckotor\u201d ini karena tuntunan duniawi mengalahkan idealisme dia sebagai seorang terpelajar lulusan Universitas Sorbonne yang termasyhur.Eyang Pram menggambarkan orang Indonesia dengan begitu pas. Manusia yang sangat complicated. Manusia yang berhasrat atas kedudukan dan kenyamanan yang sering bertentangan dengan nuraninya sendiri namun terus dijalani.Indonesia tidak bergerak maju bukan karena manusia Indonesia yang bodoh. Manusia Indonesia adalah manusia yang pintar dan cerdik. Indonesia tidak maju karena mental yang rapuh. Mental penikmat dan takut akan resiko dari memegang prinsip hidup dan selalu mengandalkan kompromi yang mesti merugikan salah satu pihak. Alih-alih bangsa lain, yang mereka rugikan adalah bangsanya sendiri . Ini tercermin dari si Pangemanann.Sejarah mempunyai versinya masing-masing tergantung rezim mana yang berkuasa. Eyang Pram juga memiliki versinya sendiri dari Sejarah Bangsa Indonesia. Syarekat Dagang Islam menurut versi Eyang Pram didirikan oleh Raden Tirto Adi Sudiro atau Minke. Kemudian baru diserahkan ke Tuan Samadi yaitu tak lain H. SamanhudiPadahal, Pendirian SDI menurut versi pemerintah tercantum di mata pelajaran Sejarah mulai dari SD \u2013 SMA. SDI didirikan di Surakarta oleh H. Samanhudi di Surakarta. Itu juga yang diakui oleh Pemerintah . Versi Eyang Pram, SDI didirikan di Buitenzorg kemudian baru dipindahkan ke Solo. Maka, Eyang Pra sangat berhati-hati dalam penulisan tahun dalam novel-nya.Kecenderungan Eyang Pram terhadap tokoh berhaluan kiri menonjol dalam  \u201cRumah Kaca\u201d ini. Eyang Pram sering memuji-muji tokoh misal : Sneevlit, Marco dan Semaoen.  Mereka adalah tokoh berhaluan kiri embrio dari Paham Komunis di Indonesia.Sneevlit adalah pendiri ISDV, cikal bakal Partai Komunis di Indonesia. Pangemanann menyatakan bahwa Sneevlit lebih progresif daripada Boedi Moeljo atau Syarikat Islam. Sneevlit dkk lebih berbahaya karena memakai sebuah aliran filsafat baru ( Komunis????) yang belum dipahami sepenuhnya oleh Pangemanann.Mereka adalah dari Golongan nihilis yang terkutuk. Mereka memang mampu mengekspresikan serta berpikir sangat logis dan membikin orang tersudut tak berdaya. Jelas, mereka berasal dari suatu aliran filsafat baru yang belum kukenal selama ini. Atau lebih tepat pernah kukenal tetapi telah kulupakan ( hal : 388)Marco adalah nama lain dari Markodikromo. Dia adalah tokoh sayap kiri dari Syarikat Islam yang berhaluan sosialis. Marco banyak bergerak di daerah vorstlanden ( Surakarta, Yogyakarta dan Semarang). Tokoh ini adalah didikan Minke yang sangat militant.Semaoen adalah tokoh yang masuk ke dalam \u201cRumah Kaca \u201c si Pangemanannn. Dia adalah tokoh muda progresif. Semaoen adalah tokoh VSTP ( Serikat Buruh Kereta Api) yang selalu menggelorakan perlawanan terhadap  Gubermen. Pada akhirnya bersama Alimin dan Darsono, Semaoen mendirikan Syarikat Islam Merah ( SI Merah) yang berhaluan komunis.Indsiche Partij adalah partai pertama yang dibentuk di bumi Hindia ini. Pendirinya adalah Douwager alias Douwes Dekke, Wardi alias Suwardi Suryaningrat dan Tjipto alias dr Tjipto Mangunkusumo. Ketiga-tiganya atau D-W-T adalah manusia tanpa pengikut. Mereka pemberani, pintar namun tidak memiliki pengikut. Paling tidak begitu menurut Pangemanann.Lebih mengenaskan lagi yaitu Boedi Moeljo. Nama samaran dari Boedi Oetomo. Pemimpinnya sudah menjadi dokter Rumah Sakit Zending di Blora Jawatengah. Boedi Moeljo hanya mendirikan sekolah yang menghasilkan Priyayi yang akan selalu setia kepada Gubermen.Syarikat Islam dipimpin oleh Mas Tjokro. Seorang \u201cKaisar Tanpa Mahkota\u201d. Dia menjadi pimpinan SI bukan karena dipilih pengikutnya. Karena ketakutan H Samadi atau H Samanhudi kepada Gubermen. Pangemanann yang semakin gencar memberangus musuh Gubermen mengakibatkan H Samadi ketakutan dan harus menyerahkan ke Mas Tjokro. Mas Tjokro adalah nama lain dari HOS Cokroaminoto.Mas Tjokro tidak mempunyai pengikut yang riil seperti Minke. Mas Tjokro berkeliling Jawa tidak untuk mengunjungi pengikut-pengikutnya namun ke pesantren-pesantren. Mas Tjokro mendapat fasilitas mobil dari Syarikat Islam berbeda dengan Minke yang pejuang militan. Padahal, Mas Tjokro adalah mentor Presiden Soekarno yang akan memimpin kemerdekaan Indonesia.Eyang Pram lebih menonjolkan tokoh-tokoh dari haluan kiri. Infiltrasi ajaran komunis dalam novel ini memang tidak bisa dibuktikan. Simpati eyang pram kepada tokoh-tokoh haluan kiri lebih kentara. Padahal Republik ini dibangun oleh seluruh rakyat Indonesia baik haluan kiri, kanan maupun tengah.Namun, hal itu adalah wajar dan syah. Penulis boleh memasukkan apa saja yang dikehendaki. Karena setiap penulis mempunyai misi masing-masing. Sebagaimana Hamka yang mempunyai misi Islam-nya. Hal yang saya sampaikan diatas tidak mengurangi kehebatan \u201cRumah Kaca\u201d. \u201c Rumah Kaca\u201d selangkah lebih maju dari zaman dilihat dari alur cerita, intrik yang dibangun dan layak menjadi kandidat Nobel.Hehehehehe\u2026\u2026.!!!! Pemerintah Orde Baru melarang peredaran Novel Bumi Manusia. Sebenarnya kurang pas.Karena kalau mau melarang ya si \u201cRumah Kaca\u201d ini. Karena Eyang Pram mulai memasukkan ide, pemikiran dan saran pribadinya di \u201cRumah Kaca\u201d. Apalah artinya? Era sudah berubah menjadi era keterbukaan.Saya mendapat Novel ini juga secara online. Saya beli dari Palasarionline.com. Penerbitnya saja \u201cLentera Dipantara\u201d bukan \u201cHasta Mitra\u201d. Semua sudah terbukawww.kisi-kisi-hati.blogspot.com"}, {"userName": "Karmen", "userReviewDate": "Jul 05, 2012", "userURL": "http://www.goodreads.com/user/show/2021646-karmen", "userReview": "It was a bittersweet pleasure to read and now finish the Buru Quartet.Raden Mas Minke is now in exile. The House of Glass is told from the person responsible for it - policeman Tuan Pangemann. It is a great counterpart to the earlier trilogy written in Minke's voice. It presents the colonial view.Pangemann writes of his qualifications and demonstrates an excellent understanding of his culture. Unfortunately, he does not realize who he is and the damage his reports are responsible for. Even as he admires and respects Minke, he is responsible for undermining the development of his own people and Indonesia to the benefit of all others, the Europeans and Chinese.Such people are responsible for the power of Europeans and Chinese even today. Very little of the history and culture is available to its people and visitors."}, {"userName": "Brian", "userReviewDate": "Apr 11, 2009", "userURL": "http://www.goodreads.com/user/show/1551688-brian", "userReview": "Well... with this book I've now completed the Buru Quartet. That was one of my goals for this year. Now I'm wandering aimlessly through my library picking things up at random.Book four, House of Glass, was different from the first three. The point of view switched from Minke, the main protagonist to a Indies Government official, Meneer Pangemanann, spelled with two 'n's. His was a tormented soul with a unlikeable narrative voice.The quartet ended with what read like a history textbook lesson. I was a bit disappointed. I wanted more spirit, more inner dialog from Minke... But remaining true to the first 3 volumes... there was no happy ending.\"We all have to accept reality, yes, that's true. But just to accept reality and do nothing else, that is the attitude of human beings who have lost the ability to develop and grow, because human beings also have the ability to create new realities. And if there are no longer people who want to create new realities, then perhaps the word progress  should be removed altogether from humankind's vocabulary.\"-----From an author's writing, I would construct how he felt and thought, what his desires were, weaknesses, what were his particular skills and capabilities, how broad was his general knowledge, and everything was linked together, as if by clear crystal threads. Every piece of writing was a world unto itself, floating halfway between reality and a dream world."}, {"userName": "Jed L", "userReviewDate": "Sep 03, 2012", "userURL": "http://www.goodreads.com/user/show/3660669-jed-l", "userReview": "I generally do not read about the topics books are about until after I have finished the book. And it was the same with this quartet. Only after did I read more about Toer, Indonesia, and Tirto Adhi Soerjo (the political figure whom Toer uses as a basis for his main character, Minke). Once I learned more about this man and his work in Indonesia and also saw that so much of it was the same as Minke in the novel I began to understand why Toer did not use Minke as a character in this last book. Instead, he writes from the perspective of a government official, also a native, who works to bring down the political progress Minke strove so hard to achieve in the previous three books. From this perspective, this police officer has great respect for Minke, but care more about his honor, his glory and his position in the colonial culture that he has immersed himself. From this we are able to take away what I think Toer's main point is: that the works of Tirto Adhi Soerjo (Minke) were great, they caused immense change, but they were quickly forgotten and destroyed by the very natives he was trying to help. This book shows how hard it was for Indonesia to begin to move away from colonial power. It was partially difficult because so many natives (especially ones that had some wealth and power) were resistant to anything that would put their wealth and power and prestige in jeopardy, despite the fact that it could be taken away at any time. And in the end, the police officer; Jacques eventually learned this and that is where his journey and the quartet's journey ends.The last book of the Buru Quartet was not a disappointment, but because it left one of my favorite characters of literature-Minke-I did not enjoy it nearly as much. But it still remains a wonderful book. Toer is an amazing writer and while I have mentioned this in previous reviews knowing that this quartet was orally spoken in a political prison camp before being written down and published adds to its richness and soul."}, {"userName": "Chaniago", "userReviewDate": "Sep 21, 2010", "userURL": "http://www.goodreads.com/user/show/2341651-chaniago", "userReview": "Rumah Kaca sungguh membuatku tercengang. Ohh my.. Dia bahkan bisa mengalahkan semua novel-novel kesayanganku. It'll be my top five, for sure! Berbeda dengan buku pertama, kedua, dan ketiga, buku keempat ini mengambil sudut pandang seorang arsiparis bernama Jacques Pangemanann. Pribumi yang bekerja di Algemeene Secretarie Hindia Belanda. Ia mengabadikan semua berita mengenai sasarannya, salah satunya adalah Raden Mas Minke. Dari artikel-artikel yang dikumpulkan Pangemanann, pembaca kemudian dapat mengetahui kisah perjalanan pergerakan kemerdekaan Indonesia.Yang lebih mengejutkan dari Rumah Kaca ini adalah ceritanya bersumber dari kisah nyata. Aku kira ini hanya fiktif yang diberi banyak bumbu dimana-mana. Buatku Rumah Kaca seperti Detektif Conan. Nama-nama tokohnya benar-benar ada dalam kenyataan dan semuanya memiliki ceritanya masing-masing. Kita, pembaca, tidak hanya diajak mengenal tokoh utama, Mas Minke, melainkan semua tokoh yang ada di dalam rangkaian Tetralogi ini. Aku dibuat penasaran oleh semua tokoh yang sungguh menarik.Sebagai contoh adalah Rientje de Roo. Rumah Kaca mengisahkannya sebagai pelacur cantik usia delapan belas tahun yang menawan. Ia memikat siapa saja. Namun tragis, di akhir hidupnya ia terbunuh oleh salah satu pasangannya yang cemburu buta padanya. Kisah ini benar-benar terjadi di Batavia, maksudku Jakarta, pada tanggal 17 Mei 1912. Seorang pelacur bernama Fienjte de Feniks tewas oleh seorang pria Belanda bernama Willem Frederik Gemser Brinkman. Pria ini dikenal sebagai seorang hartawan yang berstatus sebagai pegawai Gouvernement Bedrijven. Brinkman adalah pelanggan setia sang pelacur.Brinkman membunuh Fientje karena cemburu. Asal mula perselisihannya adalah ketika ia menggundik wanita itu dan menyuruhnya untuk tidak melacurkan diri lagi. Namun Fientje tetap melakukan profesinya. Brinkman memergokinya bersama pria lain. Ia menjadi panas hati dan pembunuhan yang terencana pun terjadi.Contoh lainnya adalah tokoh utama dalam Rumah Kaca. Jacques Pangemanann. Berbeda dari penggambaran di Rumah Kaca bahwa ia adalah orang yang tega menjerumuskan Minke ke Maluku, Ensiklopedi Jakarta mencatatnya sebagai seorang pribumi perintis pers Melayu dan penulis cerita dengan gaya baru (tidak tradisional). FDJ Pangemanann adalah seorang wartawan dan pengarang novel. Ia lahir pada tahun 1870 dan meninggal pada tahun 1910.  Ia merupakan orang Manado yang aktif sebagai wartawan dan redaktur di Batavia dan Bandung. Pada tahun 1894-1906 ia menjadi redaktur majalah Bintang Betawi. Karyanya antara lain Tjerita Rossina (novel, 1903) dan Si Tjonat (1900). Ia kemudian bekerja di harian Perniagaan.Hasil karyanya sudah menggunakan bahasa Melayu, bukan Belanda atau bahasa ibunya. Pada masa itu ada dua Pangemanan yang terkenal, JH dan FDJ Pangemanann. Supaya bisa dibedakan, FDJ menulis nama marganya (dari Minahasa) dengan dobel \"n\", persis seperti yang diutarakan oleh Rumah Kaca. Sedangkan JH Pangemanan dikenal sebagai pemimpin redaksi koran Melayu Djawah Tengah (terbit: Semarang 1913-1938) dan pendiri sekaligus ketua Roekoen Minahasa (1912).FDJ Pangemanann bersama dengan R.M Tirto Adhisoerjo, atas nama pers Melayu mulai melancarkan kritik terhadap perilaku pejabat yang tidak patut sebagai upaya untuk memperbaiki keadaan sosial. Aksi ini dalam sejarah pers di Hindia telah membuka jalan bagi lahirnya pers nasional di kemudian hari. Dia juga menulis cerita-cerita bersambung dalam Bintang Betawi. Cerita pertamanya, Njerita Rossina pada mulanya diumumkan dalam surat kabar tersebut (1903). Karya lain Pangemanan bertajuk Tjerita Si Tjonat dirilis pada tahun 1900.Mas Marco yang dimaksud dalam Rumah Kaca adalah Marco Kartodikromo, seorang wartawan yang juga seorang aktivis kebangkitan nasional asal Hindia-Belanda di masanya. Pada awal tahun 1905 Marco bekerja sebagai juru tulis Dinas Kehutanan. Tapi tak lama. Kemudian ia pindah ke Semarang dan menjadi juru tulis kantor Pemerintah. Di sana ia belajar bahasa Belanda dari seorang Belanda. Tahun 1911, setelah pandai berbahasa Belanda ia meninggalkan Semarang dan menuju Bandung. Di Bandung ia bergabung dengan penerbitan Surat Kabar Medan Prijaji pimpinan Tirto Adhi Soeryo. Saat itu, Medan Prijaji sedang berada di puncak kegemilangan. Pada Tirto Adhi Soeryolah dia berguru. Pada tahun 1913, media pribumi dengan oplah besar itu bangkrut, diikuti dibuangnya Tirto Adhi Soeryo ke Maluku. Hal ini membuat Mas Marco pindah ke Surakarta dan mendirikan surat kabarnya sendiri, berjudul Doenia Bergerak.Kata Pram tentang buku-bukunya bahwa naskah-naskah itu terdapat tautan satu sama lain. Antara Bumi Manusia dan Anak Semua Bangsa dan Jejak Langkah di lain pihak ada keretakan. Tapi aku tak merasakannya. Mungkin karena aku belum membaca Jejak Langkah dan Anak Semua Bangsa.Rumah Kaca membandingkan dunia pribumi dan barat. Bahkan dalam hal mengelola alam. Kata Pram, pandangan dunia pribumi dengan Eropa adalah perbedaan dasar yang tak terjembatani. Eropa memandang alam sebagai sesuatu yang berada di luar dirinya dan hendak ditaklukannya. Sementara pribumi, urai Pram, memandang dirinya bagian dari alam. Eropa hendak menaklukkan alam. Pribumi hendak menyesuaikan diri sehingga menjadi satu keserasian dengan alam.Di novel ini pula aku merasakan semangat luar biasa dari perubahan. Aku tak habis pikir mengapa pula tetralogi novel ini dilarang beredar? Sepanjang pembacaanku tak ada upaya yang dilakukan penulis untuk menghasut masyarakat atau menentang pemerintah. Sangat disayangkan bila akhirnya roman ini mengendap bertahun-tahun tanpa pernah diketahui publik. Sejarah ternyata memang mudah ditaklukkan oleh penguasa. Tapi aku yakin, cepat atau lambat sejarah akan membuka sendiri cerita yang sebenar-benarnya.Deposuit Potentes de Sede et Exalvatat Humiles.(Dia Rendahkan Mereka yang Berkuasa dan Naikkan Mereka Yang Terhina)sumber tokoh-tokoh dalam novel: wikipedia.org"}, {"userName": "Irwan", "userReviewDate": "Mar 11, 2012", "userURL": "http://www.goodreads.com/user/show/183639-irwan", "userReview": "Selesailah tetralogi besar ini. Pengalaman pertama berkenalan dengan sosok Pram lewat karya ini. Membuka dimensi baru baik dalam soal kepenulisan, tentang sejarah bangsaku, maupun peluang yang ada bila kedua hal itu dihubungkan. Terus terang aku tidak terlalu suka Rumah Kaca. Aku benci kepada penutur kisahnya. Bukan kepada penulisnya, karena penulisnyalah yang telah berhasil menciptakan kebencian itu. Aku juga tidak suka akhir tragis dari kisah kepahlawanan ini. Aku mengharapkan seorang sosok hero. Pram sudah sangat berhasil memberikan dimensi pada sosok pahlawan dan masa hidupnya. Fakta-fakta sejarah yang dijejalkan di masa sekolah dulu, sekarang terasa lebih hidup. Mereka didorong impian besar dan mulia, didera kepahitan hidup, mengidap macam kelemahan-kelemahan: oportunistis, feodalistis, pengkhianatan. Mereka manusiawi.Sayangnya sepanjang hidupku sebagai orang Indonesia terlalu sering aku melihat tragedi kepahlawanan. Termasuk pahlawan gadungan. Bahkan hingga sekarang. Masih bisakah merindukan kisah kepahlawanan dalam sejarah bangsaku? Apakah kepahlawanan dramatik hanya ada di ranah dongeng belaka? Entahlah. Ada yang bilang, beda cerita yang berakhir bahagia atau tragis hanyalah soal kapan mengakhirinya. Kalau memang cuma itu yang bisa dilakukan, aku akan hentikan cerita ini jauh sebelum Bumi Manusia berakhir :-)"}, {"userName": "Mindy McAdams", "userReviewDate": "Nov 24, 2012", "userURL": "http://www.goodreads.com/user/show/5456705-mindy-mcadams", "userReview": "This book provides a great conclusion to the Buru Quartet -- four novels about the Indies (now Indonesia) under Dutch colonial rule at the start of the 20th century. In this, the fourth book, World War I begins, and the changes that had just started to happen in books 2 and 3 are now gaining momentum. It's hard to say too much without giving too much away ... but if you start to lose heart and feel sad before you reach the ending, please stay with it. I was very glad I had done so. http://inidisini.wordpress.com/2011/0..."}, {"userName": "Dipta Kueren", "userReviewDate": "Oct 09, 2014", "userURL": "http://www.goodreads.com/user/show/35000645-dipta-kueren", "userReview": "Melihat adari sudut pandang baru, itu yang saya tangkap dari salah satu tetralogi P. Buru ini. setelah 3 buku terdahulu yang memotret perkembangan pergerakan nasional dari pelakunaya langsung yaitu Den Mas Minke, di buku ini, pembaca akan melihat perkembangan pergerakan nasional dari sudut pandang Jaques Pangemanan dengan dua \"n\". cerita menjadi menarik karena konflik yang terjadi di benak Pangemanann. Disatu sisi pemikiran eropanya mengagumi Minke dengan segala keagungannya, disisi lainnya, Tuagas sebagai hamba kolonial dituntut untuk mengatasi permasalahan-permasalahan hindia berkaitan dengan perkembangan pergerakan nasional. Ia harus bermusuhan dengan orang yang dihormatinya beserta anak-anak pemikiran aorang tersebut. Melalui buku ini pembaca akan disuguhi bagaimana pemikiran kolonial dalam membendung perkembangan pergerakan nasional setelah munculnya organisasi-organisasi beserta press yang diinisiasi oleh Den Mas Minke. segala macam cara dilakukan untuk menghambat perkembangan itu baik secara hukum maupun diluar hukum. politik kekuasaan dan kedudukan menjadi bumbu yang semakin membuat buku ini menarik diikuti.Saya rasa Pramudya Ananta toer memiliki keahlian khusus dalam merangkai fakta-fakta sejarah menjadi sebuah ceriata menarik dan patut dibaca bagi khalayak. Sejarah pergerakan nasional yang sering kali kering dalam pengajarannya di sekolah-sekolah,di novel ini tampak menjadi berwarna serta penuh gairah. tak bisa dipungkiri ini dikarenakan gairah penulis sendiri yang hidup dalam karya-karyanya. gairah yang pasti akan sampai di benak pembacanya. Buku bagus untuk diikuti."}, {"userName": "Hanifah Rufa' Idah", "userReviewDate": "Jul 15, 2014", "userURL": "http://www.goodreads.com/user/show/23568660-hanifah-rufa-idah", "userReview": "Saya tetap suka dengan roman terakhir tetralogi Pulau Buru milik Pak Pram ini meskipun tokoh sentral dalam buku ini bukan lagi tokoh Minke. Pangemanann, pegawai arsip pemerintah Hindia mengambil alih penokohan utama dan membuat cerita lebih menarik karena menggambarkan bentuk reaksi kolonial terhadap sepak terjang Minke selama ini. Sebuah tugas khusus yang dibebankan kepada Pangemanann untuk menyingkirkan Minke membuatnya sedikit mengalami dilema nurani dan kepentingan mengingat sebenarnya ia begitu mengagumi sosok Minke. Upaya pengarsipan untuk mengurung Minke dalam 'rumah kaca' di meja kerjanya sanggup menghentikan perkembangan Minke. Kematian Minke yang sangat antiklimaks inilah yang merupakan sebuah penggambaran pergerakan nasional pada masa itu, dimana belum berhasil mengalahkan dominasi kolonial. Meski begitu, ada perkembangan yang cukup signifikan dalam beberapa masa terakhir sebelum Minke mati. Mudahnya, cara ini seperti politik black campaign secara licik dan terorganisir, begitu rapi dan mematikan."}, {"userName": "Bianda", "userReviewDate": "Jun 26, 2011", "userURL": "http://www.goodreads.com/user/show/407130-bianda", "userReview": "I kinda like what the main character in the story does. He's an analyst which I can relate to since I'm also an analyst in my line of work (different kind of analyst though). It's a pity that he can't find peace in what he does, become obsessed in the object that he's analysing (if I may say even made him loose his mind a little bit)and eventually ended up alone. A sad ending for him, knowing that he lost everything in the end even his passion for the work he once loved."}, {"userName": "Cathreen Shiucheng \u0e41\u0e04\u0e17\u0e40\u0e23\u0e19 ", "userReviewDate": "Jan 28, 2014", "userURL": "http://www.goodreads.com/user/show/19223519-cathreen-shiucheng", "userReview": "I can say that this is a brilliant book written from Southeast asia. Oh my! I've picked up some words in dutch and Javanese. Can you see how politics and abuse of power work during the colonial period and what more now- these days? This book augurs the present, where we are standing now. Meneer Pangemanann may be seen as a traitor in the eyes of the natives while, Raden Mas Minke as the unsung hero in the novel, but as a troublemaker in the eyes of the colonial power. However, it is hard to be in the shoes of Meneer Pangemanann. This book does not only analyze the political situation during the Dutch colonialism in Indonesia, but also on the Javanese identities as well as human nature and its problems- greed, prostitution, family problems, alcoholism, corruption, etc.I would like to read the first three books.I started off with the 4th book as it was recommended by my Professor and I do not know there are the other 3 books before House of Glass. Looking forward to read the books. This book is recommended for those who would like to know the past histories of the Republic of Indonesia and this is the best book I ever read, which was from the Southeast Asia. No doubt, Indonesia has a vast literature being written by good authors. I've spent quite a few days to finish reading this book as I was also doing my internet research about what's written by the author, himself. Like, I do not know there was the Chinese Massacre 1740 or also known as the Batavia Massacre. Readers of this books, especially non-Indonesians, will learn a lot from this tiny little novel. (y)"}, {"userName": "Afid Nurkholis", "userReviewDate": "Jan 03, 2014", "userURL": "http://www.goodreads.com/user/show/26281375-afid-nurkholis", "userReview": "Rumah Kaca bahasa dari Pram untuk menggambarkan tindakan kolonial yang mematai pergerakan pribumi dari balik gedung di Bogor yang dilakukan manusia yang sebetulnya pribumi yang berpendidikan eropa dan punya prinsip seaik-baiknya prinsip kehidupan \"Pangemanann\". Di jaman kolonial org berpendidikan memang disiapkan untuk membantu pemerintahan setan , namun ada juga terpelajar yang membangkang dan ingin memerdekakan bangsanya sendiri (Minke,Dowes Dekker,Ki Hajar(Wardi)dan Tjipto Mangunkusomo) yang akhirnya dibuang oleh akibat taktik \"Rumah Kaca\" Kolonial.Di sekuel ke empat ini makin kentara sejarah-sejarah pergerakan pribumi dan nilai-nilai moral ditanamkan di ceritanya. Saya sangat setuju dengan membaca buku ini pengetahuan sejarah akan lebih mudah terserap ketimbang pelajaran-pelajaran sekolahan yang dipaksakan . Nilai moral dimana seorang Pangemanann yang sebetulnya berprinsip dan berpendidikan harus mengubur semua ilmunya itu karena pemerintahan kolonial dan nafsunya akan jabatan , harta , dan nama baik. Satu quote :Serendah-rendahnya manusia adalah ia yang tidak mempunyai prinsip dalam hidupnya\". Wajib baca bagi manusia yang ingin mengenali bangsanya lebih lanjut lagi ..."}, {"userName": "- yui yunita putri", "userReviewDate": "Oct 11, 2009", "userURL": "http://www.goodreads.com/user/show/2828072---yui-yunita-putri", "userReview": "sekarang kalian ada dalam rumah kacaku. Sluruh gerak gerik kalian terlihat!!"}, {"userName": "David Smith", "userReviewDate": "Jul 25, 2011", "userURL": "http://www.goodreads.com/user/show/5874857-david-smith", "userReview": "I thank Joss Wibisono for putting me on to this great delight."}, {"userName": "Fit MS", "userReviewDate": "Apr 14, 2014", "userURL": "http://www.goodreads.com/user/show/3673213-fit-ms", "userReview": "3,5 months comprehending and dissolving myself into Buru Quartet's ideas and reflecting its stories to Indonesia now as a Nation. I arrived to a consideration that Indonesia is still strugling from the mentality of inequality, corrupt minded, hierarchical bureaucracy which was shaped 350 yeasrs by Dutch colonialism and influenced a lot by the fact of Javanism as majority of Indonesian people.Pramoedya captured the essence of the problems and presented it in an exotic way with his genius genuine bank of literature vocabularies. All people who care about freedomness of expression, human right and equality, politic and nation should read the series."}, {"userName": "Abi Ghifari", "userReviewDate": "Dec 28, 2014", "userURL": "http://www.goodreads.com/user/show/19030730-abi-ghifari", "userReview": "Rumah Kaca: Kisah Paradoks Pribumi Hindia-BelandaDi buku terakhir dari tetralogi Bumi Manusia ini, Pramoedya Ananta Toer kembali menarik pembacanya melewati lorong-lorong waktu untuk hadir menyaksikan babak final dari kisah perjalanan seorang pribumi pembaharu pada masa kolonial Hindia-Belanda, Raden Mas Minke yang dijuluki Pram sebagai Sang Pemula.Untuk menutup kisah luar biasa ini, Pram dengan cerdasnya mengambil-alih sudut pandang Minke sebagai subjek pada ketiga buku pendahulunya: Bumi Manusia, Anak Semua Bangsa, Jejak Langkah dan menyerahkan laju penceritaan pada seorang pribumi lain pada masa itu, Jacques Pangemanann.Pangemanann, yang merupakan pribumi Menado tulen yang diangkat anak oleh keluarga apoteker Perancis dan mendapat pendidikan tinggi di sana, berhasil menapaki jenjang karir gemilang di pemerintahan kolonial. Mulai dari inspektur, komisaris kepolisian, hingga akhirnya menjabat sebagai staf ahli pada Algemeene Secretarie (Sekretariat Negara Hindia-Belanda). Pada jabatan terakhirnya inilah ia berhadapan dengan Minke, sebagai anggota organisasi, sebagai warga pribumi Hindia, maupun sebagai pribadi yang masing-masing memiliki ambisi tersendiri.Kisah mengalir dengan lancar bahkan cepat seperti rentetan peluru. Berbagai peristiwa yang terjadi di masa itu dilukiskan secara tepat dan akurat. Perkembangan pers dan jurnalistik, tumbuh suburnya organisasi kebangsaan, hingga pergeseran pemikiran dan ideologi dikemas dengan begitu apik dan terasa begitu kaya akan informasi sejarah. Pram telah mengajak para pembacanya mengalami rasa yang berbeda ketika membaca sejarah hingga seakan larut dan mengambil peran dalam setiap adegan di dalamnya.Pram menggambarkan dengan detil alur batin dan pikiran yang dialami oleh Jacques Pangemanann, seorang manusia paradoks. Pergolakan-pergolakan yang dialaminya selalu merupakan perbenturan dua sisi dirinya. Antara dirinya sebagai pribumi yang harus mengedepankan kemajuan bangsanya melawan dirinya sebagai pegawai yang tunduk pada pemerintahan kolonial, antara keinginan membantu perjuangan saudara setanah-airnya dengan kehendak pribadi untuk memuaskan nafsu duniawi akan jabatan dan kehormatan, serta sebagai pribadi dengan jiwa bebas melawan kelicikan yang merongrong hatinya. Pergolakan ini selalu tampak dalam setiap peristiwa yang dilaluinya. Hingga akhirnya, pribadinya yang sebenarnya mengagumi Minke setulus hatinya dan bahkan menganggapnya sebagai guru, dikalahkan oleh pribadinya yang gila hormat dan haus jabatan. Melalui kajiannya ia mengirimkan Raden Mas Minke ke tempat pembuangan di Maluku, tercerabut dari akarnya, jauh dari anak kandung organisasinya, Syarikat Islam.Sebuah paradoks kembali muncul dan kali ini digambarkan pada golongan terpelajar organisasi dan masyarakat pada umumnya. Minke yang merupakan pelopor jurnalistik pengecam kekuasaan kolonial lama kelamaan mulai dilupakan jasa dan sepak-terjangnya di gelanggang pers dan organisasi. Pram menyindir mereka terlalu larut dalam euforia berorganisasi hingga melupakan tujuan awal dan menyusun rencana strategis dalam mencapai nasion Hindia yang merdeka. Hal inilah yang menurutnya menyebabkan stagnansi pada organisasi pribumi, jauh berbeda ketika Minke masih berada di arena.Roman ini betul-betul memperlihatkan kepiawaian seorang Pramoedya sebagai penulis kisah luar biasa yang cerdik mendeskripsikan watak dan adegan. Sebuah karya sastra ambisius dan prestisius yang sangat wajar telah menempatkannya menjadi kandidat terbaik peraih Nobel Sastra. Bagi saya pribadi, kisah penghabisan kuartet kebangkitan nasional Indonesia ini adalah karyanya yang utama dan terbaik."}, {"userName": "dedeh ", "userReviewDate": "Oct 15, 2014", "userURL": "http://www.goodreads.com/user/show/592050-dedeh", "userReview": "mobilisasi massa untuk menciptakan chaos dg menyusupkan provokator.. psikologi komunikasi massa.. reaksi balik dari pemerintahan Hindia Belanda yg melihat kebangkitan perlawanan meluas di tanah jajahan mereka..unik. di sini ada peralihan pusat penceritaan pada seorang arkhivaris atau juru arsip bernama Pangemanann (dg dua n)rumah kaca adalah simbolisasi dari usaha Hindia melumpuhkan sepak terjang pena Minke yang tulisannya membuat banyak orang, dalam istilah anak bawang Minke, Marco, \u201cmoentah darah\u201d. Minke ditahan dalam sebuah operasi pengarsipan yang rapi atas semua tindak-tanduknya (ini yg mbuat saya berdecak kagum, peradaban yg sdh sgt maju, bahkan di masa itu). lewat arsip-arsip itulah ia dikurungkegiatan arsip menjadi salah satu kegiatan politik paling menakutkan bagi aktivis pergerakan kemerdekaan yg tergabung dalam pelbagai organisasi. arsip adalah mata radar Hindia yang ditaruh dimana-mana untuk merekam apa pun yg digiatkan aktivis pergerakan itu. Pram mengistilahkan politik arsip itu sebagai kegiatan pe-rumahkaca-anyg msh penasaran adlh bgm proses penulisannya. sungguh2 adakah buku catatan Minke itu?membaca buku ini membuat saya menyadari satu hal, betapa lemahnya sistem kearsipan negeri ini. negeri yg tdk menganggap sejarah (termasuk di dalamnya kearsipan) adalah sesuatu yg penting. padahal itu adalah ciri suatu peradaban yang maju. ciri rumah eropa adalah adanya buku, itu yg tdk terdapat di rumah2 pribumiDeposuit Potentes de Sede et Exaltavat Humiles. Dia rendahkan mereka yg berkuasa dan naikkan mereka yg terhina. (p 646)"}, {"userName": "Dendy Hardian", "userReviewDate": "Jan 28, 2010", "userURL": "http://www.goodreads.com/user/show/2814508-dendy-hardian", "userReview": "buku terakhir dari tetralogi pulau buru P.A.T. Rumah kaca merupakan catatan seorang pegawai tinggi gubermen hindia belanda yang juga bekas komisaris polisi betawi jacques pangemanann seorang peranakan perancis yang pernah berkuliah di sorbonne adalah seorang ahli kolonial yang juga otak dalam konspirasi pembunuhan karakter terhadap RM Minke sampai ketempat pembuangannya di maluku. Seorang yang sebenarnya pengagum setia RM Minke namun terkorup oleh jabatan sehingga kehilangan prinsipnya. Buku ini banyak berisi tentang sepak terjang Jacques Pangemanann sebagai ahli kolonial untuk tetap menjaga agar hindia dalam genggaman gubermen dengan tidak membiarkan pribumi membentuk organisasi-organisasi yang bersifat separatis dan mengancam kekuasaan gubermen di hindia belanda. Korban pertamanya tentu RM Minke seorang cerdas dan pelopor jurnalistik advokasi yang membela kepentingan bangsanya melalui koran medan priyayinya dan SDI sebagai organisasi yang didirikannya, namun naas nasib membawa kedua orang tersebut harus berseteru sampai pada meninggalnya RM Minke."}, {"userName": "Erik Angriawan", "userReviewDate": "Aug 14, 2011", "userURL": "http://www.goodreads.com/user/show/5998744-erik-angriawan", "userReview": "''Rumah Kaca''* \"Betapa sederhana hidup ini sesungguhnya yang pelik cuma liku dan tafsirannya. (''Pangemanann, 38)* \"Nilai yang diwariskan oleh kemanusiaan hanya untuk mereka yang mengerti dan membutuhkan. Humaniora memang indah bila diucapkan para mahaguru\u2014indah pula didengar oleh mahasiswa berbakat dan toh menyebalkan bagi mahasiswa-mahasiswa bebal. Berbahagialah kalian, mahasiswa bebal, karena kalian dibenarkan berbuat segala-galanya. (''Pangemanann, 39)* \"Hidup sungguh sangat sederhana. Yang hebat-hebat hanya tafsirannya. (''Pangemanann, 46)* \"Orang begitu tabah menghadapi kehilangan kebebasannya, akan tabah juga kehilangan segala-galanya yang masih tersisa. (''Pangemanann, 53)* \"Seorang tanpa prinsip adalah sehina-hina orang manusia setengik-tengiknya. (''Pangemanann, 73)* \"...soalnya memang kertas-kertas yang lebih bisa dipercaya. Lebih bisa dipercaya daripada mulut penulisnya sendiri. (''Tuan L, 92)* \"Setiap tulisan merupakan dunia tersendiri, yang terapung-apung antara dunia kenyataan dan dunia impian. (''Pangemanann, 138)* \"...dan apalah artinya kebahagiaan kalau bukan rangkaian kesenangan detik demi detik tanpa nurani berjingkrak-jingkrak menggugat. (''Pangemanann, 141)* \"Orang boleh pandai setinggi langit, tapi selama ia tak menulis, ia akan hilang di dalam masyarakat dan dari sejarah. (''Minke, 352)* \"Orang bilang ada kekuatan-kekuatan dahsyat yang tak terduga yang bisa timbul pada samudera, pada gunung berapi dan pada pribadi yang tahu benar akan tujuan hidupnya. (''Pangemanann, 409)* \"Sejak jaman nabi sampai kini, tak ada manusia yang bisa terbebas dari kekuasaan sesamanya, kecuali mereka yang tersisihkan karena gila. Bahkan pertama-tama mereka yang membuang diri, seorang diri di tengah-tengah hutan atau samudera masih membawa padanya sisa-sisa kekuasaan sesamanya. Dan selama ada yang diperintah dan memerintah, dikuasai dan menguasai, orang berpolitik. (''Minke, 420)* \"Kita semua harus menerima kenyataan, tapi menerima kenyataan saja adalah pekerjaan manusia yang tak mampu lagi berkembang. Karena manusia juga bisa membikin kenyataan-kenyataan baru. Kalau tak ada orang mau membikin kenyataan-kenyataan baru, maka \u201ckemajuan\u201d sebagai kata dan makna sepatutnya dihapuskan dari kamus umat manusia. (''Minke, 436)* \"Pada akhirnya persoalan hidup adalah persoalan menunda mati, biarpun orang-orang yang bijaksana lebih suka mati sekali daripada berkali-kali. (''Pangemanann, 443)* \"Bagaimanapun masih baik dan masih beruntung pemimpin yang dilupakan oleh pengikut daripada seorang penipu yang jadi pemimpin yang berhasil mendapat banyak pengikut. (''Pangemanann, 443)* \"Gairah kerja adalah pertanda daya hidup; dan selama orang tidak suka bekerja sebenarnya ia sedang berjabatan tangan dengan maut. (''Pangemanann, 460)"}, {"userName": "Sabrina Zee", "userReviewDate": "Nov 04, 2011", "userURL": "http://www.goodreads.com/user/show/4685993-sabrina-zee", "userReview": "Buku keempat Tetralogi Buru ini tidak lagi diceritakan dari sudut pandang Minke lagi karena dia sudah dibuang ke Ambon dan dipisahkan dari \"anak sulungnya\" yang adalah organisasi Syarikat Islam. Sang pencerita adalah Jacques Pangemanann, seorang pribumi yang pernah bersekolah di Perancis. Dia bekerja di pemerintahan dan boleh dibilang sebagai \"anjing kolonial\" karena ia membuang prinsip hidupnya begitu saja demi sebuah jabatan. Ia mengagumi Minke, sang pelopor nasionalisme di Hindia. Namun ia tak berdaya melawan perintah Gubermen untuk mencari cara mematikan pengaruh Minke. Menurut saya, Pangemanann ini adalah si munafik yang benar-benar bodoh. Hidup setengah abad namun ia sama sekali tidak bisa memegang prinsip hidupnya sendiri. Setiap saat ia terus mengeluh karena hilangnya kebesarannya bahkan juga keluarganya, tapi ia tidak pernah mau mengubah semuanya. Ia tetaplah musuh bagi bangsanya sendiri, bukan pribumi juga bukan Belanda. Jadi, di akhir hidupnya dia sudah tidak punya jati diri lagi. Sendirian, menyesali seluruh perbuatannya.Buku ini menuturkan perkembangan sejarah organisasi di Indonesia setelah Minke dibuang ke Ambon. Melemahnya kolonial karena Perang Dunia, semakin maraknya pembentukan organisasi. Tapi semua perjuangan itu tidak ada gunanya. Hanya sedikit tawaran kedudukan dalam dewan perwakilan rakyat, semua pemberontakan hilang padam tanpa bekas. Di sini menunjukkan betapa Hindia mudah sekali disetir dan dipengaruhi oleh Nederland.Membaca buku ini membuat saya sedih sendiri. Minke yang susah-susah membuang masa mudanya demi membangun Hindia harus meninggal tanpa dikenang siapapun. Seakan hidupnya sia-sia dan tak berarti. Meninggal berarti dilupakan, bahkan hanya sedikit saja yang datang ke pemakamannya. Sungguh tragis betapa keberadaan sosok hebat ini tidak begitu dikenal banyak orang. Untung saja dia adalah seorang penulis, jurnalis dengan semangat tak pernah padam.\"Orang boleh pandai setinggi langit, tapi selama ia tak menulis, ia akan hilang di dalam masyarakat dan dari sejarah.\""}, {"userName": "Adriana", "userReviewDate": "Apr 17, 2012", "userURL": "http://www.goodreads.com/user/show/4581462-adriana", "userReview": "Buku terakhir dari Tetralogi Buru karya terkemuka Pramoedya Ananta Toer. Kalau tiga buku pertama penceritaan berpusat pada Minke, buku terakhir ini pula cerita berpusat pada Pangemanann.Buku ini Minke telah diperintahkan dibuang ke Ambon sebagai usaha kerajaan mematahkan perjuangannya. Disana segala perbuatannya sangat terbatas dan sentiasa diperhatikan pihak kerajaan. Sementara itu Pangemanan, seorang anggota polis yang bertanggungjawab terhadap pembuangannya akhirnya dinaikkan pangkat ke jabatan Algemeene Secretarie. Pun begitu dia sebenarnya sangat mengagumi Minke sebagai seorang guru pencerahan, namun demi kehidupannya sendiri dia memilih untuk menjadi barua kerajaan penjajah.Dalam tempoh pembuangan Minke banyak kejadian yang telah berlaku, antaranya Syarikat Islam akhirnya dikemudi oleh Mas Tjokro, seorang yang tidak berjaya mengatasi Minke dan syarikat hanya berjalan lemau dibawah pengemudiannya. Selain itu kelantangan Indische Partij yang dikemudi Douwager, Wardi dan Tjipto berjaya membuka mata penjajah akan kebangkitan nasionalisme dan akhirnya mereka juga dibuang dari Hindia. Selain itu muncul pula Siti Soendara, seorang wanita yang lantang dengan tulisannya setelah gadis Jepara. Dan dia juga akhirnya melarikan diri jauh ke Eropah setelah diburu penjajah. Sementara itu semangat nasionalisme juga mula menular keseluruh Hindia.Setelah lima tahun dalam pembuangan, Minke akhirnya kembali. Pun begitu beliau dapati segala-galanya telah berubah seratus peratus. Dan kebebasan sebenarnya hanya pada kata melainkan beliau masih diawasi secara diam-diam. Beliau memilih untuk memencilkan diri dan akhirnya mati tanpa teman-teman dekatnya, tanpa sempat melihat hasil perjuangannya.Secara keseluruhan, bagi aku tetralogi yang sangat panjang ini begitu terserlah semangat nasionalismenya. Keburukan penjajahan diceritakan dengan jelas dimana mereka menghisap hasil bumi manakala penduduknya tinggal melarat. Bagi aku juga episod-episod ini masih dapat kita lihat pada zaman sekarang sekalipun kita sudah merdeka dari penjajahan kulit putih. Dan bagi aku sendiri penjajahan itu bukan hanya tentang pemerintahan sebuah bangsa lain terhadap bangsa lain di bumi mereka. Melainkan perjajahan itu lebih bersifat meluas. Dan jika kita memilih untuk memerhati dan berfikir, penjajahan masih terus menerus berlaku menyebabkan kita sebagai rakyat biasa hanya terus menerus membanting tulang memperkayakan mereka yang sedia kaya. Namun pada masa yang sama kita juga sedar bahawa mulut kita ditutup oleh mereka. Lantas apa makna merdeka pada kita kalau merdeka hanya pada nama?http://jiwarasagelora.blogspot.com/20..."}, {"userName": "winda", "userReviewDate": "Dec 17, 2014", "userURL": "http://www.goodreads.com/user/show/2238412-winda", "userReview": "Berbeda dengan tiga buku sebelumanya yang menceritakan sudut pandang dari seorang Minke, buku terakhir ini menceritakan dari sudut pandang Penegemanann yang merupakan seorang peranakan, yang menjadi dalang dibuangnya Minke ke Ambon tanpa melalui peradilan.Dalam buku ini dibahas bagaimana Syarikat Islam berjalan tanpa adanya pemimpin utama mereka, Minke. Bagaimana juga sejarah munculnya organisasi-organisasi pergerakan. Perubahan-perubahan yang terjadi akibat peranv dunia. perubahan kebijakan, sampai akhirnya Minke dibebaskan dari pembuangan. Ketika bebas, Minke diminta untuk menyetujui untuk tidak mencampuri politik dan organisasi. Saya suka akan jawabann Minke yang tentunya menolak tegas dan membuat para pejabat itu 'tak berdaya' terhadap argumen yang diberikan Minke\"Tak ada manusia yang bisa terbebas dari kekuasaan sesamanya, kecuali mereka yamg tersisihkan karena gila. Bahkan pertama-tama mereka yang membuang diri, seorang diri di tengah-tengah hutan atau samudra masih membawa padanya sisa-sisa kekuasaan sesamanya. Dan selama ada yang diperintah dan memerintah, dikuasai dan menguasai, orang berpolitik. Selama orang berada di tengah-tengah masayarakat, betapa kecil masyarakat itu, dia berorganisasi.\"Karena buku ini menceritakan dari seorang Pengemanann, seringkali Pengemanann harus berperang dengan nuraninya untuk melakukan berbagai tindakan untuk meredakan tindakan para pribumi terpelajar dan tercerahkan yang berkiprah melalui organisasi yang membahayakan kekuasaan gubermen dengan beragam cara. Pengemanann memilih untuk membunuh nurani dan akal sehat didikan Eropa demi jabatan, harta, kekuasaan dan kehormatan. Meskipun untuk itu dia harus mengorbankan dirinya sendiri  (kebahagaiannya) dan keluarganya. Perjuangan memang memerlukan pengorbanan. Pengemanann yang berjuang demi tujuannya dalam sebuah 'kejahatan' pun haruslah berkorban. Lebih-lebih perjuangan dalam kebaikan. Minke yang telah berjuang demi kaumnya harus berkorban kehilangan istri, hartanya, kebebasannya untuk kemudian hilang dilupakan selamanya jika saja dia tidak menulis."}, {"userName": "Ime'... Imelda", "userReviewDate": "Aug 21, 2008", "userURL": "http://www.goodreads.com/user/show/769132-ime-imelda", "userReview": "Tidak seperti karya-karya Pram di tiga buku sebelumnya dalam rangkaian tetralogi Pulau Buru, di bukunya yang keempat, subjeknya adalah Pangemanann, seorang Manado yang bekerja berada di pihak Gubermen. Ceritanya jadi agak berbeda, karena Rumah Kaca menceritakan mengenai dia, sebagai seorang pribumi, yang hanya dengan tandatangannya, aktivis-aktivis dapat ditangkap dan dikirim ke pembuangan.Jika Jejak Langkah diakhiri dengan adegan penangkapan Minke, maka Rumah Kaca menceritakan siapa dalangnya. Tentu saja, tak lain dan tak bukan, adalah Pangemanann. Buku ini menceritakan pertarungan di dalam diri seorang Pangemanann, mengenai dirinya yang (menurut gue) sedang mencari identitas diri melalui posisi. Buku ini menceritakan mengenai arogansi seorang pribumi dengan posisi tinggi; buku ini menceritakan mengenai rasa hormat yang berubah menjadi \u2018pembunuhan\u2019 hati nurani terhadap seorang yang dianggap guru olehnya. Menurut gue, buku ini cukup menceritakan kelicikan seseorang karena jabatan.Gue nggak terlalu suka sebenarnya buku yang satu ini. Tiga buku sebelumnya jauh lebih bagus. Mungkin karena sejarahnya jadi terlalu banyak disini; karena buku ini juga menceritakan organisasi-organisasi yang timbul setelah Syarikat Islam berdiri. Buku ini mulai seru ketika menceritakan kepulangan Minke dari pembuangannya di Ambon, yang diakhiri dengan kunjungan Nyai Ontosoroh ke Betawi, berharap bertemu dengan Minke. Tapi awalnya, suer gue nggak terlalu \u2018ngeh\u2019.Itu sebabnya, gue cuman kasih 3 bintang disini. Tapi gue rasa, ada begitu banyak orang yang situasinya mirip dengan Pangemanann dan mengambil tindakan serupa. No wonder buku yang satu ini sempat di-banned. Benar-benar \u2018nyepet\u2019 beberapa pejabat tentunya.Oh iya, ini salah satu buku yang paling lama gue selesai\u2019in."}, {"userName": "Nur Saidatunnisa Widiatti", "userReviewDate": "Aug 22, 2013", "userURL": "http://www.goodreads.com/user/show/18478730-nur-saidatunnisa-widiatti", "userReview": "Dalang yang Terpenjara. Saya akan memberikan subjudul demikian jika diperkenankan. Karena pada akhirnya kita dibawa maju mundur ke kehidupan Minke melalui mata Jacques Pangemanann. Saya tidak begitu ngeh dengan sosoknya yang wara-wiri di seri sebelumnya. Tapi rupanya, dialah dalang yang membayangi kisah pergerakan dan jejak langkah Minke. Jika tiga seri sebelumnya mengajak kita berpikir lurus, seri ini justru membawa kita merasakan pergulatan batin seorang kolonial peranakan yang menulikan telinga dari suara hatinya demi kedudukan yang telah diperolehnya. Rumah Kaca adalah istilah Pangemanann dalam mengawasi tindak-tanduk pergerakan Indonesia yang tengah menggeliat dan merangkak. Lalu dia mengatur strategi untuk meredam segala pergerakan dan pergolakan. Dari kuasa tanda tangannyalah, para aktivis ditindak dan dipenjarakan. Jika berlebihan disebut Tuhan, maka sebutan dalang kiranya cocok untuk menggambarkan bagaimana Pangemanann sudah memprediksi arah nasionalisme yang baru seumur jagung. Tapi si dalang ini dipenjara oleh kekuasaannya sendiri dan ketakutan akan kehilangan kekuasaan. Maka benar kata Pangemanann, Minke kehilangan segalanya, tapi tidak dengan kehormatan dan kebesarannya. Sebaliknya dari dirinya yang sudah menggadaikan nuraninya. Hatinya ciut ketika berhadapan dengan Minke dan Nyai Ontosoroh karena dia tidak mampu membela tindakannya sendiri terhadap kehidupan mereka. Minke memang memiliki akhir yang menyedihkan di tangan si dalang. Tapi Pangemanann justru telah menjemput akhir hidupnya yang menyedihkan sejak awal.  Untuk keseluruhan seri, saya pikir seri ini adalah yang terbaik dengan cakupan pembahasan dan sudut pandang yang lebih luas."}, {"userName": "Den Lulung", "userReviewDate": "Dec 25, 2013", "userURL": "http://www.goodreads.com/user/show/22457319-den-lulung", "userReview": "Orang memanggilnya: Pangemanann dengan dobel n. Karena jika menggunakan satu n maka terbacanya ng, penamaan Prancis. Tokoh utama dalam buku terakhir tetralogi Pulau Bburu. Bukan lagi Minke.Jacques Pangemanann lengkapnya. Pribumi Manado berpendidikan Prancis, menikah dengan seorang Prancis, Madame Paulette, pindah ke Hindia menjadi agen polisi kemudian mengabdi dengan pihak Gubermen. Dalam perannya Pangemanann bertugas membantu Gubermen sebagai ahli organisasi Pribumi di kantor Algemeene Secretarie. Banyak hal yang dialami Pangemanann, di mana dia mengagumi Minke sebagai seorang \"guru\" dan sebagai orang yang mengabdi dengan Gubermen, Pangemanann dituntut untuk menghentikan segala organisasi Pribumi.Di tengah cerita Pangemanann ditinggal pergi istri dan anaknya ke Eropa (sayang sekali, padahal istrinya sangat setia kepada Pangemanann) karena sudah tidak tahan dengan tingkah laku suaminya.Buku terakhir ini apik sekali, Pram sangat cerdas membuat emosi yang bergejolak."}, {"userName": "Yukanatha Svanidza", "userReviewDate": "Aug 23, 2013", "userURL": "http://www.goodreads.com/user/show/20218235-yukanatha-svanidza", "userReview": "Sehabis baca Jejak Langkah, langsung tanpa basa-basi baca buku ini. Terlalu penasaran buat melanjutkan baca. Dan lancar-lancar saja bacanya. Sampai merasa janggal dengan sudut pandangnya. Si \"aku\" terlalu berbeda dengan Minke. Lalu, periksa kata sambutan dari penerbit (sesuatu yang dihindari untuk dibaca karena ada kemungkinan spoiler). Pantesan, sudut pandangnya berubah. Berubah ke tokoh yang nggak pernah saya sangka, bahkan saya pikir nggak begitu penting. Jacques Pangemanann dengan 2 n. Nama yang bikin saya cengar-cengir sendiri. Penting banget disebutin 2 n - nya, emangnya ini pelajaran aljabar matematika? XDSebenarnya, sejak baca Jejak Langkah nggak simpatik sama sikapnya Pangemanann. Kelihatan dia mau cari muka sama Minke (awalnya saya berpendapat begini). Ini buat saya sempat malas buat melanjutkan, tapi rasanya kalau sampai discontinued juga penasaran. Penasaran sama nasib Prinses van Kasurita (nasib Minke sesuai dengan perkiraan saya. Perkiraan yang timbul dari pertanyaan teman-teman: gila elu, suka baca gituan? Kenapa? Covernya aja udah nggak rame. Sejarah? Males amat gua. - Duh, Pak Pram. Bagaimana ini? #kenapajadicurhat). Ternyata dia nggak dibahas banyak. Meskipun nggak begitu dibahas, tapi saya kepikiran: kalau pas menikah, Minke dibilang dapat istri dari Gubernur Jendral, apakah begitu juga pas perceraiannya? Ironi. Dan, saya berpendapat bersimpangan. Minke dan Prinses Kasurita memang saling melengkapi. Prinses Kasurita adalah jelmaan Annelies dan Ang San Mei sekaligus. Anggun dengan senapan di tangan. Mitra yang baik. Lalu, mulai OOT.Udahan OOT-nya. Saya sebenarnya merasa capek juga baca buku ini. Mengapa? Ini rasanya lebih berat. Sudut pandang yang berubah, apalagi ini malah pakai sudut pandang \"antagonis\", sedikit membuat saya kelimpungan. Tapi, saya suka pemakaian sudut pandang ini.Ini sesuatu yang berbeda. Sesuatu yang menginspirasi salah satu dari cerita saya.Ini sesuatu yang nyeleneh. Memakai sudut pandang sang \"antagonis\" dengan sifat antagonis tanpa sensor. Tapi bukan menyiratkan Pangemanann sebagai antagonis. Buah pemikirannya begitu geser kiri-kanan-kiri-kanan, bimbang terus. Nggak akan ngundang simpati pembaca, tapi nggak memojokkan Pangemanann di awal.Soal sejarahnya, haduh lumayan. Saya pas SD dan SMP selalu tidur atau baca buku lain pas pelajaran sejarah. Ulangan tinggal ngafalin. Dampaknya jadi pusing pas baca buku ini. Sekaligus ngerasa bersalah sendiri. Pengen puter balik waktu ke masa buat tugas kelompok tentang SDI. Lucunya, bisa-bisanya nggak ngeh kalau Raden Mas Tirto Adhi Suryo itu Minke. Minke yang saya kagumi, yang saya pikir fiktif, yang sampai sekarang saya berkeinginan memiliki partner seperti dia. Dan Minke.................. saya pengen banting nih buku pas tahu gimana dia di akhir hayatnya. Kehilangan segalanya. Keluarga dan rekan. Dan, pada halaman-halaman terakhir inilah saya memasukkan Jacques Pangemanann sebagai tokoh pada cerita yang pengen saya bunuh. Seram? Terserah. Saya kesal sama dia. Orang yang membiarkan diri dikekang. Saya benci dia. Orang yang pada akhirnya setuju pada kolonial. Pembimbang. Mental cari aman dengan menghalalkan segala cara. Gila jabatan dan kekuasaan. Terkutuk dia di dalam mantan rumah kepemilikan Minke! Nggak ada gunanya dia bilang dia fans besar Minke bla-bla-bla, saya sudah muak. Omong kosong. Terlepas dari benar ia memiliki rasa begitu atau hanya basa-basi dalam tulisannya yang pada akhirnya dikirimkan pada Nyai Ontosoroh.(kenapa review ini berakhir dengan pelampiasan emosi pribadi yah? Haduh. Kalau saya nggak suntuk saya edit deh. Lagi nggak waras. Yang jelas, semua buku Tetralogi Pulau Buru saya kasih bintang 5, meski yang paling perfect ada di Jejak Langkah. Buku yang mengambil sudut pandang seorang pribumi yang terlarut dalam kenikmatan dari jabatan kolonial - yang membuat saya berkeinginan untuk membunuh si \"aku\", menambah kagum saya pada Pramoedya. Sudut pandang inilah yang menurut saya sangat istimewa)."}], "description": "With House Of Glass comes the final chapter of Pramoedya's epic quartet, set in the Dutch East Indies at the turn of the century. A novel of heroism, passion, and betrayal, it provides a spectacular conclusion to a series hailed as one of the great works of modern literature. At the start of House of Glass, Minke, writer and leader of the dissident movement, is now imprisoned\u2014and the narrative has switched to Pangemanann, a former policeman, who has the task of spying and reporting on those who continue the struggle for independence. But the hunter is becoming the hunted. Pangemanann is a victim of his own conscience and has come to admire his adversaries. He must decide whether the law is to safeguard the rights of the people or to control the people. He fears the loss of his position, his family, and his self-respect. At last Pangemanann sees that his true opponents are not Minke and his followers, but rather the dynamism and energy of a society awakened.", "title": "House of Glass\n      \n          (Buru tetralogy #4)", "url": "http://www.goodreads.com/book/show/174442.House_of_Glass", "average": 4.25, "cover": "http://d.gr-assets.com/books/1394995773l/174442.jpg", "reviews": 142, "authors": [{"url": "http://www.goodreads.com/author/show/101823.Pramoedya_Ananta_Toer", "name": "Pramoedya Ananta Toer"}, {"url": "http://www.goodreads.com/author/show/997849.Max_Lane", "name": "Max Lane"}], "outlinks": ["http://www.goodreads.com/book/show/1353452.Rumah_Kaca", "http://www.goodreads.com/book/show/1677693.Rumah_Kaca", "http://www.goodreads.com/book/show/7186659-het-glazen-huis", "http://www.goodreads.com/book/show/13414005-het-glazen-huis", "http://www.goodreads.com/book/show/1353452.Rumah_Kaca", "http://www.goodreads.com/book/show/1353452.Rumah_Kaca", "http://www.goodreads.com/book/show/1677693.Rumah_Kaca", "http://www.goodreads.com/book/show/1353452.Rumah_Kaca", "http://www.goodreads.com/book/show/1353452.Rumah_Kaca", "http://www.goodreads.com/book/show/1353452.Rumah_Kaca", "http://www.goodreads.com/book/show/1353452.Rumah_Kaca", "http://www.goodreads.com/book/show/1353452.Rumah_Kaca", "http://www.goodreads.com/book/show/1353452.Rumah_Kaca", "http://www.goodreads.com/book/show/1353452.Rumah_Kaca", "http://www.goodreads.com/book/show/1353452.Rumah_Kaca", "http://www.goodreads.com/book/show/1353452.Rumah_Kaca", "http://www.goodreads.com/book/show/1677693.Rumah_Kaca", "http://www.goodreads.com/book/show/1353452.Rumah_Kaca", "http://www.goodreads.com/book/show/1353452.Rumah_Kaca", "http://www.goodreads.com/book/show/1353452.Rumah_Kaca", "http://www.goodreads.com/book/show/1353452.Rumah_Kaca", "http://www.goodreads.com/book/show/1353452.Rumah_Kaca", "http://www.goodreads.com/book/show/1353452.Rumah_Kaca", "http://www.goodreads.com/book/show/1379444.Burung_Burung_Manyar", "http://www.goodreads.com/book/show/984819.Para_Priyayi", "http://www.goodreads.com/book/show/1334844.Ronggeng_Dukuh_Paruk", "http://www.goodreads.com/book/show/1439798.Anak_Bajang_Menggiring_Angin", "http://www.goodreads.com/book/show/16174176-pulang", "http://www.goodreads.com/book/show/1455669.Harimau_Harimau_", "http://www.goodreads.com/book/show/6468957-tanah-tabu", "http://www.goodreads.com/book/show/1722607.Olenka", "http://www.goodreads.com/book/show/7876993-entrok", "http://www.goodreads.com/book/show/1353409.Cantik_itu_Luka", "http://www.goodreads.com/book/show/15995172-amba", "http://www.goodreads.com/book/show/1096114.Ca_Bau_Kan", "http://www.goodreads.com/book/show/1481902.Kitab_Omong_Kosong", "http://www.goodreads.com/book/show/1283619.Atheis", "http://www.goodreads.com/book/show/2016000.Rahasia_Meede", "http://www.goodreads.com/book/show/1455480.Robohnya_Surau_Kami", "http://www.goodreads.com/book/show/1697353.Aku_Ingin_Jadi_Peluru", "http://www.goodreads.com/book/show/1398034.Bumi_Manusia", "http://www.goodreads.com/book/show/248069.Child_of_All_Nations", "http://www.goodreads.com/book/show/1398066.Jejak_Langkah", "http://www.goodreads.com/book/show/1398034.Bumi_Manusia", "http://www.goodreads.com/book/show/1398066.Jejak_Langkah", "http://www.goodreads.com/book/show/735248.Gadis_Pantai", "http://www.goodreads.com/book/show/248069.Child_of_All_Nations", "http://www.goodreads.com/book/show/963128.Arok_Dedes"]}