{"ratings": 150, "userreviews": [{"userName": "Abigail Surmay", "userReviewDate": "Sep 06, 2014", "userURL": "http://www.goodreads.com/user/show/34297218-abigail-surmay", "userReview": "How Do Dinosaurs Learn to Read opens the question as to how does anyone learn how to read? A dinosaur doesn't stomp on his book or whimper and plead. A dinosaur doesn't read in the tub or while he eats. And a dinosaur never ever throws his book down when his reading skills fail. No, none of these things would ever happen. A dinosaur treats every one of his books with care. This book is filled with detailed and lively illustrations of dinos with their stories. From the title page on the very front to the one not many people look at on the back; each page gets even more colorful than the last and really shows how every dinosaur is really enjoying and loving each book that touches their mighty...hands? (legs?). This books is not long, in fact it is actually pretty short. However, it does not fail to teach young readers how to properly love a book so they can have just as great of a reading experience as the dinosaurs did. It also teaches children that is good to enjoy reading, even if something comes up when they don't understand it, this books shows the theme to never give up, mostly never give up on a book!"}, {"userName": "Brittany Connolly", "userReviewDate": "Sep 01, 2014", "userURL": "http://www.goodreads.com/user/show/34250362-brittany-connolly", "userReview": "How Do Dinosaurs Learn to Read? Although this isn't a question I've ever asked myself, this creative picture book illustrates how a dinosaur learns to read. He doesn't stomp on his book or whimper and plead. A dinosaur doesn't read in the tub or while he eats. And a dinosaur never ever throws his book down when his reading skills fail. No, none of these things would ever happen. A dinosaur treats every one of his books with care. This book is filled with vivid images of dinosaurs with their books. From the picture on the front cover to the last image in the book, each and every dinosaur is depicted as loving the books in the dinosaur hands. Although it is very short in length, this book shows young reader how to properly care for and read books of their own. It teaches children that it is okay to enjoy reading and, even when they don't know a word or two, to never give up on a book. From a very young age, I've cherished every book I have ever read and I love that this story encourages this from a very young age!"}, {"userName": "Bridget R. Wilson", "userReviewDate": "Jun 08, 2010", "userURL": "http://www.goodreads.com/user/show/1001835-bridget-r-wilson", "userReview": "Just how does a dinosaur learn to read? Yolen explores this question with delightful speculation and ultimately teaches you what you should and shouldn\u2019t do while reading.What I thought: I love Yolen\u2019s Dinosaur series, but as a librarian, I am especially fond of this title. Yolen\u2019s lyrical prose is wonderful. The book is almost a song. Teague\u2019s illustrations are deliciously realistic. These are not cartoon dinosaurs, but real dinosaurs."}, {"userName": "Kathy", "userReviewDate": "Sep 01, 2011", "userURL": "http://www.goodreads.com/user/show/6183260-kathy", "userReview": "My children and I love these books by Jane Yolen. They find it hilarious that the dinosaurs are just like normal kids with human parents. Never a dull read!"}, {"userName": "Ricki", "userReviewDate": "Feb 16, 2014", "userURL": "http://www.goodreads.com/user/show/1037651-ricki", "userReview": "I loved this book! I just wish it was longer than eight pages!"}, {"userName": "Meg McGregor", "userReviewDate": "Jun 19, 2013", "userURL": "http://www.goodreads.com/user/show/5554878-meg-mcgregor", "userReview": "I have always asked myself that question! A great book to show even the youngest child that reading is one of the most fun activities as you meet new friends and have new adventures. Read to your children at least 20 minutes a day and remind the older ones they need to read at least that much everyday too!"}, {"userName": "Dolly", "userReviewDate": "Jul 10, 2012", "userURL": "http://www.goodreads.com/user/show/1019021-dolly", "userReview": "This is a very short book that's all about reading.  It's a great book to read at bedtme, especially with younger children.  It is too young for our girls, so I just read it myself while waiting for a flight.  Nice addition to the series."}, {"userName": "Tori", "userReviewDate": "Sep 12, 2012", "userURL": "http://www.goodreads.com/user/show/12120620-tori", "userReview": "PB 9: My only complaint about this book is that it's super short. I love dinosaurs and I loved this book as well. It rhymes, which adds to the fun, and also teaches a small lesson about reading. I really really like the pictures."}, {"userName": "Keidra Polite", "userReviewDate": "May 03, 2010", "userURL": "http://www.goodreads.com/user/show/3145517-keidra-polite", "userReview": "This book ask questions the entire story. Also, it tells what dinosaurs do not do when they learn to read, in order to teach children what to do. It can be used to teach rhyming, questioning, or how to learn to read."}, {"userName": "Shelli", "userReviewDate": "Jun 24, 2012", "userURL": "http://www.goodreads.com/user/show/864675-shelli", "userReview": "Great book to share with children and dinosaurs alike, teaching how to properly read and care for a book. A must have for every school library and elementary class room."}, {"userName": "Stephanie Tuell", "userReviewDate": "Feb 28, 2008", "userURL": "http://www.goodreads.com/user/show/516546-stephanie-tuell", "userReview": "i read this book to my toddlers while i was working at a daycare.  they loved that dinosaurs loved to read, just like them."}, {"userName": "Bridget", "userReviewDate": "Sep 20, 2010", "userURL": "http://www.goodreads.com/user/show/1151387-bridget", "userReview": "Fun to read about dinosaurs reading.  Like that the dino mom at the end is reading her copy of Vogue.  :)"}, {"userName": "Denise", "userReviewDate": "Feb 29, 2012", "userURL": "http://www.goodreads.com/user/show/3427224-denise", "userReview": "Just an adorable book.... love this author and her books,,,"}, {"userName": "Theresa", "userReviewDate": "Sep 07, 2012", "userURL": "http://www.goodreads.com/user/show/5860019-theresa", "userReview": "a cute story"}, {"userName": "Cws", "userReviewDate": "Jul 02, 2009", "userURL": "http://www.goodreads.com/user/show/823026-cws", "userReview": "JEDINO-Yol"}], "description": "This extremely little short book (only 6 pages!!!) is written in the same style as Jane Yolen & Mark Teague's other dinosaur book collaborations together, such as HOW DO DINOSAURS SAY GOOD NIGHT? and HOW DO DINOSAURS GET WELL SOON? The book was created as a promotional item to teach kids to have good reading habits and to respect books. The illustrations are lively and the rhyming text delivers the message well. As short as it is, this could be one book that parents might not mind reading over and over.- Amazon reviewer tvtv3", "title": "How Do Dinosaurs Learn to Read?\n      \n          (How Do Dinosaurs...?)", "url": "http://www.goodreads.com/book/show/641675.How_Do_Dinosaurs_Learn_to_Read_", "average": 3.89, "cover": "http://d.gr-assets.com/books/1328392361l/641675.jpg", "reviews": 15, "authors": [{"url": "http://www.goodreads.com/author/show/5989.Jane_Yolen", "name": "Jane Yolen"}, {"url": "http://www.goodreads.com/author/show/46994.Mark_Teague", "name": "Mark Teague"}], "outlinks": ["http://www.goodreads.com/book/show/902468.Dinosaur_Days", "http://www.goodreads.com/book/show/2140425.Maybe_a_Bear_Ate_It_", "http://www.goodreads.com/book/show/976009.Froggy_Goes_to_School", "http://www.goodreads.com/book/show/3618343-dinosaurs-love-underpants", "http://www.goodreads.com/book/show/661990.Dinosaur_Roar_Board_Book", "http://www.goodreads.com/book/show/1142649.Dinosaur_Train", "http://www.goodreads.com/book/show/853710.Jamaica_s_Find", "http://www.goodreads.com/book/show/1386245.Berenstains_A_Book", "http://www.goodreads.com/book/show/8290.The_Deer_in_the_Wood", "http://www.goodreads.com/book/show/11325654-dinosaur-vs-the-library", "http://www.goodreads.com/book/show/389361.Penguins_Penguins_Everywhere_", "http://www.goodreads.com/book/show/645451.Fidgety_Fish", "http://www.goodreads.com/book/show/2865875-five-little-monkeys-reading-in-bed", "http://www.goodreads.com/book/show/364588.Miss_Bindergarten_Gets_Ready_for_Kindergarten", "http://www.goodreads.com/book/show/776391.What_Mommies_Do_Best_What_Daddies_Do_Best", "http://www.goodreads.com/book/show/75996.Friends", "http://www.goodreads.com/book/show/458185.Can_You_Tell_Me_How_to_Get_to_Sesame_Street_", "http://www.goodreads.com/book/show/205243.Oh_say_can_you_say_di_no_saur_", "http://www.goodreads.com/book/show/543327.How_Do_Dinosaurs_Get_Well_Soon_", "http://www.goodreads.com/book/show/81149.How_Do_Dinosaurs_Play_with_Their_Friends_", "http://www.goodreads.com/book/show/6536675-how-do-dinosaurs-say-i-love-you", "http://www.goodreads.com/book/show/6821423-how-do-dinosaurs-love-their-cats", "http://www.goodreads.com/book/show/91357.The_Devil_s_Arithmetic", "http://www.goodreads.com/book/show/228696.Owl_Moon", "http://www.goodreads.com/book/show/81153.Briar_Rose", "http://www.goodreads.com/book/show/201054.Dragon_s_Blood"]}