{"ratings": 162, "userreviews": [{"userName": "Jessica", "userReviewDate": "Dec 31, 2014", "userURL": "http://www.goodreads.com/user/show/812106-jessica", "userReview": "The flow of this book was amazing.  I thought it would just be a fact and answer book, but it was much better.  It told all about what life would be like in colonial times.  It had humor though and was an interesting quick read.  I think students will really like this non-fiction read out loud."}, {"userName": "Ricci", "userReviewDate": "Apr 09, 2014", "userURL": "http://www.goodreads.com/user/show/12617759-ricci", "userReview": "These books are excellent for kids of all ages and gives a short and direct approach to living during certain time periods."}, {"userName": "Renee", "userReviewDate": "Feb 13, 2014", "userURL": "http://www.goodreads.com/user/show/28479295-renee", "userReview": "I'd like to buy this for our homeschool collection.  S could easily read it on his own and it has lots of interesting facts."}, {"userName": "Alyssa", "userReviewDate": "Nov 30, 2010", "userURL": "http://www.goodreads.com/user/show/4224265-alyssa", "userReview": "I just finished reading the book If You Lived In Colonial Times by Ann McGovern like if you lived  in one of the New England colonies during the years between 1565 and 1776. this book is in a great question and answer format it helps you to understand what more specific aspects of these times were and how they lived thought all the hard ships of creating a town/home that was safe and had a bounty of resources necessary to live during the colonial times. I enjoyed reading this book and learning more about how many troubles these people had to go through just to go through there everyday life."}, {"userName": "Sabrina", "userReviewDate": "Oct 30, 2011", "userURL": "http://www.goodreads.com/user/show/1261615-sabrina", "userReview": "So it's the first snow fall of the winter season . . .10\"s or so, lost power for 2 days.This book was the perfect thing to read to my boys during our night of no electricity, warming by the fireplace and reading by candle light.I loved the question and answer format and thought the book could have gone on for a bit longer.My son was cracking up over some of the laws (kind of a scary funny) and wanted to know who the heck created them and why?!  And I think he asked me WHAT?! several times throughout.Perfect book for the situation we were in . . . ."}, {"userName": "Arianna", "userReviewDate": "Feb 01, 2014", "userURL": "http://www.goodreads.com/user/show/28266664-arianna", "userReview": "i dont know i dont really like this website all i want to do is read the book :("}, {"userName": "Dawn Trlak-Donahue", "userReviewDate": "Nov 16, 2014", "userURL": "http://www.goodreads.com/user/show/1732822-dawn-trlak-donahue", "userReview": "Great intro to history for kids."}, {"userName": "HeavyReader", "userReviewDate": "Jan 04, 2009", "userURL": "http://www.goodreads.com/user/show/142816-heavyreader", "userReview": "This was another book that came to me via school book orders. I loved its question and answer format, and read it repeatedly. I still remember that in the list of instructions for kids was this gem \"stuff not your mouth to fill your cheeks,\" or something along those lines. There was a lot of things kids (and adults!) were not supposed to do.And how creepy is that cover picture of modern kids looking into that old school mirror and seeing their colonial times counterparts?"}, {"userName": "Charlie", "userReviewDate": "Jan 25, 2014", "userURL": "http://www.goodreads.com/user/show/18842142-charlie", "userReview": "After reading this book, I don't want to live back then. Glad I didn't."}, {"userName": "Amanda Stacy", "userReviewDate": "Apr 22, 2012", "userURL": "http://www.goodreads.com/user/show/7381122-amanda-stacy", "userReview": "This is a great piece of literature to use around 2nd to 4th grade. It goes in to talking about the pilgrims and the first snow. It's set up in an awesome question answer format that keeps the students engaged. Would be great for an integrated lesson plan around thanksgiving for reading, writing and social studies."}, {"userName": "Sabrina", "userReviewDate": "Nov 22, 2010", "userURL": "http://www.goodreads.com/user/show/3140370-sabrina", "userReview": "This is a Q & A type book.  A question is posed ad a topic. Then it is answered along wit hat vivid illustration. It gets children interesting in learning about the colonial ere because it is written from a child's poinf of view during the colonial era."}, {"userName": "Wendee", "userReviewDate": "Aug 16, 2008", "userURL": "http://www.goodreads.com/user/show/915705-wendee", "userReview": "I bought this book for Ethan on our trip to Plymouth, Mass.  He really enjoyed reading it and was very interested in how kids lived, in those days.  We even had a great conversation on some of the \"strange\" things they could not do on Sunday.  =o)"}, {"userName": "Bailey", "userReviewDate": "Nov 29, 2010", "userURL": "http://www.goodreads.com/user/show/3145354-bailey", "userReview": "This is a great and informative book about colonial times, though it is very lengthy. I took excerpts from it to read to my class during my PTLS. It has lots of interesting information about the thirteen colonies and it has great illustrations."}, {"userName": "Madeline", "userReviewDate": "Feb 02, 2014", "userURL": "http://www.goodreads.com/user/show/1060786-madeline", "userReview": "Fun and informative. It shows you how the Colonists dressed, what they did around the house, the games they played, what the schools where like, which kids went to which schools, and much more."}, {"userName": "Sarah", "userReviewDate": "May 26, 2008", "userURL": "http://www.goodreads.com/user/show/987336-sarah", "userReview": "This seems a bit dated and the drawings a bit stereotypical to me. I believe it is part of a series of If You Lived... books. Decent but could definitely have been done better."}, {"userName": "Deborah Harris", "userReviewDate": "Dec 15, 2013", "userURL": "http://www.goodreads.com/user/show/7391916-deborah-harris", "userReview": "RL 4.0 AR Quiz No. 18478 EN NonfictionAccelerated Reader Quiz Information IL: LG - BL: 4.1 - AR Pts: 1.0Accelerated Reader Quiz Type Information AR Quiz Types: RP, VP"}, {"userName": "Christy", "userReviewDate": "Nov 08, 2010", "userURL": "http://www.goodreads.com/user/show/3140382-christy", "userReview": "A kid friendly text with great illustrations.  It tells about life in the New England colonies in 1565 - 1776.  A good resource for students to know how kids lived."}, {"userName": "Daniel Threlfall", "userReviewDate": "Oct 02, 2012", "userURL": "http://www.goodreads.com/user/show/7118262-daniel-threlfall", "userReview": "Read this to my daughters, aged 2 (almost 3) and 4. They loved it, and so did I. It was especially interesting to me after reading several books on early America."}, {"userName": "Shanna", "userReviewDate": "Oct 31, 2007", "userURL": "http://www.goodreads.com/user/show/137756-shanna", "userReview": "I used to love reading this book in grade school-I still can't believe they would beat you over the head with a wooden stick if you fell asleep in church..."}, {"userName": "Deanna", "userReviewDate": "Jan 19, 2009", "userURL": "http://www.goodreads.com/user/show/1064820-deanna", "userReview": "My kids loved this book and begged me to read the whole book in one sitting. We learned what colonial kids ate, read, did and many more things."}, {"userName": "Amanda", "userReviewDate": "Sep 17, 2013", "userURL": "http://www.goodreads.com/user/show/98631-amanda", "userReview": "A fun comprehensive book of life in Colonial Times. There were a few laugh out loud moments."}, {"userName": "Melanie", "userReviewDate": "Sep 16, 2012", "userURL": "http://www.goodreads.com/user/show/1095633-melanie", "userReview": "This was fun to read with my kids and compare life now to life back then."}, {"userName": "Ashlee", "userReviewDate": "Jun 21, 2011", "userURL": "http://www.goodreads.com/user/show/2192548-ashlee", "userReview": "This series is fantastic for all children."}, {"userName": "Ellie", "userReviewDate": "Mar 14, 2013", "userURL": "http://www.goodreads.com/user/show/2908629-ellie", "userReview": "Very useful for teachers."}], "description": "If you lived in colonial times--What kind of clothes would you wear?--Would you go to school?--What would happen if you didn't behave?This book tells you what it was like to live in the New England colonies during the years 1565 to 1776.", "title": "If You Lived In Colonial Times", "url": "http://www.goodreads.com/book/show/107634.If_You_Lived_In_Colonial_Times", "average": 3.77, "cover": "http://d.gr-assets.com/books/1328861837l/107634.jpg", "reviews": 24, "authors": [{"url": "http://www.goodreads.com/author/show/179.Ann_McGovern", "name": "Ann McGovern"}, {"url": "http://www.goodreads.com/author/show/936654.Mcgovern", "name": "Mcgovern"}, {"url": "http://www.goodreads.com/author/show/348631.Brinton_Turkle", "name": "Brinton Turkle"}, {"url": "http://www.goodreads.com/author/show/3141513.June_Otani", "name": "June Otani"}], "outlinks": ["http://www.goodreads.com/book/show/7788896-if-you-lived-in-colonial-times", "http://www.goodreads.com/book/show/2602822-if-you-lived-in-colonial-times", "http://www.goodreads.com/book/show/15257583-if-you-lived-in-colonial-times", "http://www.goodreads.com/book/show/6517602-if-you-lived-in-colonial-times", "http://www.goodreads.com/book/show/15257583-if-you-lived-in-colonial-times", "http://www.goodreads.com/book/show/15257583-if-you-lived-in-colonial-times", "http://www.goodreads.com/book/show/107636.If_You_Lived_At_The_Time_Of_The_American_Revolution", "http://www.goodreads.com/book/show/401814.If_You_Traveled_West_In_A_Covered_Wagon", "http://www.goodreads.com/book/show/89963.If_You_Were_There_When_They_Signed_The_Constitution", "http://www.goodreads.com/book/show/102252.Will_You_Sign_Here_John_Hancock_", "http://www.goodreads.com/book/show/1080455.Squanto_and_the_Miracle_of_Thanksgiving", "http://www.goodreads.com/book/show/2851124-samuel-eaton-s-day", "http://www.goodreads.com/book/show/1275200.From_Seed_to_Pumpkin", "http://www.goodreads.com/book/show/104293.A_Picture_Book_of_Abraham_Lincoln", "http://www.goodreads.com/book/show/355951.Letting_Swift_River_Go", "http://www.goodreads.com/book/show/45021.Bard_of_Avon", "http://www.goodreads.com/book/show/853707.Tut_s_Mummy", "http://www.goodreads.com/book/show/164299.Clara_Barton", "http://www.goodreads.com/book/show/110959.The_Magic_School_Bus_Inside_a_Hurricane", "http://www.goodreads.com/book/show/955192.We_the_Kids", "http://www.goodreads.com/book/show/29819.The_Landing_of_the_Pilgrims", "http://www.goodreads.com/book/show/1031461.Stone_Soup", "http://www.goodreads.com/book/show/93011.Robin_Hood_of_Sherwood_Forest", "http://www.goodreads.com/book/show/160196.Too_Much_Noise", "http://www.goodreads.com/book/show/584876.The_Secret_Soldier", "http://www.goodreads.com/book/show/4821.If_You_Sailed_On_The_Mayflower"]}