{"ratings": 232, "userreviews": [{"userName": "Lisa Vegan", "userReviewDate": "Feb 15, 2011", "userURL": "http://www.goodreads.com/user/show/83445-lisa-vegan", "userReview": "I saw this on the library shelf, and was interested because I\u2019ve enjoyed reading about traditions around baby teeth loss in other books, including Throw Your Tooth on the Roof: Tooth Traditions from Around the World and several others, but if I\u2019d read the inside cover carefully I\u2019d never have read it. The tradition here is if you lose a tooth, you then get your own chicken. Definitely offends my vegan sensibilities. However, I couldn\u2019t help enjoying this book.For one thing, it\u2019s basically a true story based on the author\u2019s sister\u2019s experience. Also, the illustrator is the author\u2019s father. Most importantly, it\u2019s told first person by Amina, who\u2019s really the author\u2019s little sister (photo included at the end of the book!) and I love her voice. It\u2019s the story of a family who lives in Portland, Oregon, U.S.A. and travels to visit relatives in Bamako, Mali, Africa. Every step of the journey, seeing the different traditions in this other culture, all of it is interesting.The illustrations are vibrant, colorful, appealing. As a squeamish person, the lost tooth was depicted a little too realistically. At least there was no blood or thread left. As a kid, I\u2019d have just been excited to see that tooth on the ground and finally lost as its owner had hoped for.The author and illustrator\u2019s notes have convinced me to shelve this as non-fiction biography. At the end of the book there is a short glossary, a good night song the Mali grandma sings, in Bambara (I think) with an English translation, and, unfortunately for vegan and vegetarian children, a Mali recipe for Djaba Dji. It includes chicken and chicken broth for which I guess plant based food substitutes could easily be used; it looks pretty good if you like the taste of meat; I don\u2019t like vegan meats myself.This is a warmhearted family and inter-cultural story well worth reading."}, {"userName": "Kathryn", "userReviewDate": "Mar 24, 2011", "userURL": "http://www.goodreads.com/user/show/446464-kathryn", "userReview": "What a fun, engaging and surprisingly thoughtful story about a young girl from Portland who accompanies her family to Mali (in West Africa) to spend several weeks with her extended family.  To add to the excitement, she has a loose tooth and hopes it will fall out while she is in Mali so she can get a chicken from the African tooth fairy!  Well, with the title \"I Lost My Tooth in Africa\" it's no surprise that he wish comes true, but it's still a great deal of fun finding out when it happens and whether she gets her chicken.  Although it features the very appealing topic of losing ones teeth (I can't tell you how excited my little 6-year-old ballet students are, keeping me updated with their loose tooth stories!), grown-up me appreciated the story for its engaging glimpse into the family in Mali, and its skillfully subtle way of showing how life is so different there than what the girl was used to in the US (such as brushing her teeth out next to a tree so that the water will fall on the tree and water it) yet she enthusiastically embraced it all.  Also, it shows how, despite cultural differences, love and family bonds transcend all that--and so does the excitement a child feels about losing a tooth and getting something in return!Although the illustrations aren't my usual favorite style, I found them utterly enchanting and absorbing in this case.  I also enjoyed the author's and illustrator's notes in the back of the book as it is based on a true story of the author's little sister (and how cute is the photo of her with her tooth missing!!!) and illustrator's younger daughter (yes, author is the older daughter of the illustrator.  I'm also very eager to make the recipe for the traditional African meal the family eats in the book (with a few tweaks for my vegan diet).Thanks to my friend Lisa for bringing this to my attention! :-)  (and consider that a smile with a front tooth missing!)"}, {"userName": "L11_Page", "userReviewDate": "Jan 25, 2011", "userURL": "http://www.goodreads.com/user/show/4800140-l11-page", "userReview": "This brilliantly written book is based on the true story of the author's younger sister's experience of losing a tooth on a trip to visit family in Mali, West Africa.  Instead of money, her sister is promised a chicken, the traditional gift for placing a tooth under a gourd for the African tooth fairy.  Losing a tooth and waiting for a gift to appear is familiar to many in the intended audience of 4-7 year olds and the enthusiasm Amina, the sister and narrator, shows after losing the tooth made me smile.  The words and illustrations (drawn by the author's father) are both simple and telling.  Amina describes her days waiting for the chickens, the eggs and then the hatching with both English and West African words. As the time comes for Amina and her family to leave, her chickens' eggs have hatched and her uncle promised her that when she returns the baby chicks will be old enough to lay their own eggs.  A familiar subject written with an unfamiliar twist for many, including myself, makes this book stand out among many multicultural literature books for children."}, {"userName": "Ali", "userReviewDate": "Nov 22, 2014", "userURL": "http://www.goodreads.com/user/show/7808004-ali", "userReview": "Kali thoroughly enjoyed this one (she said so herself).  The book has a number of words from one of the many languages of Mali, and without always giving the translation, the context allows the child to figure out what it means.  It also introduces concepts of family and deeper levels of appreciation for everyday life in Mali."}, {"userName": "Grace Bradley", "userReviewDate": "Apr 24, 2014", "userURL": "http://www.goodreads.com/user/show/27911400-grace-bradley", "userReview": "I read this book for a project on notable books and I definitely think this could win an award. This book is about a little African American girl and her family who live in Portland, Oregon and decide to visit their family from Africa. On the airplane the little girl discovers that she has a loose tooth. Her dad tells her that if you lose a tooth in Africa, they give you a chicken! She begins to wiggle her tooth and hopes to lose it in Africa. When they arrive they eat dinner with their family members partaking in the traditional African traditions at meal time. The story takes you through a series of cultural experiences that the little girl experiences for the first time and gladly accepts. Eventually she loses her tooth and waits and waits all day for a chicken and finally gets one! The chicken lays eggs and she doesn't want to leave Africa until the eggs hatch. On the last day, the eggs hatch and she is sad to leave Africa and go back to Portland. This story has extremely bright and vibrant illustrations for kids. It might be a little busy for the younger ones, but upper elementary students would really enjoy this story. I thought it incorporated the cultural traditions nicely into the story. I also really liked how they used an Americanized family traveling to their homeland as the premise of the story because that could be any of us going from our city we live in to a foreign country with completely different customs like what happens when a child loses a tooth. I highly recommend this book!"}, {"userName": "Amitha", "userReviewDate": "Jul 17, 2014", "userURL": "http://www.goodreads.com/user/show/881777-amitha", "userReview": "I stumbled across this book at the library while browsing and was drawn in by the hilarious and cute title. The story is about what happened when the author's sister lost her tooth on a family trip to Mali (spoiler: there a chickens involved). The illustrations are eye-catching and joyful, and the story is just as fun as the title. Preschooler Monkey is very eager to lose a tooth now! (As I'm writing this, she's upstairs playing with her cousin. \"Let's pretend we're in Africa! I lost my tooth!\")"}, {"userName": "David", "userReviewDate": "Jun 23, 2014", "userURL": "http://www.goodreads.com/user/show/3724927-david", "userReview": "I Lost My Tooth In Africa by Penda Diakit\u00e9, illustrated by Baba Wagu\u00e9 Diakit\u00e9 tells the tale of a young girl from Portland, Oregon who visits her extended family in Mali, and receives the traditional gift of a chicken in return for placing her lost tooth under a calabash gourd for the African tooth fairy.Colorful, detailed illustrations feature borders of teeth and chickens, birds and vegetables, feathers and eggs, and more. Vibrant colors and earthy tones abound. Some details are only seen in the pictures. It's illustrated by the father of the author.Based on a true story about the author's sister, when she was eight years old, this tale is spiced up with some Bambara language and examples of life in a Mali village. Readers learn about greeting grandmother & receiving daily blessings, eating from a communal bowl, sleeping in a bamboo bed, and brushing your teeth by a palm tree so that the tree gets water. Amina's story is told in the first person, which allows readers to live vicariously through her eyes. Included are the author's & illustrator's explanations of the story's origins, a glossary, and a recipe for African Onion Sauce. A photo of young Amina is also included, I Lost My Tooth in Africa shows a girl from the United States with a family and heritage rooted in Africa. Yet, despite cultural differences, love and family bonds transcend all. Detailed pictures give readers more things to think about. Readers will identify with the universal story of losing a tooth & getting a gift, with a twist. The terminology and cultural rituals of Mali make this multicultural story special. I love the way this story shows, through food, games, and animals, how geographic location, climate, and physical surroundings affect ones way of life.For ages 5 to 9, Losing a tooth, family, biography, multicultural, Mali, and fans of Baba Wagu\u00e9 Diakit\u00e9."}, {"userName": "Erica Cowhick", "userReviewDate": "Oct 06, 2008", "userURL": "http://www.goodreads.com/user/show/1442266-erica-cowhick", "userReview": "A girl named Amina lives in Portland, Oregon and is flying to Africa to visit her father's family. Before they arive in Amina, Amina notices that she has a wiggly tooth. If you lose a tooth in Africa and put it under a gourd, then you will get a chicken from the African Tooth Fairy! This book talks about several of the cultural things that are done in Africa such as: sleeping on a bamboo bed, greeting grandma and recieve blessings, and playing different African games. Amina lost her tooth and put it under her pillow to discover that she now has two chickens!Amina takes care of the chickens while she was in Africa, but then has to say goodbye to the chickens when her family goes home. Activities1. The children can create a venn diagram of similarities and differences in the two countries: Africa and America.2. The students can have a roundtable discussion of some of the different cultural differences in Africa. This is called a roundtable dicussion and gives the students a chance to talk about what intrigues, bothers, and confuses them."}, {"userName": "Toby", "userReviewDate": "Feb 21, 2009", "userURL": "http://www.goodreads.com/user/show/1270622-toby", "userReview": "I Lost My Tooth in Africa by Penda Diakite, Illus by Baba Wague Diakite2010 Monarch Award Master ListYou will probably recognize the name \u2018Diakite\u2019 \u2013 the illustrator won a Coretta Scott King Honor for The Hunterman and the Crocodile and was also the author/illustrator of The Hatseller and the Monkeys, an African version of the old Caps for Sale story.  Penda, we learn from the glossary means\u2019 love\u2019 in Swahili but, the author informs us that, even though Swahili is an East African language (and this story takes place in Mali), she was named after her grandmother.        Children will be enchanted by the common story of a little girl with a loose tooth, with the unique wrinkle that she loses it on a trip to visit her father\u2019s family in Africa.  \u201cMy dad says if you lose a tooth in Africa and put it under a gourd, you will get a chicken from the African Tooth Fairy!\u201d  And so she does.\tIn the best multicultural books, children can identify with a universal experience, such as losing a tooth, and then see how another culture has made that experience unique.  The fact that this story is a true story, written when the author was 8 years old and visiting her father\u2019s homeland, only makes the story more appeling.       The illustrations are gorgeous, beginning with the adinkra print end papers, continuing throughout with borders that highlight the subject of each painting: moon and stars at night, roosters & teeth in the daytime, black and white feathers interspersed with eggs when the much-anticipated gift from the Tooth Fairy is a chicken AND a rooster.  The illustrator\u2019s note pulls it all together: \u201cThere is a proverb from Mali that says, \u2018Raising a child is like planting a tree.  When it is tended well, you will enjoy its shade.\u2019  This has been a great reward for me to illustrate my daughter\u2019s book.  I have always tried to teach my daughters about my culture in which storytelling is a true way of learning.  As the tradition says, \u2018Words must go from old mouths to new ears.\u2019  Storytelling is a gift to me from my elders and I simply wanted to pass this gift along to my children.\u201d  Multicultural learning doesn\u2019t get any better than this."}, {"userName": "Ginta Harrigan", "userReviewDate": "Jul 07, 2013", "userURL": "http://www.goodreads.com/user/show/6322007-ginta-harrigan", "userReview": "\u201cI Lost My Tooth in Africa\u201d is about an American girl who travels to Africa with her family to visit relatives while there she loses her tooth, places it under a calabash (a gourd) and receives a hen and a rooster from the African Tooth Fairy.\u201cI Lost My Tooth in Africa\u201d is a culturally specific book but only as it applies to Africans.  Children of African descent who live in the United States would never expect to receive a chicken in exchange for a lost tooth.  However, I liked the story; it is a true tale.  It was written by the author when she was eight years old.  I liked that it provided a window into an aspect of African culture I was not privy to.  I also liked that the child was given something of true value, a living creature (an animal), as opposed to money,  the tradition we have perpetuated in the United States.  My rating for this book is four stars.  The story is well written.  I read the story to my students and they enjoyed it.  They all wanted a chicken after I completed the reading.  This is great story to read with primary students to give them a glimpse into an African tradition they would otherwise not be exposed to."}, {"userName": "Elizabeth Leonard", "userReviewDate": "Apr 15, 2013", "userURL": "http://www.goodreads.com/user/show/16767997-elizabeth-leonard", "userReview": "This story is very relatable to all students since at some point they will all lose their baby teeth. I like how this story finds a common ground about the tooth fairy, I\u2019m sure it will grab student\u2019s attention. This also shows a tradition that is different for the Mali culture then American, children normally would get money from the tooth fairy not a chicken.This book is rich in cultural details. For example once Amina gets to Africa she eats the Djaba Dji soup with her family, the recipe is also very creatively included in the back of the book. Also throughout the story Amina would say things in the national language of Mali called Bambara. There is also a glossary of these words in the back of the text. An example of how she uses this language would be when she is leaving Africa she says, \u201cKawn-bay to the mango tree, kawn-bay to the little creek, kawn-bay to Africa\u201d. In the glossary I find that kawn-bay means good-bye. Along with the text the illustrations show a different culture as well. The pictures of the houses she is staying in look quite different then houses you would see in Portland Oregon. The illustrations are done very well and add to the quality of the book."}, {"userName": "Alexandria", "userReviewDate": "Nov 26, 2013", "userURL": "http://www.goodreads.com/user/show/23905908-alexandria", "userReview": "I Lost my Tooth in Africa, is picture book about a young girl named Amina who loses her tooth while visiting relatives in Mali, Africa.  The story allows readers to make comparisons between tooth traditions in the United States and those of Africa. Readers of this story learn that instead of receiving money for a tooth (like in America), individuals from Africa place their tooth under a gourd, in hopes that the African tooth fairy will bring them laying hens. This book definitely merits the honor award because it fosters an awareness and understanding for people who seem different from the reader as well as introduces readers to the literary traditions of different world cultures (Tunnell, 193), which is absolutely an area that we need to introduce our students to in the classroom. A fun activity for students to do relating to this book would be to have them research their family backgrounds and make a short presentation to the class (including where their family originated from, different traditions they may have had, food they ate, etc.)."}, {"userName": "Ch_jank-caporale", "userReviewDate": "Feb 21, 2010", "userURL": "http://www.goodreads.com/user/show/3156480-ch-jank-caporale", "userReview": "Penda Diakite was born in Portland, Oregon to a father from Bamako, Mali. The two have teemed up as writer/illustrator of this story based on Penda's sister, Amina, who really did lose her tooth in Africa.Mali legend says that if you lose your tooth in Africa and put it under a calabash gourd, the tooth fairy will trade you for it with a chicken. Amina is very excited- the waiting is killing her!- and, sure enough, she receives two chickens, one male, one female, who lay eggs beneath the gourd. Just before Amina and her family leave Africe, the chicks begin to hatch.Through colorful drawings, decorated with borders of teeth and chickens, birds and vegetables, feathers and eggs, we learn the traditions of daily life in Mali.Baba Wague Diakite is a traditonal African storyteller who has won many awards for previous books. He wrote \"The Hunterman and the Crocodile\" which won a Coretta Scott King award, and also \"The Magic Gourd\" and \"The Nutseller and the Monkeys.\" In this book he shares an African proverb, \"Raising a child is like planting a tree. When it is tended well, you will enjoy its shade.\" This is how he feels about the privilege of illustrating his daughter's book, which she originally wrote when she was only eight years old."}, {"userName": "Noelle Marie", "userReviewDate": "Nov 28, 2013", "userURL": "http://www.goodreads.com/user/show/26091227-noelle-marie", "userReview": "I Lost my Tooth in Africa, is picture book about a young girl named Amina who loses her tooth while visiting relatives in Mali, Africa.  The story allows readers to make comparisons between tooth traditions in the United States and those of Africa. Readers of this story learn that instead of receiving money for a tooth (like in America), individuals from Africa place their tooth under a gourd, in hopes that the African tooth fairy will deliver them laying hens. This book in our opinion merits the honor award because it fosters an awareness and understanding for people who seem different from the reader as well as introduces readers to the literary traditions of different world cultures (Tunnell, 193).What I really enjoyed about this book is that it does not blatantly tell readers that they are going to learn about African culture; instead, the author presents a setting and true storyline that allows readers to live vicariously through Amina\u2019s eyes, while she is surrounded by her family's culture. In  other words we experience the cultural details of this story as Amina sees it. According to Children\u2019s Literature Briefly, the setting of this story meets the definition of a quality book because it is detailed and fleshed out; the physical surroundings add credibility and depth to the story (Tunnell et al, 11). In the beginning of the story the reader first learns about how her family lives-; in a compound surrounded by donkeys, goats, and lots of chickens (I guess a lot of people lost their teeth!). We also learn about the different types of food they eat and how meat is a delicacy. Amina shares with readers that meal time is a family gathering and that her favorite meal is a noodle and eggplant dish covered with rice and onion sauce. Other traditions we learn about are the morning greetings and blessings her grandmother receives and gives, she states, \u201cMay you rise high with strength and knowledge.\u201d  And lastly we learn about the tradition that goes along with the African tooth fairy, if you lose your tooth place it under a gourd and you will receive chickens."}, {"userName": "Betsy", "userReviewDate": "Oct 20, 2012", "userURL": "http://www.goodreads.com/user/show/13170315-betsy", "userReview": "This fictional narrative takes you on an adventure as the main character, Amina, loses her tooth while visiting her family in Mali. She is pleasantly surprised to learn how the tradition of the tooth fairy is different there from how it is in her home of Portland, Oregon.As a teacher I would use this book to compare and contrast different traditions and culture.  Amina sleeps in a bamboo bed and brushes her teeth by the papaya tree to not waste the water.  The students could use this as a writing prompt to discuss how their lives might be different if they grew up in different parts of the world.Because this is a true story that happened to the author's sister and to the illustrator's daughter, they do a great job of retelling the story with charm and details.  There are also many native words in the book and a glossary is included in the back, along with a recipe to cook an item of food mentioned in the story (Aunt Kadja's Djaba Dji- African Onion Sauce.)"}, {"userName": "Nathaniel Chattic", "userReviewDate": "Nov 09, 2009", "userURL": "http://www.goodreads.com/user/show/2912361-nathaniel-chattic", "userReview": "Grades: 1-5This book can be appreciated by a younger audience for its colorful illustrations and by an older audience for its history and storytelling. I really enjoyed the artwork in this story. Baba Diakite creates a vivid setting and characters, using a nice combination of earthy tones and vibrant colors for attire and nature. There is quite a bit of framing of images here, with the borders around each picture connecting to the text and what is going on within the picture itself. There is also hints of variety in the text, where some words are bolded for emphasis, and as you read, you can feel the emotions coming off from the page. I enjoyed this book very much.Geography/Language ArtsLesson Ex: For a Language Arts lesson, I would have the kids create a story centered around the tooth fairy (true or made up) and put together a collage of pictures illustrating their stories."}, {"userName": "Nicki Blomquist", "userReviewDate": "Jan 26, 2010", "userURL": "http://www.goodreads.com/user/show/1161325-nicki-blomquist", "userReview": "Not all tooth fairies are the same. A little girl and her family travel to Africa to visit her dad's family. On the way there she discovers a loose tooth. Her dad tells her all about the African tooth fairy. While we here, in America, expect the tooth fairy to leave us small cash tokens the tooth fairy in Africa leaves a chicken. The little girl in this story hides her tooth but thinks the tooth fairy has forgotten about her. When she decides to take her tooth back she is pleasantly surprised to find a chicken. Her extended family in Africa agrees to take care of her chicken until she can come back to visit again. This book is great for younger readers. They can identify with the main characters excitement over losing a tooth. It excites me to say they will also get a lesson in African culture. They get a glimpse into the everyday African life as well as some of their customs."}, {"userName": "Tara Crump", "userReviewDate": "Feb 01, 2014", "userURL": "http://www.goodreads.com/user/show/27456776-tara-crump", "userReview": "Amina realizes her tooth is loose and is more than happy to discover that if she looses her tooth in Africa, where she is going to visit her father's family, she will receive...a chicken! This story offers insights into Mali culture as Amina visits her aunts and uncles in the compound they live in, shares a meal from a big bowl, and goes to her grandmother to receive her morning blessing. I enjoyed this book as it is entertaining and informative with just enough suspense for young readers."}, {"userName": "L11_Laura", "userReviewDate": "Jan 26, 2011", "userURL": "http://www.goodreads.com/user/show/4800152-l11-laura", "userReview": "The author of this book wrote an endearing story about her sister's (Amina) experience of going to Mali, West Africa to visit family and losing a tooth while there. In Africa, when the tooth is placed under a gourd the African tooth fairy brings a chicken to the child. Young children can relate to the story here in the U.S. including the tooth fairy, a gift, and the excitement of the experience. The narrator/Amina waits for the African tooth fairy, is thrilled when she gets her chicken and it lays eggs, and even gets to see the eggs hatch before heading back home to the U.S. The use of African words makes the story appealing and more realistic and the pictures (illustrated by the author's father) make the story more meaningful. It's an experience we can all relate to and this book certainly adds to multicultural literature in the classroom."}, {"userName": "Nyna", "userReviewDate": "Dec 01, 2013", "userURL": "http://www.goodreads.com/user/show/25123189-nyna", "userReview": "Not a fantastic book. Granted, it was written by a very young girl. However, it seems to mostly be a story with some \u201ctoken\u201d cultural tidbits thrown in. The story itself is interesting, and the pictures are quite fun. There is a ring of something or other around many of the pictures, as a border, and they seem to simply sum up the contents of the page they surround. They are not super professional, and that makes them all the more fun and child-like (to go with the story of a child). Life was clearly different in the story than in America (thanks to the pictures), and that alone could have been a good cross-cultural reference. The bright, simple drawings put focus more on the story than on scrutiny of each tiny detail in the pictures. Overall, the pictures carry the story and make the book worth reading. It could certainly do with some more editing."}, {"userName": "Ms Threlkeld", "userReviewDate": "Oct 23, 2014", "userURL": "http://www.goodreads.com/user/show/1434558-ms-threlkeld", "userReview": "A lovely book for introducing children to daily life in a small African village and for talking about how we all have things in common (losing a tooth, for example), even though our lives may be very different."}, {"userName": "Hayley Lawrence", "userReviewDate": "Dec 03, 2012", "userURL": "http://www.goodreads.com/user/show/13341273-hayley-lawrence", "userReview": "This story is about Amina, a young girl from Portland who goes to Africa to visit her family. Amina is excited because she has a loose tooth, and her father told her that when you lose a tooth in Africa, you get a chicken! Amina is very excited to have her very own chicken. This story is filled with Bambara terminology, the national language spoken in Mali (where her family is from). This book is covered with bright illustrations, showing the colorful outfits, the animals, and other African characteristics. This is a great multi cultural book, a book who lives in America, but her family and heritage lays in Africa. Amina embraces both cultures, and loves the time she gets to spend with her Family in Africa."}, {"userName": "Katey", "userReviewDate": "May 08, 2008", "userURL": "http://www.goodreads.com/user/show/1059045-katey", "userReview": "CIP/Summary: While visiting her father's family in Mali, a young girl loses a tooth and places it under a calabash, and recieves a hen and a rooster from the African Tooth Fairy. The story of Amina's loose tooth and her gift from the African Tooth Fairy is a wonderful tale peppered with the Bambara language and framed by the warmth of Amina's family and beautiful illustrations.  The text is accompanied by the author and illstrator's explanations of the stories origins, a glossary and a recipe for African Onion Sauce.Favorably reviwewed in SLJ and Kirkus."}, {"userName": " Dena", "userReviewDate": "Mar 13, 2010", "userURL": "http://www.goodreads.com/user/show/3151527-dena", "userReview": "Amina discovers a loose tooth on the plane to visit her family in Africa.  She hopes it will fall out before they leave because in Africa when you put your tooth under a gourd, the African tooth fairy leaves you a chicken. Both the story and pictures are a good depiction of life in an African village.  I liked that the pictures gave you more to think about and learn from the culture than just a depiction of the text.  I loved that the story is universal and can apply to all children and it gives a great opportunity to share our similarities and differences."}, {"userName": "Salima Hart", "userReviewDate": "Mar 09, 2013", "userURL": "http://www.goodreads.com/user/show/13140008-salima-hart", "userReview": "A little girl, Amina, is visiting family in Africa and wants to lose a tooth there so that she can get a chicken from the African tooth fairy. This book really introduces some terminology and cultural rituals in Africa. There are also different animals such as a pheasant introduced. The best part about this book is that it's a true story written by Penda about her little sister Amina. I love books like this because it brings the story to life for students. It is also a great way to have students write their own stories about their different cultures."}, {"userName": "Bruce", "userReviewDate": "Apr 20, 2013", "userURL": "http://www.goodreads.com/user/show/1449923-bruce", "userReview": "Amina travels from Portland, Oregon to visit her grandparents in Mali. While she\u2019s brushing her teeth under the papaya tree outside, she looks down, and one of her teeth has fallen out. She puts it under a calabash, and the next day the African Tooth Fairy has exchanged it for a rooster and a hen.This Diakit\u00e9 family story was written by Amina\u2019s older sister and illustrated in gorgeous colors by their father. The book also includes a glossary, a lullaby and Aunt Kadja's recipe for djaba dji (DJA-ba DGEE) (African Onion Sauce)."}, {"userName": "Julie Esanu", "userReviewDate": "Mar 11, 2013", "userURL": "http://www.goodreads.com/user/show/3264867-julie-esanu", "userReview": "This universal story is based on the real-life experience of the author\u2019s sister, Amina, who lost her tooth on a family visit to Mali.  When Amina finally looses her tooth, she follows tradition and places it in a calabash gourd and anxiously waits for the tooth fairy to replace it with a chicken or two. Once the chickens arrive, Amina lovingly watches over them in hopes that the eggs hatch before she returns to America.  This book is a love letter to Mali and it explores the country\u2019s traditions and culture in vivid detail."}, {"userName": "Robin", "userReviewDate": "May 09, 2012", "userURL": "http://www.goodreads.com/user/show/1271940-robin", "userReview": "Amina travels to Bamako, Mali, where her father is from, to visit her family. She hopes to lose her tooth there, because when you lose your tooth you get a chicken! Details of the setting -- food, fauna, games -- infuse the narrative. Based on a true story from the authors life (her sister's story). The illustrator was born in Mali (author of Hunterman and the Crocodile, among others.) A  story of everyday life that all children can identify with (that thrill of losing a tooth) in Mali with authentic cultural details."}, {"userName": "Sharonta Johnson", "userReviewDate": "Mar 31, 2012", "userURL": "http://www.goodreads.com/user/show/7390941-sharonta-johnson", "userReview": "The story is set in Mali, West Africa. The story begins with a young girl and her family visiting family in Africa. In Africa the young girl lose a tooth and the African tooth fairy leaves her a chicken. The young girl take care of the chicken and before she have to leave back for the U.S. Right before the young girl leaves her chicken hatches an egg. This will be a great book for first grade. This is a time when students are losing their teeth and it is very important to them. this is a great storytime book."}, {"userName": "Julian", "userReviewDate": "Dec 03, 2010", "userURL": "http://www.goodreads.com/user/show/4193166-julian", "userReview": "This is a book written by a 12 year old girl born in Portland, Oregon but with African heritage on her father's side.  Great for grades 3 and up.  It can be used to teach introductory geography and the different ways that location. climate, and physical surroundings affect our the way people meet their basic needs and all this is done by using the relatable experience of losing a tooth.  Differences and comparisons between the Mali culture and other cultures can be a lesson in it self also."}], "description": "Coretta Scott King Honor author/artist Baba Wague Diakite and his 12-year-old daughter, Penda, create a charming, original adventure story about losing a first tooth while visiting family in Mali.More than anything, Amina wants to lose her loose tooth while visiting her family in Mali, West Africa. Only then can she put it under a gourd for the African tooth fairy, who will exchange it for two chickens! Happily this happens, and even better, the chickens lay eggs. But will the eggs hatch before it's time to return home to America?In this fresh, spontaneous story that is infused with close family warmth, Penda June Diakite joins forces with her award-winning author/artist father to give a charming peek at everyday life in Mali.", "title": "I Lost My Tooth In Africa", "url": "http://www.goodreads.com/book/show/328016.I_Lost_My_Tooth_In_Africa", "average": 3.84, "cover": "http://d.gr-assets.com/books/1328868163l/328016.jpg", "reviews": 82, "authors": [{"url": "http://www.goodreads.com/author/show/4649796.Penda_Diakit_", "name": "Penda Diakit\u00e9"}, {"url": "http://www.goodreads.com/author/show/2945346.Baba_Wagu_Diakit_", "name": "Baba Wagu\u00e9 Diakit\u00e9"}], "outlinks": ["http://www.goodreads.com/book/show/328012.Throw_Your_Tooth_on_the_Roof__Tooth_Traditions_from_Around_the_World", "http://www.goodreads.com/book/show/328012.Throw_Your_Tooth_on_the_Roof__Tooth_Traditions_from_Around_the_World", "http://www.goodreads.com/book/show/380999.Mama_Panya_s_Pancakes", "http://www.goodreads.com/book/show/40106.Beatrice_s_Goat", "http://www.goodreads.com/book/show/868251.Sitti_s_Secrets", "http://www.goodreads.com/book/show/666880.We_All_Went_On_Safari", "http://www.goodreads.com/book/show/2262162.Silent_Music", "http://www.goodreads.com/book/show/932908.The_Day_of_Ahmed_s_Secret", "http://www.goodreads.com/book/show/5950868-my-name-is-sangoel", "http://www.goodreads.com/book/show/1831392.The_Color_of_Home", "http://www.goodreads.com/book/show/81156.Encounter", "http://www.goodreads.com/book/show/677123.Uncle_Peter_s_Amazing_Chinese_Wedding", "http://www.goodreads.com/book/show/1030796.Fred_Stays_With_Me_", "http://www.goodreads.com/book/show/231811.Papa_Do_You_Love_Me_", "http://www.goodreads.com/book/show/7222455-seeds-of-change", "http://www.goodreads.com/book/show/270942.In_Daddy_s_Arms_I_Am_Tall", "http://www.goodreads.com/book/show/2380834.Planting_the_Trees_of_Kenya", "http://www.goodreads.com/book/show/47082.The_Chicken_Chasing_Queen_of_Lamar_County", "http://www.goodreads.com/book/show/8007515-goal", "http://www.goodreads.com/book/show/7789231-dear-primo", "http://www.goodreads.com/book/show/22137714-i-lost-my-tooth-in-africa"]}