{"ratings": 561, "userreviews": [{"userName": "Traveller", "userReviewDate": "Jan 16, 2015", "userURL": "http://www.goodreads.com/user/show/3145526-traveller", "userReview": "This story is contained in one or two of the anthologies of Akutagawa's short stories.  The easiest to get hold of might be Rashamon and Other Stories or Rashomon and Seventeen Other Stories.I'm hovering on the brink of giving this particular short story 5 stars, just for the premise alone. ( Having more than one protagonist (or no specific protagonist at all) , and the differing viewpoints that these protagonsists have on the same set of events.) The translation also came across as a lot more elegant than some of Akutagawa's other stories.  I've heard that the film that was partly based on this story, Kurosawa's film \"Rashomon\", actually improves on the characterizations, and if so, I don't want to give the story top marks if it could conceivably have been even better.I'll write a proper review once I've had a chance to view the film.In the meantime, may I once more express my disgruntled irritation that GR doesn't allow for half-stars, in which case I could have slipped out of my predicament by giving this 4 and a half stars."}, {"userName": "Ph\u00e9nom\u00e8ne", "userReviewDate": "Jul 01, 2012", "userURL": "http://www.goodreads.com/user/show/10603189-ph-nom-ne", "userReview": "Simplicity is ever so complex. I have to admit that I read this short story mainly because of Kurosawa's Rashomon, which I consider one of the best movies by the best filmmakers in the history of the moving picture which, despite its age and style as we see it with our so-called modern eyes, transcends both time and place. I first did not like this short story, and gave it two stars, mainly because, as they are by definition, short stories are short and I wanted to keep on reading and was left hungry for more. Then I read and re-read it, again and again, and found myself hooked, and still found something new each time, yet still could not find where the truth lied. In 10 pages, Akutagawa has captured the millions shades of grey of the human spirit. This is truly a five star."}, {"userName": "Ania", "userReviewDate": "Nov 01, 2012", "userURL": "http://www.goodreads.com/user/show/7070820-ania", "userReview": "Oh what a tangled web we weave. When first we practice to deceive. - Sir Walter Scott I felt this story was not really about different perspectives on a crime, distorted by panic and shoddy memory.  You don't forget or misremember a fact like stabbing and killing a guy (or not).  And yet there are multiple killers admitting to doing their task individually?I think this is more of a story about the depths of the human psyche, which has its own reasons to deceive... take blame for crimes undone or done as to protect themselves or others.  Who did it? who knows...  Who cares?Nonetheless, quite a disappointing read given the high ratings."}, {"userName": "Elizabeth", "userReviewDate": "Jul 26, 2013", "userURL": "http://www.goodreads.com/user/show/6573089-elizabeth", "userReview": "Seven different accounts of the same murder from seven different characters. All in a short story of about thirty pages.Incredible! Wow!A must read!"}, {"userName": "Isaiah Caba\u00f1ero", "userReviewDate": "Jun 27, 2013", "userURL": "http://www.goodreads.com/user/show/18480645-isaiah-caba-ero", "userReview": "It is an unusual one. The story brings about seven accounts of testimonies and confessions of the seven who are supposed to be involved, directly or peripherally, to a murder that happened in particular grove in the mountains. Each one tells his or her account of the story; sometimes coinciding with what the other accounts had said, while at times, plainly contradictory or different. A criminal is among the seven people in the story, but the murderer is hard to pin-point at. Together with the criminal, accounts of a woodcutter, a traveling buddhist priest, a policeman, an old woman, the murdered man, and the murdered man's wife come up and complete the complexity of the story. Who killed the man is the main question to ask? The murderer can be him or her. But the truth of the answer cannot be known. Here's more of my thoughts about it http://tinyurl.com/qerc6fc"}, {"userName": "Danine", "userReviewDate": "Jan 09, 2014", "userURL": "http://www.goodreads.com/user/show/197279-danine", "userReview": "One event.  Six different versions of what happened.  A unique story about humanity, the lies we tell and how we tell them. I like the unique and creative premise of the story.  The story is of a murder of a samurai and the violation of his wife.  The police commissioner listens to a woodcutter, a Buddhist monk, the infamous bandit Tajomaru, The mother of the wife, wife of the samurai, and the samurai through a medium. I like this story because the reader has no idea what the truth is and will never know.  No dramatic irony here. There are no pretty ribbons tied up perfectly to make happy ending.  The story is of an event. After reading the story I did watch Akira Kurosawa's version of the movie (Rashomon)and it did help with perspective.  Akira added his own style and elements to make his version unique and I loved the ending."}, {"userName": "Jedaia Rose Do\u00f1oz", "userReviewDate": "Jan 04, 2013", "userURL": "http://www.goodreads.com/user/show/6211727-jedaia-rose-do-oz", "userReview": "In a Grove is definitely a must-read short story. I liked the author's style of telling the events of the story and the complexity of the whole story will draw the readers in. It also entices the readers to really think and guess about the true order of events and the real murderer."}, {"userName": "Aneel", "userReviewDate": "Oct 23, 2010", "userURL": "http://www.goodreads.com/user/show/1077618-aneel", "userReview": "Interesting multiple-perspective piece."}, {"userName": "Madalin Boboc", "userReviewDate": "Mar 31, 2013", "userURL": "http://www.goodreads.com/user/show/5214571-madalin-boboc", "userReview": "It ended as briefly as it started.But gosh, how much did it contain in that brief space!I think that Kurosawa's movie, \"Rashomon\", is an excellent completion.The young priest doubting humanity's good nature makes it more significant. It also makes the fact that the last testimony is said through a medium more reasonable in the context of the story, as there it doesn't matter that much what the viewer thinks about mediums, the fact the priest obviously believes in mediums is what really matters.  As for the whole women being dishonored by being raped social stigma, I find it as primitive and appalling, but this story really makes you understand her position and why would she feel this way herself. This was a superbly written story like Kurosawa's directing was superb in the classic adaptation named \"Rashomon\"."}, {"userName": "Anne", "userReviewDate": "Jun 21, 2013", "userURL": "http://www.goodreads.com/user/show/15553940-anne", "userReview": "In a Grove is simply amazing. If you haven't read it yet, well, I'm telling you to read it right now and you will never regret it. This story brings into question the accuracy of the human perception and fully illustrates our tendency to lie. But the thing about this story is Ry\u016bnosuke Akutagawa didn't really provide us with a distinction between what the truths are and what are merely fabrications. What he did is provide us with information, and it would be up to the readers to form the puzzle and make out the story for it to be rational. This is a series of testimonials about a murder. And as you go on reading along, your former belief of what really happened would be contradicted by another person's account...leaving the readers to wonder what really happened after all."}, {"userName": "Jingjing Chen", "userReviewDate": "Sep 17, 2014", "userURL": "http://www.goodreads.com/user/show/26735216-jingjing-chen", "userReview": "A trope namer.  Short, simple, delivers an unsolvable mystery to which everyone will have a different answer.  Excellent."}, {"userName": "Junior Velazquez Leon", "userReviewDate": "Sep 26, 2014", "userURL": "http://www.goodreads.com/user/show/21333022-junior-velazquez-leon", "userReview": "Es el cuento que mas me gusto de Akutagawa y por el cual creo que valio la pena conocerlo."}, {"userName": "Cole Blouin", "userReviewDate": "Feb 23, 2014", "userURL": "http://www.goodreads.com/user/show/18948375-cole-blouin", "userReview": "Thought-provoking; I need to read it a few more times to develop a real opinion."}, {"userName": "Priyanka", "userReviewDate": "Jan 18, 2015", "userURL": "http://www.goodreads.com/user/show/5264256-priyanka", "userReview": "Rashomon! Didn't know this was the story that inspired Kurosawa."}, {"userName": "Jack Xu", "userReviewDate": "Dec 11, 2014", "userURL": "http://www.goodreads.com/user/show/31164690-jack-xu", "userReview": "Watch Rashomon after, not before this book."}, {"userName": "Tim Williams", "userReviewDate": "Mar 12, 2014", "userURL": "http://www.goodreads.com/user/show/4397455-tim-williams", "userReview": "Classic story later turned into a Kurosawa film classic. I've read this before and it is good every time. Wonderful details and POV."}, {"userName": "Nikola Korbuc", "userReviewDate": "Jan 21, 2014", "userURL": "http://www.goodreads.com/user/show/15968946-nikola-korbuc", "userReview": "This is a fantastic short story in which every chapter sheds some light, but,at the same time, casts shadows of doubt on the whole story and it's validity. This is the short story which was reinterpreted by Akira Kurosawa in his movie \"Rashomon\". Therefore,this short story's plot , via the movie, gave it's name to the so-called \"Rashomon Syndrome\". All in all, it is a wonderful story, told from several angles and ultimately presents us with several dislodged pieces of the puzzle which can't seem to fall into their places."}, {"userName": "Sarah", "userReviewDate": "Oct 06, 2013", "userURL": "http://www.goodreads.com/user/show/10513824-sarah", "userReview": "This story is the basis of the famed movie Rashomon, directed by Akira Kurasawa. It is an engaging and unpredictable read, unlike anything else. Because of the unique format--retelling the same story over and over, but with each character betraying flaws, pride and hidden motives--it makes for an especially frustrating and thought-provoking read. I used it as part of an unreliable narrator unit in my classroom and I was grateful to have to read this fanstastic text. My high schoolers enjoyed it too."}, {"userName": "Nadyne", "userReviewDate": "Oct 04, 2012", "userURL": "http://www.goodreads.com/user/show/3014077-nadyne", "userReview": "I started reading this short story yesterday, not realizing it was indeed very short, only 16 pages (on my Kindle).The story gives an account of a murder through different perspectives, e.g. a passer-by, a friend, the mother-in-law of the victim, the presumed murderer...  But the real and unexpected version is given by the wife of the victim.Other thoughts/reviews:The Misanthropologist: http://themisanthropologist.wordpress..."}, {"userName": "I Am", "userReviewDate": "Feb 01, 2013", "userURL": "http://www.goodreads.com/user/show/7617833-i-am", "userReview": "definitely great story, Akutagava complicates us with the three different version of the crime.I think that all the versions are correct, it does not meter how you kill physically or morally,  or maybe author want to say that we always see and understand only what we want, or we always lie no meter dead or alive we are.the story somehow reminds me Marquez's \"Chronicle of a Death Foretold\""}, {"userName": "Isaiah!", "userReviewDate": "Jan 17, 2012", "userURL": "http://www.goodreads.com/user/show/4410963-isaiah", "userReview": "Wooooh. Read this for my elective english when I was a sophomore. 2 years ago, I think? Great story; very intriguing. I even made a short narrative as a continuation to the story, wherein I shared my side of the story about the mysterious death in the grove. If I ever find that narrative again, I'd share it. :)"}, {"userName": "Jon", "userReviewDate": "May 23, 2011", "userURL": "http://www.goodreads.com/user/show/3975962-jon", "userReview": "Fantastic short story, showing how even when we try to be honest and have nothing to hide; our very human nature tends to skew events in our minds to present ourselves in as positive a light as we think we might be able to get away with.No reason not to spend the ~20 or so minutes it'll take to read this."}, {"userName": "Marat M. Yavrumyan", "userReviewDate": "Jun 01, 2013", "userURL": "http://www.goodreads.com/user/show/17222417-marat-m-yavrumyan", "userReview": "\u053a\u0578\u0572\u0578\u057e\u0561\u056e\u0578\u0582\u056b \u057a\u0561\u057f\u0574\u057e\u0561\u056e\u0584\u0576\u0565\u0580\u056b\u0581 \u0561\u0574\u0565\u0576\u056b\u0581 \u0577\u0561\u057f\u0568 \u0570\u0565\u0576\u0581 \u00ab\u0539\u0561\u057e\u0578\u0582\u057f\u0578\u0582\u0574\u0568\u00bb \u0570\u0561\u057e\u0561\u0576\u0565\u0581\u056b\u0589 \u0548\u0573\u0568 \u0570\u0565\u057f\u0561\u0584\u0580\u0584\u056b\u0580 \u0567\u0580\u0589 \u0553\u056b\u056c\u056b\u057d\u0578\u0583\u0561\u0575\u0578\u0582\u0569\u0575\u0578\u0582\u0576\u0576 \u0567\u056c\u0589 \u0549\u0576\u0561\u0575\u0561\u056e, \u056b\u0576\u0579\u057a\u0565\u057d \u0574\u056b\u0577\u057f\u055d \u00ab\u0573\u0561\u057a\u0578\u0576\u0561\u056f\u0561\u0576-\u056d\u0578\u0580\u0570\u0580\u0564\u0561\u057e\u0578\u0580\u00bb\u0589 \u0544\u0577\u0561\u056f\u0578\u0582\u0575\u0569\u056b\u0576 \u0565\u0580\u0587\u056b \u0577\u0561\u057f \u057a\u056b\u057f\u056b \u056e\u0561\u0576\u0578\u0569 \u056c\u056b\u0576\u0565\u056c, \u0576\u0580\u0562\u0565\u0580\u0561\u0576\u0563\u0576\u0565\u0580\u0568 \u0570\u0561\u057d\u056f\u0561\u0576\u0561\u056c\u0578\u0582 \u0570\u0561\u0574\u0561\u0580\u0589 \u0531\u0580\u056a\u0565\u0580\u055d \u0574\u056b\u0561\u0576\u0577\u0561\u0576\u0561\u056f\u0589"}, {"userName": "Phoebe Andamo", "userReviewDate": "Jan 07, 2014", "userURL": "http://www.goodreads.com/user/show/7342052-phoebe-andamo", "userReview": "I read it in our Lit class"}, {"userName": "Huda", "userReviewDate": "Dec 21, 2013", "userURL": "http://www.goodreads.com/user/show/9514172-huda", "userReview": "Instantly won my affections. Second Akutagawa's story that I've read and I don't think this man can ever fail me. Mystery, human nature, and wonderful style."}, {"userName": "Mark", "userReviewDate": "Oct 12, 2011", "userURL": "http://www.goodreads.com/user/show/390242-mark", "userReview": "The only reason I read In a Grove is that it is the short story that inspired Kurosawa's Rashomon.  It's a good enough story, but Kurosawa vastly improved upon it in the movie."}, {"userName": "Ani doodlez", "userReviewDate": "Jul 03, 2013", "userURL": "http://www.goodreads.com/user/show/17720565-ani-doodlez", "userReview": "i really liked it but i was kind of confused on who actually killed the samurai because everybody was saying that they killed them while contradicting others."}, {"userName": "Betsy Lavadia", "userReviewDate": "Aug 06, 2013", "userURL": "http://www.goodreads.com/user/show/13256974-betsy-lavadia", "userReview": "I own a photocopy of the book. HAHA. *cheater*English 11 requirement.One of the better short stories we had to read."}, {"userName": "Valerie", "userReviewDate": "Nov 12, 2014", "userURL": "http://www.goodreads.com/user/show/2068498-valerie", "userReview": "I had never heard of this story until I saw it mentioned in another book. It's very short, but very good."}, {"userName": "Angela", "userReviewDate": "Jun 15, 2013", "userURL": "http://www.goodreads.com/user/show/4061006-angela", "userReview": "Movie was better. Yes, I'm a philistine."}], "description": "\"In a Grove\" (\u85ea\u306e\u4e2d, Yabu no Naka?) is a short story by Ry\u016bnosuke Akutagawa, first appearing in the January 1922 edition of the Japanese literature monthly Shinch\u014d. Akira Kurosawa used this story as the basis for his award-winning movie Rash\u014dmon.\"In a Grove\" is an early modernist short story consisting of seven varying accounts of the murder of a samurai, Kanazawa no Takehiro, whose corpse has been found in a bamboo forest near Kyoto. Each section simultaneously clarifies and obfuscates what the reader knows about the murder, eventually creating a complex and contradictory vision of events that brings into question humanity's ability or willingness to perceive and transmit objective truth.The story is often praised as being among the greatest in Japanese literature.", "title": "In a Grove", "url": "http://www.goodreads.com/book/show/8132998-in-a-grove", "average": 4.18, "cover": "http://d.gr-assets.com/books/1328303495l/8132998.jpg", "reviews": 43, "authors": [{"url": "http://www.goodreads.com/author/show/5775185.Ry_nosuke_Akutagawa", "name": "Ry\u016bnosuke Akutagawa"}], "outlinks": ["http://www.goodreads.com/book/show/12671052-yabu-no-naka", "http://www.goodreads.com/book/show/17340734", "http://www.goodreads.com/book/show/18590259", "http://www.goodreads.com/book/show/35206.Rashomon_and_Seventeen_Other_Stories", "http://www.goodreads.com/book/show/35206.Rashomon_and_Seventeen_Other_Stories", "http://www.goodreads.com/book/show/12671052-yabu-no-naka", "http://www.goodreads.com/book/show/17340734", "http://www.goodreads.com/book/show/62795.Patriotism", "http://www.goodreads.com/book/show/2571737-the-chrysanthemums", "http://www.goodreads.com/book/show/805654.The_kiss", "http://www.goodreads.com/book/show/62778.Ten_Nights_Dreams", "http://www.goodreads.com/book/show/92832.Waiting_for_Lefty", "http://www.goodreads.com/book/show/6993207-four-weird-tales", "http://www.goodreads.com/book/show/9682386-before-the-law", "http://www.goodreads.com/book/show/169446.The_Sea_and_Poison", "http://www.goodreads.com/book/show/6470837-the-parenticide-club", "http://www.goodreads.com/book/show/7516027-villain", "http://www.goodreads.com/book/show/1184696.Arden_of_Faversham", "http://www.goodreads.com/book/show/25045.The_Case_of_the_Marshmallow_Monster", "http://www.goodreads.com/book/show/13596317-the-other-gods", "http://www.goodreads.com/book/show/12709133-how-david-met-sarah", "http://www.goodreads.com/book/show/9677691-continuity-of-parks-short-story", "http://www.goodreads.com/book/show/17333861-the-stone-boy", "http://www.goodreads.com/book/show/194740.The_Setting_Sun", "http://www.goodreads.com/book/show/4857693-where-am-i-wearing", "http://www.goodreads.com/book/show/35206.Rashomon_and_Seventeen_Other_Stories", "http://www.goodreads.com/book/show/876637.Kappa", "http://www.goodreads.com/book/show/16171608-rashomon", "http://www.goodreads.com/book/show/10517543-hell-screen", "http://www.goodreads.com/book/show/571039.The_Spider_s_Thread"]}