{"ratings": 718, "userreviews": [{"userName": "Stephan van der Linde", "userReviewDate": "May 15, 2011", "userURL": "http://www.goodreads.com/user/show/3893980-stephan-van-der-linde", "userReview": "I really loved this book because O'Hanlon describes his journey with so much detail, you get the delusion you are at the Amazon yourself.While reading, you got a lot of sympathy for Redmond. His patience, curiosity, the way he acts and accepts the things he's got to deal with. But for the most of his writing with much detail and especially a lot of  humour.  All environments are described very well, dialogue's and his travel-partners, the wildlife, tribes and their habits and the danger of it all. Often you think O'Hanlon won't survive the book. A real adventure. A very special read-experience and very instructive as well."}, {"userName": "Steve", "userReviewDate": "Feb 07, 2009", "userURL": "http://www.goodreads.com/user/show/2007402-steve", "userReview": "This is armchair travel writing at its finest. O'Hanlon's account of his journey along the river systems of Venezuela is funny, exhausting and enthralling, as he battles swarms of black fly, poisonous snakes, grumpy colleagues and recalcitrant guides. He is as observant as only a dedicated naturalist can be, and his account is the next best thing to being there. No, actually I would say it is better than being there, since it has convinced this reader that this is one place I will never wish to visit, notwithstanding O'Hanlon's entirely matter of fact acceptance of all things parasitic, mouldy and otherwise gross. But for reading while snuggled up in a comfortable arm chair with a ready supply of coffee and croissant to hand, this is a wonderful account."}, {"userName": "Les Dangerfield", "userReviewDate": "Nov 03, 2013", "userURL": "http://www.goodreads.com/user/show/5399134-les-dangerfield", "userReview": "A different style of travel book! With zany humour. The jungles of the world have always attracted me as little understood frontiers of experience and places full of wildlife wonders. I read his book about travel in Congo jungle years ago and felt much the same about this one. There is something missing (clear narrative maybe) which made it difficult for me to get into. It didn't hold me as I would have expected it to. I was also disturbed by the tendency for his group to kill everything that moved, though they had to find their food somehow, I suppose."}, {"userName": "Joe", "userReviewDate": "Jun 10, 2014", "userURL": "http://www.goodreads.com/user/show/7644064-joe", "userReview": "A mixture of minute, old-fashioned naturalistic observation of plants, mammals, and especially birds in the Amazonian rain forest, and the vicissitudes of traveling with a motley crew of locals along with O'Hanlon's alcoholic English friend Simon, who comes along for a kind of comic counterpoint to the meticulous O'Hanlon but can't take any more and drops out a little more than halfway through the book. In Trouble Again loses something when Simon goes, because he is a kind of cynical everyman, having no idea why he decided to come along with the obsessive Redmond in the first place. He thus provides spice to what might otherwise be a throwback to the standard 19'th century Englishman's dogged exploration of the wonders of foreign lands. Without Simon, O'Hanlon is left with a Colombian scientist and two or three hanger-on roustabouts who go with him for the money. These people are interesting for a while, but gradually become rather tedious and tend to blend into one another. In the last fifty pages or so, O'Hanlon and crew come upon the legendary Yanomami, who they expect to annihilate them with poison arrows then eat their flesh. The natives, it seems, have even more fear of their jungle compatriots than do outsiders conditioned by the tendentious, largely discredited ravings of the infamous Napoleon Chagnon, who forms O'Hanlon's view of the tribe as much as he does everyone else's. The Yanomami, however, turn out to be a friendly, humorous, lively group of hunters, gatherers, and tricksters who want O'Hanlon and his bunch to give them things but never act remotely aggressive or \"fierce.\" Four of them even join O'Hanlon's party and travel with him, becoming good friends in the process, valued for their expert hunting skills. O'Hanlon has great fun decimating the stereotypes of anthropologists, which is perhaps the book's most attractive feature. All in all, In Trouble Again is well written, sumptuous, at times harrowing and at times funny, but lacks much narrative drive and is weighted down by O'Hanlon's overly detailed, heavy naturalistic descriptions, most of which seem to come from his reading of earlier books rather then actual observation. A bit slow, but worth reading for its several virtues."}, {"userName": "Bookguide", "userReviewDate": "Jan 02, 2012", "userURL": "http://www.goodreads.com/user/show/3738033-bookguide", "userReview": "Read in Dutch. Interesting information in the second half about the Yanomomi tribe of indians in the Venezuelan rain-forest. The first part, about the journey itself, drags by the middle of the book, and there was too much about the birds which would have been better illustrated with coloured illustrations or photos. What happened to all the photos Simon and Redmond took? There is a beautifully-illustrated account of a more recent expedition online: http://www.jandungel.com/en/books/po_...It was also interesting to note that the Yanomami(who from the Western perspective are a \"stone-age tribe\" and own virtually nothing, living a subsistence lifestyle), pity O'Hanlon, who is clumsy, unskilled and childlike. The Yanomami treat him as a child, echoing and reflecting the colonialist view of so-called primitive peoples.Nederlands:Gelezen in het kader van de '6 Continents, 6 Countries, 6 Books Challenge'.Op de \u00e9\u00e9n of andere manier had ik het idee dat Redmond O'Hanlon bekend was omdat hij grappig was, en daar was ik een beetje bang voor, want ik wilde mijn schaarse boeken over Zuid-Amerika niet verspillen aan flauwe grapjes. Onder het lezen heb ik af en toe iets opgevangen over O'Hanlon, en ging op zoek naar reviews. Een aantal mensen zijn afgehaakt omdat het \"te grof\" was, maar gezien de ontberingen van de reis, heeft hij zich waarschijnlijk goed ingehouden. Anderen waren wel te spreken over zijn humor. Ik heb het zeker niet te grof gevonden, maar zo grappig was het ook weer niet. Wat het wel was, was een verhaal over een lange en moeilijke reis over de rivieren en moerassen van Venezuaela, met een aantal merkwaardige reisgenoten. Doel is exploratie en kennis te maken met de Yanomami-indianen, door een andere antropoloog getypeerd als 'het woeste volk' - iedereen is bang voor hun. Geleidelijk aan leer je alle mensen kennen met hun eigenaardigheden:- Simon, de Engelse casino-eigenaar, die als fotograaf meegaat, alleen maar zeurt, weigert hetzelfde te eten als de rest, weigert om een foto te maken als het er echt op aankomt, en uitendelijk vroeg teruggaat;- Juan, de boekengeleerde Colombiaan, die doet zich voor als expert, maar wil liever de Yanomani niet ontmoeten, en ziet de hele expeditie als verloren zaak;- Chimo, zelf indiaan (maar geen Yanomami) en gids, met zijn grote buik en veel praktische kennis;- Valentine en Pablo, indianen die meegaan om te helpen;- Culimacar\u00e9, indiaan met een extra duim die overal meedoet.Tot het middel van het boek, gaat het verhaal langzaam, en op een gegeven moment wordt het saai, en de klachten van Simon worden vervelend. Nadat hij vertrokken is, gaat de expeditie verder, en op een dag ontmoeten ze eindelijk een ge-isoleerde familie Yanomami, met de vader Jarivanau. Iedereen slaat doodsangsten uit, maar gelukkig valt het allemaal mee. En dan moeten ze hem proberen te overtuigen verder als gids met hun mee te reizen, om op zoek te gaan naar meer Yanomami.Het laaste stuk van het boek is het meest interessant, met informatie over de levenswijze van de mensen, hun geloofssysteem, mythes en gewoonten. Wat ik erg mis in dit boek zijn goede foto's en een betere kaart. O'Hanlon is erg ge-interesseerd in de vogels, en beschrijft ze allemaal met hun roep en uiterlijk. Ik had graag ook een plaatje met alle vogels willen hebben (met name omdat ik de nederlandse namen niet ken). Hier is een heel mooi boek van een recentere expeditie met prachtige foto's en plaatjes: http://www.jandungel.com/en/books/po_...Ik vermoed dat O'Hanlon meer \"colourful language\" in het oorspronklijke Engelse tekst gebruikte, en dat mis ik in de vertaling. In z'n geheel was dit een interessant boek met veel informatie, maar het maakt dat ik meer wil lezen over de Yanomani-indianen, en dat heb ik gisteren ook gedaan. Blijkbaar wordt hun leven nu meer onder druk gezet, door illegale goudmijners, de ziekten die ze brachten, milieu-vervuiling, en sinds 2000 is er ook kritiek op antropologen zoals Chagnon die, zoals nu beweerd, gebruikte de Yanomami om op te experimenteren. Misschien in O'Hanlons boek dus \u00e9\u00e9n van de laatste waar de mensen nog op hun oorspronkelijke levenswijze geobserveerd werden. In ieder geval, heel interessant.NB. Misschien wil Paperfish dit lezen?"}, {"userName": "Gennadyi", "userReviewDate": "Jan 30, 2008", "userURL": "http://www.goodreads.com/user/show/843516-gennadyi", "userReview": "I found this book in a Guatemalan eco-hotel in the jungle and it couldn't have been more appropriate. A hilarious and fascinating account of an englishman's journey through the jungles of Venezuela in the 1980's with a crew of vivid characters to meet a tribe of Indians known for their ferocity and violence towards each other and outsiders. things you can expect: tapir groin ticks, clash of cultures, funny dialog and weird foods.great travel read."}, {"userName": "Rita", "userReviewDate": "Jun 04, 2008", "userURL": "http://www.goodreads.com/user/show/303090-rita", "userReview": "If you have traveled the Amazon this is a way to relive the experience, the animals and birds, insects and sense of the rainforest   His formidable knowledge of the flora fauna and his fellow man is presented in an off hand way and his feigned innocence of the dangers provides the right touch of wry humor.  If you haven't been there or plan to go however this may not be to your taste"}, {"userName": "Laurie", "userReviewDate": "Jun 04, 2010", "userURL": "http://www.goodreads.com/user/show/991109-laurie", "userReview": "The second half really picks up and is much more interesting than the first. Redmond is so wacky."}, {"userName": "Marie", "userReviewDate": "Mar 29, 2014", "userURL": "http://www.goodreads.com/user/show/2641352-marie", "userReview": "It seems that Redmond O Hanlon is less a prepared explorer than one who succeeds on the merits of others.  Yet his book has humour, pathos, excitement and success in his travels.His previous expedition mates have no intention of accompanying him again and he finally persuades someon who is even less able to see what such an expedition will involve.  In one tight situation Remond is told \"Don't throw the wobbly. Just a few people have died there\" by one of his guides.The expedition is a success and the so too is the book"}, {"userName": "Shannon", "userReviewDate": "Sep 20, 2014", "userURL": "http://www.goodreads.com/user/show/8955941-shannon", "userReview": "The book started out strong, with a humorous background story as to how the author and his friend decided to undertake this journey. And although it was captivating at times, it seemed to run out of steam. The ending was far too abrupt for my taste, and it would have been nice to have a follow-up on the status of his friend after he deserted the author on the trip.I'm glad I read it, but if I had to choose just one book to read of this ilk I prefer Eric Hansen's Stranger in the Forest: On Foot Across Borneo."}, {"userName": "Rebekkila", "userReviewDate": "Jan 20, 2012", "userURL": "http://www.goodreads.com/user/show/4067592-rebekkila", "userReview": "The book is probably better than a three, but I have a weak stomach and there are some disgusting things in the jungles of South America not to mention lots of snakes. I give a lot of credit to the auhtor for what he did. He boated down some rivers in the Amazon basin looking for the Yanomami Indians. He set off with his friend from London, Simon, and South Americans who worked on expeditions in that area. The journey sounded quite harrowing and Simon who was a bit of comic relief left relatively early. Redmond O'Hanlon really immersed himself in the culture eating Fear Factor type meals and bonding with an outcast Yanomami even doing Yoppo, the local drug with him. When he finally reaches some real Yanomami Indians I was nervous for him and his South American cohorts. The Yanomami are a dangerous bunch, and they don't like those who don't follow their customs. I do wish that I was a bit more up on birds. I don't really know enough to match their whistles and calls with their species and frankly I am not a morning person and that is when they are at their most active and it rather annoys me. But I do think he stumbled upon some birds that are uncommon and to a bird lover that would be really quite thrilling."}, {"userName": "Ren\u00e9e Damstra", "userReviewDate": "May 21, 2014", "userURL": "http://www.goodreads.com/user/show/6670446-ren-e-damstra", "userReview": "Weer een droogkomisch interessant avontuur van O'Hanlon. Met een aantal smerige passages, meer dan in het vorige boek wat ik van hem las, de kots, poep en snot perikelen rond de Yanomami en Chimo en Hanlons eigen acties waren weinig appetijtelijk. Vermakelijk, zeker."}, {"userName": "J. Kome", "userReviewDate": "Sep 23, 2009", "userURL": "http://www.goodreads.com/user/show/910581-j-kome", "userReview": "I'm a sucker for a book about adventures in another land and O'Hanlon's account of trying to meet members of the Yanomami tribe (supposedly the most violent people on earth) does not disappoint.  O'Hanlon is a very entertaining writer and his native companions including the macho (and apparently self-proclaimed King of Virility) Chimo and several other men from villages in that area make this one crazy trip.  They travel through dangerous jungle, meet dangerous animals, insects, fish and all kinds of stuff that make you wonder: why would people even go there?  You will be left wondering if O'Hanlon is insane but even if he is, he's a heck of a writer.  If you are a male, you will have nightmares about the Candiru fish.  Google it and shudder."}, {"userName": "Scott Munden", "userReviewDate": "Oct 29, 2014", "userURL": "http://www.goodreads.com/user/show/18184825-scott-munden", "userReview": "A must read for those who enjoy funny Englishmen and their travels."}, {"userName": "Prashant", "userReviewDate": "Sep 12, 2011", "userURL": "http://www.goodreads.com/user/show/6109098-prashant", "userReview": "A very well described jungle by Redmond. While other authors emphasis on landscape, biology and people, Redmond provides a skyward perspective by constantly on the look out for birds. A book written from a Ornithologist. All character that accompany him, his Guide Chimo, friend Simon creating interesting stories to tell. Reading Redmond Amazon tale you definitely will learn how to write a good narrative story."}, {"userName": "L.J.", "userReviewDate": "Jan 15, 2008", "userURL": "http://www.goodreads.com/user/show/578492-l-j", "userReview": "For a travel book it is very different from the typical book. Taking the reader along on a South American rainforest excursion to locate and study the Yanomami the writer does a good job of describing the lethal and strange flora and fauna of the region. For anyone interested in this area this is a fun adventure and factual. It is not as witty as Cahill but still an interesting read."}, {"userName": "Tag Garibay", "userReviewDate": "Aug 01, 2010", "userURL": "http://www.goodreads.com/user/show/3847155-tag-garibay", "userReview": "This is one of the funniest books I have ever read. It is about Redmond O'Hanlon journeying into the Amazon Rain forest to find an indian tribe. O'Hanlon's party runs into many dangers on the way, and solves them in a comical manner. This is a very good book, and I would reccomend it to anyone who likes funny books and adventures through the Amazon."}, {"userName": "Ann Michael", "userReviewDate": "May 27, 2008", "userURL": "http://www.goodreads.com/user/show/684405-ann-michael", "userReview": "The second half of this book is the best part. The whole first part was a little too much of a stretch for humor...Into the Heart of Borneo was more spontaneously humorous. But if you bear with the snarky \"Simon\" and the set-off into the Amazon, O'Hanlon's encounter with the Yanomami is intriguing and worth waiting for."}, {"userName": "Will", "userReviewDate": "Mar 09, 2009", "userURL": "http://www.goodreads.com/user/show/1217062-will", "userReview": "Travel memoir that was supposed to be very funny. The O'Hanlon is insane for attempting the journey he chose. There were definitely funny spots, and crazy little vignettes, but too much of the humor was scatological--stuff you would expect to hear in a 10th grade locker room."}, {"userName": "Jay Moskowitz", "userReviewDate": "Apr 17, 2012", "userURL": "http://www.goodreads.com/user/show/8854615-jay-moskowitz", "userReview": "An incredible adventure deep into the heart of the Amazon seeking to charter an unmapped branch of the Amazon River. Redso's ability to stay focused and not to veer off -track is astounding. He's a phenomenal travel -writer and naturalist."}, {"userName": "April Sanders", "userReviewDate": "Sep 29, 2014", "userURL": "http://www.goodreads.com/user/show/19895117-april-sanders", "userReview": "Redmond O'Hanlon is an intellect and an orinthologist masquerading as a travel writer. His insights are great and he is a brave man, or a foolish one. In the spirit of the turn of the century gentleman english explorer."}, {"userName": "Shin Yu", "userReviewDate": "Oct 04, 2010", "userURL": "http://www.goodreads.com/user/show/381664-shin-yu", "userReview": "This book is a heroicized revisitation of Napoleon Chagnon's ethnographic fieldwork \"Yanomami: The Fierce People\" and is about as ethnocentric and colonial in its mentality towards the Yanomamo as Chagnon's original."}, {"userName": "Ian Billick", "userReviewDate": "Apr 25, 2010", "userURL": "http://www.goodreads.com/user/show/1774384-ian-billick", "userReview": "Another fun adventure book providing a look into a remote part of the world.  Only read it if you have an interest in the Amazon.  Like the Patrick O'Brien series, it is a book that you can \"bird\" through."}, {"userName": "Tom", "userReviewDate": "Oct 31, 2009", "userURL": "http://www.goodreads.com/user/show/883503-tom", "userReview": "Not as exciting or interesting as I expected, but well-written in parts. Structurally, I have a problem in that the book abruptly concludes with no explicit wrap-up or postscript."}, {"userName": "maggie", "userReviewDate": "Aug 10, 2013", "userURL": "http://www.goodreads.com/user/show/19301452-maggie", "userReview": "Redmond O'Hanlon describes location, people, wildlife with an easy, evocative style. You feel like you're there...although relieved you're not."}, {"userName": "Jrobertus", "userReviewDate": "Jul 19, 2007", "userURL": "http://www.goodreads.com/user/show/196037-jrobertus", "userReview": "a description of a hellish journey through jungle swamps between the amazon and orinoco. well written and with humor."}, {"userName": "Joey", "userReviewDate": "Apr 10, 2013", "userURL": "http://www.goodreads.com/user/show/12978768-joey", "userReview": "Brilliant book.  It was my second O'Hanlon.  (No Mercy)  I am going to miss Chimo and Jarivanau."}, {"userName": "-ed- Erwin", "userReviewDate": "Jan 02, 2008", "userURL": "http://www.goodreads.com/user/show/731635--ed--erwin", "userReview": "This is one of the funniest, most well written and researched travel books I have ever read."}, {"userName": "Eric", "userReviewDate": "Nov 23, 2011", "userURL": "http://www.goodreads.com/user/show/6992988-eric", "userReview": "Great and hilarious travel story. Please Redmond, start writing again."}, {"userName": "Neil", "userReviewDate": "Mar 09, 2012", "userURL": "http://www.goodreads.com/user/show/8012211-neil", "userReview": "Brilliantly funny in an oddly quirky style. O'Hanlon should write more."}], "description": "O'Hanlon takes us into the bug-ridden rain forest between the Orinoco and the Amazon--infested with jaguars and piranhas, where men would kill over a bottle of ketchup and where the locals may be the most violent people on earth (next to hockey fans).", "title": "In Trouble Again: A Journey Between the Orinoco and the Amazon", "url": "http://www.goodreads.com/book/show/108845.In_Trouble_Again", "average": 3.94, "cover": "http://d.gr-assets.com/books/1320496204l/108845.jpg", "reviews": 34, "authors": [{"url": "http://www.goodreads.com/author/show/63021.Redmond_O_Hanlon", "name": "Redmond O'Hanlon"}, {"url": "http://www.goodreads.com/author/show/317601.Marty_Asher", "name": "Marty Asher"}], "outlinks": ["http://www.goodreads.com/book/show/12859974-tussen-orinoco-en-amazone", "http://www.goodreads.com/book/show/8038716-tussen-orinoco-en-amazone-perfect-paperback", "http://www.goodreads.com/book/show/9332553-tussen-orinoco-en-amazone", "http://www.goodreads.com/book/show/494562.Running_the_Amazon", "http://www.goodreads.com/book/show/917868.Jaguars_Ripped_My_Flesh", "http://www.goodreads.com/book/show/572242.Through_the_Brazilian_Wilderness", "http://www.goodreads.com/book/show/1259805.Scrambles_Amongst_the_Alps", "http://www.goodreads.com/book/show/2152416.Cooper_s_Creek", "http://www.goodreads.com/book/show/1383504.Starlight_and_Storm", "http://www.goodreads.com/book/show/1375600.Kabloona", "http://www.goodreads.com/book/show/108854.Travels_Into_the_Interior_of_Africa", "http://www.goodreads.com/book/show/15667.Stranger_in_the_Forest", "http://www.goodreads.com/book/show/295292.The_Mountain_of_My_Fear_Deborah_", "http://www.goodreads.com/book/show/556661.News_From_Tartary", "http://www.goodreads.com/book/show/252453.The_Royal_Road_to_Romance", "http://www.goodreads.com/book/show/27082.Gipsy_Moth_Circles_the_World", "http://www.goodreads.com/book/show/318755.Everest", "http://www.goodreads.com/book/show/463297.My_Journey_to_Lhasa", "http://www.goodreads.com/book/show/1156181.The_Home_Of_The_Blizzard", "http://www.goodreads.com/book/show/213337.My_Life_as_an_Explorer", "http://www.goodreads.com/book/show/945729.Conquistadors_Of_The_Useless", "http://www.goodreads.com/book/show/118585.Into_the_Heart_of_Borneo", "http://www.goodreads.com/book/show/281111.No_Mercy", "http://www.goodreads.com/book/show/258373.Trawler", "http://www.goodreads.com/book/show/883272.Borneo_and_the_poet", "http://www.goodreads.com/book/show/12860172-storm"]}