{"ratings": 1432, "userreviews": [{"userName": "Colleen Venable", "userReviewDate": "Jun 07, 2008", "userURL": "http://www.goodreads.com/user/show/61222-colleen-venable", "userReview": "The first PLAIN JANES book was in my top three books I read in 2007 and Cecil Castellucci is AWESOME in general. (I'm a huge fan of her BEIGE). This book definitely wasn't as magical as the first. Then again maybe it's just that I hate sequels AND books with flowers or pink on the cover. (Luckily there wasn't any glitter involved. Phew!) I also love ambiguous endings, so I didn't feel a sequel was needed at all, though I know many folks were begging for it.  One of the reasons I loved the first book was it didn't scream \"YOU ARE A GIRL THIS BOOK IS FOR GIRLS!\" the way many of the MINX treatments do. It was a book I was able to get all four of my male roommates to read just by purposely leaving it in the bathroom, something that has NEVER happened with any other book...which is sorta a lie since I know they all read that TRUTH ABOUT CHUCK NORRIS book that was in there based on the increase of Chuck Norris jokes being told in my apartment...but PLAIN JANES was a NOVEL. A really fantastic graphic novel, especially when read by any girl who happily dances in the fringe of what people considered normal generic pink girl behavior."}, {"userName": "BookCupid", "userReviewDate": "Nov 11, 2014", "userURL": "http://www.goodreads.com/user/show/5178308-bookcupid", "userReview": "Jane likes Damon. The problem is her art project (P.L.A.I.N) landed him in community service, and now he keeps rebuffing her attempts to get close again. First, by going around with another girl, then by declining her invitation to a school dance because he'd rather go with a friend. Should Jane move on?There were too many characters, leaving the rest underdeveloped. Like a secret admirer that wasn't really addressed. Instead, we get Jane and her five friends moping around because they can't find dates. Her attraction to Damons is undeniable, but sometimes, the best thing to do is let the other person go and see if they come back."}, {"userName": "Stephen", "userReviewDate": "Jun 05, 2014", "userURL": "http://www.goodreads.com/user/show/1539831-stephen", "userReview": "The little spark of magic that you witnessed in the first Janes book is gone.   The first one dealt with some genuinely good kids who just wanted to make their town a little more interesting, so they formed a 'gang' of artists who did artsy things.  (The one real flaw in the first book was that these independent young women let a young man take the rap for their crimes). This time around...sheesh...uh...it was kinda like Sex and the City 2, or the sequel to Romancing the Stone, or the sequel to Basic Instinct...or any other sequel in which they just didn't understand the appeal of the first (fluke?) success.  This one did everything wrong, focusing on a big dance with boyfriends, getting a group of underage teens in an illegal group that was unsanctioned by their school receiving a federal arts grant JUST SO they could shove it in the face of the manly man police captain and his flattopped coifed head. I mean, c'mon.  Chick fantasy is one thing, but this...Anyway, not recommend, sadly, and yet still better than Twilight."}, {"userName": "Julia", "userReviewDate": "Sep 21, 2014", "userURL": "http://www.goodreads.com/user/show/9230901-julia", "userReview": "(side note: why does the cover of the online ed have Jane w/ blue hair, but my physical book have Jane w/ red hair?)I was really disappointing by this book. I read the 1st one a long time ago and really liked it. Al the characters were cool and the plot was interesting. This book is weird. There were scenes I really didn't understand (like when Jayne made the pheromones) and many scenes with diologue, but no interaction; all the characters said some thing about the topic, but they didn't really interact w/ each other. I also didn't really understand the motivations of some of the characters, like that rude blond girl or the mom. I admit this may have to do something to do with the fact that my attitude about art has really changed. Probably when I read the first time I wanted to be an artist, so I really related to the Janes. Now I kind of dislike art. I know that's strange, but I found Jane a little annoying. Go draw. In your home."}, {"userName": "Liv", "userReviewDate": "Feb 07, 2013", "userURL": "http://www.goodreads.com/user/show/1757957-liv", "userReview": "Nice little read that will make you want to dig out the spray painting stencils. I have a couple minor complaints: Science Jayne is clearly not written by a scientist, the main theme (\"Art as salvation\") gets pounded in on every single page (it's a great theme!... Let it breathe like a fine wine you can savour, don't keep slamming down shots. :P)But overall it's fun, well drawn, and has a hopefulness for humanity, albeit a kinda emo one. Things I especially enjoyed: [SPOILERS]* Hey look it's a slightly diverse set of main characters!* Although this is called \"Janes in Love\" there's much less focus on romance than I was expecting. Especially:* I very much liked how Main Jane and Damon's relationship is portrayed. They're never explicitly more than friends. Though Jane seems to want more, she also seems to make a confused peace with not getting it. Later, a different subtext is hinted at, but we do not get a big kiss scene or any dramatic confession. It's left open for interpretation and everyone seems okay with that! WHAT CRAZINESS!* Main Jane's parents relationship is a very interesting, and human, side plot"}, {"userName": "Brittany", "userReviewDate": "Oct 20, 2011", "userURL": "http://www.goodreads.com/user/show/1178011-brittany", "userReview": "The Janes are back at it. A bust at New Year's won't hold them back. They know that art saves, and their town needs saving. Of course, their hearts need saving too. They are all pining away for someone. Officer Sanchez is none to pleased about having more art \"vandals\"on the loose. When the Janes get shaken up though they know they have to change their approach. Maybe if they can get a grant the town will see them as \"real\" artists and start to appreciate the beauty all around them.This was another fun adventure with Jane and Jayne and Polly Jane and Jane. :D Even more art projects to try to help a world that is bowing under the pressure of terrorism. It can be hard to see the world as a beautiful place if all you can feel is fear. Emotions ran high in this one. Love was in the air, but there was also a lot of heated exchanges. This was a really excellent sequel and oh how I wish that there would be another Jane book. I would love to start a huge art program like this. Oh, to be in high school again. Anyways, loved this book too and definitely, definitely check out this series soon.First Line:\"I can't believe that it's been nearly a year since it happened.\"Favorite Lines:\"Hello. How wonderful to be able to say these words to you. Hello, dear Jane. Light of my life.\"Read more: http://www.areadingnook.com/#ixzz1bM6..."}, {"userName": "Holly Letson", "userReviewDate": "Jun 16, 2013", "userURL": "http://www.goodreads.com/user/show/9861836-holly-letson", "userReview": "In the continuation of The Plain Janes, a few things are finally tied up, and love seems to make everything a bit more confusing.  We do find out who MainJane's \"Sleeping Prince\" is. He's John Miroslav from Poland. Unfortunately, we find this out by her passing out when his letters are returned, and having her boy friend drive her back to Metro City without asking her parent's permission.   Luckily, the nurse in MC has his address in Poland, and gives it to Jane, even after the main nurse refuses to tell her anything, so the trip is not a total burnt run.   We also see Cindy play an important part in this volume by telling MainJane the proper way to go about getting funds via grant and the proper way to get permission to use the empty lot. But, this is not without Jane eventually finding out Cindy is her Secret Admirer or without getting caught as part of P.L.A.I.N. by the cops. -----------------  At the same time, TheatreJane also has a reason to go to MC with MainJane. Her crush object, Rhys, is there. Rhys has not been responding to Jane's letters and she wants to find out how he feels, so she goes to MC. But, she doesn't like what she finds out.  The good part that comes from this is that TJ ends up helping MJ get the grant for P.L.A.I.N.------------------   Meanwhile, BrainJayne is trying to win her crush's love the scientific way, by using a pheromone that should attract him to her. Problem is, it didn't turn out scentless as it should have, and ends up causing school to be cancelled that day. Luckily, she wins his heart later on.-------------------------------------   In the end, P.L.A.I.N. wins over th town council and creates their wonderful art for everyone. But, MainJane never really wins the exclusive title of \"boyfriend\" from her boy friend, Damon."}, {"userName": "Jessica-Robyn", "userReviewDate": "Jul 11, 2014", "userURL": "http://www.goodreads.com/user/show/3235169-jessica-robyn", "userReview": "The P.L.A.I.N Janes feels a little bit too plain. While I was reading Janes in Love the sequel to The Plain Janes my overall feeling was \"shrug\". This was a solid continuation of the previous story, set only days after the final events in the last graphic novel. But for me, this worked more against it then for it. It's just more of the same thing, and although I liked the last book and would recommend it to anyone who's interested, I don't see why this was made as a separate title.I liked that this time around we got to know more about the other Janes, their characters shined through the story a bit, showing some actual character traits beyond their over-the-top labels. I'm not going to say \"stereotypes\" because they do have their own individual personalities but I really noticed in this book how it's a shame that the main Jane is the only one of the lot that gets to be a rounded character.Speaking of our main Jane, she spends most of the story in angst. I won't go so far as to call it unnecessary because it does center around honest issues but it was just enough for me to wonder if anything else was actually going to happen. Nothing really did. This is a case of a character driven story where everything just falls flat. Nothing is particularly bad, but nothing is amazing either.I stick with my assessment of the first book in saying that this story overall would have been more dynamic as a novel where the characters could be given time to develop into people I could see myself investing in. Overall, I recommend skipping the squeal."}, {"userName": "Jennifer Wardrip", "userReviewDate": "Nov 07, 2012", "userURL": "http://www.goodreads.com/user/show/1125613-jennifer-wardrip", "userReview": "Reviewed by Karin Librarian for TeensReadToo.comIn this second installment of the PLAIN JANES series, the gang is looking for new ways to spread art around the community.Problems are looming on the horizon, though. Valentine's Day is just around the corner, and everyone is looking for a sweetheart for the big dance and pulling their sneak art attacks are getting harder and harder with Officer Sanchez always on the lookout.Jane still maintains correspondence with Miroslaw from the first book. From one of the letters Jane gets from him, she gets the idea to find a legal way to spread her art.She applies for a grant from the National Foundation for the Arts. Her proposal is based on taking an abandoned corner and turning it into a garden paradise the whole community can enjoy.Despite some ups and downs, the Janes stay focused on their goal. This installment is just as entertaining as the first one. I'm assuming there will be another one, but I have no idea what it will be about since JANES IN LOVE wraps up so nicely."}, {"userName": "Abby", "userReviewDate": "Jun 06, 2008", "userURL": "http://www.goodreads.com/user/show/638271-abby", "userReview": "A decent follow-up to the first one, which I still think is probably the best Minx title so far. This one starts off a month or two after the events of the first volume. Valentine's Day is just around the corner, and all the Janes are talking about their love interests. Main Jane isn't sure if she wants to be in love -- art and friendship should be enough, right? As she puts it \"making art is my love letter to the world.\" But she can't shake her feelings for Damon, a boy who took the fall for P.L.A.I.N. in a public art event gone wrong, and Miroslaw, the Polish boy whose life she saved in the Metro City bombing attack that prompted her parents to move her family out to suburban Kent Waters. Again, I was very impressed by Rugg's illustrations -- they really carry the story along, and he's not afraid to mix up perspective and panel layout to interesting effect. There are some great character POV panels, nice use of close-ups and aspect-to-aspect transitions, and in general I just like his style which hits that perfect midpoint between iconic & representational. I have to admit that I wish this book had more guerilla public art and less interpersonal drama, but I still thoroughly enjoyed it, and would recommend it to anyone who was a fan of the first book, or believes that art can save."}, {"userName": "Jennifer", "userReviewDate": "Jan 31, 2009", "userURL": "http://www.goodreads.com/user/show/66673-jennifer", "userReview": "In this sequel to The Plain Janes, which follows almost immediately on the action from the first graphic novel, Valentine's Day is approaching leading the Janes to focus on their relationships - or lack thereof.  Main Jane's sort-of crush Damon is doing community service since he got caught at the New Year's art attack. Then, after all the Janes but Theater Jane get caught performing their next art attack, main Jane begins to question whether what they're doing is right if it gets everyone in trouble.  Miroslaw, the Polish boy Jane helped save during the Metro City bomb incident, inspires Jane to try legitimizing her street art by getting grant support, but convincing others that the art attacks constitute real art is an uphill battle.  In the meantime, thanks to an anthrax scare, main Jane's mom won't leave the house.  What's a Jane to do?Definitely not a stand-alone episode, Janes in Love will be most appreciated by those who have read the first graphic novel recently.  The characters remain nicely rounded with realistic strengths and weaknesses for teenagers.  This feels like there's plans for another following story (maybe with main Jane in Poland for the summer?), but with publisher Minx folding, I'm not sure how that would work.Previously read January 21, 2009.  Just noticed upon re-reading that the flyers advertising the dance were for an Ides of March dance, but the banner at the dance claims it's a Leap Day Dance - a minor, but odd, inconsistancy."}, {"userName": "Lawral", "userReviewDate": "May 25, 2010", "userURL": "http://www.goodreads.com/user/show/331512-lawral", "userReview": "Again, this is a cute top story with some seriousness underneath. All the Janes are secretly pining after someone, and a girls-ask-the-guys dance prompts them to act on their feelings. Main Jane is crushing on Damon, but afraid to talk to him after his arrest for her art attack. Miroslaw (formerly John Doe) is awake, and he and Jane exchange letters and care packages. He inspires Jane to apply for an art grant to make the P.L.A.I.N. Janes legit. Meanwhile another attack in Metro City scares Jane's mom into never leaving the house. In an effort to get her to come out, Jane's dad refuses to go in. Neither seems to notice that Jane isn't fairing well. And then Jane hears back from the grant people and has to sneak into Metro City to present her portfolio. Da da dum.In this installment, the Janes are joined by James, the lone gay guy who was a walking stereotype in the last book. He gets to be a much more complete character here with interests beyond being uber-gay. Still, he bemoans the lack of gay guys in Kent Waters as the rest of the Janes set their sights on their dream guys. He doesn't get the happily ever after that some of the Janes do, but he does get to ogle the whole (hot) guys' basketball team. And no one thinks it's gross! James also plays a very important role when Main Jane starts to receive letters from a Secret Admirer. SPOILER: When it turns out that these letters might be from a girl, James has a little talk with Jane about how to let Secret Admirer down easy, emphasizing that Jane should do everything in her power to not make Secret Admirer feel weird for crushing on another girl. This little tidbit is added in without making any kind of a big deal or turning into too much of a \"teaching moment.\" James' concern is genuine and natural. End Spoiler.The Janes all deal with a little heartbreak, being in love will do that, and it brings them closer. Example:    \"The thing about having a good true friend is that it's ok if you cry so hard that snot runs down your face. Because their arms are strong and their heartbeat is loud ... and you can be your smallest and ugliest in front of them.\"    p.53Initially they were friends because they had no one else, then because they shared their passion for the P.L.A.I.N. Janes. Now they're just friends, who still sit together for lunch and sometimes dress in all black to put in a midnight art installation.Book 1: The Plain JanesBook source: Philly Free Library"}, {"userName": "Karin", "userReviewDate": "Oct 18, 2008", "userURL": "http://www.goodreads.com/user/show/72729-karin", "userReview": "In this second installment of the PLAIN JANES series, the gang is looking for new ways to spread art around the community.  Problems are looming on the horizon though.  Valentine\u2019s Day is just around the corner and everyone is looking for a sweetheart for the big dance and pulling their sneak art attacks are getting harder and harder with Officer Sanchez always on the look out.  Jane still maintains correspondence with Miroslaw from the first book.  From one of the letters Jane gets from him, she gets the idea to find a legal way to spread her art.  She applies for a grant from the National Foundation for the Arts.  Her proposal is based on taking an abandoned corner and turning it into a garden paradise to whole community can enjoy.Despite some ups and downs, the Janes stay focused on their goal.  This installment is just as entertaining as the first one.  I\u2019m assuming there will be another one, but I have no idea what it will be about since JANES IN LOVE wraps up so nicely."}, {"userName": "randy", "userReviewDate": "Jun 11, 2008", "userURL": "http://www.goodreads.com/user/show/959233-randy", "userReview": "I got this over the weekend and was really excited when I saw it. I had no business really liking the the 1st book, other than it being a good story with believable characters, but i enjoyed it a lot.This one seemed rushed in a way The Plain Janes was not. Maybe there was just too much going on for the limits of a minx book. From hearing her talk, I know Cecil Castellucci wants this to be a 4 book series, but maybe 5 books would have been better.Main Jane is still the most developed character and really the most realistic. I loved her continued development. But the other 3 Janes seemed to develop as if they were in a popcorn popper and just burst with new facts/responses/wtfever with not enough adequate build up.The overall story was quite good and had a great conclusion.If this series continues I hope that the other characters develop better and that those that are mere plot devices (um... the cop father) can move beyond stereotype."}, {"userName": "Angie", "userReviewDate": "Jan 10, 2014", "userURL": "http://www.goodreads.com/user/show/4964628-angie", "userReview": "Synopsis: \"The second volume of the critically acclaimed series finds a group of high school girls each named Jane, who are anything but ordinary, playing cupid. Plus P.L.A.I.N. (People Loving Art In Neighborhoods) goes global once the girl gang procures a spot in Metro City Museum of Modern Art contest.\"My Review: I love this series and the message within it, and this second volume definitely kept up to par with the first. I really enjoy the difference between the Janes and how even with that difference they are brought together with the common goal of PLAIN. I like the classic feel of the black and white illustrations and the multiple levels the story is told on (both Jane's narration, the letters and the conversations in the frames. I really hope that Cecil comes out with more of the Janes, but it is looking like this series is at an end."}, {"userName": "Mark", "userReviewDate": "Mar 17, 2009", "userURL": "http://www.goodreads.com/user/show/1274105-mark", "userReview": "Another good entry from Cciel Castellucci, but I really didn't enjoy it as much as the first.  Maybe that's just me, but something got lost between books 1 and 2; this is not to say that Janes in Love is not good, or is not a fantastic example of what is possible when an author writes a graphic novel with female leads, without clearly angling for female readers.  It is a good novel, just not great.  The story picks up soon after The Plain Janes ends, with Jane and her friends spreading art around their community; there is also the complication of the upcoming Valentine's Dance, and each Jane is hoping to go with someone.  It's sweet, it values true friendships, and it has a strong message for teens about maintaining their individuality.  It's just not the same as the first time."}, {"userName": "jess", "userReviewDate": "Feb 21, 2009", "userURL": "http://www.goodreads.com/user/show/670054-jess", "userReview": "I love the Minx titles, and I loved P.L.A.I.N. Janes. Art terrorism by teen girls in suburbia as a method of bonding and healing? SIGN ME UP. Janes in Love, however, is the nearly lackluster sequel to the PLAIN Janes set around Valentine's Day, built around the romances of the Janes, with most of the neighborhood-art-loving focus on a single, grant-funded, city-sanctioned artpark. So much of what I loved about the PLAIN Janes is completely gone. I still gave it a few stars because there were some brief moments where I liked the Janes again - the moments where the theme is larger, like art is love, and friendship is love, etc. It just seemed like the Janes wimped out on me and turned out to be, well, sort of boring girls after all."}, {"userName": "Lauren Candia", "userReviewDate": "Sep 04, 2014", "userURL": "http://www.goodreads.com/user/show/10212096-lauren-candia", "userReview": "I just loved these \"Janes\" books.  So cute and had great messages about art and its ability to change entire neighborhoods.  I also love the diversity shown in the panels.  A standout graphic novel series."}, {"userName": "Heydi Smith", "userReviewDate": "Aug 21, 2014", "userURL": "http://www.goodreads.com/user/show/7725697-heydi-smith", "userReview": "I didn't feel this novel had the impact that the first novel The Plain Janes had. But it was nice to see the development of the characters and the story. I thought a few of the characters repeated themselves way to much and it seemed like no one even listened, that was annoying but then that is life, at least in my experience. All in all I enjoyed it but think it's appeal is limited to fans of the first book."}, {"userName": "Lady Knight", "userReviewDate": "Aug 18, 2011", "userURL": "http://www.goodreads.com/user/show/3925432-lady-knight", "userReview": "While I enjoyed this one, the first was definitely better. I really have to credit Castellucci for, while there is certainly a happy ending, not everything turns out exactly like one would assume from the beginning of the graphic novel.The characters are all pretty much the same... not a lot of growth here, but Jane's parents are highlighted much more than the previous volume and play a more key role.Overall a decent read that should please fans of the first one. You do need to read  The Plain Janes first though, as next to nothing from it is explained in this volume."}, {"userName": "Lindsay", "userReviewDate": "Sep 07, 2014", "userURL": "http://www.goodreads.com/user/show/205963-lindsay", "userReview": "I think I like this even better than the first (though that weird pheromone scene was out of place). It delved more deeply into various issues--art, love, friendship, and mental illness."}, {"userName": "Steve", "userReviewDate": "Aug 05, 2011", "userURL": "http://www.goodreads.com/user/show/1432716-steve", "userReview": "This book kinda just starts. It doesn't make any concessions to the fact that over a year has passed since the release of the first book and we might have forgotten who the characters are and what situations they're in. It's very clear to me that both it and its predecessor were ONE YA book that got \"adapted\" into a graphic novel by the writer handing the artist a manuscript for a book and letting him do his thing. That's why what makes this book work is Jim Rugg's great art. Read together, both the books make for a decent little story, as the characters do start to evolve a little bit in the second volume. But separately they don't work near as well."}, {"userName": "Snorkle", "userReviewDate": "Nov 24, 2009", "userURL": "http://www.goodreads.com/user/show/999233-snorkle", "userReview": "I'm not really sure why I even read this book because I totally did not care for the first one. I guess I thought this story might pick up where the other one left off and offer some more closure. Well, this story was even worse than the first one and I found myself not caring for any of the characters or their \"plights\" of love. The illustrations were okay, but I was annoyed with how stereotypical the characters were. The ending was lame and I wondered why I had wasted my time. I would not recommend this book.*Taken from my book reviews blog: http://reviewsatmse.blogspot.com/2009..."}, {"userName": "Daisy", "userReviewDate": "Dec 14, 2010", "userURL": "http://www.goodreads.com/user/show/1013908-daisy", "userReview": "Pretty appealing.  And clever. You want to know what my PROBLEM is? The world sucks and it's killing my mom.  I am trying to do something that's worthwhile by making art to make the world BEAUTIFUL but when I do that everyone gets in trouble, or stops talking to me, like you did, and the boy I like stops liking me, so I apply for a grant to use a public space and be all legit and I get the grant but now I have to figure out how to ask the town if I can use a public space AND I'm grounded till I'm 40... and because my mom is too scared to leave the house, she won't let ME leave the house and everything sucks today. p. 117"}, {"userName": "Tracey", "userReviewDate": "Jan 05, 2009", "userURL": "http://www.goodreads.com/user/show/418708-tracey", "userReview": "Teen graphic novel. I get the feeling the first one was better. I wasn't entirely lost without having read The Plain Janes, but it was distracting to have to figure out who everyone was and why they were friends, and what might have happened to traumatize the main character so. The other thing that makes me think the first one might have been better is that all the characters in this book seem to spend the entire time whining about their lack of love-lives (yes I know it's a teen book and that's what teens spend a lot of their time thinking about, but still)."}, {"userName": "Li", "userReviewDate": "Mar 20, 2013", "userURL": "http://www.goodreads.com/user/show/2715990-li", "userReview": "Not as good as The Plain Janes but still very good.I love Cecil's writing.  In such a time condensed format we really see what's going on with Jane and follow along on her journey.I love that Cecil doesn't talk down to the audience and presents people in all their brokenness and wonderfulness (ok, may not be a word, but you know what I'm saying...)The artwork is great, again.  Cecil and Jim make a great team.I only wish there were more in this series.Great graphic novel!"}, {"userName": "Mellissa", "userReviewDate": "Apr 30, 2014", "userURL": "http://www.goodreads.com/user/show/3099443-mellissa", "userReview": "Says it's book 2...but nothing since 2008. I'd love to keep reading.  What a great little series."}, {"userName": "Sharon", "userReviewDate": "Jun 09, 2014", "userURL": "http://www.goodreads.com/user/show/162038-sharon", "userReview": "A direct continuation of the first one, and it ties up the story nicely.  The romance part is a bit on the high school side, and the end is pretty pat, but I do love how many of the characters have added depth--Cindy, who is a popular snob but doesn't let that stop her seeing and doing things that matter.  Theater Jane, who is a hard person to be friends with and to like, but worth it.  Those complexities really make this story for me."}, {"userName": "Rebecca", "userReviewDate": "Nov 14, 2010", "userURL": "http://www.goodreads.com/user/show/2600140-rebecca", "userReview": "I didn't like this one as much as the first one--just didn't seem to have the same punch, and I sometimes got confused about what was going on. With two characters and their love lives, I was completely at sea--I didn't remember one character from the first book so I feel as though I never understood her story (or even got her name, if it wasn't another Jane), and the other one had a crush on someone she'd never met for some unexplained reason, so it was really hard to feel anything for that storyline. Anyway, liked the first one better."}, {"userName": "Cathy", "userReviewDate": "Oct 26, 2008", "userURL": "http://www.goodreads.com/user/show/32409-cathy", "userReview": "Whew. Had a moment of panic thinking book 2 was all lovey-dovey, but got to more weighty issues and still centered on art/creation.A handful of inventive art ideas (painting a neighborhood fence with chalk paint & providing chalk to write love notes) and continued exploration of fear/terror, reaching out, along with a few new threads (grants, potential lesbianism, pressure & stress). Ends with the hint that more is on the way, and don't know as how the storyline will pan out, but am going to be a riveted fan, nonetheless."}], "description": "In this sequel to The Plain Janes, the Janes are back. But when the Janes become entangled in matters of the heart, they discover that in art and in love, the rules don't always apply. Young adult.", "title": "Janes in Love\n      \n          (Janes #2)", "url": "http://www.goodreads.com/book/show/2149664.Janes_in_Love", "average": 3.7, "cover": "http://d.gr-assets.com/books/1348069893l/2149664.jpg", "reviews": 165, "authors": [{"url": "http://www.goodreads.com/author/show/146783.Cecil_Castellucci", "name": "Cecil Castellucci"}, {"url": "http://www.goodreads.com/author/show/384702.Jim_Rugg", "name": "Jim Rugg"}], "outlinks": ["http://www.goodreads.com/book/show/313162.The_Plain_Janes", "http://www.goodreads.com/book/show/313162.The_Plain_Janes", "http://www.goodreads.com/book/show/313162.The_Plain_Janes", "http://www.goodreads.com/book/show/313162.The_Plain_Janes", "http://www.goodreads.com/book/show/313162.The_Plain_Janes", "http://www.goodreads.com/book/show/313162.The_Plain_Janes", "http://www.goodreads.com/book/show/313162.The_Plain_Janes", "http://www.goodreads.com/book/show/313162.The_Plain_Janes", "http://www.goodreads.com/book/show/313162.The_Plain_Janes", "http://www.goodreads.com/book/show/2322339.Emiko_Superstar", "http://www.goodreads.com/book/show/925826.Re_Gifters", "http://www.goodreads.com/book/show/1079971.Good_as_Lily", "http://www.goodreads.com/book/show/2660576-token", "http://www.goodreads.com/book/show/1661170.Kimmie66", "http://www.goodreads.com/book/show/546836.Breaking_Up", "http://www.goodreads.com/book/show/2377953.The_New_York_Four", "http://www.goodreads.com/book/show/2473053.Chiggers", "http://www.goodreads.com/book/show/3003042-burnout", "http://www.goodreads.com/book/show/4065472-the-war-at-ellsmere", "http://www.goodreads.com/book/show/13541584-will-whit", "http://www.goodreads.com/book/show/698142.Clubbing", "http://www.goodreads.com/book/show/205001.Runaways_Vol_4", "http://www.goodreads.com/book/show/6362843-refresh-refresh", "http://www.goodreads.com/book/show/7159898-foiled", "http://www.goodreads.com/book/show/195688.Life_Sucks", "http://www.goodreads.com/book/show/6327801-calamity-jack", "http://www.goodreads.com/book/show/12023617-tina-s-mouth", "http://www.goodreads.com/book/show/313162.The_Plain_Janes", "http://www.goodreads.com/book/show/313162.The_Plain_Janes", "http://www.goodreads.com/book/show/251197.Boy_Proof", "http://www.goodreads.com/book/show/16002008-odd-duck", "http://www.goodreads.com/book/show/12510886-the-year-of-the-beasts"]}