{"ratings": 2565, "userreviews": [{"userName": "Weni", "userReviewDate": "Dec 18, 2008", "userURL": "http://www.goodreads.com/user/show/1073731-weni", "userReview": "Jika pada buku sebelumnya, Anak Semua Bangsa, Minke mulai mengenal kehidupan rakyat Hindia yang tertindas oleh kekuasaan kolonial, maka buku Jejak Langkah menceritakan perjuangan Minke mempelopori gerakan nasional melalui organisasi modern dan surat kabar.Pada tahun 1906, Minke mendirikan Syarikat Prijaji bersama Thamrin Mohammad Thabrie, dua tahun sebelum berdirinya Boedi Oetomo (BO). Tahun 1909 Minke menggagas berdirinya Syarikat Dagang Islamijah (SDI), juga bersama Thamrin Mohammad Thabrie, yang semakin hari anggotanya semakin banyak dan merambah ke seluruh pulau Jawa.Pada tahun 1907 Minke menerbitkan surat kabar pribumi yang pertama, bernama 'Medan'. Kantor redaksinya berada di Jl. Naripan no. 1, Bandung. Dalam mengelola suratkabarnya, Minke dibantu oleh (antara lain) Marko, Sandiman, Hendrik serta istri ketiga Minke, Prinses van Kasiruta, yang berasal dari Maluku. 'Medan' yang tirasnya terus meningkat menjadi tempat mengadu para pribumi lemah yang tertindas dan terdiskriminasi oleh hukum. Apa2 yang disuarakan Minke lewat pers menyebabkan ia dinilai berbahaya oleh pemerintah Hindia Belanda.Di akhir cerita, Minke ditangkap di saat dia telah bersiap2 untuk pergi berpropaganda bagi SDI (sampai ke luar Hindia). Pdhl ia telah menyerahkan pengelolaan 'Medan' kepada orang2 kepercayaannya dan telah menyerahkan tampuk Pimpinan Pusat SDI kepada Hadji Samadi (ketua Cabang Solo).Itu kata buku :DLalu siapa Minke dalam Tetralogi Buru ini?  Nama aslinya memang tidak pernah diungkapkan dalam 3 buku pertama. Tapi di Jejak Langkah disebutkan inisial Minke dalam menulis berita: TAS.Meskipun saya sudah tau dari teman saya yang merekomendasikan tetralogi ini, saya mencari juga di internet :DMinke alias TAS adalah RM Tirto Adhi Soerjo, bapak pers nasional yang baru diangkat menjadi pahlawan nasional pada November 2006. Seperti pada buku, th 1906 ia mendirikan Syarikat Prijaji, th 1907 menerbitkan koran Medan Prijaji dan th 1909 mendirikan Syarikat Dagang Islam. Tulisan2 mengenai Tirto Adhi Soerjo bertebaran di internet. Untuk lebih lengkapnya, silakan googling :DThamrin Mohammad Thabrie adalah Thamrin Mohammad Thabrie, seorang Wedana Batavia, ayah dari Mohammad Husni Thamrin.Marko adalah Mas Marko Kartodikromo, anak didik Tirto Adhi Soerjo, yang setelah sang guru meninggal, pindah ke Surakarta dan mendirikan surat kabar sendiri bernama Doenia Bergerak.Prinses van Kasiruta, istri ketiga Minke, adalah Prinses Fatimah, istri ketiga Tirto Adhi Soerjo, yang lebih dikenal dengan nama Prinses van Bacan.Hadji Samadi adalah K.H.Samanhudi tentu saja :DMempelajari sejarah dari buku Pram ini ternyata menyenangkan. Tidak seperti ketika membaca buku PSPB dulu hehe."}, {"userName": "Harun Harahap", "userReviewDate": "Apr 04, 2010", "userURL": "http://www.goodreads.com/user/show/2109023-harun-harahap", "userReview": "(General Review)Lelaki belasan tahun yang mulai berkumis itu telah meninggalkan Surabaya menuju Batavia(Betawi) untuk menempuh pendidikan sebagai seorang dokter. Membaca bab pertama pada buku ini layaknya ketika saya membaca buku Batavia di awal abad 20. Minke menggambarkan apa yang dilihatnya pada sebuah kota yang jauh lebih besar dan maju daripada kota yang ia tinggali terlebih dahulu.Pribumi yang menjadi mahasiswa kedokteran adalah pribumi terpelajar yang biasanya berasal dari golongan priyayi. Namun sayang, mereka, pribumi yang terpelajar itu sering menindas pribumi lainnya. Karena merasa lebih tinggi statusnya atau kekayaannya, pribumi yang satu bisa merndahkan pribumi lainya dan itupun tetap masih bisa kita lihat pada saat ini.Ketidakadilan ini membuat Minke menjadi gerah karenanya. Minke yang jiwanya telah terusik dengan ketidak adilan yang ia derita tak tahan untuk menulis lagi. Minke mulai mendirikan sebuah suratkabar bernama \u201cMedan\u201d. Surat kabar yang pada mulanya cuma mingguan tapi menajdi surat kabar harian karena memakai bahasa melayu pasar yang dapat menarik minat banyak pribumi untuk membacanya. Surat kabar ini juga menjadi kawah bagi pribumi untuk mengadakan permasalahan ketidakadilan yang mereka alami. Tidak hanya dikarenakan kesewenangan Belanda Totok tapi sesame pribumi yang konon katanya priyayi dan terpelajar.Dengan membaca novel yang ditulis oleh Pramoedya, kita bisa belajar sejarah dengan nikmat. Seandainya saja pelajarans ejarah yang kita terima saat sekolah kita dulu melalui media novel seperti ini. Pasti saya tidak akan tertidur ataupun berbincang dengan teman saya disaat guru saya mendikte bacaan yang membosankan tentang sejarah.Pada novel ini, kita dapat melihat bagaimana Minke mulai berorganisasi dengan mendirikan Syarikat Priyayi. Namun, karena bernamakan priyayi, banyak pribumi yang enggan bergabung dengan organisasi ini karena merasa dirinya bukan priyayi. Lalu dilanjutkan dengan organisasi Boedi Oetomo. Tapi sekali lagi organisasi ini tidak mewakili semua pihak, organisasi ini hanya mengutamakan Jawa karena anggotanya pun harus Jawa. Ironisnya mereka berkomunikasi dengan bahasa Belanda. Minkepun bersama teman dan kolega mendirikan Syarikat Dagang Islam. Sebuah organisasi berlandaskan agama islam yang kian membesar anggotanya seiring bertambahnya tahun. Namun, semuanya menag tidak bisa berjalan lancer dengan apa yang kita inginkan. Pergantian Gubernur Hindia Belanda pun mengakbitkan kesulitan yang makin menjadi. Dan karena hutang bangsanya,akhirnya Minkepun diasingkan dan dipenjara. Namun, Minke yang pergi meninggalkan kediamannya tanpa alas sepatu tidak akan kehilangan keluhuran dan kepribadiannya dan akan terus berjuang demi bangsanya.(Review mengenai perEmpuan)Kita mengenal Nyai Ontosoroh yang berkepribadian Wanita Super dari novel tetralogi Pulau Buru. Namun pada novel Jejak Langkah, Bunda lebih banyak diceritakan daripada Nyai Ontosoroh. Bunda yang selalu mendukung keputusan anaknya bahkan menyetujui pernikahannya dengan seorang yang berbeda agama yaitu Ang San Mei, seorang gadis Tionghoa. Dialog antara Bunda dan Minke yang sarat makna juga menjadi sebuah daya tarik tersendiri. Bunda yang sangat Jawa sekali mencoba untuk menyadarkan Minke \u2018Belanda Item\u2019 untukmemikirkan dan membantu bangsanya untuk maju.Minke diceritakan menikah lagi dua kali di novel ini. Pertama dengan Ang San mei yang telah saya sebut di atas. Ang San Mei, seorang gadis Tionghoa, angkatan muda dari Tiongkok sangat berkarakter. Ang San Mei terus berjuang untuk negrinya nun jauh disana dengan membuat tulisan dan ajakan kepada kaumnya agar berhati-hati dengan Jepang. Namun, sayang perjuangannya yang tak kenal lelah ituakhirnya berujung pada kematian karena penyakit. Ang San mei menjadi panutan Minke untuk berjuang demi bangsanya. Jiwa memang dipertaruhkan, tapi apalah arti satu jiwa yang ikhlas jika bisa menyelamatkan seluruhjiwa bangsa.Yang kedua adalah dengan Prinses Kasiruta, seorang putir dari daerah Ambon yang diasingkan ke Jawa. Pertama saya agak bosan dengan karakternya tapi seiring berjalannya kisah ini, sosok Prinses baru terlihat karakternya. Seorang wanita kuat yang terus mendukung dan melindungi suaminya dalam perjuangan melawan Gubermen.Sepanjang saya membaca tiga novel dari tetralogi Pulau Buru ini, saya melihat bahwa peran wanita didalam kisah ini sangat ditonjolkan. Selain wanita-wanita hebat diatas, masih ada cerita tentang Kartini dan juga Dewi Sartika. Dari surat Ang San Mei kepada Kartini dan juga sebaliknya membuat saya ingin mengetahui lebih jauh siapakah Kartini sebenarnya. Apakah kartini rela melepas prinsipnya yang akhirnya rela menikah paksa dengan Bupati Rembang. Apakah ia tak mempunyai kekuatan menolaknya? Perjuangan kaum perempuan yang telah saya sebutkan diatas  untuk disamakan derajatnya dan tidak direndahkan atau dibatasi haknya telah berlangsung sejak lama. Namun hingga kini kaum perempuan masih berjuang untuk itu. Sayang sekali, zaman yang katanya makin maju dan modern tidak bisa menghadiahkan kesamaan hak dan kewajiban terhadap kaum perempuan.\u201dTak ada satu bangsa di dunia bisa terhormat bila wanitanya ditindas oleh pria\u2026\u201d(pg.105)"}, {"userName": "Erik Angriawan", "userReviewDate": "Aug 14, 2011", "userURL": "http://www.goodreads.com/user/show/5998744-erik-angriawan", "userReview": "''Jejak Langkah''* \"...dan modern adalah juga kesunyian manusia yatim-piatu dikutuk untuk membebaskan diri dari segala ikatan yang tidak diperlukan: adat, darah, bahkan juga bumi, kalau perlu juga sesamanya. (''Minke, 2)* \"Ilmu pengetahuan, Tuan-tuan, betapa pun tingginya, dia tidak berpribadi. Sehebat-hebatnya mesin, dibikin oleh sehebat-hebat manusia dia pun tidak berpribadi. Tetapi sesederhana-sederhana cerita yang ditulis, dia mewakili pribadi individu atau malahan bisa juga bangsanya. (''Von Kollewijn, 32)* \"Persahabatan lebih kuat dari pada panasnya permusuhan. (''Bunda/Minke, 46)* \"Dahulu, nenek moyangmu selalu mengajarkan, tidak ada yang lebih sederhana daripada hidup: lahir, makan-minum, tumbuh, beranak-pinak dan berbuat kebajikan. (''Bunda, 65)* \"Setiap hak yang berlebihan adalah penindasan. (''Minke, 82)* \"Orang Belanda sering membisikkan: berbahagialah mereka yang bodoh, karena dia kurang menderita. Berbahagialah juga kanak-kanak yang belum membutuhkan pengetahuan untuk dapat mengerti. (''Minke, 113)* \"Masa terbaik dalam hidup seseorang adalah masa ia dapat menggunakan kebebasan yang telah direbutnya sendiri. (''Minke, 113)* \"Apa bisa diharapkan dari mereka yang hanya bercita-cita jadi pejabat negeri, sebagai apapun, yang hidupnya hanya penantian datangnya gaji? (''Minke, 163)* \"Tak mungkin orang dapat mencintai negeri dan bangsanya, kalau orang tak mengenal kertas-kertas tentangnya. Kalau dia tak mengenal sejarahnya. Apalagi kalau tak pernah berbuat sesuatu kebajikan untuknya. (''Minke, 202)* \"Berbahagialah dia yang tak tahu sesuatu. Pengetahuan, perbandingan, membuat orang tahu tempatnya sendiri, dan tempat orang lain, gelisah dalam alam perbandingan. (''203, Minke)* \"Setiap permulaan memang sulit. Dengan memulai setengah pekerjaan sudah selesai, kata pepatah. (''Van Heutsz, 264)* \"...bila akar dan batang sudah cukup kuat dan dewasa, dia akan dikuatkan oleh taufan dan badai. (''Raden Tomo, 277)* \"Jangan Tuan terlalu percaya pada pendidikan sekolah. Seorang guru yang baik masih bisa melahirkan bandit-bandit yang sejahat-jahatnya, yang sama sekali tidak mengenal prinsip. Apalagi kalau guru itu sudah bandit pula pada dasarnya. (''Frischboten, 291)* \"Tetapi manusia pun bisa mengusahakan lahirnya syarat-syarat baru, kenyataan baru, dan tidak hanya berenang diantara kenyataan-kenyataan yang telah tersedia. (''Minke, 339)* \"Semua ditentukan oleh keadaan, bagaimanapun seseorang menghendaki yang lain. Yang digurun pasir takkan menggunakan bahtera, yang di samudera takkan menggunakan onta. (''Minke, 394)* \"Tanpa wanita takkan ada bangsa manusia. Tanpa bangsa manusia takkan ada yang memuji kebesaranMu. Semua puji-pujian untukMu dimungkinkan hanya oleh titik darah, keringat dan erang kesakitan wanita yang sobek bagian badannya karena melahirkan kehidupan. (''Minke, 430)* \"Di balik setiap kehormatan mengintip kebinasaan. Di balik hidup adalah maut. Di balik persatuan adalah perpecahan. Di balik sembah adalah umpat. Maka jalan keselamatan adalah jalan tengah. Jangan terima kehormatan atau kebinasaan sepenuhnya. Jalan tengah\u2014jalan ke arah kelestarian. (''Minke, 442)"}, {"userName": "Michiyo 'jia' Fujiwara", "userReviewDate": "Sep 29, 2012", "userURL": "http://www.goodreads.com/user/show/6999278-michiyo-jia-fujiwara", "userReview": "Aku lari ke belakang, cepet-cepet mandi. Masuk ke kamar,mengenakan pakaian kemarin. Semua telah terkunci di dalam kopor atau lemari. Kotak kunci pun terkunci. Anakkunci dibawa Prinses tak tahu lagi aku bagaimana kemunculanku. Destar aku pasangkan sekenanya. Dan selopnya yang sebelah.. ah kau selop, dimana pula kau bersembunyi? Mengapa pula kau ikut-ikutan mengganggu aku?  Rupa-rupanya anak anjing tetangga sebelah telah menyembunyikannya, atau menggondolnya. \u201cPiaaaaah!\u201d\u201cSelop! Mana selop!\u201d.............Tak dapat aku melangkah menuruni jenjang sambil berpaling padanya. Dia mutiara yang tak pernah aku kenal selama ini. Prinses telah mendidiknya.Tak aku sadari kakiku tak berselop.Ini adalah sebuah hari yang baru..Tahun 1900, STOVIA dan Ang San Mei, 3 hal pembuka yang mewarnai jalan hidup Minke. Lewat Jejak Langkah, Max Tullenaar alias Minke mulai mengkoordinir dalam; organisasi dan jurnalistik sebagai bentuk usaha dari apa yang bisa dia berikan bagi bangsanya.. sebuah bangsa yang bahkan belum memiliki nama.. semua hal ini pasti ada kesulitan;  organisasi pertama yang ia dirikan beranggotakan para priyayi statis, tak punya gairah hidup, ingin menghabiskan hidup dengan tenang dalam dinas Gubermen dan \u2018Medan\u2019 koran Pribumi berbahasa Melayu pertama yang didirikannya, mendapat pengawasan ketat dari Gubermen serta gangguan dari gerombolan De Knijpers, T.A.I, dan  De Zweep  yang tak lain; Robert Suurhof, salah satu dalangnya. Kisah yang semakin membuat ku terperosok pada zaman yang terjadi ketika itu; tentang pekik hiroik yang diteriakkan para pejuang Aceh dan Bali, tentang kisah  gadis Jepara, dan lagi Minke dengan kisah cintanya; Bunga Akhir Abad, Ang San Mei.. dan Prinses Kasiruta.. Dua diantaranya sudah pergi meninggalkannya..satu peristiwa diujung cerita memaksa Minke untuk meninggalkan apa yang dimilikinya, Apakah Minke akan meninggalkan sang Putri Maluku ini juga..??"}, {"userName": "Irwan", "userReviewDate": "Jan 23, 2012", "userURL": "http://www.goodreads.com/user/show/183639-irwan", "userReview": "Buku ketiga tetralogi buru ini begitu tebal. Kisahnya panjang dan berliku. Elemen kesejarahan kadang mendominasi elemen mikro kehidupan Minke. Terasa sedikit menunggangi. Tapi aku rasa begitulah hidup dalam masa pergolakan. Hampir saja elemen kesejarahan itu membuatku memberi bintang tiga untuk buku ini. Sampai ketika Prinses van Kasiruta, istri Minke yang bangsawan Maluku itu, menembak gerombolan Robert Suurhof. Yes! Rasain hehehe... Plot cerita lantas makin deras dan berliku. Seru! Di sela-sela kejadian-kejadian besar, Pram tetap tidak lupa menorehkan hal-hal keseharian dan remeh yang membuat novel ini tetap novel, bukan uraian sejarah. Dan aku terkesan dengan kalimat penutup buku ini: \"Tak aku sadari kakiku tak berselop.\""}, {"userName": "Putri Dyah", "userReviewDate": "Jan 24, 2014", "userURL": "http://www.goodreads.com/user/show/2999315-putri-dyah", "userReview": "Selamat tinggal kekasihku, rengguk hidup ini sampai ke dasar cawan. Capai cita cita mudamu sampai setinggi langit biru, rampas segala yang menjadi hakmu.Deg. Selalu sedih dengan kata perpisahan. Ending yang begini buat makin penasaran sama buku ke empatnya.Overall cerita dibuku ini selalu menginspirasi untuk memikirkan hak hak orang kecil, persatuan bangsa, perubahan, pemberontakan kearah yang lebih baik,. Dan review tentang pelajaran sejarah di masa berdirinya organisasi organisasi indonesia pra kemerdekaan. Coba aku baca novel ini dari dulu dulu, pasti pelajaran sejarah nilainya bagus. Ini cara mempelajari  sejarah indonesia dengan penyampaian yang mudah dimengerti. Dibalut cerita roman minke. Saya yang masih baru baca buku sastra macam ini, masih sering pusing sama bahasa indonesia lama yang sering dipakai di novelini, jadi perlu baca sampai dua kali intuk kalimat2 susah. Dan percakapan percakapannya yang kadang pakai bahasa melayu lama.  Tapi alur yang nggak ketebak, cerita yang nggak biasa, jadi pengalaman tersendiri dan menambah sudut pandang lain ttg indonesia."}, {"userName": "Brian", "userReviewDate": "Mar 24, 2009", "userURL": "http://www.goodreads.com/user/show/1551688-brian", "userReview": "The first book in this quartet This Earth of Mankind made me cry. The second book Child of All Nations made me cry. This third installment of the Buru Quartet made me angry. Colonization just sucks. And when a nation of mixed cultures fight each other while working towards independence, freedom if achieved is tainted. Footsteps is the biggest of the quartet and the most political. From what I understand it is also the last of the first person narrative from Minke's point of view. One more to go and I really hope that Indonesia gets it together... but now in 2009 I know how this earth of mankind stands both politically and culturally and I don't know if Minke would be proud.\"So what is the use of the French Revolution then?\" and her voice was so gentle, as it had always been ever since the first time I heard it. \"You said it was to free men from the burdens made by other men. Wasn't that it? That is not Javanese. A Javanese does something with no other motive than to do it. Orders come from Allah, from the gods, from the Raja. After a Javanese has carried out the order, he will feel satisfied because he has become himself. And then he waits for the next order. So the Javanese are grateful, they give thanks. They are not preyed upon by monsters within themselves.\"Although nominated for the Nobel Prize in Literature, Pramoedya Ananta Toer gave up his chance of ever winning when he died. Damn it, why didn't he wait a little longer before dying?"}, {"userName": "Ime'... Imelda", "userReviewDate": "Jul 01, 2008", "userURL": "http://www.goodreads.com/user/show/769132-ime-imelda", "userReview": "Gue sebenarnya bingung mau ngasih buku yang satu ini angka berapa, tapi gue bulatkan tekad untuk ngasih 4 bintang untuk buku yang satu ini. Jejak Langkah adalah buku ketiga dari tetralogi Buru.Jejak Langkah bercerita tentang sejarah berdirinya beberapa organisasi besar di awal masa perjuangan Indonesia. Sebut saja Boedi Oetomo, Sjarikat Dagang Islamijah dan lain sebagainya. To be honest, di pelajaran sejaran Indonesia, periode ini adalah periode yang paling gue benci; perjuangan Indonesia di kalangan terpelajar. Namun bukan hanya itu saja, sisi manusia Minke tetap menjadi sorotan. Seorang pria yang memiliki mimpi namun di beberapa aspek kehidupannya, (menurut gue) sedikit labil. Hanya saja, gue memang sangat menghargai seorang Minke, setidaknya, walaupun dia keras kepala luar biasa, dia tetap mau mengambil langkah awal untuk memulai segala sesuatu.Apa yang gue rasa\u2019in waktu baca buku ini adalah gimana untuk bisa mengubah dunia diperlukan satu langkah awal. Sama seperti yang dikatakan oleh Neil Amstrong, one step of a human a big leap for mankind. Semakin kesini, gue jadi semakin mengerti mengapa buku ini sempat dilarang untuk beredar. Buku ini bersifat sangat netral (menurut gue), karena bisa menuding baik pihak penjajah maupun pihak pemerintah. Dari buku ini juga gue belajar, bahwa negara ini nggak punya salah apa-apa, yang salah adalah motivasi yang dimiliki manusia-manusia pembentuknya.Selalu juga, gue sangat senang dengan filsafatnya dan tentu saja, gaya menulis Pramoedya yang sangat khas.Empat bintang dari gue."}, {"userName": "Hardini", "userReviewDate": "Aug 19, 2009", "userURL": "http://www.goodreads.com/user/show/1754551-hardini", "userReview": "... \" jangan kehilangan keseimbangan ! berseru-seru aku pada diri sendiri, memperingatkan. dimana -mana aku harus tolak persembahan gelar, jongkok, dan sembah karena kita sedang menuju ke arah masyarakat, dimana setiap manusia sama harganya, dibalik seriap kehormatan mengintip kebinasaan. dibalik hidup adalah mautdibalik kebesaran adalah kehancuran.dibalik persatuan adalah perpecahan dibalik sembah adfalah umpat maka jalan keselamatan adalah jalan tengah. jangan terima kehormatan atau kebinasaan sepenuhnya ... \" anak-anak buah minke dibuku ini benar-benar membuatku gemes.Bwuodoh! kt minke. Kwerbau!kt minke. toh begitu ia serahkan juga dirinya untuk menanggung semua kelakuan anak-anak buahnya sebagai tanggung jawabnya sebagai pimpinan yang memimpin mereka dan tetap melindungi."}, {"userName": "Pera", "userReviewDate": "Sep 04, 2008", "userURL": "http://www.goodreads.com/user/show/149151-pera", "userReview": "Menarikkah buku ini tanpa alur sejarah didalamnya?.Sejarah Indonesia adalah daya tarik buku ini. Membaca novel ini adalah cara belajar Sejarah yang lebih menyenangkan, dari pada menghapal point-point, tahun dan nama Raja-raja dalam buku pelajaran Sejarah dibangku sekolah dulu.Serasa mundur berabad-abad dan melihat kegelisahan pemuda masa lalu. Pergulatan Menggugat identitas diri, atau menjual diri pada Belanda.Ternyata Budi Utomo tak semegah bayanganku di buku sejarah bangku sekolahan. Ternyata Kartini....Perlahan melahap buku ini. Semangat Organisasinya masih bisa menjadi inspirasi.Salut untuk siapapun yang berjuang untuk Negeri ini.Merdeka!!!"}, {"userName": "Martha", "userReviewDate": "Sep 27, 2012", "userURL": "http://www.goodreads.com/user/show/1993011-martha", "userReview": "Aduh, endingnya lagi2 begini. Minke ini kasian betul nasibnya. Dari buku 1 sampai 3 ini, gak habis-habisnya musibah yang hrs dia hadapi. :-(Berharap di buku selanjutnya, Rumah Kaca, kehidupan pribadinya bisa lebih cerah. *hmm, apa mungkin?*Membaca Jejak Langkah, lebih terasa seperti membaca buku sejarah daripada roman. Maklum, buku ketiga dari tetralogi Buru ini sudah masuk ke tahun-tahun dimulainya perlawanan thd Hindia Belanda melalui kekuatan pers dan organisasi pribumi. Minke terlibat dalam berdirinya Medan Priyayi (surat kabar pribumi pertama berbahasa Melayu), Budi Utomo, Syarikat Priyayi, dan Syarikat Dagang Islam. Berbagai detail tentang perjuangan Minke dan organisasi2 kebangsaan membuat buku ini menjadi bacaan yg jauh lebih serius (klo buat saya sih tmsk berat ^^) daripada kedua buku sebelumnya. Minke banyak berpapasan dengan tokoh-tokoh nasional yang kita kenal, seperti Kartini, Dewi Sartika, Thamrin Moh. Thabrie (ayahnya Moh. Husni Thamrin), dan Haji Samadi (K.H. Samanhudi). Terungkap juga petunjuk ttg siapa nama asli Minke, melalui inisial T.A.S. Minke adalah RM Tirto Adhi Suryo. Pada tanggal 10 November 2006 presiden SBY menetapkan beliau sebagai pahlawan nasional.Buku ini sebenarnya layak diberi bintang 4, karena ini karya yang bermutu. Hanya karena saya merasa tidak sanggup membacanya lebih dari 1 kali saja, maka saya memberinya 3 bintang. ^^"}, {"userName": "Dendy Hardian", "userReviewDate": "Jan 14, 2010", "userURL": "http://www.goodreads.com/user/show/2814508-dendy-hardian", "userReview": "pergulatan diri yang dialami minke dalam perjalan sejarah bangsanya apa yang akan dilakukan demi membela kepentingan bangsanya yang akhirnya menjadikannya seorang kepala redaksi harian medan yang berbahasa melayu dan membela kepentingan rakyat hindia pada waktu itu yang belum memiliki harian sendiri, disamping berdirinya organisasi satu bangsa dalam SDI yang juga dibidaninya.Perkembangan yang sangat signifikan terhadap para pembaca medan serta merta membuat anggota organisasi SDI berkembang pesat selama dipimpinnya, namun dalam perjalanannya organisasi dan harian yang dipimpinnya itu mulai mengusik kekuasaan gubermen sehingga gubermen melakukan tindakan-tindakan untuk meredamnya, dimulai dengan intimidasi yang dilakukan oleh sebuah kelompok yang disebut sebagai de knijper atau T.A.I (Total Anti Inlander)terhadap RM Minke sampai dengan penahanan yang dilakukan seorang yang menaruh perhormatan yang tinggi terhadap karya RM Minke untuk bangsanya ia adalah seorang komisaris polisi betawi Jacques Pangemanann seorang yang berhasil meredam si pitung dalam masa dinasnya di kepolisian dan atas perintah gubermen menangkap RM Minke."}, {"userName": "Jed L", "userReviewDate": "Aug 01, 2012", "userURL": "http://www.goodreads.com/user/show/3660669-jed-l", "userReview": "The third book in the Buru quartet continues the story of Minke and his quest to gain power, independence and freedom for he and other Indonesian Natives. This book moves away from the first two in that all of the other characters beside Minke are minor. But new characters are introduced. Minke also moves to a new city, a large city and begins to establish a movement to bring greater power and freedom to his own people.At its heart this book is a story about a journey. It is a journey of a boy turning into a young man and this young man turning into a man. All the while his country is also going on a journey with him as one of its surprising leaders.I have loved this story. I have loved the progress, the setbacks, the turmoil, the friendship and the hatred felt within it. It continued to show the immorality of colonialism and the despicableness of racism. Above all else it showed the beginnings of human rights for all people regardless of sex, age, race, religion, marital status, occupation, creed or abilities. This is something we are still struggling with today. Minke is an inspiration that helps me want to continue the fight and help those who can't help themselves."}, {"userName": "Ayu Puspita Sari", "userReviewDate": "Feb 21, 2013", "userURL": "http://www.goodreads.com/user/show/5527109-ayu-puspita-sari", "userReview": "[Minke sebenarnya adalah Raden Mas Tirto Adhi Soerjo, bapak pers nasional kita. (hide spoiler)]"}, {"userName": "Biondy", "userReviewDate": "Nov 20, 2014", "userURL": "http://www.goodreads.com/user/show/6315639-biondy", "userReview": "Judul: Jejak LangkahPenulis: Pramoedya Ananta ToerPenerbit: Lentera DipanteraHalaman: 724 halamanTerbitan: 2007 (pertama terbit 1985)\"Jejak Langkah\" adalah buku ketiga dari kuartet Buru yang Pramoedya ciptakan selama pengasingannya di Pulau Buru.Novel ketiga ini menceritakan bagaimana Minke yang telah melakukan observasi dan yang telah tumbuh perasaan nasionalismenya (di buku 1 dan 2), perlahan mulai mengatur perlawanan terhadap cengkraman Belanda.Pernah dengar pepatah 'di belakang pria yang hebat terdapat seorang wanita yang hebat'? Dalam kasus Minke, ada banyak wanita hebat. Salah satu hal yang paling menonjol dari kuartet Buru adalah peranan wanita pada kesadaran Minke akan nasionalisme. Ada 5 wanita yang memicu kesadaran Minke dalam membentuk organisasi yang memulai kebangkitan penduduk pribumi.Yang pertama adalah Nyai Ontosoroh yang mulai menyadarkan Minke bahwa penduduk pribumi pun sebenarnya memiliki kemampuan yang sama dengan pihak Belanda. Hal ini terbukti dari kemampuan Nyai mengurus perusahaan suaminya, seorang pengusaha Belanda yang kurang mampu mengurus perusahaannya, sehingga berkembang dengan baik. Nyai Ontosoroh jugalah yang pertama membangkitkan semangat Minke untuk terus menulis.Yang kedua adalah Annelies, istri pertama Minke, anak dari Nyai Ontosoroh. Perceraian paksanya yang berakhir dengan kematian Annelies membuka mata Minke akan ketidakadilan yang dialami penduduk pribumi. Minke yang meruapakan anak bupati yang selalu merasakan fasilitas yang baik, akhirnya mulai sadar akan kondisi Hindia Belanda yang sebenarnya.Yang ketiga adalah Ang San Mei. Ang San Mei adalah tunangan dari sahabat Minke, Khouw Ah Soe. Khouw Ah Soe yang telah meninggal menitipkan surat pada Minke untuk disampaikan pada gadis itu. Sejak pertemuan pertamanya dengan Ang, Minke sudah jatuh hati padanya. Bukan hanya karena kecantikannya, tapi juga karena kecerdasan gadis itu.Lewat Ang inilah untuk pertama kalinya Minke mulai awas tentang 'organisasi'. Ang yang tergabung dalam sebuah organisasi pemuda Tionghoa memberi Minke sebuah titik awal untuk memulai organisasi pribumi. Hal ini tumbuh semakin kuat setelah dia menghadiri kuliah umum seorang dokter Jawa yang menyadarkan Minke betapa tertinggalnya penduduk pribumi dari penduduk Tionghoa dan Arab di Hindia. Kedua bangsa itu telah memulai organisasinya sendiri untuk meningkatkan kualitas hidup golongannya, sementara penduduk pribumi belum ada yang berani untuk mencetuskannya.Yang keempat adalah ibu Minke sendiri. Seorang wanita Jawa tulen yang bahkan berani melawan suaminya, yang merupakan hal yang sangat berani mengingat kondisi patriarkal pada zaman itu, untuk bertemu dengan anaknya. Rasa cintanya pada sang anak membuatnya mampu memberi restu pada Minke untuk mempersunting Ang San Mei, sekaligus menguatkan hati Minke untuk menjadi 'dalang yang benar'.\"Tapi ada kekuatan besar penelan kebajikan tapi enggan terbagi.\" (Minke)\"Guru-guru nenek-moyangmu juga sudah tahu itu, Nak. Mereka menamainya buto. [...] Dan mereka tidak pernah menang melawan para satria nenek-moyangmu.\"\"Sekarang ini mereka terus-menerus menang.\"\"Itu di tangan yang salah.\"\"Bunda, sahaya akan jadi dalang yang tidak salah itu.\" (hal. 85)Yang kelima adalah Prinses van Kasiruta, istri ketiga Minke. Prinses membantu Minke menjalankan 'Medan', koran pribumi pertama yang Minke dirikan. Berbeda dengan kedua istri pertamanya, Prinses adalah sosok wanita yang lebih keras secara fisik. Dia bahkan berani membalas dendam pada orang-orang yang telah mengeroyok Minke, karena tidak suka pada pemberitaan di 'Medan', dengan cara menembak orang tersebut.Usaha pertama Minke dalam mendirikan organisasi tidak berjalan mulus. Organisasi perdananya, 'Syarikat Priyayi', terpaksa mati suri karena kasus penyalahgunaan uang oleh pengurusnya.Minke tidak berlama-lama dalam kekecewaannya. Dia segera bangkit lagi dan mendirikan koran 'Medan Priyayi' yang menjadi koran pribumi pertama. Dengan bantuan Nyai Ontosoroh, yang kini telah menikah dengan Marais dan pindah ke Perancis, Minke memperoleh bantuan tenaga hukum untuk korannya.Kedatangan Hendrik Frischboten, tenaga hukum yang dikirimkan oleh Nyai Ontosoroh, dan istrinya Mir, yang merupakan sahabat lama Minke, memulai babak baru dalam hidup Minke.Dengan bantuan Hendrik, 'Medan' menjadi tempat penyuluhan masalah hukum oleh penduduk pribumi dan berhasil menjadi salah satu koran dengan oplah terbesar. Selain mengurus 'Medan', Minke juga mengurus berdirinya suatu organisasi baru yang menggantikan 'Syarikat Priyayi'. Kali ini Minke mendirikan 'Syarikat Dagang Islamiah'. Belajar dari kesalahannya dulu, Minke tidak mau organisasinya terdiri hanya dari para priyayi yang bersikap pasif. Selain itu Minke yang sadar akan pentingnya perdagangan bagi ekonomi suatu bangsa, memutuskan untuk membentuk sebuah syarikat dagang.Idenya ini sendiri sebenarnya ditentang oleh Douwager, seorang jurnalis Belanda yang menggiatkan kesadaran akan arti nasionalisme. Douwager mengkritik penggunaan kata 'Islamiah' karena menurutnya hal itu merujuk pada eksklusivitas agama tertentu. Walau begitu, Minke tetap pada pendiriannya karena dia punya pertimbangan lain.\"Tapi nasionalisme tak bisa berlandaskan agama. Agama itu universal, buat setiap orang. Nasionalisme untuk bangsa sendiri, garis terhadap bangsa-bangsa lain.\" (Douwager)\"Landasan itu tidak bisa jadi dengan sendirinya. Semua yang serbacita digalangkan landasannya dulu. Apa salahnya jika begitu banyak orang yang setuju? Kan itu juga pendidikan ke arah demokrasi? [...]\" (Minke)\"Tetapi bukankah Tuan masih tetap sependapat denganku, bahwa pikiranku tidak keliru?\"\"Tetap, Tuan, hanya waktunya belum tepat.\" (hal. 539-540)Dalam perjalanannya Minke mengalami banyak tantangan. Oplah 'Medan' yang mulai turun karena kemunculan koran 'Sin Po', kehadiran orang-orang yang membenci dan bahkan melukainya, perpecahan dalam tubuh SDI, bahkan hingga rasa ragunya karena dia tidak kunjung punya anak.Satu hal yang menarik di buku ini adalah pergulatan Minke di luar koran dan organisasinya. Pergulatannya akan hubungan gelapnya, kalau tidak mau dibilang perzinahannya, dengan Mir Frischboten.Mir yang juga merupakan sahabat lama Minke ternyata tidak bahagia dengan pernikahannya. Suaminya, Hendrik, memiliki masalah seksual yang membuat mereka tidak bisa dikaruniai anak. Hal ini membuat Mir 'memaksa' Minke untuk menjalin hubungan dengannya. Hal ini menarik, karena menunjukkan suatu kelemahan Minke yang membuatnya tampak manusiawi. Tentunya Minke salah dalam hal ini, apalagi mengingat dia sudah menikah dengan Prinses saat itu, tapi tetap memberikan sentuhan tersendiri pada cerita.Lalu bagimana Minke akan mengatasi semua tantangan yang dia hadapi? Bagaimana dengan hubungan gelapnya bersama Mir? Semua jawabannya bisa diperoleh dalam novel Jejak Langkah ini.Jadi, secara keseluruhan...Saya benar-benar suka novel ini. Jumlah halamannya memang jauh lebih tebal daripada Bumi Manusia dan Anak Semua Bangsa, tapi saya sangat menikmatinya. Membaca buku setebal ini sama sekali tidak membuat saya capek. Justru saya ingin terus membacanya dan ketika harus berhenti untuk istirahat atau kegiatan lain, saya merasa harus berpisah dengan seorang kerabat yang begitu dekat dan tidak sabar menantikan perjumpaan berikutnya. Terdengar lebay? Percayalah, memang tepat seperti itulah yang saya rasakan.Sayangnya masih ada typo bersebaran di buku ini. Semisal kata 'tuna-tuan' di hal. 39, typo 'perkawa' di hal. 374, dan typo 'kelom-pok' di hal. 395. Masih ada beberapa lagi sih, hanya saja tidak saya catat.Siapa sebenarnya Minke?Minke adalah tokoh yang berdasarkan seseorang pada dunia nyata. Minke yang dalam tulisannya dikenal dengan inisial TAS merujuk pada Tirto Adhi Soerjo, Bapak Pers Nasional (dikukuhkan oleh pemerintah pada 1973) dan seorang Pahlawan Nasional berdasarkan Keppres RI no 85/TK/2006.Kesamaan antara tokoh Minke dan Tirto Adhi Soerjo bisa dilihat dari koran dan organisasi yang mereka dirikan. Sama seperti Minke, TAS juga mendirikan koran bernama Medan Prijaji pada 1907 dan organisasi Sarekat Dagang Islamiyah di Batavia pada tahun 1909. Halaman depan Medan Prijaji, 2 April 1910Buku ini untuk tantangan baca:- 2013 Membaca Sastra Indonesia- 2013 Read Big Reading Challenge- 2013 Serapium Reading Challenge- 2013 Indonesian Romance Reading Challenge- 2013 Finishing the Series Reading Challenge"}, {"userName": "Teguh Puja", "userReviewDate": "Apr 18, 2013", "userURL": "http://www.goodreads.com/user/show/5420874-teguh-puja", "userReview": "Jejak Langkah adalah buku ketiga dari Tetralogi Buru. Buku ketiga ini adalah buku yang terbilang jauh lebih kompleks dalam banyak sisi yang dimilikinya.Di dalam Jejak Langkah, Pram memanggungkan pergulatan Minke yang akhirnya tinggal di Betawi dan masuk sekolah dokter. Dengan ekspektasi yang sangat besar yang dimiliki Minke, Minke tetap tak pernah benar-benar bisa diam dengan keadaan-keadaan yang ada di sekitarnya. Terlebih, jauh di lubuk hati terdalamnya Minke, ia masih belum menemukan 'kenyamanan' dan 'kebebasan' yang ia dambakan.Pembabakan cikal bakal bangsa ini dibawa dengan perlahan oleh Pram melalui sudut pandang Minke yang 'mempertanyakan segala sesuatu'nya. Di dalam Jejak Langkah, kita seakan diajak untuk menyelami alasan-alasan yang mendorong pendirian organisasi-organisasi awal yang bercokol di bumi nusantara. Minke dengan cita-cita idealnya dan warisan dari mendiang istrinya, mendirikan Syarikat Prijaji namun gagal. Hingga akhirnya ia bertemu dengan lebih banyak lagi orang baru yang juga 'mendidik' Minke untuk melihat segala sesuatunya dengan pandangan yang baru.Ada banyak cerita cikal bakal negeri ini yang sangat menarik untuk diikuti di buku ini. Romansa kehidupan Minke dibawakan dengan tidak mengurangi pembabakan cerita sejarah yang dibalut Pram melalui setiap lembar di bukunya ini.Pram, masih menjadi primadona yang mendekatkan kita (khususnya bangsa Indonesia) untuk mengenal lebih jauh negeri ini."}, {"userName": "Dewinda Wiradinata", "userReviewDate": "Mar 26, 2013", "userURL": "http://www.goodreads.com/user/show/17374797-dewinda-wiradinata", "userReview": "Inspiratif. Hal ini yg paling aku suka dari buku yg ini. Berkisah ttg Minke yg dibayang2i oleh seruan istri keduanya agar dia mendirikan organisasi utk bangsanya sendiri. Pribumi. Hal itu menggelisahkan hati Minke yg mulai diliputi kepedulian akan keapatisan bangsany sendiri. Juga terlalu tunduk oleh kekuatan kolonialisme dlm berbagai bentuk.Namun, jalanny tak selalu mulus. Belum-belum, Minke telah dihadapkan pada bupati yg bersikap seperti raja kecil yg gila hormat. Gila pd sembah dan jalan berlutut. Segera Minke mencoret bupati dlm daftarnya untuk mncari sokongan utk organisasi yg akan didirikannya. Beruntung, Minke mendengar ttg seorang pedagang yg bereputasi sangat terhormat di daerahnya. Ternyata pedagang tersebut tertarik oleh ide Minke utk membuat organisasi yg akhirny dinamakan Sjarikat Prijaji.Seperti yg telah diprediksi, semua masyarakat ikut bergabung dlm Syarikat Prijaji hanya karena pedagang ini menyatakan dukungannya. Konon, inilah yg sebenerny organisasi pertama Pribumi di Hindia-Belanda sebelum BO berdiri. Dari sini pula, Medan Prijaji, koran pribumi pertama diterbitkan. Namun, organisasi hancur begitu saja karena lagi2 keapatisan masyarakat dan stagnansi mereka dlm menjalani hidup mereka. Saat itu, BO berdiri jg dgn mengusung nama priyayi dan terkhusus pd masyarakat Jawa. Sayang, walaupun Minke dimintai pendapat dan diajukan utk menduduki posisi penting di BO, mereka berbeda pendapat. Perbedaan pendapat itu yg akhirny mndorong Minke membuat organisasi baru yg bernama Sjarikat Dagang Islam. Minke sengaja mnarik para pedagang karena pedagang dianggap kaum yg maju, berani bertindak, dan dinamis. Dgn begitu, kehidupan organisasi juga pasti lebih dinamis. Islam hanya untuk mengikatkan diri pada satu komunitas dan Islam dipilih karena agama tersebut dominan di pulau Jawa.Medan smakin maju, dari bulanan, hingga mingguan. Pada akhirnya, Medan dapat diterbitkan per hari. Metode yg digunakan Minke dlm menyusun berita cukup unik. Dikumpulkan berbagai keluh-kesah kaum protelar dlm menghadapi wajah kolonialisme, baik putih atau coklat di negeri Hindia. Dengan bantuan temanny yg juga pengacara handal, Minke berhasil mewartakan keluh-kesah sekaligus menyelesaikan perkara kaum tertindas itu.Gerak Minke dianggap semakin berbahaya hingga beberapa penjagal, baik yg resmi maupun yg tidak, dikirim utk memperingatkan Minke. Namun, Minke tidak menyerah, didukung oleh istri ketiganya, Prinses Van Kasiruta yg memang berani dan bertabiat keras.Aku paling suka kisah jatuh-bangun Minke di sini. Karena semuanya justru memperlihatkan bagaimana semangat Minke utk berseru di tengah padang pasir hati pribumi Hindia yg terlanjur ciut oleh kekuatan kolonial yg terus-menerus merongrong kehidupan mereka. Belum lagi, fakta2 sejarah ttg perang puput di Bali serta Aceh dlm melawan Belanda menjadikan buku ini sangat membangkitkan inspirasi kita dlm berjuang. Tiap kali baca buku ini pasti tangan rasany gatel pngen ngelakuin sesuatu haha...Tabik!"}, {"userName": "Pras", "userReviewDate": "Oct 29, 2007", "userURL": "http://www.goodreads.com/user/show/439022-pras", "userReview": "Dari dua buku sebelumnya, mungkin jejak langkah dinilai agak membosankan untuk sebagian besar pembacanya. Dialog-dialog panjang Minke dengan dirinya sendiri dan berbagai tokoh pergerakan yang mulai dikenalkan Pramudya memakan hampir 60 persen dari isi buku.Apabila buku pertama membahas tentang pribadi Minke dan perkenalannya dengan Annelies dan Nyai Ontosoroh dan terlihat sifat pergerakan belum mencapai pikiran Minke dan buku kedua berkutat dengan Konflik Minke dan beberapa pribumi dengan kekuasaan kolonial, maka jejak langkah adalah klimaks dari persetereun atau benturan antara pribumi yang diwakili Minke beserta koran medan priyayinya dan gubermen Hindia Belanda yang diwakili van Heutsz. Sedikitnya konflik pribadi yang dihadirkan di buku ini sesuai dengan arah buku ini secara umum. Pramudya membagi sususan keseluruhan cerita menjadi awal pergerakan secara pribadi dan bagaimana seorang pribadi Pribumi terusik dengan keadaan pribumi di buku Bumi Manusia dan Anak Semua Bangsa. Pergerakan secara organisasi dan perlawanan lantang di tunjukan pada buku Jejak Langkah ini. Maka dari itu Jejak langkah memuat sedikit banyak interaksi Minke dengan tokoh-tokoh pergerakan seperti tergambar dalam adegan2 di buku.  Terdapat adegan Minke mengikuti kuliah Dr Wahidin yang mengobarkan semangat pergerakan pada siswa2 kedokteran STOVIA, serta dialog segitiga antara Mei tokoh pergerakan Tiong hoa di Hindia dan R.A Kartini dan Minke sebagai penerjemahnya. Dialog yang dirasa tertalu panjang mungkin dikarenakan banyak pembaca menduga buku ini akan sama dengan dua buku sebelumnya, yaitu tentang konflik pribadi minke. Tapi dengan saratnya muatan tentang fakta sejarah dan dialog-dialog tentang organisasi pergerakan, Pramudya tidak lupa menambahkan cerita pribadi Minke dengan Mei, tokoh baru di Betawi yang merupakan tunangan kawan lamanya Sinkeh yang  meninggal di Surabaya, diceritakan di buku sebelumnya. Dari pembacaan saya atas bagian dari Tetralogi Buru ini, saya berpendapat mungkin Pramudya dapat lebih menambahkan detil pada fakta2 sejarah dalam buku ini. Karena dalam buku ini, ia  berniat mengupas habis cerita-cerita, fakta dan memberi gambaran senyata-nyatanya pada pembaca mengenai situasi pada jaman pergerakan sebelum dan sekitar berdirinya Boedi Oetomo. Tidak terlalu banyak karya tulis atau sastra yang menggambarkan era-era kebangkitan bangsa ini, kita hanya tahu fakta-fakta sejarah kering yang kita baca di pelajaran sejarah sekolah. Tapi mengingat kondisi Pramudya yang merupakan tahanan politik sewaktu ia membuat karya ini, kekurangan detil pada buku ini bisa menjadi pemakluman. Biarpun begitu, detil pada buku ini tidaklah mengecewakan dan bisa menambah perbendaharaan pengetahuan kita tentang sejarah bangsa indonesia di era awal-awal dan perintis kemerdekaan. Yang menakjubkan lagi adalah kemampuan Pramudya meramu fakta sejarah dan mencampurnya dengan roman sejarah hanya dengan bantuan ingatan dan memorinya semata. Ya semua literatur yang dikumpulkanya hanya diingatnya karena semuanya ditinggal di Jakarta sewaktu ia menjalani peran sebagai tahanan politik di Pulau Buru.Saya rasa buku ini perlu menjadi bacaan sastra wajib bagi siswa sekolah menengah di seluruh negeri ini. Bukan saja ceritanya yang menarik tapi juga muatan nasionalisme yang seakan membakar hati saya sepanjang membaca seri tetralogi Buru. Jarang ada buku yang bisa membuat saya membaca seperti kesetanan; lupa waktu, lupa makan, lupa turun dari bus dan lupa bayar ongkos bus pula..seperti kata alm. Soe Hok Gie\"Nasionalisme tidak didapat dari doktrin-doktrin yang dijejalkan di kepala kita, tapi dengan melihat langsung tanah air\" dan dengan membaca buku ini paling tidak kita bisa melihat tanah air di awal kebangkitannya..."}, {"userName": "Nuni", "userReviewDate": "Feb 25, 2010", "userURL": "http://www.goodreads.com/user/show/1393524-nuni", "userReview": "ternyata interpretasi makna benar di pengaruhi cara berpikir pembaca/penikmat rangkaiannya.....pernah baca buku ini dari hasil pinjaman jaman sma atau kuliah (sampe lupa persisnya)... dan yang teringat dulu bku2 dalam tetralogi ini begitu jauh dari yang mungkin saya bayangkan nyatanya...buat saya masa2 pergerakan yang dituangkan dalam rangkaian tulisan ini \"merely\" bagian dari sejarah yang tidak terlau bisa saya nikmati...tapi setelah akhirnya saya miliki buku2 ini dan entah kenapa insist untuk tidak membacanya secara urut (hehe..) saya punya nuansa baru dalam memaknainya yang pasti jauh lebih baik dibanding dulu....(mudah2an tidak ada hubungannya baca buku hasil minjem dan beli sendiri)...hahahha"}, {"userName": "Jong", "userReviewDate": "Mar 07, 2009", "userURL": "http://www.goodreads.com/user/show/2087395-jong", "userReview": "Minke akhirnya sampai di Betawi. Masuk STOVIA dan bertemu dengan calon-calon dokter pribumi lainnya.Di buku ini, setelah disadarkan oleh Dokterjawa dan lain-lain, Minke mulai membuat organisasi. Pram berhasil menanamkan sebuah pemikiran ke pembaca: sebuah organisasi, jika sistemnya berjalan dengan baik, akan memberikan efek yang sangat dahsyat bagi perjuangan. Setelah kehilangan Annelis, Minke bertemu Ang San Mei. Seorang pelarian dari Tiongkok, China. Seorang anggota Angkatan Muda. Minke mempersunting Mei, namun akhirnya Mei meninggal karena terkena penyakit."}, {"userName": "Mira Mirnawati", "userReviewDate": "Mar 31, 2014", "userURL": "http://www.goodreads.com/user/show/29749993-mira-mirnawati", "userReview": "Membaca buku ini ketika masih Hasta Mitra yang menerbitkan dengan sampul Mey dan prinses dan kira-kira gambar Minke di ujung sebelah kanan. Lentera Dipantara menerbitkannya kemudian dengan sampul yang dominasi orange. Apappun penerbitnya, Pram berhasil membangkitkan imajinasiku tentang pergumulan kehidupan Minke dengan Mey, MInke dengan Bundanya, Minke dengan Prinses. MInke dengan sekolah dokternya, Minke dengan destarnya yang dilucuti ketika pertama kali masuk seklah kedokteran, dan Minke yang Indonesia. untuk yang dilupakan dan yang terlupakan. belajar dari hidup seorang Mey atau prinses ato Robert Surhof dan terutama Minke dengan tulisannya yang gemilang. Dulu aku membaca tetralogi Buru ini sebelum menikah, setalah menikah, dan setelah punya anak. Usia dan pengalaman membuatku sadar, setiap hari kita selalu memandang sesuatu dengan berbeda walaupun pada objek yang sama."}, {"userName": "MSN. Hani", "userReviewDate": "Sep 17, 2007", "userURL": "http://www.goodreads.com/user/show/387805-msn-hani", "userReview": "Bagus untuk yang mulai belajar pergerakan....., satu yang pasti, Buku Ini Kiri...!!!"}, {"userName": "Arif Abdurahman", "userReviewDate": "Apr 08, 2014", "userURL": "http://www.goodreads.com/user/show/15965759-arif-abdurahman", "userReview": "'Didiklah rakyat dengan organisasi dan didiklah penguasa dengan perlawanan.\"Kali ini Albert Camus-nya Indonesia menceritakan lika-liku Minke dalam mendirikan suatu organisasi bagi pribumi. Dari pembentukan Syarikat Priyayi yang kemudian mandek di tengah jalan, ketidakpuasan pada Budi Utoma, sehingga dirintislah Syarikat Dagang Islam.Selain itu, Minke bergulat juga dalam bidang jurnalistik dengan merilis surat kabar Medan.Endingnya uh... seperti biasa bikin geram dan penasaran buat lanjut ke buku selanjutnya."}, {"userName": "Bening Tirta Muhammad", "userReviewDate": "Dec 20, 2014", "userURL": "http://www.goodreads.com/user/show/5612392-bening-tirta-muhammad", "userReview": "Membaca buku ini menangkal dua hal...Pertama, teman saya bilang antiklimaks dari Tetralogi Buru dimulai dari buku ketiga ini. Tapi saya melihatnya buku ini punya masalahnya sendiri dan lebih dinamis dan datar. Dinamis dan datar bisa bersamaan? Dinamis karena dia konflik melompat-lompat, relatif datar karena tidak mendalam menenggelamkan jiwa pembaca pada satu palung konflik. Saya menanggapi ini sebagai kenyataan kehidupan ibukota dan sebagai warga negara dunia, bahwa ada banyak aspek dari hidup kita yang punya porsi konflik masing-masing. Toh, pada akhirnya semua bertalian. Ini novel sejarah, yang kejadiannya dicicil secara kronologis dan Mas Pram masih punya banyak amunisi mengusik pergerakan yang didambakan seorang anak manusia berikut tantangannya melawan normal. Toh Minke juga manusia, dia mandul. #spoilerKedua, teman saya yang lain bilang baca versi asli--dua buku sebelumnya saya baca versi bahasa Inggris--berat. Nggak juga! Mungkin karena saya sudah lama di Jawa *sok lama* dan sudah baca lebih banyak buku sastra lama *sok banget* *mati aja*.Selamat mempelajari akal budi bersama Mas Pram :)"}, {"userName": "Yogi Agnia Dwi Saputro", "userReviewDate": "Oct 16, 2014", "userURL": "http://www.goodreads.com/user/show/18005093-yogi-agnia-dwi-saputro", "userReview": "Saya senang akhirnya bisa menyelesaikan bacaan yang tertunda sejak setahun lalu. Dan karya ketiga dari Tetralogi Buru ini masih sekeren pendahulunya.Dari segi cerita, saya sudah tidak mengharapkan apa-apa yang mengejutkan seperti di buku pertama, Bumi Manusia. Tidak ada ketegangan dari sisi cerita. Namun perkembangan Raden Mas Minke ini selalu menarik untuk diikuti. Tidak bosan-bosan rasanya membalik halaman demi halaman.Yang paling penting, karya ini sangat detail dalam menjelaskan semua elemannya. Kultur masa kolonial, Kedalaman penokohan, dan pemikiran yang disampaikan terasa mengena bagi pembaca. Sikap Minke dalam memandang masalah, perubahan pola pikir dari pejuang tunggal sampai menjadi organisasi sangat gamblang. Beberapa pemikiran masih relevan di Indonesia masa sekarang. Misalnya: banyak orang-orang kecil masuk organisasi tertentu bukan karena memiliki tujuan sama, melainkan karena sanak saudara dan temannya sudah bergabung duluan. Belum lagi sifat Minke yang philogynik (bahasa masa kini nya: playboy cap buaya mangap), membuatnya jatuh bangun dalam membangun romansa. Semua menarik untuk dibaca.Buku ini baiknya dibaca dalam urutan tetralogi. Terasa ada sedikit lubang-lubang kalau dibaca langsung. Tapi jangan lewatkan. Buku ini memperluas pengetahuan dan memperhalus rasa."}, {"userName": "dedeh ", "userReviewDate": "Oct 15, 2014", "userURL": "http://www.goodreads.com/user/show/592050-dedeh", "userReview": "emosi saya mmg terbawa. sosok Minke dg segala kekurangannya, ketidak sempurnaannya; namun juga semangatnya yang menggebu, tapi juga kepolosan dan kejujurannya, yg selalu berprasangka baik pada siapapun.1904, Van Heutsz berkuasa. Van Heutsz sarat kekerasan di akhir kekuasaannyalalu ada kebangkitan Jepanglalu Tionghoa mendirikan Tiong Hoa Hwee Koan (THHK), \u201dorganisasi modern\u201d pertama2 di Hindia, mrpkn organisasi sosial organisasi modern artinya diatur dg aturan demokratis, dan mdpt pengakuan dari kekuasaan yg berlaku3 thn kmdn, penduduk Hindia golongan Arab mendirikan organisasi Sumatra Batavia Alkhairah1902, pribumi masih saja tidur nyenyak1904, Jamiatul Khair, organisasi yg lbh majuNyi Dewi Sartika usaha2 mendirikan sekolah bagi perempuan, di CicalengkaRA Kartini di Jepara, yg kurang menyadari kekuatannya, kurang keberanian1906, Syarikat Priyayi yg kmdn mjd Syarikat Dagang Islam, lalu jadi Syarikat Islamjuga lahir budi oetomo. bukan organisasi nasionalis (bgm bs sp lahir sumpah pemuda?)Indisch partij"}, {"userName": "A. Moses Levitt", "userReviewDate": "Jan 16, 2012", "userURL": "http://www.goodreads.com/user/show/2882355-a-moses-levitt", "userReview": "Minke, setelah gagal dengan pernikahannya dengan Melemma, yang direnggut dari dirinya, melanjutkan sekolahnya untuk menjadi Bupati/dokter. Dia indekos juga di rumah seseorang, jarang berhubungan lagi dengan keluarganya di B. Lalu suatu ketika Minke bertemu dengan seorang gadis Tionghoa muda. Gadis dari pergerakan China modern, tunangan kawannya. Gadis China itu sakit2an, Minke menyelamatkannya, kemudian mereka menikah. Mereka tidak punya anak, hingga istrinya itu meninggal karena sakit akut. Minke terus diliputi dukacita, digosipkan orang, dijauhi kawan sekolah dan keluarga. Namun masih banyak orang yang mendukungnya. Mereka adalah orang2 Belanda, Pranci, dan orang2 berpikiran modern lainnya. Minke mendirikan sebuah kantor majalah, kemudian sebuah perkumpulan priyayi dibantu Mesteer Cornelis dan Thamrin. Tapi gagal karena priyayi Jawa kolot. Makin banyak bermulan perkumpulan untuk menentang belanda yang semena2. Minke menjadi sangat populer, bahkan berkawan dekat dengan Gub Jen belanda. Minke lalu mendirikan sebuah koran harian yang berbicara tentang huk pribumi bisa melawan belanda. Dia menjadi lumayan kaya. Saat itulah dia berkenalan dengan keluarga raja dari Maluku. Minke lalu menikah dengan putri tersebut. Tapi belanda merasa terancam. Lagipula sejumlah orang indo dan china membenci Minke dan ingin menghabisinya. Dibantu pendekar2 dari madura dan banten? Minke berhasil mengamankan jiwa dan usahanya. Kemudian suatu hari datang Pangemanann, polisi rahasia yang menyelidiki Minke. Minke kemudian ditahan, dibawa ke pembuangan/pengasingan. Usahanya mulai redup."}, {"userName": "Sabrina Zee", "userReviewDate": "Oct 20, 2011", "userURL": "http://www.goodreads.com/user/show/4685993-sabrina-zee", "userReview": "Jejak Langkah menceritakan perjalanan Minke dalam membangun organisasi. Di sini terlihat Minke jauh lebih pandai membaca situasi sekitar dibandingkan sebelumnya. Tapi tetap saja dia sangat mudah jatuh cinta pada kecantikan wanita sampai jadi bodoh sendiri. Yang menonjol dari buku ini adalah tokoh perempuannya. Mulai dari Kartini si gadis Jepara yang rela melawan adat demi suatu kebebasan, Bunda Minke yang sangat taat pada budaya sederhana Jawa dan nenek moyang, Ang San Mei yang lebih mementingkan perjuangan bangsanya dibandingkan diri sendiri, Prinses Kasiruta yang sangat setia mengabdi pada suami, Dewi Sartika pembangun sekolah perempuan pertama. Saya sangat mengagumi para perempuan itu yang punya inisiatif dan bisa lepas dari trend demi membela apa yang dianggap diri benar.Buku ini membuat perasaan diaduk-aduk. Marah, kesal, sedih. Gemas melihat betapa bodohnya kaum priyayi yang \"beku\", hanya mementingkan uang dan jabatannya. Kesal melihat betapa susahnya manusia-manusia tidak berpendidikan ini untuk seia sekata. Lalu akhirnya juga tragis. Minke harus menanggung akibat dari perbuatan para bawahannya yang begitu tolol dan tidak mau berpikir panjang. Memberontak namun tidak pakai otak.\"Pedagang orang paling giat di antara umat manusia ini, Tuan. Dia orang yang paling pintar. Orang menamainya saudagar, orang dengan seribu akal. Hanya orang bodoh bercita-cita jadi pegawai, karena memang akalnya mati. Lihat saja diriku ini. Jadi pegawai, kerjanya hanya disuruh-suruh seperti budak. Bukan kebetulan Nabi S.A.W. pada mulanya juga pedagang. Pedagang punya pengetahuan luas tentang ikhwal dan kebutuhan hidup, usaha dan hubungannya. Perdagangan membikin orang terbebas dari pangkat-pangkat, tak membeda-bedakan sesama manusia, apakah dia pembesar atau bawahan, bahkan budak pun. Pedagang berpikiran cepat. Mereka menghidupkan yang beku dan menggiatkan yang lumpuh.\" - pg. 520Mengingatkan saya pada perkataan \"Jangan mau jadi bujang besar tapi jadilah tauke kecil\"."}, {"userName": "Lilia Zuhara", "userReviewDate": "May 11, 2013", "userURL": "http://www.goodreads.com/user/show/5904302-lilia-zuhara", "userReview": "Kalau di buku kedua (Anak Semua Bangsa) Bung Pram sedikit menurunkan tempo emosi pembaca, lagi-lagi emosi diaduk di buku ketiga ini. Menceritakan tentang perjalanan Minke yang mulai hijrah ke Batavia sebagai murid STOVIA. Transformasi yang dialami Minke terkait pada cara yang dilakukan dalam meningkatkan kesadaran nasionalisme bangsa. Minke dihadapkan pada kenyataan bahwa untuk mewujudkan impiannya menjadikan Bangsa Hindia lebih terpelajar dan menanamkan semangat kesatuan, dibutuhkan wadah untuk menjadi tali pengikat. Proses kesadaran Minke sampai terbentuknya wadah inilah yang menjadi plot cerita Jejak Langkah.Seperti dua buku sebelumnya, Pramoedya selalu menggambarkan pluralisme dalam kehidupan Minke. Kali ini, dosis pluralisme dinaikkan dalam porsi signifikan. Intrik dalam kehidupan Minke juga menjadi lebih banyak dan lebih signifikan dalam mempengaruhi kehidupannya. Buku ketiga tidak akan membuat semangat pembacanya semakin surut. Pramoedya punya keahlian dalam menarik pembacanya masuk lebih dalam ke kehidupan Minke, membuat pembaca semakin terseret secara emosional. Narasi yang dituliskan Pramoedya mampu memperkuat semangat nasionalisme pembacanya, dalam hal ini Saya sendiri. Seperti buku Pramoedya lainnya, buku ini patut dibaca. Dengan subjektivitas tokoh utama, Pramoedya mampu mengajarkan pembaca untuk melihat secara objektif. Pujian yang tak pernah habis akan saya persembahkan untuk Pramoedya, atas Jejak Langkah yang sudah menjejak di kepala Saya."}, {"userName": "Adriana", "userReviewDate": "Apr 06, 2012", "userURL": "http://www.goodreads.com/user/show/4581462-adriana", "userReview": "Setelah diusir dari hak sendiri, Minke berpindah ke Betawi untuk melanjutkan pelajaran dalam bidang perubatan. Pada hari pertamanya di Betawi, dia dibawa bertemu dengan Anggota Tweede Kamer yang membawanya kepada sebuah persahabatan dengan Jenderal Van Heutsz.Dari surat peninggalan sahabatnya Khouw Ah Soe, telah membawanya kepada Ang San Mei, seorang wanita Tionghoa yang menurut Minke adalah tunangan mendiang sahabatnya. Perkenalan ini membawa kepada sebuah persahabatan yang akrab antara keduanya dan akhirnya kepada ikatan suami isteri.Kedatangan seorang doktor Jawa kesebuah acara sekolah yang berpidato tentang organisasi moden telah merubah pandangan Minke dan isterinya. Selepas pertemuan itu, Mei semakin aktif dengan organisasi Tionghoanya dan semakin kurang masanya bersama Minke. Kesihatannya semakin merosot dan akhirnya dia menghembuskan nafas yang terakhir dipangkuan Minke. Tidak cukup dengan itu, dia diberhentikan dari meneruskan pengajian.Diatas atas usaha pencerahannya, sebuah organisasi yang diberi nama Syarikat Priyayi ditubuhkan. Melalui organisasi itu juga akhbar mingguan mereka, Medan diterbitkan. Pada suatu hari Nyai, Jean, May dan Rono datang melawatnya untuk terakhir kali sebelum berangkat ke Perancis. Nyai cuba menjodohkannya dengan May namun May meminta sedikit masa yang akhirnya mengecewakan Minke. Kejayaan Medan membawa kepada penerbitan akhbar harian hasil sumbangan modal dari Nyai.Pada suatu hari datang Prinses van Kasiruta, seorang puteri buangan dari India meminta pertolongannya untuk kembali ke negeri asal. Dipendekkan cerita Minke akhirnya berkahwin dengan Prinses dan membantunya dalam redaksi majalah untuk wanita. Syarikat pada suatu tahap gagal sebagai sebuah organisasi dan digantikan dengan Syarikat Dagang Islamiyah.Kejayaan yang dikecapinya dalam membela nasib pribumi turut dicemburui pihak pemerintah dan dianggap ancaman. Pelbagai cara digunakan pemerintah untuk mematikan usaha pencerahan Minke, namun berjaya ditangkis olehnya. Sehinggalah pada akhirnya dia ditangkap polis dan dibawa kesebuah tempat yang belum pasti dan jangka masa yang belum pasti juga.Buku ini adalah merupakan klimaks kepada tetralogi Buru. Kejayaan Minke dalam membela nasib pribumi jelas digambarkan apabila akhbarnya dibaca meluas keseluruh Hindia dan keahlian S.D.I juga semakin bertambah disetiap cabang. Lantas perkembangan ini dianggap ancaman bagi penjajah dan harus segera dihalang.\"Di balik setiap kehormatan mengintip kebinasaan; di balik hidup adalah maut\" - Pramoedya Ananta Toer (Jejak Langkah)http://jiwarasagelora.blogspot.com/20..."}], "description": "Kehadiran roman sejarah ini, bukan saja dimaksudkan untuk mengisi sebuah episode berbangsa yang berada di titik persalinan yang pelik dan menentukan, namn juga mengisi isu kesusastraan yang sangat minim menggarap periode pelik ini. karena itu hadirnya roman ini memberi bacaan alternatif kepada kita untuk melihat jalan dan gelombang sejarah secara lain dan dari sisinya yang berbeda.Tetralogi ini dibagi dalam format empat buku. pembagian ini bisa juga kita artikan sebagai pembelahan pergerakan yang hadir dalam beberapa periode. Dan roman ketiga ini, Jejak Langkah, adalah fase pengorganisasian perlawanan.Minke memobilisasi segala daya untuk melawan bercokolnya kekuasaan Hindia yang sudah berabad-abad umurnya. namun Minke tak pilih perlawanan bersenjata. Ia memilih jalan jurnalistik dengan membuat sebanyak-banyaknya bacaan Pribumi. Yang paling terkenal tentu saja Medan Prajaji.Dengan koran ini, Minke bereru-berseru kepada rakyat Pribumi tiga hal: meningkatkan boikot, berorganisasi, dan menghapuskan kebudayaan feodalistik. Sekaligus lewat langkah jurnalistik, Minke berseru-seru: 'Didiklah rakyat dengan organisasi dan didiklah penguasa dengan perlawanan.", "title": "Jejak Langkah\n      \n          (Buru tetralogy #3)", "url": "http://www.goodreads.com/book/show/1398066.Jejak_Langkah", "average": 4.29, "cover": "http://d.gr-assets.com/books/1360760182l/1398066.jpg", "reviews": 162, "authors": [{"url": "http://www.goodreads.com/author/show/101823.Pramoedya_Ananta_Toer", "name": "Pramoedya Ananta Toer"}], "outlinks": ["http://www.goodreads.com/book/show/333078.Footsteps", "http://www.goodreads.com/book/show/19854560-footsteps", "http://www.goodreads.com/book/show/1335210.Footsteps", "http://www.goodreads.com/book/show/333078.Footsteps", "http://www.goodreads.com/book/show/6060001.This_Earth_of_Mankind", "http://www.goodreads.com/book/show/248069.Child_of_All_Nations", "http://www.goodreads.com/book/show/6060001.This_Earth_of_Mankind", "http://www.goodreads.com/book/show/248069.Child_of_All_Nations", "http://www.goodreads.com/book/show/333078.Footsteps", "http://www.goodreads.com/book/show/1379444.Burung_Burung_Manyar", "http://www.goodreads.com/book/show/1334844.Ronggeng_Dukuh_Paruk", "http://www.goodreads.com/book/show/984819.Para_Priyayi", "http://www.goodreads.com/book/show/1439798.Anak_Bajang_Menggiring_Angin", "http://www.goodreads.com/book/show/3492825-bilangan-fu", "http://www.goodreads.com/book/show/16174176-pulang", "http://www.goodreads.com/book/show/1455669.Harimau_Harimau_", "http://www.goodreads.com/book/show/1096114.Ca_Bau_Kan", "http://www.goodreads.com/book/show/6468957-tanah-tabu", "http://www.goodreads.com/book/show/2016000.Rahasia_Meede", "http://www.goodreads.com/book/show/1481902.Kitab_Omong_Kosong", "http://www.goodreads.com/book/show/1455480.Robohnya_Surau_Kami", "http://www.goodreads.com/book/show/1353409.Cantik_itu_Luka", "http://www.goodreads.com/book/show/1441445.Hujan_Bulan_Juni", "http://www.goodreads.com/book/show/2090345.Canting", "http://www.goodreads.com/book/show/1657837.Dari_Ave_Maria_ke_Jalan_Lain_ke_Roma", "http://www.goodreads.com/book/show/1283619.Atheis", "http://www.goodreads.com/book/show/248069.Child_of_All_Nations", "http://www.goodreads.com/book/show/174442.House_of_Glass", "http://www.goodreads.com/book/show/735248.Gadis_Pantai", "http://www.goodreads.com/book/show/248069.Child_of_All_Nations", "http://www.goodreads.com/book/show/174442.House_of_Glass", "http://www.goodreads.com/book/show/963128.Arok_Dedes"]}