{"ratings": 134, "userreviews": [{"userName": "Peter Jones", "userReviewDate": "May 12, 2012", "userURL": "http://www.goodreads.com/user/show/5584943-peter-jones", "userReview": "I've been juggling on and off for many years.. and this is the book that got me started. In several short, easy lessons, this book should have you juggling (more or less), in under 15 minutes. It won't however tell you how to stop.If this book is out of print, or not available on Amazon, it really is worth hunting down elsewhere. Get it from the States if you have to.Comes complete with 3 juggling bean bags."}, {"userName": "Josiah", "userReviewDate": "Jun 19, 2014", "userURL": "http://www.goodreads.com/user/show/1914201-josiah", "userReview": "I think that I would give this book two and a half stars. One of the things about The Klutz Book of Juggling that stands out most saliently in my mind is the surprisingly spare technical Juggling advice in its pages. All of the other beginning Juggling manuals that I've read put a definite emphasis on eventually teaching fairly advanced technique, presumably with the hope that the reader will be able to learn from the book for a long time after achieving the basic Three-Ball Cascade. John Cassidy, however, at the most teaches only a few simple Three-Club Tricks, as well as the Patterns for Four and Five Balls, before leaving further improvement in the hands of the reader.The Klutz Book of Juggling, though, has proved over time to be the most widely successful Juggling book of them all. Its combination of clear, basic instruction and the ever-present wit of the author makes for a winning formula, one that is likely to amuse learning Jugglers even at those times when frustration would threaten to invade on one's progress. Because of the fact that the book will entertain even when progress has stalled, a learning Juggler is likely to keep after the task of learning to Juggle, and that is the highest goal to which any teaching guide for young beginning Jugglers can aspire."}, {"userName": "Kathleen Garber", "userReviewDate": "Jan 22, 2010", "userURL": "http://www.goodreads.com/user/show/489630-kathleen-garber", "userReview": "This is actually the 30th Anniversary edition of Juggling for the Complete Klutz. It comes with three Juggling beanbag squares and a small book of information.You'll find some good information in this book, not only on how to do the moves but also some information on how your brain gets confused when you are learning juggling.After you learn the basics, you'll find information on juggling with more than one person, juggling with other objects, circle juggling and a few other fun ideas.Since this is the 30th Anniversary the back two pages of the book is a little scrapbook with cover art from the first 5 editions of the book, some old photographs and letters and news clippings although you don't get to read them all.There is at least one typo, \"Road that last line again,\" but overall it's a cute and helpful book."}, {"userName": "Remo", "userReviewDate": "Dec 23, 2014", "userURL": "http://www.goodreads.com/user/show/1412589-remo", "userReview": "Con motivo de los bolos qde malabarismos que me han prestado he retomado este libro que ten\u00eda en la estanter\u00eda desde mis tiempos de USA. Es muy divertido y tiene muchas muestras de humor, americano pero humor al fin y al cabo. Grandes consejos para principiantes."}, {"userName": "George Deoso", "userReviewDate": "Nov 30, 2013", "userURL": "http://www.goodreads.com/user/show/25950183-george-deoso", "userReview": "I have three weird dreams in my life: to be a waiter, a juggler, and a writer.When I saw this book in a bargain store, I remember my heart beating swiftly at the sight of it. After I bought it, I was thinking, \"I'm gonna be the world's greatest juggler!\"The copy I bought did not have any bean bags because it is a second hand book. So I used my black socks and formed into a doughnut- like shape (which made my juggling harder because it bounces to much).Learned a lot from the book overnight and I was able to juggle those three bouncy socks after 5 hours. I deeply recommend this book for starters.But don't have the nerve to expect yourself to be the greatest juggler in the world through this book."}, {"userName": "R\u00d8B", "userReviewDate": "Mar 01, 2010", "userURL": "http://www.goodreads.com/user/show/28758-r-b", "userReview": "Quick reading and very informative for anyone wishing to learn juggling.  I had the beanbags that come with this book for years, but never had the book 'til recently.  In addition to the requisite information on how to juggle with three objects, it goes into juggling four or five objects, including clubs, two-person juggling, and more.  Plenty of tips and goofy drawings and a great sense of humor.  Juggling is all about tons of practice...I think even the most un-coordinated people could do it (as do the authors here), you just need practice, practice, practice."}, {"userName": "Tip", "userReviewDate": "Feb 21, 2010", "userURL": "http://www.goodreads.com/user/show/3264280-tip", "userReview": "This was the book that first taught me how to juggle. I bought it at a school book fair when I was in junior high. It came in a package with three bean bags that I first started practicing with. Its a fun book. Not the most technical and was easy enough for me to understand back then. It has a few illustrations to help. It will teach you a few things but doesn't go into to many advanced patterns. Just enough to start you off on your juggling hobby. A good beginner book thats a lot of fun."}, {"userName": "Emu", "userReviewDate": "Mar 19, 2008", "userURL": "http://www.goodreads.com/user/show/149967-emu", "userReview": "If you think you might want to learn to juggle, there is NO better book in the world.  The pictures are clear and easy to follow, and the writing is helpful and funny.  The accompanying juggling balls are perfectly sized and weighted, and easy to grab out of the air.  Seriously, this is a damn good book.  If you read this and you actually want to enough to put the effort in, you'll have no problem learning to juggle."}, {"userName": "Dave Peticolas", "userReviewDate": "Oct 08, 2014", "userURL": "http://www.goodreads.com/user/show/31104786-dave-peticolas", "userReview": "Ah, memories. I think this book presaged the \"... for Dummies\" series. This one came with three bean bags and features illustrations of a hippy and his sentient mouse friend. The hippy is learning to juggle, while the mouse merely watches in bemusement.This book did help me; after innumerable tries I did finally learn to juggle, at least in a very basic way."}, {"userName": "Robert", "userReviewDate": "Jan 29, 2011", "userURL": "http://www.goodreads.com/user/show/1661541-robert", "userReview": "One of my life goals was to learn how to juggle.  In 1995, I had occasion to learn, much by accident.  Soon after, I purchased this book to extend my ability.  I never really extended my skills; I am competent with three balls, but nothing further.Nevertheless, this book is entertaining  and demonstrates what one needs to do to accomplish certain juggling moves."}, {"userName": "Yisroel", "userReviewDate": "Jan 17, 2012", "userURL": "http://www.goodreads.com/user/show/7366646-yisroel", "userReview": "When I was around ten years old, my 65 year old grandfather and I both taught ourselves how to juggle using this book exclusively. It breaks down the necessary steps to master in a very clear way.  It has no bells and whistles, just the text and basic illustrations.   The included beanbags are great. I also highly recommend the dub\u00e9 beanbags, google them!"}, {"userName": "Honeythief", "userReviewDate": "Jul 05, 2007", "userURL": "http://www.goodreads.com/user/show/168252-honeythief", "userReview": "I received this book from a friend as a 21st birthday gift. I was revising for my degree finals at the time, and going out into the backyard of our student house and practicing my juggling just about saved my sanity.Juggling's great fun, and not nearly as hard as it looks, especially with this book to guide you."}, {"userName": "Allan", "userReviewDate": "Feb 22, 2012", "userURL": "http://www.goodreads.com/user/show/7869254-allan", "userReview": "In lieu of a review, a confession: I've had this book in my house since the day it was published \u2013 14 years ago! \u2013 and I still can't juggle! I cannot really blame the instruction in the book, humorous and succinct as it is \u2013 I must be the Ultimate Klutz!"}, {"userName": "Allan", "userReviewDate": "Sep 23, 2008", "userURL": "http://www.goodreads.com/user/show/1015764-allan", "userReview": "In lieu of a review, a confession: I've had this book in my house since the day it was published \ufffd  14 years ago! \ufffd  and I still can't juggle! I cannot really blame the instruction in the book, humorous and succinct as it is \ufffd  I must be the Ultimate Klutz!"}, {"userName": "Patrick", "userReviewDate": "Jul 27, 2013", "userURL": "http://www.goodreads.com/user/show/13445257-patrick", "userReview": "My Aunt gave me this book when I was 11 years old and I learned how to juggle with it! I guess what I'm saying is that if you want your nephews to love you in the future, this book makes a great gift."}, {"userName": "Kara", "userReviewDate": "Jan 17, 2012", "userURL": "http://www.goodreads.com/user/show/7300612-kara", "userReview": "Fun, amusing and practical book for an introduction to juggling.  It comes with three balls to practice your juggling skills.  Offers sensible advice in a witty and engaging manner.  Good choice."}, {"userName": "Truthcansuck Goring", "userReviewDate": "Oct 26, 2007", "userURL": "http://www.goodreads.com/user/show/568457-truthcansuck-goring", "userReview": "Everyone should know how to juggle. This is the only book I've ever read that helped people learn how."}, {"userName": "Shrimp", "userReviewDate": "Jul 20, 2013", "userURL": "http://www.goodreads.com/user/show/1394439-shrimp", "userReview": "Enjoyable and concise book that taught me how to juggle. Now if I can only get good at it..."}, {"userName": "David Anthony", "userReviewDate": "Aug 04, 2011", "userURL": "http://www.goodreads.com/user/show/4545723-david-anthony", "userReview": "You'll get what you put in. Anyone with arms or extraordinary feet can learn to juggle."}, {"userName": "Charles David", "userReviewDate": "Jun 18, 2011", "userURL": "http://www.goodreads.com/user/show/5019309-charles-david", "userReview": "My juggling skills began with this book. Thank you John Cassidy."}, {"userName": "Janice", "userReviewDate": "Sep 04, 2009", "userURL": "http://www.goodreads.com/user/show/2276381-janice", "userReview": "Juggling for the Complete Klutz by John Cassidy (1994)"}, {"userName": "Severa", "userReviewDate": "May 21, 2008", "userURL": "http://www.goodreads.com/user/show/1047245-severa", "userReview": "I learned how to juggle in one day with this book!"}, {"userName": "Kevin", "userReviewDate": "Jul 03, 2008", "userURL": "http://www.goodreads.com/user/show/1283303-kevin", "userReview": "Taught me how to juggle like a clown."}, {"userName": "Mark", "userReviewDate": "Mar 21, 2008", "userURL": "http://www.goodreads.com/user/show/1012614-mark", "userReview": "This is how I learned to juggle."}, {"userName": "Patrick", "userReviewDate": "Jun 22, 2008", "userURL": "http://www.goodreads.com/user/show/1207931-patrick", "userReview": "Once you master how to juggle 2 balls, 3 is a walk in the park."}, {"userName": "Scott Hayden", "userReviewDate": "Oct 13, 2012", "userURL": "http://www.goodreads.com/user/show/2347151-scott-hayden", "userReview": "FUN!"}], "description": "Twenty-two years ago, we started the Klutz empire with this single title. More than two million copies later, it remains the premiere hands-on instructional tool of the trade. We're proud to say we taught the nation how to juggle.", "title": "Juggling for the Complete Klutz", "url": "http://www.goodreads.com/book/show/558738.Juggling_for_the_Complete_Klutz", "average": 3.97, "cover": "http://d.gr-assets.com/books/1400457139l/558738.jpg", "reviews": 26, "authors": [{"url": "http://www.goodreads.com/author/show/7797877.John_Cassidy", "name": "John  Cassidy"}], "outlinks": ["http://www.goodreads.com/book/show/13650202-das-jonglierbuch", "http://www.goodreads.com/book/show/108837.Woe_is_I_Jr_", "http://www.goodreads.com/book/show/781737.Modern_Coin_Magic", "http://www.goodreads.com/book/show/565820.The_I_Hate_Mathematics_Book", "http://www.goodreads.com/book/show/235748.Artifact_of_Evil", "http://www.goodreads.com/book/show/84781.Murder_in_Vegas", "http://www.goodreads.com/book/show/645201.The_Timothy_Files", "http://www.goodreads.com/book/show/225558.The_Voice_That_is_Great_Within_Us", "http://www.goodreads.com/book/show/629256.Son_of_Fletch", "http://www.goodreads.com/book/show/113017.Dave_Barry_s_Guide_to_Marriage_and_or_Sex", "http://www.goodreads.com/book/show/951240.Werewolf", "http://www.goodreads.com/book/show/25140.Evil_Geniuses_in_a_Nutshell", "http://www.goodreads.com/book/show/988505.Homegoing", "http://www.goodreads.com/book/show/4285365-guinness-world-records-2009", "http://www.goodreads.com/book/show/630961.The_Cat_Owner_s_Manual", "http://www.goodreads.com/book/show/1204156.Mark_Wilson_s_Complete_Course_in_Magic", "http://www.goodreads.com/book/show/57857.The_Tao_of_Leadership", "http://www.goodreads.com/book/show/2691093-math-magic", "http://www.goodreads.com/book/show/218469.The_Descent_of_Anansi", "http://www.goodreads.com/book/show/558728.Explorabook", "http://www.goodreads.com/book/show/370703.Earthsearch", "http://www.goodreads.com/book/show/10728139-the-klutz-book-of-brilliantly-ridiculous-inventions", "http://www.goodreads.com/book/show/1290226.The_Klutz_Book_of_Magic", "http://www.goodreads.com/book/show/2061947.Book_of_Knots"]}