{"ratings": 341, "userreviews": [{"userName": "Jimmy", "userReviewDate": "Jul 30, 2010", "userURL": "http://www.goodreads.com/user/show/1325473-jimmy", "userReview": "Only rarely do I come upon a book that I cannot imagine anyone disliking.  This is such a book.In 1938, Gontran De Poncins, a Frenchman, decided to live with the Eskimos for more than a year.  Afterwards, he wrote this amazing true story of his travels.  The action starts almost from page one.  You're plunged into story after story, each one more unbelievable than the last.  You learn about basic Eskimo life, their strange customs and norms, their fear of commitment, seal hunting, igloo building, wild springtime orgies, casual murder and wife swapping.  All woven into a continuous and exciting narrative of survival, exploration and self discovery.  It is equal part anthropology, travel writing, memoir, comic entertainment, and spiritual meditation.What's more, our narrator is an interesting guy, a very good writer, and slightly unreliable.  You never get his backstory, but I found myself wondering more than once: Who is this guy and why is he here?  Throughout the book he makes incredibly un-PC (and ultimately hilarious) remarks like \"Properly speaking, the Eskimo does not think at all.\"  He portrays the Eskimos as barbarians, disgusting, dimwitted, capable of incredible laziness, unfeeling,  communist rat bastards, yet he turns around and praises them often for their physical grace, zen-like composure, and miraculous zeal for life in unbearably harsh conditions.  He also portrays himself as impatient, silly, and hindered by Western possessions and need for security and definite answers.  It soon becomes evident that the Eskimo is only a brute because he is an entirely other being than the white man, and indeed he makes an awful white man.  But as the book nears the end, Gontran himself slowly comes around to becoming an Inuit in spirit, a \"man, pre-eminently\".  And the whole section where he writes about the calmness and joy at his heart when he finally gave in to the Eskimo way of life is incredibly moving.  It makes me think of that Flow: The Psychology of Optimal Experience book I read last year, and how true some of what it said about happiness was.  Here are a people who cannot think of much else other than the landscape and the next meal most of the time, because it takes all their energy to basically stay alive.  And yet they seem like the happiest people on earth.  They live a leisurely un-rushed communal life and take things in stride.  There is no neurosis, everything is direct, uncomplicated.  They live completely in the moment.Of course, this is probably a bit romanticized, and some of the stories are probably embellishments of the truth (in fact, I would argue that it is precisely the flawed un-objective quality of this account that makes it so great).  Still, something of the general spirit of these people comes through.  Also: if you liked the documentary Nanook of the North, you definitely will love this.  A lot of the same stuff is covered here, except in more detail, and a lot of intriguing customs and ways of being are completely absent from the movie.  If you haven't seen that movie, I highly recommend it as well."}, {"userName": "Joselito Honestly and Brilliantly", "userReviewDate": "Sep 23, 2013", "userURL": "http://www.goodreads.com/user/show/2190636-joselito-honestly-and-brilliantly", "userReview": "Emir Never \"discovered\" this book. He sent me an sms one afternoon, copy in his hand inside a Booksale branch, asking me if I have read \"Kabloona\" by Gontran de Poncins. I replied no, and pointed out that both the title and name of the author sound strange. But there was wifi in the place I was at that time so I checked its rating here at goodreads and was surprised that a book with its author both of which I've never heard of before could have an average rating of 4.21 in 231 ratings and 40 reviews. So I texted back: \"Buy!\" The price: P25.00--roughly about half a dollar.That was just the start of the series of amazing delights I got from this weird, completely discombobulating discovery. Emir Never, who takes eons to finish a book and sometimes even NEVER finishes them, read this in less than a week's time. Ready to turn it over to me we had lunch one friday afternoon and there he couldn't seem to concentrate on his katsu at Yabu blabbering about this book, written by a seemingly half-crazed French which began with a whimsical trip upon the urgings of maybe a photo he had seen or a conversation he had heard (he couldn't remember anymore), a trip where he almost died, writing/sketching/taking pictures of what he saw, heard, felt and learned. He did not just travel to a place and see men and women in their unique culture, He travelled back in time, back to the Stone Age, lived it, understood it, loved it, and gifted us with this book so we might also learn, and wonder, and look at ourselves in a completely different light.A book conceived by fate, which I finished in record two days, the first book which made me whisper \"thank you,\" feeling the burden of a tremendous debt of gratitude not to Emir Never but to its author and his literary collaborator, Messrs. Gontran de Poncins and Lewis Galantiere."}, {"userName": "Emir Never", "userReviewDate": "Jan 10, 2014", "userURL": "http://www.goodreads.com/user/show/3111012-emir-never", "userReview": "First day at school, subject is History, one you would give your dead relatives for not to take, the professor reputedly a terror, room filled with nervous anticipation. He dragged himself in, the professor, old, disheveled and very much in character for his subject. Without looking at anyone he walked toward the board and wrote in neat block letters:\u201cKABLOONA\u201dAnd below it:\u201cGontran de Poncins, Lewis Galantiere\"And below it, in smaller text:\"Discussion next meeting.\u201dWithout a word he left the room just as he came, old, disheveled and very much in character for his subject.A chorus of expletives."}, {"userName": "Mary Mccoy", "userReviewDate": "May 28, 2008", "userURL": "http://www.goodreads.com/user/show/290951-mary-mccoy", "userReview": "In 1939 this author left France and went to northern Canada to spend a year with the remote, mostly untouched, eskimos. His observations (and lack of judgement) on the eskimo culture are wonderful. One white guy said to him, \"These eskimos is no good\" and the author writes, what he really meant is that the eskimos are not good at being white people. His descriptions of day-to-day life are so real. Of course, I see many parallels to observing life in Tonga. In fact \"Kabloona\" is the eskimo word for \"white man\" (or \"palangi as my Tongan connections will know). I love this book."}, {"userName": "Sylvester", "userReviewDate": "Oct 03, 2011", "userURL": "http://www.goodreads.com/user/show/2289972-sylvester", "userReview": "I've been looking for this kind of book for ages - a look at the traditional Inuit way of life. This is a fascinating record of one man's year spent in the Arctic. de Poncins is often insulting in the way he perceives his hosts, considering them to be Stone Age people who are less \"evolved\" than himself, while at the same time expressing appreciation for their adaptable nomadic lifestyle. By the end of the year he finds himself finally beginning to comprehend their sense of community which had offended the ego-centric individualism of his own culture. I loved the first-hand details of traveling with sled dogs, the seal hunts, the building of igloos, etc. My favorite part came near the end, where de Poncins speaks of sledge-traveling as \"reading from the Book of Silence\" (what a beautiful expression that is!) - how he and his Inuit friend have become so in tune that they are \"reading\" the sky and the landscape and the dogs for signs, and they stop when they need to adjust the sledge or the pack - all without speaking, knowing what each others' thoughts are because they are reading from the same book. Lovely. A wonderful look at a lifestyle that no longer exists. Highly recommended. (Also loved the mention of the St. Roch - a legendary ship here in Canada, on display at the Maritime Museum here in Vancouver, if I'm not mistaken.)http://www.vancouvermaritimemuseum.co..."}, {"userName": "Kevin Lawrence", "userReviewDate": "Oct 24, 2013", "userURL": "http://www.goodreads.com/user/show/22931479-kevin-lawrence", "userReview": "A five-star is probably generous (wish we had the ability to give books 1/2 stars, since this would get a 4 and 1/2 stars from me), but I so thoroughly enjoyed Monsieur de Poncins and his breezy way of evoking the Arctic region and its inhabitants.  Probably some will cringe at the way he calls the Eskimos \"savages\" and \"primitives\" at times, but he always does so with a recognition that their environment necessitates a sharp distinction from that of the \"refined\" and \"civilized\" world M. de Poncins was so eager to take leave of. And there is no denying after reading this book that he has a profound respect for the men and women who eke out an existence for themselves in the indifferent climate of the Arctic circle. But ultimately, it is the self-reflective passages about cabin fever and adapting to a different culture/environment that give this book a haunting and uplifting quality for me (the passage about how he wanted to kill his very agreeable cabin-mate in the dead of winter is uproariously funny!) And then there are moments when he waxes poetic on the landscape and its relation to the people he meets that I think will linger with me for a long time:\"...I spent a good deal of time compiling an Eskimo-English dictionary. Primitive languages have a directness which long gone out of the subtle and metaphorical terminology of civilized speech. The Eskimo word for bishop, for example, is ri-oo-mata, \"the man who thinks\"; thier word for polar bear is tara-i-tua-luk, \"he who is without shadow\" (thoguht the polar bear is also called \"the eternal vagabond\"). There is a sort of poetry of the concrete in their speech that is very moving. Thus, mi-kse, the word for \"reality\" is literally translatable as \"the thing turned towards you.\" When an object moans in the wind it is said to \"grind its teeth.\" If two people have fallen out they are said to \"drift away from one another,\" and if a man has not understood you, it is said that \"you have missed him,\" sil-la-ko-kto, as if you words were a spear that had missed its mark. Our abstractions flatter the mind, but their concrete images go direct to the senses and tickle the palate, the sense of smell and of sight.\" (p. 155)Pretty amazing stuff, so worthy of a 5-star rating!"}, {"userName": "Hortense", "userReviewDate": "Jun 03, 2013", "userURL": "http://www.goodreads.com/user/show/13586298-hortense", "userReview": "You go somewhere and someone offers you their wife and some frozen raw fish. Do you devour both? Don't want to be rude? A violation as old as civilization."}, {"userName": "Tony", "userReviewDate": "Jun 01, 2012", "userURL": "http://www.goodreads.com/user/show/1361000-tony", "userReview": "KABLOONA.  (1941).  Gontran de Poncins in collaboration with Lewis Galantiere.  ****.\tI first read this book sometime in the early 1960s, and remembered only that I really enjoyed it.  The second read confirmed my memory.  This is a fascinating journal of one man\u2019s exploration and study of the last remaining true Esquimo culture as it existed up near the magnetic North Pole on King William Island.  The author was not a professional explorer \u2013 just a man with \u201citchy feet.\u201d  He had previously spent time in other remote regions of the world, living for a time among primitive peoples in China and the South Pacific.  This venture was very different for him.  Lewis Galantiere was actually the person who translated the journals and diaries from French into English.  Along the way, we learn that the word \u201ckabloona\u201d means \u201cwhite man\u201d in Esquimo.  We also learn that the word \u201cInuit\u201d means \u201cman, preeminently.  Although this book is \u201costensibly a study of Eskimo life, it is actually a study of the Stone Age mind.  The author travelled to the Canadian Arctic in 1938, and though it only took him about five months to write this book, he had been preparing for this trip for years through his previous travels.  Poncins \u201cwas, (to the Eskimos) utterly comical \u2013 at first, anyhow.  In a world where every face was flat, dark and oily, with eyes and rudimentary nose disappearing in a smooth expanse of fat made for protection against the col, his face was narrow, pale, and bony \u2013 a caricature of what the human face should be.  He could not tie knots, could not spot a seal at two miles, could not tell one type of snow from another.  His feet froze.  He limped.  He hated to beat dogs.  In the igloos at night, when his companions were sitting around smoking, spitting, blowing their noses over everything and everybody, Poncins was the one they told stories about, roaring with laughter.\u201d  After an initial period of supreme trials and gaffes, he finally began to understand the people and how their minds worked.  These stories will, in many cases, have you in stitches.  This has to be unique among travel and exploration books.  You will not find another one like it.  Recommended."}, {"userName": "Xina Uhl", "userReviewDate": "Aug 19, 2013", "userURL": "http://www.goodreads.com/user/show/3609813-xina-uhl", "userReview": "A French nobleman spent 15 months among the Inuit in the 1930s. Entertaining, interesting, and occasionally politically incorrect (the author does not seem to understand that \"homosexual\" does not equal \"pedophile\") it is well worth noting and then overlooking past ignorance for a rousing travel story. This is not to say that past ignorance excuses bad behavior, just that we cannot hold past individuals to our standards of morality. A hundred years from now people will be appalled by some of the opinions and practices that we find unremarkable today. The narrator here is fine.Summary: In this classic of adventure, travel, anthropology, and spiritual awakening, de Poncins is a French nobleman who spent fifteen months in 1938 and 1939 living among the Inuit people of the Arctic. He is at first appalled by their way of life: eating rotten raw fish, sleeping with each others' wives, ignoring schedules, and helping themselves to his possessions. But as his odyssey continues, he is transformed from an uncomprehending outsider to someone who finds himself living as Inuk: a man, preeminently."}, {"userName": "Owen", "userReviewDate": "Jul 16, 2012", "userURL": "http://www.goodreads.com/user/show/10911106-owen", "userReview": "Gontran de Poncins's \"Kabloona\" is a classic of Arctic adventure, to be ranked alongside Farley Mowat's \"People of the Deer,\" Harold Horwood's \"White Eskimo\" and parts of Peter Freuchen's \"Vagrant Viking.\" A French aristocrat with a genuine yearning for adventure, de Poncins made his way to North America just prior to the last war. By stages, he managed to go right up into latter day Nunavut, some of the highest inhabited Arctic territory in Canada's north. Yet he didn't stop there. Putting himself into the hands of an Eskimo hunter who happened to be heading off onto the sea ice, he underwent an extraordinary odyssey lasting the winter through, in which he camped with the Eskimos in their winter igloos.de Poncins takes us into the very private, very communal world of these northern people. Private because, for Europeans, entering this strangely illuminated landscape was even then almost an impossibility. de Poncins admits that his initial impression was overshadowed by the nausea which sprang immediately into being as he tried to deal with the strange mixture of smells in the igloos. Most Europeans would not pass that first test and many an estimate of Eskimo culture has no doubt been biased by just such an affront to a sensitive olfactory centre. Yet once he had passed this initial barrier, a process which he says took some time, he found himself in a world unlike any other he had experienced or imagined. It is into this ageless community that he takes us for a very privileged glimpse of the last of the true ice-dwellers.Although a French national, de Poncins chose to remain in North America and he wrote his text about the Inuit in English, in collaboration with a friend. Not much is known about the author's life thereafter, as he did not publish much other work, but like G. B. Edwards's solitary yet wonderful book about life on Guernsey, \"The Book of Ebenezer Le Page,\" this one book by de Poncins is a major accomplishment."}, {"userName": "Dave Gaston", "userReviewDate": "Sep 09, 2010", "userURL": "http://www.goodreads.com/user/show/1269880-dave-gaston", "userReview": "After I finished this fantastic audio book, I looked it up on Amazon to buy a used hard copy. I was little chagrined to discover the original printing date. Wow, this contemporary, quirky book -- that I just fell in love with -- was written 70 years ago. What a fun twist in time travel! Of course, three things aided the modern day allusion; first, it was read to me (on my ipod) by a modern audio book legend, Grover Gardner; Second, the setting is timeless, the remote wild's of the Canadian Arctic, and finally; I assumed the charming French-to-English translation was to blame for forcing just a hint of formality. Regardless, this classic adventure will stick to your ribs long after you have finished it. It is incredibly well written. It reads very fast for a book from the 40's. The story begins with Panches leaving Paris to live and study among the most remote tribal people on earth, the Canadian Arctic Inuits. For 15 months he moved among three remote Arctic tribes, living as they do, from day to day, absorbing their primitive, almost prehistoric, way of life. Their nomadic life was driven by hunger and thrashed about by the harsh laws of nature\u2019s violent forces. In this barren sub zero land, the Inuit face the daily threat of starvation and exposure with great indifference. Past physically freezing to death, Panches biggest mental challenge turned out to be isolation. In addition, he had to reinvent his composure, severely modifying his natural inclinations with every Inuit interaction (several, life threatening). Panches describes his cunning effort in breaking through the cultural barrier; interpreting, in his words, \u201ca truly primitive mind.\u201d The book barks of some prejudice, but this was a man\u2019s fair conclusion after keenly studying the unique Inuit mind and method (...in 1940). Light a fire, and read this adventure book during a cold snap. How cold? Cold enough to yank a 30 lb. fish out of the water and have it flash freeze before it skids across the ice. That\u2019s cold baby!"}, {"userName": "Marya", "userReviewDate": "Jul 27, 2008", "userURL": "http://www.goodreads.com/user/show/1183198-marya", "userReview": "Faaaaascinating! The reasons are threefold. First, the Inuit way of life observed and duly chronicled by the Vicomte Gontran De Poncins de Montainge. Gontran De Poncins himself, aka \"Mike\" A French aristocrat adventurer cum amateur anthropolgist and natural diarist. His experiences, observations (sometimes profound, often profoundly racist)and sketches come together as a vivid, candid, and insightful narrative. Finally the work itself as witness to the colonial context and inner workings of the colonial mind set. The language is at times repugnant to the modern reader, but a priceless illustration of the colonial psyche."}, {"userName": "Peter", "userReviewDate": "Oct 03, 2014", "userURL": "http://www.goodreads.com/user/show/1721043-peter", "userReview": "Interesting first hand account of some time with the \"almost\" polar Eskimos. The time of the visit was 1939 and most things I've read about the polar Eskimos claim that very few survived 1940. The main thus of this book was to make clear how remarkable the quality of life of these \"primitive\" (the more primitive the better) was. The book was well written. However I felt that the structure of the book suffered from a kind of imitative form. He takes us though his metamorphosis from an upset and opinionated scientist discussed with the lack of character he initially encounters in the Eskimo to the sensibility of a man who has (re) discovers his own, perhaps innate, capacity, to not only connect with but to join in something like the Eskimo view of human being, a participatory communality that simple overwhelms the ego and so to a certain extent individual desires in favor of community and being-with, a capacity that he found particularly attractive. The problem for me was that he did so with a feigned innocence of the outcome. I found his methodological devices a little off putting."}, {"userName": "Nancy Kennedy", "userReviewDate": "Jul 02, 2014", "userURL": "http://www.goodreads.com/user/show/5471413-nancy-kennedy", "userReview": "As a young Frenchman living in Paris in the late 1930s, Gontran de Poncins slowly comes to realize that he has an urgent desire to live among the primitive Eskimos of the Canadian Arctic, even if he doesn't understand it himself. \"I know only that some time before that spring day the word Eskimo had rung inside me and that the sound had begun to swell like the vibrations of a great bell,\" he writes.With the assistance of the Catholic Church, which had missionaries in the far north, Mr. de Poncins makes his way, slowly and laboriously, to Canada, and then from Waterways to Goldfields to Coppermine to King William Land to Pelly Bay. As he travels farther north, he leaves more and more of civilization behind, until he lands in a settlement of igloos and Eskimos who have seen only one white man in their lives, the Catholic priest who lives in a ice-hole cut into the side of a hill. Here, life is considered normal and liveable in constant temperatures of fifty below zero. Every meal here consists of frozen raw fish, gnawed without utensils, and seal hides are the community's only currency.Written as it was in 1941, this book itself is from another era altogether. I read slowly and with an open dictionary. My vocabulary was enriched on every page: susurrant, caracole, hebetude, somnambulism. Great words! The worlds he describes  are even more remote and unknown to those of us in this generation, seventy-five years later.Mr. de Poncins is both attracted and repelled by the worlds and people he encounters. His directness is refreshing, unencumbered as it is by any sort of political correctness. \"The smell in the igloo was of seal and of savages hot and gulping,\" he writes of three Eskimos feasting on freshly killed seal. But he also surprised to find that he admires these men and women. Of an Eskimo who he describes as \"infinitely repugnant of personality,\" he can also write of him as he builds an igloo, \"This rude and mindless being became suddenly an artist as he stooped with a sober, concentrated gaze over the snow.\"Mr. de Poncins' descriptive powers are great and the narrative is enlivened by his equally charming drawings and fascinating photographs. And, although he eventually has to return to civilization, his experiences leave him with a changed perspective, and a nostalgia for his time in the North. \"These were the only moments of my life when I was describable not as a Frenchman, not as an individual product of heritage, place, environment, but as nothing other than, s"}, {"userName": "Eric_W", "userReviewDate": "Dec 31, 2008", "userURL": "http://www.goodreads.com/user/show/1711431-eric-w", "userReview": "I read this book years ago and would never have found it except it was part of a terrific series of books republished by Time/Life.  I got a whole bunch of excellent works that way, which I probably would not have discovered elsewhere. Originally written in 1941, it describes an Inuit village and family as authentically and as sympathetically as possible. Highly recommended to everyone."}, {"userName": "George", "userReviewDate": "Mar 30, 2009", "userURL": "http://www.goodreads.com/user/show/636234-george", "userReview": "Okay, I mentioned my top five books on the North when I wrote about Nunaga.  Kabloona is one of those top five books.  I even have the audio cd's of this book (which I will also try to recommend).  If you want to know the details of a westerner (an outsider or \"kabloona\") living among the indigenous people, this is a wonderful place to start.  Amazing.  Remarkable.  Extraordinary."}, {"userName": "James", "userReviewDate": "Jul 06, 2014", "userURL": "http://www.goodreads.com/user/show/426277-james", "userReview": "Seldom have I encountered as extraordinary a book as Kabloona. It is a true example of sui generis writing and it is unlikely that anything quite like it will be written again. The author, Gontran de Poncins, spent a year traveling among the Eskimos in the Arctic. This book is the result, distilled from his diaries by Lewis Galantiere. Poncins took the perspective of the Eskimos, and as a result he, Kabloona (the White Man), took seriously what they did. The book is thus a unique combination of travelogue, memoir, and cultural study. It provides the reader with a unique picture into a society that in many ways had changed little since the stone age. It is a society that neither cultivates crops nor domesticates animals; living by the fruit of the sea for food and clothing.  The natural beauty and its essential nature are also explored by Poncins who observed:\"Strangest of all was the absence of color in this landscape.  The world of the North, when it was not brown was grey.  Snow, I discovered, is not white!\" (p 56)While the Eskimos called Poncins Kabloona, sometimes in derision, they proudly called themselves Inuit (\"men, preeminently\"). \"I was to green to have any notion of Eskimo values.  Every instinct in me prompted resistance, impelled me to throw these men out [of my igloo], --to do things which would have been stupid  since they would have astonished my Eskimos fully as much as they might have angered them.\" (p 64)Poncins eventually embraced their culture and thereby through sharing their lives and learning their culture he began to understand them. This is demonstrated over and over in the book as Poncins tells of his experiences with the Inuit against the background of the harsh nature of the Arctic.\"Everything about the Eskimo astonishes the white man, and everything about the white man is a subject of bewilderment for the Eskimo. Our least gesture seems to him pure madness, and our most casual and insignificant act may have incalculable results for him.\"I was most impressed by the description of nature and the land as in this moment from Chapter Four:\"It goes without saying that this tundra is barren of vegetation.  No tree flourishes her, no bush is to be seen, the land is without pasture, without oases;  neither the camel nor the wild ass could survive here where man is able to live.  The Eskimo, preeminently a nomad and sea-hunter, is driven by the need to feed his family from point to point round an irregular circle, and it is the revolution of the seasons that directs his march.\" (p 77)Much of what Poncins saw has disappeared over the decades since he visited the Eskimos. Their life, while still relatively unspoiled compared to most other societies is no longer one of a true Stone Age people. They live in shacks and seal oil is giving way to kerosene; even outboard motors may be seen. This remarkable book chronicles an earlier age a a people whose culture was an amazing anomaly in the twentieth century. The result is an exciting cultural and travel adventure told through a very personal narrative voice."}, {"userName": "Cheryl Gatling", "userReviewDate": "Apr 07, 2013", "userURL": "http://www.goodreads.com/user/show/4604883-cheryl-gatling", "userReview": "Gontran de Poncins was a French count, somewhat restless and rootless, who took a notion to go live with the Eskimos in Canada in 1938. This book about his experiences was published in 1941. (The title \"Kabloona\" is the Eskimo's word for \"white man.\") I think it is important to keep in mind that this book is a product of its time. Racial prejudice was running rampant in the American South, and in Nazi Germany, and de Poncins is not immune. It rankles that he calls the Inuit (we don't call them Eskimo anymore) primitive, and himself the superior product of 20,000 years of evolution. It is true that he comes to admire the Inuit, and to prefer their company, but he never stops considering them backward, simple, \"unspoiled\" people. Also, de Poncins was not an impartial observer as a journalist or scientist might be. He was in the arctic indulging his whim. He feels free to judge, to be irritable and unreasonable at times. In fact, he is not always likable. But through this very subjective lens, de Poncins has captured scenes of a very different way of life, a way of life that was already starting to slip away in 1938, and it is utterly fascinating. He describes the building of igloos, the setup inside an igloo, a very small space where every needed item was an arm's reach away. He describes the packing of sleds, and the icing of sled runners, and the treatment of dogs. It surprised me, since the dogs are the Inuit's pride, their daily companions, and their lifeline, literally, that there was so much kicking and beating of dogs. He describes the patient techniques of hunting and fishing, waiting for days, if necessary, over a hole in the ice. He describes a culture of respect for other people's wishes, to the point that if someone wants to kill himself, that is his business alone. The Inuit love visiting, shaking hands, sharing their goods, and sharing their wives. He quotes one man as saying, \"A wife doesn't wear out. When I get mine back, she is always as good as she was before.\" He describes women chewing and scraping skins to soften them. He describes women carrying small children in the hoods of their parkas. He describes children who are indulged and never punished. He describes nights on the trail where blizzards hold no terror, because an Inuit can build an igloo anywhere, anytime, and just wait it out. He describes feasts of eating. They eat whenever they get the opportunity: raw, frozen, bloody, cooked, and if a little bit rotten, so much the tastier. I wish de Poncins had had a little bit more of the anthropologist's eye, to give us even more cultural facts and details, and fewer flowery evaluations, but I am grateful for this glimpse of human life at the limits of what we consider endurable."}, {"userName": "Ammie", "userReviewDate": "Mar 09, 2011", "userURL": "http://www.goodreads.com/user/show/936339-ammie", "userReview": "Well...  I dunno.  A book from the late 1930's, written by a French minor aristocrat, about going to live with the Inuit in Canada for a year?  I was expecting some fairly offensive racial content, perhaps some interesting anthropological material, perhaps a meditation on live in a remote and harsh landscape. I got all of these things, some of them (psst--racism!) in spades.  It wasn't that I didn't understand where he was coming from--a lot of people used to believe that white people were literally more evolved than nonwhite people.  It was expected, and although I found it irritating I wasn't too shocked.  What did irritate me beyond belief was that de Poncins kept hinting that he actually really liked the Eskimos, and then referring to them as primitives who could barely hold a thought in their head, using pejorative terms, and although I think he meant it as a sort of compliment it was frustrating to wade through.  But!  It was a decent book.  He wrote some interesting things, when he wasn't being all racially gross.  And he was one of the last \"intellectuals\" to visit some of the parts of the world he was in before they became much more widely exposed to white people, so that's useful and interesting.  Mostly I'm just glad I'm done."}, {"userName": "Alex", "userReviewDate": "May 30, 2011", "userURL": "http://www.goodreads.com/user/show/5522229-alex", "userReview": "\" Unique experience of a brave and adventurous French aristocrat and journalist living with the Eskimos for over a year in the era before their being significantly affected by the outside civilizations. The author captured their lives vividly without the hindrance of political or racial correctness, which is by now custom when people express themselves publicly (but much of it is a mere disguise).  Even as he describes, and also labels, the natives as appallingly savage, he shows so much aspects of this people as friendly, honest, kind, resourceful, courageous, and, overall, simply lovable.  So to me this is an unbiased work.He portraits a few westerners mixing themselves there, which is also interesting.  Somehow this small passage is so moving to me -- After being almost completely isolated from the Europeans for almost a year, he was about to meet a French priest near the arctic!  He planned to give him a little humorous surprise by first speaking in English and then reveal his true nationality.  However, at the first sight of his countryman, he found himself running over, tears in the eyes, grasping the hands of the other, uttering in his native tongue: Father, here I am, a Frenchman, coming to meet you... (Tears in my eyes too at this point)  But this is only one of quite some moving moments in the book."}, {"userName": "Rozzer", "userReviewDate": "May 29, 2012", "userURL": "http://www.goodreads.com/user/show/8534793-rozzer", "userReview": "Some would dispute the status of this work as a \"travel book.\"  I do not agree.  To me, a true \"travel\" book involves the displacement of an individual from their accustomed environment and their attempted insertion of themselves into very different (to them), strange situations.  Monsieur de Poncins was a Frenchman, immuring himself shortly before WWII in the most northerly culture of all, that of the Arctic Inuit.  This was before prosperity came to the Inuit.  Before modern weapons, before motorized transport and before easily available consumer goods.  De Poncins lived with these people when they still faced the daily, traditional struggle with extremes of climate.  He learned how to cut and build igloos in the midst of winter storms.  He learned how to live on raw blubber fat when the sun wouldn't rise for another six months.  His detailed observations are extremely telling.  His devotion to the objects of his study is extremely impressive.  He went on to write a number of other books, none of which, to me at least, measured up to what he achieved in this work."}, {"userName": "Karson", "userReviewDate": "Feb 05, 2011", "userURL": "http://www.goodreads.com/user/show/735855-karson", "userReview": "This was a pleasurable book about a french guy who lives with Eskimos for about a year and a half.  He is a good story teller, and he doesn't  inappropriately interject himself into the story too much.  From stuff I have read in the past, the experience of living with more primitive people always makes the civilized visitor reflect on materialism and happiness.  The \"primitive\" people always seem to have a higher quality of happiness, community, and a better ability to live in the moment.  They also have less knowledge about other cultures, so they aren't plagued by the question \"Is this the best way to live?\"  If you have only experienced one way of living than you don't worry about all the other options.  The Inuit are also too busy with the 24/7 work of survival to philosophize about questions like that.  They are a tight community of people struggling against a common foe: nature.  Poncins touches on these ideas briefly in the last pages of the book.  A lot of time in \"the civilized world\" is spent thinking about people we don't like.  We make fun of them and distance ourselves from them.  We push them out of OUR category and into the category of \"the other\".  Poncins mentions the experience of sitting around with his acquaintances and feeling slightly annoyed by one or two of them.  Before he knows it he is extremely annoyed by them, and totally caught up in these minor rubs we have with people of different personalities than us.  The Inuit, he observed, had these spats but were so united towards one goal (basic survival) that these stupid social games were never played.  Humanity doesn't have one goal like that in our wide and varied civilization.  Too many options to choose from; too many divergent paths for us to realize what we have in common.  A flash blizzard while stuck out in 40 below temperatures would pull us together for a moment.  I think Poncins would say that, to our surprise,  that would be a happy moment."}, {"userName": "Mary", "userReviewDate": "Feb 02, 2014", "userURL": "http://www.goodreads.com/user/show/6870674-mary", "userReview": "I read this book 10 years ago and never could get it out of my head.  I had to read it again, recommend to to everyone, and own it.  The author, the most interesting man in the world, changes as he lives with the Inuit.  His insights on people, their environment, and relationships teaches him and us that underneath all the exterior trappings, we are more alike than different.  One of the best books I've ever read."}, {"userName": "Ray", "userReviewDate": "Apr 29, 2011", "userURL": "http://www.goodreads.com/user/show/760700-ray", "userReview": "This reminded me somewhat of Dan Morrison's \"The Black Nile: One Man's Amazing Journey Through Peace and War on the World's Longest River.  Both hinted at adventure through places most people will never visit, and both, to me, fell short.  This book is a description of the author's one year time with the Inuit in the arctic.  By most people's definitions, that region is considered bleak and desolate.  And the author can only describe it that way.  But how many ways can one use to describe an area like that?  Not many.  So the author really tries to provide some insights into the life of the Inuit.  That's interesting enough, but the book would have made an interesting magazine article, but extended to book length dragged on, and I looked forward to the end of the book even more than the author looked forward to his return to civilization."}, {"userName": "Donna", "userReviewDate": "May 15, 2013", "userURL": "http://www.goodreads.com/user/show/18650257-donna", "userReview": "Imagine a time in arctic the before wooden houses with heat, snow mobiles, telephones, television, internet..... only snow and ice as far as the eye can see. Need a house? Chop up snow and build one. Interior temp never higher than 32 degrees (F)since it would melt! Every page of this \"adventure\" journal brings the details of an arctic, hunter community to life. The sounds, the smells(!), the repetition, the exhaustion of it all, the contentment of the Inuit with their way of life.  His details about the personalities and ways of living were shared as he participated. He expressed curiosity, revulsion, resignation, bewilderment, wonder and, eventually, respect for their simple and rhythmic life in a cold and unforgiving land. I experienced each of his days through his journaling. This book is one of a kind and a fascinating read."}, {"userName": "Carol Peters", "userReviewDate": "Oct 24, 2014", "userURL": "http://www.goodreads.com/user/show/33120943-carol-peters", "userReview": "It was a shock to read @ Wiki that the author submitted ~1K pages about his Inuit experience to Time-Life Books, & an editor there created this volume's text. It's very readable, almost Hollywood at times, but consistently interesting. It's simply appallingly racist (Eskimos dumber than dirt), pub date 1941."}, {"userName": "Bea", "userReviewDate": "May 08, 2014", "userURL": "http://www.goodreads.com/user/show/1952609-bea", "userReview": "This book constantly reminded me of how racist the author was.  It was hard for me to see beyond this.  But it still provided interesting descriptions of Inuit life in Northern Canada.  It seemed honestly portrayed, but the author was so racist that I was left with doubts as to many of his descriptions."}, {"userName": "Greg Pedigo", "userReviewDate": "Jan 26, 2014", "userURL": "http://www.goodreads.com/user/show/19668557-greg-pedigo", "userReview": "Frenchman goes to live with Inuit in Canadian Arctic in the late 1930's. His accounting of the travel, culture, customs, etc. I loved it when I first read it in the 1960's and recently re-read. I'm thinking this is more of a man's book (not trying to be politically incorrect or sexist, just my thought)-primitive lifestyle and misunderstandings that take place when modern man meets aborigine."}, {"userName": "Michael Crye", "userReviewDate": "Jan 28, 2009", "userURL": "http://www.goodreads.com/user/show/465334-michael-crye", "userReview": "A honest journey of a modern man into the alien cultures of the northern Inuit tribes.  While many authors would hide behind their ego in presenting themselves to the reader on this adventure in the icy wastes.  Gontran shares his thoughts as they occur without much censor.  From his comical murderous thoughts of his cabin mate at the trading post to slowly developing respect for the natives and their way of life. His criticism ranges from a humane point of view for humankind and animals to pure shock at some of the most innocent habits of those around him. The book is a true treasure in many regards.  It lacks the anthropologist's eye and instead shows a flawed but interesting person's visit to a world vastly removed from his own experiences."}, {"userName": "Nicola", "userReviewDate": "Aug 28, 2009", "userURL": "http://www.goodreads.com/user/show/381494-nicola", "userReview": "Epic story both literally and metaphorically. A kind of coming-of-age-culturally story. Feels a bit antiquated, before feminism, etc., but still valuable, warts, blind-spots, epiphanies, and all. Marvelous moments that really put you in that stinking of fish, crowded igloo. Reminded me of some of my own (much tamer!) traveling where you must hush the paranoia when faced with situations and customs you don't understand--and then of the afterwards when you have more of an inkling of what's what and can actually revel in some of the differences. Captures how it feels to be an other--whether a Kabloona, Gringo, Haole, etc.--in such extreme otherness, and, ultimately, is a testament to how we can all adapt and become a part of that otherness."}], "description": "Kabloona is a true story of a journey into the North. This extraordinary classic has been variously acclaimed as one of the great books of adventure, travel, anthropology, and spiritual awakening. In the summer of 1938, the Frenchman Gontran de Poncins traveled beyond the \"Barren Lands\" north of the Arctic Circle to Kind William Island, an island of ten thousand square miles. The entire population of the island consisted of twenty-five Eskimos, their primitive lives untouched by the civilization of the white man. For fifteen months Gontran de Poncins lived among the Inuit people of the Arctic. He is at first appalled by their way of life: eating rotten raw fish, sleeping with each others' wives, ignoring schedules, and helping themselves to his possessions. But as de Poncins's odyssey continues, he is transformed from Kabloona, The White Man, an uncomprehending outsider, to someone who finds himself living, for a few short months, as Inuk: a man, preeminently.", "title": "Kabloona", "url": "http://www.goodreads.com/book/show/1375600.Kabloona", "average": 4.18, "cover": "http://d.gr-assets.com/books/1229215399l/1375600.jpg", "reviews": 55, "authors": [{"url": "http://www.goodreads.com/author/show/240417.Gontran_de_Poncins", "name": "Gontran de Poncins"}], "outlinks": ["http://www.goodreads.com/book/show/66354.Flow__The_Psychology_of_Optimal_Experience", "http://www.goodreads.com/book/show/295292.The_Mountain_of_My_Fear_Deborah_", "http://www.goodreads.com/book/show/108854.Travels_Into_the_Interior_of_Africa", "http://www.goodreads.com/book/show/1156181.The_Home_Of_The_Blizzard", "http://www.goodreads.com/book/show/1383504.Starlight_and_Storm", "http://www.goodreads.com/book/show/220469.Scott_s_Last_Expedition", "http://www.goodreads.com/book/show/556661.News_From_Tartary", "http://www.goodreads.com/book/show/1121565.No_Picnic_on_Mount_Kenya", "http://www.goodreads.com/book/show/888369.Farthest_North", "http://www.goodreads.com/book/show/252453.The_Royal_Road_to_Romance", "http://www.goodreads.com/book/show/213337.My_Life_as_an_Explorer", "http://www.goodreads.com/book/show/1259805.Scrambles_Amongst_the_Alps", "http://www.goodreads.com/book/show/494562.Running_the_Amazon", "http://www.goodreads.com/book/show/2152416.Cooper_s_Creek", "http://www.goodreads.com/book/show/1376687.The_Mountains_of_My_Life", "http://www.goodreads.com/book/show/141162.Minus_148_Degrees", "http://www.goodreads.com/book/show/318755.Everest", "http://www.goodreads.com/book/show/395112.Terra_Incognita", "http://www.goodreads.com/book/show/27082.Gipsy_Moth_Circles_the_World", "http://www.goodreads.com/book/show/1162808.From_a_Chinese_City", "http://www.goodreads.com/book/show/20447508-kabloona-a-white-man-alone-in-the-arctic-among-the-eskimos", "http://www.goodreads.com/book/show/11418651-the-ghost-voyage-out-of-eskimo-land", "http://www.goodreads.com/book/show/504373.The_Arctic", "http://www.goodreads.com/book/show/9733344-best-loved-books-for-young-readers-14"]}