{"ratings": 186, "userreviews": [{"userName": "Kaha Anwar", "userReviewDate": "Nov 01, 2014", "userURL": "http://www.goodreads.com/user/show/8193983-kaha-anwar", "userReview": "Bagiku, Barman tidak sedang berlibur bersama gadis cantik, Popi. Namun, ia mencoba membuka kehidupan lagi. Kehidupan sejati yang sudah lama tergerus dengan hiruk pikuk \"santapan dunia\". Seperti orang yang sudah lama  tak menikmati air telaga karena terganti \"oplosan\". Barman mengira di bukit yang indah pemandangannya dan ditemani gadis cantik bisa mengobati jengahnya kehidupan. Tidak.Barman di bukit tak menemukan kenikmatan seperti yang ia bayangkan. Barman sudah loyo untuk menikmati popi yang gemulai. Namun,ketidakberhasilan mendapatkan harapannya, Barman menemukan telaga jiwa. Dialog-dialog yang membuatnya membongkar tentang makna hidup.Novel ini cukup manis untuk disimak. Penuturan yang lembut dan mengalir memikat pembaca untuk terus menyusuri jalan cerita. Dan yang lebih penting adalah selipin-selipin makna yang dituangkan penulis dalam setiap alur ceritanya. Kita bisa berguru dan merenungkan kembali perjalanan hidup kita. Mungkin kita juga seperti Barman, yang telah lama tertindih gebyar dunia, lama meneguk oplosan dan lupa akan segarnya air telaga yang sunyi."}, {"userName": "Irawan Senda", "userReviewDate": "Jan 05, 2012", "userURL": "http://www.goodreads.com/user/show/3651531-irawan-senda", "userReview": "Ini novel yang menurut saya sangat personal dari Alm. Kuntowijoyo, cara penuturannya benar-benar berisikan kegundahan dari si penulis, sehingga harapan untuk melihat plot dan karakter tidak akan terlalu terlihat seperti novel pada umumnya.Jujur saja, butuh kesabaran dan perjuangan yang ekstra ketika saya membacanya, karena selain alurnya sangat lambat saya juga belum menemukan sesuatu kejadian yang luar biasa dalam novel ini.Mungkin hal ini karena saya sendiri sebenarnya lebih sering membaca novel dengan sistem alur, plot dan karakter yang pas. Saya rekomendasikan novel ini hanya untuk para perenung yang sedang galau saat ini, jadi jangan hanya galau saja, berpikir dan berkontempelasi juga perlu...."}, {"userName": "Hikmat", "userReviewDate": "Jan 22, 2011", "userURL": "http://www.goodreads.com/user/show/4853154-hikmat", "userReview": "Novel ini adalah risalah tentang dua dunia yang bertempur dalam diri Kunto: dunia akademis dan dunia sastra, dunia rasional dan dunia intuitif, atau bisa juga: dunia rasional dan dunia wahyu. Boleh jadi kelemahan terbesarnya adalah kecenderungan berdiskusi yang kuat dalam novel ini, dan bukan menekankan pada plot atau karakterisasi psikologis (bahkan yang kejiwaan dalam novel ini pun terasa condong konseptual), tapi tak apa juga. Setidaknya, Kunto di sini jujur memapar kegalauannya akan logika-dalaman dua dunia itu."}, {"userName": "Jiwa Rasa", "userReviewDate": "Apr 25, 2008", "userURL": "http://www.goodreads.com/user/show/302758-jiwa-rasa", "userReview": "Khotbah di Atas Bukit by Kuntowijoyo (2007)"}, {"userName": "Fillipus", "userReviewDate": "Apr 12, 2014", "userURL": "http://www.goodreads.com/user/show/30485126-fillipus", "userReview": "in thing this book is very good, and have many information"}, {"userName": "Rahman seblat", "userReviewDate": "Sep 17, 2008", "userURL": "http://www.goodreads.com/user/show/236605-rahman-seblat", "userReview": "saya suka endingnya. adegan si perempuan yang kehausan keperkasaan lelaki. kemudian menubruk lelaki pertama yang ditemui, dan menggaulinya dengan beringas. sebuah kisah tentang pencarian hakekat diri oleh seorang pensiunan tua kaya raya. ditemani gadis cantik yang menjadi bidadarinya. ia menyepi di sebuah desa diatas bukit dengan lingkungan pertanian yang nyaman.kisah sufistik ini bergulir dengan alur yang enak diikuti, diselingi dialog sarat permenungan. buku ini masuk daftar buku yang tak bosan saya baca ulang"}, {"userName": "Michiyo 'jia' Fujiwara", "userReviewDate": "Nov 07, 2012", "userURL": "http://www.goodreads.com/user/show/6999278-michiyo-jia-fujiwara", "userReview": "Prosa yang amat memikat Pak Kuntowijoyo!!sayangnya aku cuma bisa bacanya sampai halaman 40..re-read *tahun depan..Janji!!gara-gara Reading Challenge..dan gara-gara mulut besarku tangan usilku..yang asal main pasang angka besar.. 130 dari 150 buku.. hiks :\"("}, {"userName": "Taufiq Sudjana", "userReviewDate": "Jan 15, 2015", "userURL": "http://www.goodreads.com/user/show/3824697-taufiq-sudjana", "userReview": "Ketika semua orang sibuk dengan dunianya. Pada suatu ketika mereka menawarkan kehidupan mereka, aku teringat lagi khotbahmu, Kek! Di bukit itu. Ya, di bukit sana. Bukan disini. Disini terlalu sesak dengan hiruk pikuk yang sedang memperdagangkan busa dan buih."}, {"userName": "Hilda", "userReviewDate": "Aug 27, 2008", "userURL": "http://www.goodreads.com/user/show/397718-hilda", "userReview": "It is given for my 18th birthday present from friends of mine. Forget the content,- one of my signs for a book that it is not that striking for me."}, {"userName": "Pipitpip", "userReviewDate": "Sep 28, 2007", "userURL": "http://www.goodreads.com/user/show/429906-pipitpip", "userReview": "Lupa2 inget , hmm yg paling inget ada kakek tua mau mati yg in love sama cewe tp dilema sama kematiannya juga. Gw baca krn tugas sastra"}, {"userName": "Indigo Deville", "userReviewDate": "Aug 13, 2007", "userURL": "http://www.goodreads.com/user/show/265117-indigo-deville", "userReview": "Cerita tentang seorang manula yg menghabisi sisa-sisa hidupnya di Puncak. Biasa aja, ga ada yg memukau."}, {"userName": "Ariefmai Rakhman", "userReviewDate": "Dec 07, 2012", "userURL": "http://www.goodreads.com/user/show/3678951-ariefmai-rakhman", "userReview": "mungkin suatu saat nanti ini buku harus dibaca ulang,"}, {"userName": "eti", "userReviewDate": "Jul 15, 2013", "userURL": "http://www.goodreads.com/user/show/7089210-eti", "userReview": "#20 - 2013hidup sekadarnya. bahagia sebesarnya."}, {"userName": "Langit ", "userReviewDate": "May 30, 2011", "userURL": "http://www.goodreads.com/user/show/697790-langit", "userReview": "Tulisan yang mencerahkan...."}, {"userName": "Adhy", "userReviewDate": "Jul 30, 2011", "userURL": "http://www.goodreads.com/user/show/5918427-adhy", "userReview": "I'm Very Like,"}, {"userName": "peterlovefuzz", "userReviewDate": "Dec 12, 2010", "userURL": "http://www.goodreads.com/user/show/4100499-peterlovefuzz", "userReview": "barman oh barman"}], "description": "Novel ini mengisahkan kehidupan Barman (lelaki tua yang sudah pensiun) yang berlibur ke gunung (villa) bersama seorang gadis muda (Popi). Liburan itu menjadi bermakna dan merupakan pencarian hakekat hidup dan perburuan spiritual yang indah baginya. Kuntowijoyo mengisahkan dengan lembut dan penuh makna apa yang dikhotbahkan lelaki tua itu di atas bukit.", "title": "Khotbah di Atas Bukit", "url": "http://www.goodreads.com/book/show/1697516.Khotbah_di_Atas_Bukit", "average": 3.41, "cover": "http://d.gr-assets.com/books/1314884378l/1697516.jpg", "reviews": 16, "authors": [{"url": "http://www.goodreads.com/author/show/490532.Kuntowijoyo", "name": "Kuntowijoyo"}], "outlinks": ["http://www.goodreads.com/book/show/1025848.Negeri_Senja", "http://www.goodreads.com/book/show/6036910-nyanyi-sunyi-seorang-bisu-2", "http://www.goodreads.com/book/show/1722607.Olenka", "http://www.goodreads.com/book/show/1606784.Merahnya_Merah", "http://www.goodreads.com/book/show/1511836.Orang_orang_Proyek", "http://www.goodreads.com/book/show/3060904-rara-mendut", "http://www.goodreads.com/book/show/2179306.Belenggu", "http://www.goodreads.com/book/show/1910412.Jalan_Tak_Ada_Ujung", "http://www.goodreads.com/book/show/1412673.Parijs_van_Java", "http://www.goodreads.com/book/show/1394010.Senopati_Pamungkas_1", "http://www.goodreads.com/book/show/1439798.Anak_Bajang_Menggiring_Angin", "http://www.goodreads.com/book/show/1592678.Sengsara_Membawa_Nikmat", "http://www.goodreads.com/book/show/1142912.Dilarang_Mencintai_Bunga_bunga", "http://www.goodreads.com/book/show/995903.Mantra_Pejinak_Ular", "http://www.goodreads.com/book/show/2037023.Jl_Asmaradana_", "http://www.goodreads.com/book/show/2468369.Pistol_Perdamaian_Cerpen_Pilihan_Kompas_1996", "http://www.goodreads.com/book/show/1692416.Wasripin_dan_Satinah"]}