{"ratings": 191, "userreviews": [{"userName": "Jenna Jeffries", "userReviewDate": "Dec 03, 2012", "userURL": "http://www.goodreads.com/user/show/12595650-jenna-jeffries", "userReview": "The first day of school can be exciting yet nerve-wracking for many students.  Look Out Kindergarten, Here I Come!  is a picture book written in third person by Nancy Carlson.  Carlson writes about Henry and his adventure getting ready for his first day of kindergarten.  His journey starts with his mother, who guides him through the morning.  All of the morning basics are covered \u2013 brushing Henry\u2019s teeth and getting him dressed, eating breakfast, and packing his school supplies in his backpack.  On Henry\u2019s walk to school, he asks his mom what he will be doing on his first day.  She goes through things that the two of them have done together at home until they arrive at the big school building.  Once Henry is in front of his classroom, he becomes afraid and wishes to take the walk back home with his mom.  Ms. Bradley, the kindergarten teacher, encourages Henry to take a walk around the room.  As he does, his anxiety fades and he becomes excited for kindergarten, \u201cbecause kindergarten is going to be fun!\u201d\tThis would be a great book for teachers to keep in their kindergarten classrooms for the first day of school.  Not only would it be for the first day for all of the students, but they would also get to share their experience with Henry.  Starting introductions with each other and to kindergarten by using this book would be a smart thing to do.  Children would be able to come out of their comfort zones just a little bit and begin to open up to other students, getting to know each other and making new friends in the process.  Kindergarten students could easily relate to this text and these illustrations because they, too, are having feelings of \u201cthe first day of school jitters.\u201d"}, {"userName": "Amanda", "userReviewDate": "Sep 19, 2013", "userURL": "http://www.goodreads.com/user/show/23615392-amanda", "userReview": "This is a great book to read aloud on the first day of kindergarten.  Many students feel excited about starting school, but many students also worry and have fears about the first day of school.  This book is a great transitional book to help students ease their minds about starting kindergarten.  This story is about Henry, a little mouse, on his first day of Kindergarten.  Henry gets ready for school and very excited to go.  On the way to school, Henry asks his mom about what will happen in kindergarten.  She assures him that he has nothing to worry about and that kindergarten will be fun.  Upon arriving at school, Henry is scared and wants to go home.  His teacher, Ms. Bradley, welcomes him into the classroom.  After looking around and meeting a new friend, Henry decides to stay at school because he knows that kindergarten will be fun.  This book would make a great first activity on the very first day of kindergarten and will introduce some of the things that happen in kindergarten to the new students.  Since it deals with fear, this book will be relatable to students.  This book would be a wonderful way to start off the school year by reading it aloud to students."}, {"userName": "Paula Heller", "userReviewDate": "Jul 01, 2014", "userURL": "http://www.goodreads.com/user/show/31553432-paula-heller", "userReview": "This is an awesome book for Pre-k students getting ready to enter kindergarten.  Children will have an easy time relating to the main character in the book, because they too will be going through the same things as the little mouse in the story.  This book will help prepare your child to enter into the next grade; they will get a taste of what goes on when they move up.  It teaches them not to be afraid and the kinds of activities they will be doing."}, {"userName": "Elizabeth Brown", "userReviewDate": "Jun 18, 2014", "userURL": "http://www.goodreads.com/user/show/31553677-elizabeth-brown", "userReview": "This book was okay. I kind of thought it was a little lengthy. However, it is a perfect book to read to children who are transitioning from preschool to kindergarten. I would also use this book for an art activity. For example, I could have the children draw or paint what they think kindergarten will be like and/ or how they feel about going to kindergarten. I could address their concerns to make the transition as easy as possible."}, {"userName": "Tiffany", "userReviewDate": "Sep 05, 2012", "userURL": "http://www.goodreads.com/user/show/12291798-tiffany", "userReview": "Genre: PB2My son started Kindergarten this year and I wanted books to help with the transition to school.  This book is a great story for all new students.  It is an easy read that keeps children drawn into the story with its colorful pictures and ideas that are drawn.  I like that the story has interesting facts on how kids adjust to school, leaving home and their family and how kids see the new life of school.  I related to this story all too well from my own children's experiences and can see how students can fall in love with Henry and his new growing world that includes school.  I found this in Big Book form at the library for teacher use and would use this book in class at the beginning of the year to show students that everyone needs time to adjust to school.Three words to describe this book:  Truthful, heartwarming, insightful"}, {"userName": "Holly N.", "userReviewDate": "Jun 30, 2014", "userURL": "http://www.goodreads.com/user/show/31553390-holly-n", "userReview": "Look Out Kindergarten, Here I Come by Nancy Carlson follows the endearing young Henry as he gets ready for his first day of Kindergarten. I think many young children can relate to this situation, therefore this is a great book to introduce to them as they get nearer to entering a daycare or childcare center. The illustrations are simple and colorful for children to enjoy."}, {"userName": "Mariah Olson", "userReviewDate": "Oct 03, 2013", "userURL": "http://www.goodreads.com/user/show/23508177-mariah-olson", "userReview": "I believe this is the perfect book for preschoolers and kindergarteners to read because children get excited when they can relate to the book and make connections between their lives and the story. It's such a cute story about a baby mouse waking up and getting ready to go to his first day of kindergarten and he's so excited for school that he keeps forgetting important things he has to do first and his mother has to remind him. Once he gets to school, he isn't so sure about staying but he eventually realizes how much fun he's going to have in class and can't wait to come back every day! This is a great story for children who are nervous about going to school for the first time and I would definitely recommend it for young readers since it's also at a very easy reading level and is a great read-aloud book."}, {"userName": "Rita Date", "userReviewDate": "Dec 03, 2013", "userURL": "http://www.goodreads.com/user/show/24759564-rita-date", "userReview": "Look out Kindergarten, here I come is about a mouse that is entering Kindergarten for his first time. This book stood out to me because of the detailed drawings and events that Henry the mouse goes through. I got the chance to read this story in a education class this semester and I thought it would be great to show to Kindergarten students. Many kids often get very nervous about going to kindergarten so I thought this book would be a good transition tool to ease the students into  the first day of Kindergarten. This story has a happy fun feeling to it but also explores most of the feelings that young students go through when they first go to a new school. If I teach Kindergarten this will be in my classroom and might also be one of the first books I read to the children in the class."}, {"userName": "Yohan Choi", "userReviewDate": "Jun 17, 2014", "userURL": "http://www.goodreads.com/user/show/31553451-yohan-choi", "userReview": "- This book is definately a good book to read for young readers who are being afraid of comingto the school on the first day of the class.- The children can tell to their teachers or peers that how did they feel or how they might feel when they go to the new school."}, {"userName": "Monae", "userReviewDate": "Jun 30, 2014", "userURL": "http://www.goodreads.com/user/show/31553358-monae", "userReview": "If I had a that child that was preparing for kindergarten and afraid to start school, this would be a perfect book to read. This book is based on everyday life experiences and children  go through this all the time. Children fear new things/places. After seeing/reading what the boy went through and seeing how he conquered his fears it may make a child feel a lot better. Books that are more relatable are good reads especially for young kids."}, {"userName": "Kelly Thevenot", "userReviewDate": "Sep 04, 2011", "userURL": "http://www.goodreads.com/user/show/6186158-kelly-thevenot", "userReview": "Look out Kindergarten, Here I come is a book that could help get children ready for school. It is about a mouse who is so excited to start Kindergarten. He wakes up and starts his morning routine, eats a good breakfast and walks to school with his mother. Along the way he starts getting nervous and asks a lot of questions. When they arrive at school he starts crying and wants to go home. His teacher introduces him to some of the children and all the fun things in the classroom. Then he is excited about Kindergarten. Although, it might not always be this easy, this is a great book for a first day of class. It teaches children that it is okay to be nervous for the first day of Kindergarten, but once you get use to everything, it becomes exciting!"}, {"userName": "Chantana", "userReviewDate": "Jun 13, 2014", "userURL": "http://www.goodreads.com/user/show/31553510-chantana", "userReview": "Great book to read on the first day of school. The children can explain how they feel on the first day of school, have them write it. Then on the last day of school have them to write how they feel about school and compare the two."}, {"userName": "Keren", "userReviewDate": "Jun 12, 2014", "userURL": "http://www.goodreads.com/user/show/31553320-keren", "userReview": "This book is great for the jitters ok starting school.  Can be read by a teacher on the first day ok school or a caregiver trying to prepare their child for school for the first time."}, {"userName": "Paige P", "userReviewDate": "Sep 11, 2014", "userURL": "http://www.goodreads.com/user/show/34301549-paige-p", "userReview": "I'd love or read this to my students on the first day of school. I think the words could be switched to pre-school to make it more versatile."}, {"userName": "Pauline", "userReviewDate": "Jun 09, 2014", "userURL": "http://www.goodreads.com/user/show/6020496-pauline", "userReview": "Love this book...I'm preparing my daughter for Kindergarten in the fall and she really loves this book."}, {"userName": "Odalyza Mendez", "userReviewDate": "Mar 17, 2014", "userURL": "http://www.goodreads.com/user/show/24529646-odalyza-mendez", "userReview": "I like it for my 3 years old brother"}, {"userName": "Rachel Dalton", "userReviewDate": "Jan 18, 2014", "userURL": "http://www.goodreads.com/user/show/26264923-rachel-dalton", "userReview": "This would be a great book to read on the first day of school or to your own children before they start school."}, {"userName": "Logan Walker", "userReviewDate": "Apr 05, 2013", "userURL": "http://www.goodreads.com/user/show/7389880-logan-walker", "userReview": "This is a great book that could help get children ready for school. It is about a mouse who is so excited to start Kindergarten. He wakes up and starts his morning routine, and begins to ask a lot of questions on the way to school. He cries and cries until he finally meets his teacher. His teacher shows him all the fun things they will be doing and all the fun kids in the class with him. He then is ready to go to Kindergarten!"}, {"userName": "Megan", "userReviewDate": "Apr 24, 2013", "userURL": "http://www.goodreads.com/user/show/13905513-megan", "userReview": "This book is great for the first day of school. It is about a mouse who is excited for school until he is on the way. He gets really nervous and scared until his teacher let him meet some nice friends and shows him around the cool classroom. This is a great book to read the first day of school to let children know it is normal to feel scared. Also this could be an introduction to show the student all the neat things in my classroom."}, {"userName": "Tiffany", "userReviewDate": "Feb 22, 2014", "userURL": "http://www.goodreads.com/user/show/2712144-tiffany", "userReview": "Yay! This is the last book from Dolly Parton's Imagination Library. It has a nice little letter inside about continuing to read, though. And it was the most accurate kindergarten preparedness book Deacon and I have read in the past few weeks. Except it talks about learning ABCs and counting to ten, which I imagine most kids starting kindergarten can do anyway these days."}, {"userName": "Angela", "userReviewDate": "Oct 26, 2009", "userURL": "http://www.goodreads.com/user/show/954432-angela", "userReview": "At the same time it prepares the child for the transition from home to kindergarten, it suggests to the parent the best strategies for kindergarten readiness: teaching the child good hygiene, sending the child prepared and fed to school, instructing the child how to tie shoelaces and recognize letters and numbers, how to sit still and have patience, etc."}, {"userName": "Taylor Troncin", "userReviewDate": "Jun 13, 2013", "userURL": "http://www.goodreads.com/user/show/20790138-taylor-troncin", "userReview": "Wesley (my son) and I read this book together for his summer reading club.  He enjoyed it, but I think I was more excited about the book than he was.Wesley also had this book read aloud to him at the public library.  He seemed more interested in the book when someone else read it to him.  (Or maybe he just liked it more a second time around...)"}, {"userName": "Amy ", "userReviewDate": "Sep 20, 2013", "userURL": "http://www.goodreads.com/user/show/16282422-amy", "userReview": "This mouse is really excited for the first day of school, but his mom has to help him make sure he doesn't forget anything in the midst of his excitement. When he finally gets there, he is a bit scared and needs to be reassured. This book would be wonderful to read to students on the first day, because we all know that everybody is a bit nervous at first."}, {"userName": "Inna Nako", "userReviewDate": "Sep 11, 2012", "userURL": "http://www.goodreads.com/user/show/7401110-inna-nako", "userReview": "-great bilingual book to share with your kids, especailly Spanish speaking since there is Spanish and English translation-although it says \"kindergarten\", i think it is a good idea to substitute any grade level and read it-ELLs might enjoy this book because they can make a connection with coming to a new place, not knowing anyone or the culture"}, {"userName": "Dolly", "userReviewDate": "Sep 08, 2009", "userURL": "http://www.goodreads.com/user/show/1019021-dolly", "userReview": "This is a fun book that helps children prepare for Kindergarten.  Even though both of our girls have been in school for awhile, this is a good book to initiate a discussion about what happens at school, the things they like and don't like as well as get some feedback about their teachers and what they've learned."}, {"userName": "Tricia ", "userReviewDate": "Dec 11, 2008", "userURL": "http://www.goodreads.com/user/show/721228-tricia", "userReview": "on top 100...this one was fun.  henry is SO excited to got to school--goes through steps of prepping for school day, what happens during school day and a momentary fearful moment during drop off which soon passes as henry looks at the kids having fun.  much more realistic than tom goes to kindergarten."}, {"userName": "Sara B", "userReviewDate": "Oct 08, 2011", "userURL": "http://www.goodreads.com/user/show/6161017-sara-b", "userReview": "This was a cute story that I read to my daughter.  It is about a mouse getting ready for his first day of Kindergarten.  He is very anxious and excited about going.  As he gets ready for his first day of Kindergarten he is told about all the fun and exciting things he will be doing at school."}, {"userName": "Lorraine Robinson", "userReviewDate": "Dec 03, 2012", "userURL": "http://www.goodreads.com/user/show/12050196-lorraine-robinson", "userReview": "This book is great for ells whose native language is Spanish. Children can relate Spanish and English words. Easy read aloud. Can be used to build reading confidence in students speaking other languages. Great book for the first day of Kindergarten because it something they connect to."}, {"userName": "Takeisha Hannor", "userReviewDate": "Sep 17, 2012", "userURL": "http://www.goodreads.com/user/show/7390894-takeisha-hannor", "userReview": "I think that this is a good book to help ELLs transition to a new school especially since they do not know anyone or the culture. The words are in Spanish and English to help translate for children. This is a good picture book with colorful pictures to convey the story."}, {"userName": "Peacegal", "userReviewDate": "Mar 28, 2011", "userURL": "http://www.goodreads.com/user/show/3078602-peacegal", "userReview": "Look Out Kindergarten, Here I Come is one of those picture books meant to reassure children about their first day of school. However, the main character seemed just a little too jubilant, with none of those jitters that usually accompany leaving home for the first time."}], "description": "The first day of kindergarten is finally here, and Henry can't wait to paint pictures, sing songs, and practice counting. When he gets to school, though, he's not so sure he's ready for kindergarten. But before long Henry discovers that the only thing he's not ready for is how much fun he's going to have at school! This gently humorous, encouraging story will give children about to enter kindergarten an extra boost of confidence.\"Perfect for parents to share with their children, and the endearing Henry will offer reassurance to even the most hesitant prekindergartners.\"-Booklist", "title": "Look Out Kindergarten, Here I Come", "url": "http://www.goodreads.com/book/show/930677.Look_Out_Kindergarten_Here_I_Come", "average": 3.44, "cover": "http://d.gr-assets.com/books/1348834389l/930677.jpg", "reviews": 56, "authors": [{"url": "http://www.goodreads.com/author/show/61162.Nancy_Carlson", "name": "Nancy Carlson"}], "outlinks": ["http://www.goodreads.com/book/show/2850448-look-out-kindergarten-here-i-come", "http://www.goodreads.com/book/show/1287026.Look_Out_Kindergarten_Here_I_Come_Preparate_kindergarten_Alla_voy_", "http://www.goodreads.com/book/show/8472666-look-out-kindergarten-here-i-come", "http://www.goodreads.com/book/show/2850448-look-out-kindergarten-here-i-come", "http://www.goodreads.com/book/show/2850448-look-out-kindergarten-here-i-come", "http://www.goodreads.com/book/show/1287026.Look_Out_Kindergarten_Here_I_Come_Preparate_kindergarten_Alla_voy_", "http://www.goodreads.com/book/show/831386.The_Night_Before_Kindergarten", "http://www.goodreads.com/book/show/881838.Countdown_to_Kindergarten", "http://www.goodreads.com/book/show/1008980.Kindergarten_Rocks_", "http://www.goodreads.com/book/show/364588.Miss_Bindergarten_Gets_Ready_for_Kindergarten", "http://www.goodreads.com/book/show/13228477-there-was-an-old-lady-who-swallowed-some-books", "http://www.goodreads.com/book/show/1764366.The_Jacket_I_Wear_in_the_Snow", "http://www.goodreads.com/book/show/552583.Me_First", "http://www.goodreads.com/book/show/432462.Chimps_Don_t_Wear_Glasses", "http://www.goodreads.com/book/show/604421.The_Vampire_Bunny", "http://www.goodreads.com/book/show/13586755-have-fun-molly-lou-melon", "http://www.goodreads.com/book/show/9347871-three-hens-and-a-peacock", "http://www.goodreads.com/book/show/2224884.Clifford_and_the_Grouchy_Neighbors", "http://www.goodreads.com/book/show/7283542-max-spaniel", "http://www.goodreads.com/book/show/1089266.Groundhog_Gets_a_Say", "http://www.goodreads.com/book/show/732948.Five_Little_Monkeys_Sitting_in_a_Tree", "http://www.goodreads.com/book/show/72658.The_Wolf_s_Chicken_Stew", "http://www.goodreads.com/book/show/541802.Old_Black_Fly", "http://www.goodreads.com/book/show/541911.The_Crayon_Box_that_Talked", "http://www.goodreads.com/book/show/531045.I_Like_Me_", "http://www.goodreads.com/book/show/307037.How_to_Lose_All_Your_Friends", "http://www.goodreads.com/book/show/20901436-sometimes-you-barf", "http://www.goodreads.com/book/show/759015.First_Grade_Here_I_Come", "http://www.goodreads.com/book/show/7997720-henry-and-the-bully"]}