{"ratings": 104, "userreviews": [{"userName": "Sam Schoenick", "userReviewDate": "Nov 20, 2013", "userURL": "http://www.goodreads.com/user/show/23858941-sam-schoenick", "userReview": "This book is full of short stories and is pretty hard to follow along. In the book Alden R. Carter tells short stories about a kid who is in high school. The book was really good and it tells a lot of good stories. This book is really good for teenagers in high school. When i first started reading this book i was really bored until a short story was told about ken writing a story about a perverted elf. It was very funny and kept me reading.Ken is a guy in high school kind of like me. He plays sports and kind of goofs around in school. The way Ken acts around his friends is funny. He always is criticizing people in funny way. He makes up funny names for the kids in his school. His girlfriend Sarah always yells at Ken for picking on people."}, {"userName": "Elisquared", "userReviewDate": "Feb 12, 2012", "userURL": "http://www.goodreads.com/user/show/3220698-elisquared", "userReview": "A book written in short stories, Love, Football and Other Contact Sports by Alden Carter follows the life and times of the Argyle High School student body. Featuring the football team to the social outcasts, each character interconnects in the way that only surviving high school can do. Be it a conflict between a pacifist and a hothead or a feminist and a Neanderthal tradition, each story shapes the experiences of the Argyle High students that teenagers will relate to immediately. The use of short stories makes this book very easy to read. As each connects to another they do not have to be read in order, allowing the reader to skip around as he/she likes. No prior knowledge of football is needed either; there is a handy guide to the positions within a team at the beginning of the book. Dealing with first love, bullying, racism, blended families, and growing up, each \u201cclique\u201d within high school is represented. Laughing one minute and gasping the next, this book is one for all readers."}, {"userName": "Mary H", "userReviewDate": "Sep 23, 2012", "userURL": "http://www.goodreads.com/user/show/4614664-mary-h", "userReview": "The romantic and obnoxious football fan in me was thrilled when I discovered this book at the library some weeks back. I took my time reading it because even though I was interested, there were other books in line. Finally, I picked it up today to give it a shot. I wasn't sure about the format, the way it's played out in short stories. Well, I didn't put it down until I finished. Each short story gives a high point of several characters, each of whom is in some way connected to the West Argyle High football team. The stories are sweet, funny, and because they're short, you don't find yourself bogged down in unnecessary information. Although there are several narrators, I think it was a good choice to have Ken be the primary. His thoughts really tied the entire novel together. In the end, you'll learn about football, you'll laugh, you'll reminisce about your own high school days, you'll wish you went to West Argyle, and if you're like me, you'll probably be brought to tears as well."}, {"userName": "Adrienne", "userReviewDate": "Jan 01, 2013", "userURL": "http://www.goodreads.com/user/show/3451098-adrienne", "userReview": "This is a series of interconnected short stories revolving around a small town high school football team. They show the growth of some of the players, as well as their softer sides. Also featured are the girls who both loathe and love them. The characters vary from short story to short story, but the way they work together still gives a good picture of both the serious and silly side of high school life.As with any short story collection, I liked some stories better than others. Overall, I definitely enjoyed the collection, and as a character-driven reader, really appreciated getting to spend more time with the characters (most of whom were quite likable) than I would in the average short story. A good one for fans of Dairy Queen by Catherine Gilbert Murdock."}, {"userName": "Audrey", "userReviewDate": "Apr 14, 2010", "userURL": "http://www.goodreads.com/user/show/1642817-audrey", "userReview": "This collection of interconnected stories and vignettes follows students at Argyle High as they learn the games of football, love, and life. Is there a brain hidden in that 300 pound linebacker after all? Who has a secret crush? This collection reminds readers that nothing is as simple as it seems.Readers must leave their preconceptions and stereotypes at the door as they read this collection. For middle school readers who aren't quite ready for the heavy subject matter of Chris Crutcher's books, but who still love reading about sports, Love, Football, and Other Contact Sports is a funny, fast-paced read that most will enjoy."}, {"userName": "Justin", "userReviewDate": "Sep 24, 2008", "userURL": "http://www.goodreads.com/user/show/1530266-justin", "userReview": "this book was so good! Alden Carter makes you feel like your in the middle of all the drama and excitement. But the coolest thing about this book is the way the main character changes almost every chapter. although it's kind of confusing if you don't pay attention to what your reading. OHHHHHHH and all of the little chapters link together. So it's like one big story told by five different people. i know it sounds kind of like a girl book. But this book has the coolest football stories."}, {"userName": "Kimberly", "userReviewDate": "Aug 03, 2007", "userURL": "http://www.goodreads.com/user/show/199465-kimberly", "userReview": "This book was cute. It's a mid-level YA book, and each chapter is a short story centering around one player of the high school's football team. Together the stories make a picture of student life and as the stories move from sophomore through senior year you really get to know some of the star players. There are also a good number of female narrators (none of whom are cheerleaders and some of whom know nothing about football) making this an ideal book for students of either gender."}, {"userName": "Larisa", "userReviewDate": "Nov 29, 2013", "userURL": "http://www.goodreads.com/user/show/11658858-larisa", "userReview": "This book was fairly good. I had no clue about football before reading this  (and the handy girl's guide to the sport at the beginning of the book) so it's not entirely necessary to love football to enjoy this book. I found it really funny and entertaining to read with some cool characters. I was a bit hesitant to read it once I found out it was a collection of short stories b/c I don't usually like them, but I was definitely impressed with this book."}, {"userName": "Tiff", "userReviewDate": "Jun 02, 2007", "userURL": "http://www.goodreads.com/user/show/107333-tiff", "userReview": "Teen boys and girls will enjoy this collection of stories told by several different students at Argyle West High School. Readers will gain the perspective of football players, nerds, cheerleaders, and regular joes while they laugh out loud at the heartwarming anecdotes. The tales do a wonderful job of breaking down typical high school stereotypes by revealing the complexities of the characters."}, {"userName": "Marcus Driggins", "userReviewDate": "Dec 16, 2011", "userURL": "http://www.goodreads.com/user/show/6502994-marcus-driggins", "userReview": "The main character is Rollins , the character trait that he represents is foolish. Rollins is foolish ,because he wrote a letter to some kids pretending to be a rapist santa, also he kept playing pranks on his teammates. Ultimately ,Rollins character trait is foolish and I predict that he will get in big trouble if he doesn't stop playing around so much."}, {"userName": "Hayley", "userReviewDate": "Mar 09, 2009", "userURL": "http://www.goodreads.com/user/show/1921249-hayley", "userReview": "I thought this book was not bad, not the greatest but okay. Some of the short stories were funny, cute, and unique, although others were predictable, a bit boring, and pointless. The way I feel about the plot of the stories is similar to the way i feel about the characters. The characters are realistic enough to relate to teenagers today."}, {"userName": "Kwenton", "userReviewDate": "Mar 25, 2011", "userURL": "http://www.goodreads.com/user/show/4302180-kwenton", "userReview": "This book is very interesting. I started reading this book the last week i was out of school. I can relate to love football and other contact sports because there is a lot of adversity to face. Me reading football books really gives me more motivation. For some reason sports books seem to impress me more than other books."}, {"userName": "Laura", "userReviewDate": "May 07, 2012", "userURL": "http://www.goodreads.com/user/show/7584053-laura", "userReview": "A compilation of short stories connected to the West Argyle High football team that explore and shatter stereotypes about \"typical\" high school teenagers.  Very quick read and easy to relate to. You'll learn a little about football, love and life right alongside the characters of the stories."}, {"userName": "Steph", "userReviewDate": "Feb 06, 2009", "userURL": "http://www.goodreads.com/user/show/1128814-steph", "userReview": "Written to snag the male reluctant reader, but it doesn't quite hit the mark.  I enjoyed the interconnected stories about the football team and their circle of friends at Argyle High, I just couldn't get my males students to take notice.  Plenty of humor and a few serious stories as well."}, {"userName": "Christie", "userReviewDate": "Nov 29, 2011", "userURL": "http://www.goodreads.com/user/show/1375474-christie", "userReview": "Good...but nothing special...I liked the first chapter when one of the main character, a female, describes the football positions.  Besides that it is a bunch of high school stories featuring mostly a group of football players and friends.  Not amazing...not bad."}, {"userName": "Scottsdale Public Library", "userReviewDate": "Oct 25, 2010", "userURL": "http://www.goodreads.com/user/show/4332892-scottsdale-public-library", "userReview": "This book hits all the highs and lows of high school football, from giving your jersey to a girl you like to having a girl try out for the team. Full of laughs and fun for everyone!-Beth M.-"}, {"userName": "Emily", "userReviewDate": "Jan 07, 2012", "userURL": "http://www.goodreads.com/user/show/1293388-emily", "userReview": "This book is ok. It's a combination of a ton of different stories and I hate that type of writing but the stories can be pretty funny so I guess that makes it ok."}, {"userName": "Judy", "userReviewDate": "Sep 26, 2010", "userURL": "http://www.goodreads.com/user/show/3750820-judy", "userReview": "This book was badly written. The characters were all flat, all of the stories were underdeveloped and I very much disliked it."}, {"userName": "Kathy", "userReviewDate": "Mar 29, 2010", "userURL": "http://www.goodreads.com/user/show/3424006-kathy", "userReview": "The collection of short stories was a fun look at some serious issues.  The content should appeal to both boys and girls."}, {"userName": "Beth", "userReviewDate": "Jan 18, 2010", "userURL": "http://www.goodreads.com/user/show/3101233-beth", "userReview": "This is a creative collection of short stories with cast-type list before starting."}, {"userName": "Pamela", "userReviewDate": "Mar 07, 2008", "userURL": "http://www.goodreads.com/user/show/973493-pamela", "userReview": "Great short stories, set in central Wisconsin."}, {"userName": "Julie", "userReviewDate": "Aug 27, 2011", "userURL": "http://www.goodreads.com/user/show/6129546-julie", "userReview": "Collection of stories"}, {"userName": "Emma", "userReviewDate": "Apr 21, 2013", "userURL": "http://www.goodreads.com/user/show/19636029-emma", "userReview": "Fun and easy read."}], "description": "Here are stories of students from one end of the social spectrum to the other. Jock to loner, academic snob to outcast, Carter explores and shatters the stereotypes behind the relationships, friends, rumors, peer pressure, sports, bullies, and other assorted forms of mental anguish that come with high school.", "title": "Love, Football, and Other Contact Sports", "url": "http://www.goodreads.com/book/show/779303.Love_Football_and_Other_Contact_Sports", "average": 3.63, "cover": "http://d.gr-assets.com/books/1349066099l/779303.jpg", "reviews": 23, "authors": [{"url": "http://www.goodreads.com/author/show/15022.Alden_R_Carter", "name": "Alden R. Carter"}], "outlinks": ["http://www.goodreads.com/book/show/10635725-12-things-to-do-before-you-crash-and-burn", "http://www.goodreads.com/book/show/1378535.The_Finnish_Line", "http://www.goodreads.com/book/show/13585608-kevin", "http://www.goodreads.com/book/show/1053080.The_Noah_Confessions", "http://www.goodreads.com/book/show/283387.Cures_for_Heartbreak", "http://www.goodreads.com/book/show/705303.Swede_Dreams", "http://www.goodreads.com/book/show/14290962-the-paradox-of-vertical-flight", "http://www.goodreads.com/book/show/650722.Garage_Band", "http://www.goodreads.com/book/show/1148090.The_Sound_of_Munich", "http://www.goodreads.com/book/show/294906.What_They_Found", "http://www.goodreads.com/book/show/581819.The_Straight_Road_to_Kylie", "http://www.goodreads.com/book/show/13538672-tune", "http://www.goodreads.com/book/show/1148091.Spain_or_Shine", "http://www.goodreads.com/book/show/2149664.Janes_in_Love", "http://www.goodreads.com/book/show/148775.The_Day_the_World_Came_to_Town", "http://www.goodreads.com/book/show/7724969-idrakula", "http://www.goodreads.com/book/show/590127.Knights_of_the_Hill_Country", "http://www.goodreads.com/book/show/7190552-wanted", "http://www.goodreads.com/book/show/393562.Up_Country", "http://www.goodreads.com/book/show/2089375.Bull_Catcher", "http://www.goodreads.com/book/show/286905.Between_A_Rock_And_A_Hard_Place", "http://www.goodreads.com/book/show/7823677-wart-son-of-toad", "http://www.goodreads.com/book/show/393532.Sheila_s_Dying"]}