{"ratings": 323, "userreviews": [{"userName": "Will", "userReviewDate": "Jan 31, 2010", "userURL": "http://www.goodreads.com/user/show/2263507-will", "userReview": "Slightly less good than \"Fanny,\" slightly better than the song \"Brandy,\" by Looking Glass (it was their *first* big hit). In case you don't remember, that's the song with the chorus: \"Brandy, you're a fine girl/ What a GOOD wife/ You would be/But my life, my love, and my lady/ Is the SEA.\" I remember hearing it a lot around 2000, and then a lot again around 2006. Not so much lately, but that's partly because my car radio is broken. I can't even listen to Hannity! Anyway, this is the first book of the Fanny trilogy, but I read it second. I feel like that was probably the right way to do it -- the stakes seem much higher in this one when you know what's in store for Fanny and Marius. The story is a timeless one, set in the Marseilles of 80 years past: boy tries doggedly to get girl to do it with him, then almost immediately abandons her for the sea, about which he has grossly romanticized notions; all this against the backdrop of a bar where the regulars gather, ordering Pernods and chatting relentlessly, a la Cheers. As with \"Fanny,\" the movie version of this is equally good. It's also the only book in the trilogy that didn't get an Alice Waters restaurant named after it. For some reason she chose instead to honor Panisse, a less prickish character than Marius."}, {"userName": "Gaellooo", "userReviewDate": "Oct 15, 2013", "userURL": "http://www.goodreads.com/user/show/18227954-gaellooo", "userReview": "Je ne vous cache pas que c'est la sortie en salle de l'adaptation qui m'a donn\u00e9e envie de d\u00e9couvrir ce livre. Premi\u00e8re surprise : il s'agit d'une pi\u00e8ce de th\u00e9\u00e2tre. Je l'ignorais totalement. Cela ne m'a nullement g\u00ean\u00e9e dans ma lecture. Au contraire, les sc\u00e8nes s'encha\u00eenent et le tout est tr\u00e8s rythm\u00e9. Du coup ma lecture a \u00e9t\u00e9 tr\u00e8s rapide. En si peu de temps, il se passe \u00e9norm\u00e9ment de choses. J'ai pu lire enfin la fameuse sc\u00e8ne du jeu de cartes et du \"tu me fends le coeur\". J'ai bien ri. Tout en lisant je ne pouvais qu'imaginer les personnages s'exprimant avec l'accent chantant. Cette lecture est tout \u00e0 fait adapt\u00e9e \u00e0 cette p\u00e9riode estivale. Cependant, les expressions typiques m'ont un peu destabilis\u00e9es car je n'y comprenais pas grand chose. La relation entre Marius et Fanny est une tr\u00e8s belle histoire. Marius, tr\u00e8s timide, mettra un certain temps \u00e0 se d\u00e9clarer \u00e0 sa belle. Fanny, malgr\u00e9 son jeune \u00e2ge (18 ans), n'a pas froid aux yeux et pousse celui qu'elle aime dans ses retranchements. Elle lui d\u00e9voile de but en blanc ce qu'elle ressent. Par bien des fois elle a tent\u00e9 d'attirer son attention auparavant, mais il ne s'est aper\u00e7u de rien. Marius \u00e9tait trop pr\u00e9occup\u00e9 par ses envies et d\u00e9sirs de naviguer. Fanny, trop amoureuse de lui, se sacrifiera pour lui. Tout cela se d\u00e9roule rapidement. La fin est m\u00eame brutale car tout est pr\u00e9cipit\u00e9. Je suppose donc qu'il faut lire \"Fanny\" pour conna\u00eetre la suite..."}, {"userName": "Cecilee Linke", "userReviewDate": "Apr 17, 2010", "userURL": "http://www.goodreads.com/user/show/3599200-cecilee-linke", "userReview": "I read this book for a French Theater class I took in college and of all the plays we read that semester, I enjoyed this one the most. I enjoyed the characters and the setting, makes me want to visit Marseilles! This is also part of a trilogy, this being the first book in the series.FYI, there are also several movie versions of this story, including one called \"Fanny\" that consolidates the trilogy into one movie."}, {"userName": "Maya", "userReviewDate": "Mar 13, 2012", "userURL": "http://www.goodreads.com/user/show/1296673-maya", "userReview": "A great play! I read it in french. All the characters are great and well written. I didn't like Fanny at first, but at the end I really liked her.  You really feel like you are in a bar in the south of France; the dialect is right on.  I can't wait to read \"Fanny\"."}, {"userName": "Kathy", "userReviewDate": "Aug 02, 2007", "userURL": "http://www.goodreads.com/user/show/242993-kathy", "userReview": "A poetic interpretation of a Marseille fishing village, where people's dreams and fears play out in a small community where everyone does know your name."}, {"userName": "Denisse", "userReviewDate": "Jul 22, 2011", "userURL": "http://www.goodreads.com/user/show/5857689-denisse", "userReview": "LE trilogy francaise!"}, {"userName": "GrangerDanger", "userReviewDate": "Aug 15, 2012", "userURL": "http://www.goodreads.com/user/show/5398946-grangerdanger", "userReview": "A must-read. Great writing!"}], "description": "Le port de Marseille, dans les ann\u00e9es vingt. Marius, le fils de C\u00e9sar, patron du bar de la Marine, est partag\u00e9 entre son amour pour Fanny la petite marchande de coquillages, et son d\u00e9sir de prendre la ruer, de parcourir le monde... Lorsque Marcel Pagnol, en 1929, fait repr\u00e9senter Marius sur une sc\u00e8ne parisienne, sans doute ne se doute-t-il pas que ses personnages deviendront aussi c\u00e9l\u00e8bres qu'Harpagon ou monsieur Jourdain. Deux ans plus tard, Pagnol et Alexander Korda en tirent un film, Raimu, Charpin, Orane Demazis, Pierre Fresnay reprennent leurs r\u00f4les, et la pellicule les immortalise. Ils feront le tour de la terre.... \" Quand tu me parles sur ce ton, quand lu m'espinches comme si j'\u00e9tais un sc\u00e9l\u00e9rat... Je ne dis pas que je vais pleurer, non, mais moralement, tu me fends le c\u0153ur. \"", "title": "Marius\n      \n          (Trilogie marseillaise #1)", "url": "http://www.goodreads.com/book/show/220336.Marius", "average": 3.98, "cover": "http://d.gr-assets.com/books/1323374449l/220336.jpg", "reviews": 7, "authors": [{"url": "http://www.goodreads.com/author/show/101107.Marcel_Pagnol", "name": "Marcel Pagnol"}], "outlinks": ["http://www.goodreads.com/book/show/1520869.Les_Femmes_savantes", "http://www.goodreads.com/book/show/143820.The_Horseman_on_the_Roof", "http://www.goodreads.com/book/show/315991.Caligula_suivi_de_Le_Malentendu", "http://www.goodreads.com/book/show/1714625.Ondine", "http://www.goodreads.com/book/show/417466.La_symphonie_pastorale", "http://www.goodreads.com/book/show/466405.La_Nuit_des_temps", "http://www.goodreads.com/book/show/1109259.Les_Parents_Terribles", "http://www.goodreads.com/book/show/365311.La_bicyclette_bleue_1939_1942", "http://www.goodreads.com/book/show/1915472.Le_Petit_Chose", "http://www.goodreads.com/book/show/114916.Pot_Bouille", "http://www.goodreads.com/book/show/1432512.Poil_de_Carotte", "http://www.goodreads.com/book/show/1272789.The_Lost_Sailors", "http://www.goodreads.com/book/show/4261483-b-r-nice", "http://www.goodreads.com/book/show/1177365._toi_pour_toujours_ta_Marie_Lou", "http://www.goodreads.com/book/show/394057.Un_sac_de_billes", "http://www.goodreads.com/book/show/220334.La_Gloire_de_mon_p_re", "http://www.goodreads.com/book/show/808627.Le_ch_teau_de_ma_m_re", "http://www.goodreads.com/book/show/220331.Jean_de_Florette_Manon_of_the_Springs", "http://www.goodreads.com/book/show/325895.Jean_de_Florette"]}