{"ratings": 494, "userreviews": [{"userName": "Joselito Honestly and Brilliantly", "userReviewDate": "Sep 09, 2011", "userURL": "http://www.goodreads.com/user/show/2190636-joselito-honestly-and-brilliantly", "userReview": "Two novellas written seven years apart. Both composed of short chapters/vignettes where Colette--in her 60's or 70's--writes about her mother Sido, her father (her mother's second husband, the ex-soldier with one of his legs amputated), her mother's first husband and her three siblings, all of them dead already except one brother.Every family has its own story and I am sure that given the same talent for writing as that of Colette each of these stories can be as interesting as these novellas. But life is not fair. Not everyone can write well, or have the patience and energy for it, and unless a family history catches the eye of someone who would be interested to write about it for money or fame, then even its most interesting times, or its happiest days, can attach themselves to no surviving memory and would be like as if they didn't happen at all.But having a Colette in the family is like having a deathless raconteur who shall keep your family alive for as long as there are human beings who read or listen. These novelettish biographies were published around the 1950's so even without me googling it, I am sure Colette and his then still living brother had long both passed away too. Yet here they, and the rest of the family,  are as alive as the person next to you. How common is it, for example, for us to have had mothers who were full-time housewives, had grown old doing mostly nothing but housework, and still thought of their family and household concerns up to their dying days? Yet only a Colette can write about a mother like that (her own) with a memorably bittersweet nostalgia like this (her mother already 71 years old at the time, a widow, with various illnesses):\"At five o'clock in the morning I would be awakened by the clank of a full bucket being set down in the kitchen sink immediately opposite my room.\"'What are you doing with that bucket, mother? Couldn't you wait until  Josephine (the househelp) arrives?'\"And out I hurried. But the fire was already blazing, fed with dry wood. The milk was boiling on the blue-tiled charcoal stove. Nearby, a bar of chocolate was melting in a little water for my breakfast, and, seated squarely in her cane armchair, my mother was grinding the fragrant coffee which she roasted herself. The morning hours were always kind to her. She wore their rosy colours in her cheeks. Flushed with a brief return to health, she would gaze at the rising sun, while the church bell rang for early Mass, and rejoice at having tasted, while we still slept, so many forbidden fruits.\"The forbidden fruits were the over-heavy bucket drawn up from the well, the firewood split with a billhook on an oaken block, the spade, the mattock, and above all the double steps propped against the gable-windows of the attic, the flowery spikes of the too-tall lilacs, the dizzy cat that had to be rescued from the ridge of the roof. All the accomplices of her old existence as a plump and sturdy little woman, all the minor rustic divinities who once obeyed her and made her so proud of doing without servants, now assumed the appearance and position of adversaries. But they reckoned without that love of combat which my mother was to keep till the end of her life. At seventy-one dawn still found her undaunted, if not always undamaged. Burnt by fire, cut with the pruning knife, soaked by melting snow or spilt water, she had always managed to enjoy her best moments of independence before the earliest risers had opened their shutters. She was able to tell us of the cats' awakening, of what was going on in the nests, of news gleaned, together with the morning's milk and the warm loaf, from the milkmaid and the baker's girl, the record in fact of the birth of a new day.\"It was not until one morning when I found the kitchen unwarmed and the blue enamel saucepan hanging on the wall, that I felt my mother's end to be near. Her illness knew many respites, during which the fire flared up again on the hearth, and the smell of fresh bread and melting chocolate stole under the door together with the cat's impatient paw. These respites were periods of unexpected alarms. My mother and the big walnut cupboard were discovered together in a heap at the foot of the stairs, she having determined to transport it in secret from the upper landing to the ground floor. Whereupon my elder brother insisted that my mother should keep still and that an old servant should sleep in the little house. But how could an old servant prevail against a vital energy so youthful and mischievous that it contrived to tempt and lead astray a body already half fettered by death? My brother, returning before sunrise from attending a distant patient, one day caught my mother red-handed in the most wanton of crimes. Dressed in her nightgown, but wearing heavy gardening sabots, her little grey septuagenarian's plait of hair turning up like a scorpion's tail on the nape of her neck, one foot firmly planted on the crosspiece of the beech trestle, her back bent in the attitude of the expert jobber,  my mother, rejuvenated by an indescribable expression of guilty enjoyment, in defiance of all her promises and of the freezing morning dew, was sawing logs in her own yard.\"Think: apart from literature, wher one writes from the heart, which magical thing here on earth can make a  brief, solitary dawn in a forgotten place on a forgotten day, eternal like this?"}, {"userName": "Beth", "userReviewDate": "May 15, 2013", "userURL": "http://www.goodreads.com/user/show/13485675-beth", "userReview": "\u201cAny writer whose existence is long drawn out turns in the end towards his past, either to revile it or rejoice in it.\u201d This is Colette\u2019s comment in the preface to this beautiful book, which is her own thoughtful gaze into the past. Reading it felt somewhat like flipping through a verbal photo-album: a series of images, each describing a separate moment of her past. Ordinary moments of joy, surprise, humor, confusion, but which together make up the fabric of her childhood. The structure of the two novellas contained in this book (My Mother\u2019s House and Sido) reminded me of Sarah Orne Jewett\u2019s \n  The Country of the Pointed Firs\n: a series of sketches and vignettes loosely woven together into a larger whole. The timeline is anything but a line \u2013 in one scene we see Colette as a child of nine, and in the next she\u2019s a skeptical 15-year-old. At other times we see her as an old woman, pulling up memories of her brother as an elfin 6-year-old, while the man he has become strolls through her kitchen with wrinkled hands and graying hair. The unifying figure among these stories is Sido, Colette\u2019s mother. We see her from many angles: fiery and opinionated, yet tender and comforting. She\u2019s a woman who sees the world in a fresh way, who can respond to a child reading ghost stories by saying,\n  \u201cHave you been reading that ghost story, Minet-Ch\u00e9ri? It\u2019s a lovely story, isn\u2019t it? I can\u2019t imagine anything lovelier than the description of the ghost wandering by moonlight in the churchyard. The part, you know, where the author says that the moonlight shone right through the ghost and that it cast no shadow on the grass. A ghost must be a wonderful thing to see. I only wish I could see one; I should call you at once if I did. Unfortunately, they don\u2019t exist. But if I could become a ghost after my death, I certainly should, to please you and myself too. And have you read that idiotic story about a dead woman\u2019s revenge? I ask you, did you ever hear such rubbish! What would be the use of dying if one didn\u2019t gain more sense by it? No, my child, the dead are a peaceful company. I don\u2019t fall out with my living neighbours, and I\u2019ll undertake to keep on good terms with the dead ones!\u201d\nTold with humor and beauty, this memoir is one that sticks in the mind even after the book has been put down."}, {"userName": "Elisabeth Watson", "userReviewDate": "Dec 21, 2012", "userURL": "http://www.goodreads.com/user/show/6063712-elisabeth-watson", "userReview": "An excellent edition, and very nice to have the two memoirs in the same volume. The magic of Colette's evocation of motherhood--and of her mother--is that she builds it by also evoking what it is like to be someone's child, someone's sibling. As much as Sido is the undisputed chief of this family pantheon, no one and no EXPERIENCE (even a pet's) is granted anything less than reverence. It was in this book that I started \"understanding\" one of the mechanisms by which Colette is able to render a thing sacred without rendering it untouchable. It's not by avoiding examination and difficult questions, but by refusing answers where there are no good ones.Also rather miraculous: I finished the book longing to mean to anyone what Sido meant to her daughter--to her whole family--but also convinced that reaching that point isn't about turning into \"the kind of person\" Sido was. I'm left with the distinct impression that when Colette paints her mother's goodness, she is painting just one possibility. By showing all the flaws and idiosyncrasies in Sido's character, and yet demonstrating what a peerless blessing she was to everyone she met, Colette opens the possibility that there might be as many ways to be good as there are ways to be human."}, {"userName": "ifjuly", "userReviewDate": "May 19, 2007", "userURL": "http://www.goodreads.com/user/show/42472-ifjuly", "userReview": "so this is her masterpiece apparently, and it was one of the last things i got around to reading by her.  it makes sense it is--the best thing about colette is her vivid description of sensory experience and little daily luxuries, and such descriptions abound here and are very strong, even for her.  also makes me understand why proust admired her--the best things he does with the sensual aspects of memory she does here.  a truly pleasurable read."}, {"userName": "Carol", "userReviewDate": "Jul 18, 2012", "userURL": "http://www.goodreads.com/user/show/6096240-carol", "userReview": "This is one of my all time favorite books.  I rarely re-read a book, but I have read this book many times.  This is writing that Colette did for herself, unlike Cheri and other books that she wrote at her husband's request.  This is a personal memior as seen through her eyes as a child.  Magical stuff!"}, {"userName": "Wayne", "userReviewDate": "Nov 04, 2008", "userURL": "http://www.goodreads.com/user/show/1466146-wayne", "userReview": "This would have to be one of my very favourite Colette books.Sido was Colette's very earthed, very wise,very \"french\" Maman.Its some years since I read it which is why I have put it in my re-reads. But to savour their rustic village life again is like renewing an old acquaintance."}, {"userName": "Beth", "userReviewDate": "Jan 02, 2009", "userURL": "http://www.goodreads.com/user/show/137402-beth", "userReview": "Even if you only read a vignette or two from this book, it's worthwhile. Colette's recollections of her childhood, and her parents in particular, is amazingly rich, both in style and emotional substance."}, {"userName": "Elise", "userReviewDate": "Jun 08, 2013", "userURL": "http://www.goodreads.com/user/show/4922926-elise", "userReview": "I thoroughly enjoyed this memoir, especially Colette's lush and sensual descriptions of the rural village in 19th century France where she grew up under the care of her unconventional and fascinating mother (Sido) and her father, the Captain, who was passionately in love with Sido (his nickname for his wife Sidonie).  When I picked this book up, I was already reading another novel, but I figured I could read both at one time since \"My Mother's House\" reads like a collection of vignettes that would be easy to put down often.  How wrong I was!  I couldn't put this one down because I didn't want to leave Colette's beautiful childhood world where hearty peasants drink wine out of tin pails used for milking cows, and they fiddle in the moonlight and dance the quadrille under canopies of honeysuckle. I can still smell the sage, freshly cut grass, harvested tomatoes and aubergines, and the bricks of homemade chocolate left out to dry in the summer night stalked by feral cats who stamp paw prints like mysterious flowers on them with the turn of each page.  Last week, I read Colette's \"The Ripening Seed,\" but I didn't like it at all.  Now I'm glad I gave her writing another chance.  Because of \"My Mother's House & Sido,\" I will enjoy reading other works by her."}, {"userName": "Rachel Smalter Hall", "userReviewDate": "Jun 05, 2008", "userURL": "http://www.goodreads.com/user/show/230249-rachel-smalter-hall", "userReview": "Some books, like The Snarkout Boys and the Avocado of Death and Pippi in the South Seas, appeal to my childlike love of mischief and weirdos.  My Mother's House & Sido took me to a different place from my childhood, completely dreamy, sensual and romantic.  I loved Colette's love for the provinces, with their basket-fulls of suckling kittens, hyacinths and foxgloves, and melted chocolate for breakfast.  I loved her strange siblings who read books in trees and made up epitaphs for fun.  And then there is her mother, the mesmerizing and seductive \"Sidonie,\" who seems a little like the Tarot-Empress with her uncanny intuition about all things natural and living.Of course, this is chock-full of great, melancholy quotes about the relationship between mothers & daughters: \"At the mere sight of her mother's hand the Little One starts to her feet, pale, gentle now, trembling slightly as a child must who for the first time ceases to be the happy little vampire that unconsciously drains the maternal heart;  . . . the warm sitting-room with its flora of cut branches and its fauna of peaceful creatures; the echoing house, dry, warm and crackling as a newly-baked loaf; the garden, the village. . . Beyond these all is danger, all is loneliness.\""}, {"userName": "Sarah", "userReviewDate": "Dec 29, 2014", "userURL": "http://www.goodreads.com/user/show/118210-sarah", "userReview": "Childhood in Colette's hands is so beautiful and brutal."}, {"userName": "Florence Penrice", "userReviewDate": "Mar 20, 2010", "userURL": "http://www.goodreads.com/user/show/3447426-florence-penrice", "userReview": "Several years ago I visited St Sauveur en Puisaye, Colette's childhood home, on the strength of reading this. From reading Judith Thurman's excellent biography, Colette seems have been a flawed person in many respects (like all of us) and, to a certain extent 'Colette' was a fiction that she created that may not have always been true to reality, but I always read her autobiographical work with the sense of resuming a conversation with a old, wise, friend."}, {"userName": "Amy", "userReviewDate": "Mar 31, 2013", "userURL": "http://www.goodreads.com/user/show/1746-amy", "userReview": "I loved this book!  It's a collection of memories, musings, and descriptions of the author's childhood home in a small French village.  The writing was lovely and made the far off time and place of someone else's life seem immediate and tangible in the way only the best writing does.  I have never read anything by Colette before, but I will definitely be seeking out some more of her books.  I only wish this one had been longer!"}, {"userName": "Brigid", "userReviewDate": "Apr 23, 2009", "userURL": "http://www.goodreads.com/user/show/118875-brigid", "userReview": "Somehow, perhaps because of her extravagant history, I didn't expect Colette to be such a very, very good writer. These little vignettes about her childhood in the country are delightful because her love for her mother, her animals, the nature surrounding her, is so strong and real and so scrupulously and passionately observed. This is the kind of writing that connects you to life rather than providing an escape from it."}, {"userName": "Dana Susan", "userReviewDate": "May 25, 2011", "userURL": "http://www.goodreads.com/user/show/931649-dana-susan", "userReview": "Loved this beautiful memoir told thru child's eye, wonderful evocation of provincial French life, and the enviable love between her parents, told with an economy of words.  Strange to realize that Colette's scandalous adult life including her distant relationship with her own daughter was so different from the life she knew in her mother's house."}, {"userName": "Carol", "userReviewDate": "Aug 03, 2012", "userURL": "http://www.goodreads.com/user/show/10264729-carol", "userReview": "Oh, I loved reading about Colette's mother.  The richness of her life and her love for her daughter. It's been decades since I read it, but it was wonderful.  Was some of it fictional, pehaps.  I can't recall.  But what a delicious book."}, {"userName": "Rachel", "userReviewDate": "Dec 26, 2012", "userURL": "http://www.goodreads.com/user/show/7021849-rachel", "userReview": "Reading this one in the bathroom...when I'm not reading something for school...have been reading for the last few months, I think its going to take me a few more to finish.  Each story in the book is like a little gem, so its nice to take it slow."}, {"userName": "Jasmine", "userReviewDate": "Aug 19, 2010", "userURL": "http://www.goodreads.com/user/show/1826280-jasmine", "userReview": "My first real encounter with Colette, and it was absolutely beautiful. This brought back memories of growing up in the countryside, of finding excitement and curiosity in the smallest details. Something to savour."}, {"userName": "Mel", "userReviewDate": "Jun 21, 2010", "userURL": "http://www.goodreads.com/user/show/747206-mel", "userReview": "This book is a reminder of the beauty of a life well-lived and nurtured by nature. This is a deceptively simple collection of Colette's musings about her mother and the rest of her family in their country estate."}, {"userName": "Tracymarksseglin", "userReviewDate": "Sep 21, 2012", "userURL": "http://www.goodreads.com/user/show/3132748-tracymarksseglin", "userReview": "Had never read Colette before.  Some lovely, simple, timeless mother-daughter stories hidden in lots and lots of imagery and adjectives.  Grew tired of trying to find them, and didn't finish the whole book.  :)"}, {"userName": "Arwen", "userReviewDate": "Dec 11, 2008", "userURL": "http://www.goodreads.com/user/show/280394-arwen", "userReview": "I read this or Earthly Paradise every fall. Somehow it seems like the right time to fall into Colette's meditations on childhood and family and tramping through gardens and over fences into fields."}, {"userName": "Iris", "userReviewDate": "Jan 14, 2013", "userURL": "http://www.goodreads.com/user/show/4062252-iris", "userReview": "beautiful memoir of the author's childhood in burgundy, france -- all the sights and smells and naturalness of animals and fully-alive persons. must read for the francophile."}, {"userName": "Susan Greve", "userReviewDate": "Jan 16, 2009", "userURL": "http://www.goodreads.com/user/show/1919295-susan-greve", "userReview": "the genius of child--pre-socialization bliss. this collection makes my yearn to find the beauty in a ball of string and/or a hollowed nut. my citified feet are ruined."}, {"userName": "Maureen M", "userReviewDate": "Apr 20, 2011", "userURL": "http://www.goodreads.com/user/show/944992-maureen-m", "userReview": "I read this just before visiting Colette's childhood region of Burgundy. I loved My Mother's House bu found Sido too much of an interior monologue."}, {"userName": "Arabella Thorne", "userReviewDate": "Aug 15, 2013", "userURL": "http://www.goodreads.com/user/show/3170492-arabella-thorne", "userReview": "Her descriptions even in translation are exquisite. The writing is so good I would just stop and savor  a scene because I could see it so clearly!"}, {"userName": "Ma'lis Wendt", "userReviewDate": "May 31, 2011", "userURL": "http://www.goodreads.com/user/show/1725642-ma-lis-wendt", "userReview": "Colette's remembrances of her mother and the rest of her family --especially the stories of her childhood were very touching and vivid."}, {"userName": "Catherine", "userReviewDate": "Apr 07, 2008", "userURL": "http://www.goodreads.com/user/show/337273-catherine", "userReview": "Such a beauty!  I'll probably read this book once a year now when I need some life in me."}, {"userName": "Jill", "userReviewDate": "Aug 02, 2013", "userURL": "http://www.goodreads.com/user/show/3405389-jill", "userReview": "Swift, evocative. Collette casts a wistful eye upon her charmed childhood."}, {"userName": "Obisbooks", "userReviewDate": "Sep 13, 2009", "userURL": "http://www.goodreads.com/user/show/728287-obisbooks", "userReview": "Beautiful, lush writing, little vignettes of her childhood."}, {"userName": "Marie-Chantale Turgeon", "userReviewDate": "May 13, 2012", "userURL": "http://www.goodreads.com/user/show/2026146-marie-chantale-turgeon", "userReview": "lecture de l'\u00e9dition fran\u00e7aise en cours, j'adore..."}, {"userName": "Barbara Stoner", "userReviewDate": "Nov 04, 2013", "userURL": "http://www.goodreads.com/user/show/2955683-barbara-stoner", "userReview": "http://www.barbarasbookhouse.com/Colette"}], "description": "In My Mother's House and Sido, Colette plays fictional variations on the themes of childhood, family, and, above all, her mother. Vividly alive, fond of cities, music, theater, and books, Sido devoted herself to her village, Saint-Saveur; to her garden, with its inhabitants and its animals; and, especially, to her children, particularly her youngest, whom she called Minet-Cheri. Unlike Gigi and Cheri, which focus largely on sexual love and its repercussions, My Mother's House and Sido center on the compelling figure of a powerful, nurturing woman in late-nineteenth-century rural France, conveying the impact she had on her community and on her daughter -- who grew up to be a great writer.", "title": "My Mother's House & Sido", "url": "http://www.goodreads.com/book/show/89838.My_Mother_s_House_Sido", "average": 4.23, "cover": "http://d.gr-assets.com/books/1386925935l/89838.jpg", "reviews": 32, "authors": [{"url": "http://www.goodreads.com/author/show/51575.Colette", "name": "Colette"}, {"url": "http://www.goodreads.com/author/show/469128.Enid_McLeod", "name": "Enid McLeod"}, {"url": "http://www.goodreads.com/author/show/3886615.Una_Vicenzo_Troubridge", "name": "Una Vicenzo Troubridge"}], "outlinks": ["http://www.goodreads.com/book/show/10122511-my-mother-s-house-and-sido", "http://www.goodreads.com/book/show/2347137.The_Country_of_the_Pointed_Firs", "http://www.goodreads.com/book/show/272049.Tropismes", "http://www.goodreads.com/book/show/89840.Secrets_of_the_Flesh", "http://www.goodreads.com/book/show/2275449.My_Fantoms", "http://www.goodreads.com/book/show/1804916.Elle_et_lui", "http://www.goodreads.com/book/show/341167.Selected_Letters", "http://www.goodreads.com/book/show/352815.Pages_from_the_Goncourt_Journals", "http://www.goodreads.com/book/show/18368.The_Early_Diary_of_Ana_s_Nin_Vol_2", "http://www.goodreads.com/book/show/17707984-paris-was-a-woman", "http://www.goodreads.com/book/show/433790.Anti_Memoirs", "http://www.goodreads.com/book/show/178992.Emily_L_", "http://www.goodreads.com/book/show/19392.Voltaire_in_Love", "http://www.goodreads.com/book/show/8151695-the-life-of-irene-nemirovsky", "http://www.goodreads.com/book/show/399257.Simple_Passion", "http://www.goodreads.com/book/show/996124.Les_Animaux_Denatures", "http://www.goodreads.com/book/show/221158.Kiki_s_Paris", "http://www.goodreads.com/book/show/887405.Onitsha", "http://www.goodreads.com/book/show/185078.HERmione", "http://www.goodreads.com/book/show/817790.The_Unknown_Masterpiece_and_Gambara", "http://www.goodreads.com/book/show/89841.Cheri_The_Last_of_Cheri", "http://www.goodreads.com/book/show/89842.The_Vagabond", "http://www.goodreads.com/book/show/89839.The_Complete_Claudine", "http://www.goodreads.com/book/show/365412.The_Collected_Stories", "http://www.goodreads.com/book/show/275350.Gigi_The_Cat"]}