{"ratings": 141, "userreviews": [{"userName": "Jaimie", "userReviewDate": "Feb 22, 2014", "userURL": "http://www.goodreads.com/user/show/8659422-jaimie", "userReview": "This movie is one of my favourite stories of all time, but I felt that the book distillation is a bit of a let down. I noticed early on that the text is organized rather oddly around the set-in images, sometimes starting lower down on the page than where the  eye lands and carrying sentences over the page, which leads to occasional confusion. I think that the story would have been much more successfully represented if wer had seen full-page images with a maximum of one set-in image and a sentence or two per page. Simplicity is just better sometimes, because it can distill the stoy down into a more solid narrative."}, {"userName": "Vanda", "userReviewDate": "Nov 18, 2008", "userURL": "http://www.goodreads.com/user/show/1150480-vanda", "userReview": "in the time where the visual's interpretation limit the boundary of imagination absorbing from the experience of reading...Miyazaki made it the other way around...he simply showed that visual arts are vehicles to move the boundary of imagination to an even greater dimension...unlimited!i love all of the creations and adaptations of Hayao Miyazaki, he is a genius...i collected all of the anime by studio Ghibli(now owned by Disney) because of Miyazaki sensei.in the case of Hayao Miyazaki's creations i'm kinda obsessive i have to admit i compulsively hunt for every anime created by him and look for the manga/novel after watching the anime...and Nausicaa has been named as one of the best by him. (geee you must see Laputa 'the castle in the sky' or Zen to Chihiro 'spirited away', and howls moving castle won an award in the children movie in Venice and dont forget My Neighbor Totoro where the Ghibli adopted it's logo...i can go on and on about it and you'll get bored)Miyazaki sensei, ganbatte kudasai...arigato!(for complete summary of Miyazaki and his creations, pls visit nausicaa: www.nausicaa.net)"}, {"userName": "Alice", "userReviewDate": "Sep 17, 2011", "userURL": "http://www.goodreads.com/user/show/6344127-alice", "userReview": "6.  Personal Response:  We got this book when my son became obsessed with the movie Totoro.  It tells the entire story of the movie with pictures of every major and many minor events in the movie.  [return]7.  Connections:  This book has a great deal of dialogue and would be perfect as a model for writing grammatically correct dialogue with accompanying illustrations.  (A bit like a story board or comic)"}, {"userName": "Kelly", "userReviewDate": "Dec 27, 2013", "userURL": "http://www.goodreads.com/user/show/16914369-kelly", "userReview": "My 5 year old daughter is a huge fan of My Neighbor Totoro, The Secret World of Arrietty, and Ponyo. She adores this book. It's a beautiful book that uses stills from film as its illustrations. The picture book versions of Miyazaki's films are terrific."}, {"userName": "Lillian Angelovic", "userReviewDate": "Jan 02, 2012", "userURL": "http://www.goodreads.com/user/show/2197992-lillian-angelovic", "userReview": "Totoro lovers will treasure this lovely hardback version of the story. With pictures straight from the film, I think this is the perfect way to introduce someone to the tale, or to go back and peruse your favorite parts. I could hear the soundtrack in the background as I was reading! Love it!"}, {"userName": "Karl", "userReviewDate": "Apr 16, 2008", "userURL": "http://www.goodreads.com/user/show/196858-karl", "userReview": "I would have liked some of Miyazaki's sketch art included, and the chapters to be shorter, but overall not badly done."}, {"userName": "Ashley (FrecklesandStripes)", "userReviewDate": "Nov 18, 2014", "userURL": "http://www.goodreads.com/user/show/4756628-ashley-frecklesandstripes", "userReview": "Not as magical as the film. But its still Totoro so what is there not to like :)"}, {"userName": "Michael Mingoa", "userReviewDate": "Aug 19, 2010", "userURL": "http://www.goodreads.com/user/show/4172378-michael-mingoa", "userReview": "This book is so fun to read and ther is a lot of value you can learn from the story."}, {"userName": "Rissa Yullita", "userReviewDate": "Oct 06, 2007", "userURL": "http://www.goodreads.com/user/show/322469-rissa-yullita", "userReview": "i also watch the movie 3 times hahaha..."}, {"userName": "Anya", "userReviewDate": "Apr 17, 2010", "userURL": "http://www.goodreads.com/user/show/2387314-anya", "userReview": "Absolutely amazing book"}, {"userName": "Arirak", "userReviewDate": "Jan 26, 2008", "userURL": "http://www.goodreads.com/user/show/827228-arirak", "userReview": "It's Totoro... 'nuff said."}, {"userName": "Blair Herzig", "userReviewDate": "Feb 05, 2011", "userURL": "http://www.goodreads.com/user/show/3959225-blair-herzig", "userReview": "Totoro to-to-ro"}], "description": "One of Studio Ghibli\u2019s most beloved classics, Totoro celebrates its 25th anniversary!The companion book to the beloved animation classic My Neighbor Totoro, by legendary Studio Ghibli director Hayao Miyazaki. Featuring artwork taken directly from the movie, this updated edition will allow parents and children to relive Totoro's magical adventures with scene-by-scene illustrations and character dialogue. Eleven-year-old Satsuki and her sassy little sister Mei have moved to the country to be closer to their ailing mother. While their father is working, the girls explore their sprawling old house and the forest and fields that surround it. Soon, Satsuki and Mei discover Totoro, a magical forest spirit who takes them on fantastic adventures through the trees and the clouds--and teaches them a lesson about trusting one another.", "title": "My Neighbor Totoro Picture Book (New Edition): New Edition", "url": "http://www.goodreads.com/book/show/17571513-my-neighbor-totoro-picture-book-new-edition", "average": 4.57, "cover": "http://d.gr-assets.com/books/1376474491l/17571513.jpg", "reviews": 12, "authors": [{"url": "http://www.goodreads.com/author/show/4263.Hayao_Miyazaki", "name": "Hayao Miyazaki"}], "outlinks": ["http://www.goodreads.com/book/show/476814.My_Neighbor_Totoro_Picture_Book", "http://www.goodreads.com/book/show/476814.My_Neighbor_Totoro_Picture_Book", "http://www.goodreads.com/book/show/476814.My_Neighbor_Totoro_Picture_Book", "http://www.goodreads.com/book/show/476814.My_Neighbor_Totoro_Picture_Book", "http://www.goodreads.com/book/show/476814.My_Neighbor_Totoro_Picture_Book", "http://www.goodreads.com/book/show/476814.My_Neighbor_Totoro_Picture_Book", "http://www.goodreads.com/book/show/476814.My_Neighbor_Totoro_Picture_Book", "http://www.goodreads.com/book/show/476814.My_Neighbor_Totoro_Picture_Book", "http://www.goodreads.com/book/show/476814.My_Neighbor_Totoro_Picture_Book", "http://www.goodreads.com/book/show/476814.My_Neighbor_Totoro_Picture_Book", "http://www.goodreads.com/book/show/476814.My_Neighbor_Totoro_Picture_Book", "http://www.goodreads.com/book/show/476814.My_Neighbor_Totoro_Picture_Book", "http://www.goodreads.com/book/show/20572857-the-dragonlord-s-heir", "http://www.goodreads.com/book/show/3744599-the-faerie-door", "http://www.goodreads.com/book/show/8381942-excalibur", "http://www.goodreads.com/book/show/13498930-adventure-time-with-finn-jake", "http://www.goodreads.com/book/show/13436366-third-grade-angels", "http://www.goodreads.com/book/show/439597.Spider_Man_3", "http://www.goodreads.com/book/show/20518878-spirit-s-key", "http://www.goodreads.com/book/show/827276.Travel_Light", "http://www.goodreads.com/book/show/17287242-thor-s-serpents", "http://www.goodreads.com/book/show/10181349-metallic-dreams", "http://www.goodreads.com/book/show/15990233-the-hobbit", "http://www.goodreads.com/book/show/72212.The_Kingdom_by_the_Sea", "http://www.goodreads.com/book/show/2132756.Winnie_the_Pooh", "http://www.goodreads.com/book/show/12924427-adventures-of-a-wimpy-werewolf", "http://www.goodreads.com/book/show/15990311-shadow-of-darkness", "http://www.goodreads.com/book/show/18166943-the-children-of-the-king", "http://www.goodreads.com/book/show/75996.Friends", "http://www.goodreads.com/book/show/7598284-the-secret-lives-of-princesses", "http://www.goodreads.com/book/show/626339.Nausica_of_the_Valley_of_the_Wind_Vol_1", "http://www.goodreads.com/book/show/429853.The_Art_of_Spirited_Away", "http://www.goodreads.com/book/show/844349.Nausica_of_the_Valley_of_Wind_Vol_1", "http://www.goodreads.com/book/show/6297.The_Art_of_Howl_s_Moving_Castle", "http://www.goodreads.com/book/show/732139.Nausica_of_the_Valley_of_the_Wind_Vol_2"]}