{"ratings": 110, "userreviews": [{"userName": "Jo", "userReviewDate": "Jun 04, 2014", "userURL": "http://www.goodreads.com/user/show/15720800-jo", "userReview": "I loved this book! (in 1993). Especially that it was from the guy's perspective. It almost made teen parenting seem cool."}, {"userName": "Janette Guillen", "userReviewDate": "Apr 23, 2008", "userURL": "http://www.goodreads.com/user/show/1108838-janette-guillen", "userReview": "Imagine being pregnant and the baby's father wantsto take full custody of the baby while going to colledge! You course do not mind , you were going to sell your baby  for a couple of dollers just to help your family out. This book is a perfect example of the picture you just imagined. The typical girl ends up going out with the guy she wants. He is in a higher class than her but they fall in \"love\". As usual she ends up pregnant and being from a poor family she knows a baby is a bad idea right now. Her baby's father decides to take care of the baby on his own. While still going to colledge! His father obviously doesn't agree at all and puts up fits every day to try and convince him to no go trhough with his decicion. He doesn't care, he prefers to take and raise the baby himself than to have the baby sold or up for adoption and never see him again, like the mother has it planned."}, {"userName": "Karin", "userReviewDate": "Mar 30, 2014", "userURL": "http://www.goodreads.com/user/show/2043870-karin", "userReview": "One of my favorites when I was in high school."}, {"userName": "Sara", "userReviewDate": "Mar 29, 2012", "userURL": "http://www.goodreads.com/user/show/241479-sara", "userReview": "I was fascinated by Norma Klein books as a teenager. The characters seemed so sophisticated and smart. As an adult, however, I can see that they're as full of it as normal teenagers, just more verbose and neurotic. This particular story about a college senior who gets his girlfriend pregnant, then decides to take the baby to college and raise him alone, is kind of fun. The ending felt flat and uninteresting to me as a teenager, but now that I'm a parent, it gave me a little bit of sweet satisfaction."}, {"userName": "Stephanie A.", "userReviewDate": "Nov 17, 2014", "userURL": "http://www.goodreads.com/user/show/9617672-stephanie-a", "userReview": "A twist on the teen pregnancy trope, as this time we see what it's like for a single father. And not just any teenage father, but one trying to balance his first year at college, and who took on parenthood seriously rather than having the baby just dumped on him. I loved reading about his roommates, but beyond that, it was refreshing to see a mature and responsible character. There are frustrations, of course, but there is also a great deal of love for his son that shines through the page."}, {"userName": "Ari", "userReviewDate": "Nov 22, 2009", "userURL": "http://www.goodreads.com/user/show/2871087-ari", "userReview": "I really liked how the book was from a guy's perspective.  It was nice to see him take on taking care of Manson. The way he progressed through-tout the novel was nice too, but I think Vivian could have been cut out.  None the less lovely!"}, {"userName": "elissa", "userReviewDate": "Sep 21, 2007", "userURL": "http://www.goodreads.com/user/show/395578-elissa", "userReview": "I can't think of another teen father book before this one, even though there are a few now.  And Klein did it so well!  This was one of the first books I read and loved as a new YA librarian in the Bronx."}, {"userName": "Mom2jngncna~ Stephannie", "userReviewDate": "Oct 22, 2009", "userURL": "http://www.goodreads.com/user/show/45308-mom2jngncna-stephannie", "userReview": "I was the geek shelving books in the library in 8th grade. Had to borrow this on as opposed to shelving it. To this day it sticks in my mind."}, {"userName": "Lori ", "userReviewDate": "Feb 25, 2009", "userURL": "http://www.goodreads.com/user/show/2041249-lori", "userReview": "This is one of my favorite books.  I love the way this young man takes responsibility for his actions."}, {"userName": "Snarky's", "userReviewDate": "Jun 17, 2007", "userURL": "http://www.goodreads.com/user/show/108667-snarky-s", "userReview": "It's those pesky saturday nights that got them in this mess in the first place."}, {"userName": "Kathleen", "userReviewDate": "May 15, 2013", "userURL": "http://www.goodreads.com/user/show/18750342-kathleen", "userReview": "Town Center Library"}], "description": "Tim Weber's dream of attending Columbia University in New York is shattered when a casual relationship with a high-school classmate results in an unwanted pregnancy. But then Tim goes to court and wins custody of the child, moves to New York and tries balancing roommates with dirty diapers, daycare, dating and studying.", "title": "No More Saturday Nights", "url": "http://www.goodreads.com/book/show/417857.No_More_Saturday_Nights", "average": 3.63, "cover": "http://d.gr-assets.com/books/1387733069l/417857.jpg", "reviews": 11, "authors": [{"url": "http://www.goodreads.com/author/show/56326.Norma_Klein", "name": "Norma Klein"}], "outlinks": ["http://www.goodreads.com/book/show/3930761-madison-und-die-freiheit-der-jugend", "http://www.goodreads.com/book/show/297736.Taking_Care_of_Terrific", "http://www.goodreads.com/book/show/1220457.The_Arizona_Kid", "http://www.goodreads.com/book/show/327035.Izzy_Willy_Nilly", "http://www.goodreads.com/book/show/413121.The_Language_of_Goldfish", "http://www.goodreads.com/book/show/338799.Don_t_Think_Twice", "http://www.goodreads.com/book/show/1215850.Too_Soon_for_Jeff", "http://www.goodreads.com/book/show/1026220.The_Great_Mom_Swap", "http://www.goodreads.com/book/show/259967.Silver", "http://www.goodreads.com/book/show/328863.Shiva_s_Fire", "http://www.goodreads.com/book/show/679460.The_Birthday_Room", "http://www.goodreads.com/book/show/39784.Seventeen_and_In_Between", "http://www.goodreads.com/book/show/911892.Mr_and_Mrs_Bo_Jo_Jones", "http://www.goodreads.com/book/show/1577155.Roommates", "http://www.goodreads.com/book/show/1247131.Midnight_Hour_Encores", "http://www.goodreads.com/book/show/87222.Jason_and_Marceline", "http://www.goodreads.com/book/show/1047511.You_Shouldn_t_Have_to_Say_Goodbye", "http://www.goodreads.com/book/show/542269.The_Boy_From_the_Basement", "http://www.goodreads.com/book/show/127169.Ghosts_Beneath_Our_Feet", "http://www.goodreads.com/book/show/417849.Sunshine", "http://www.goodreads.com/book/show/575241.It_s_OK_If_You_Don_t_Love_Me", "http://www.goodreads.com/book/show/417850.Mom_the_Wolf_Man_and_Me", "http://www.goodreads.com/book/show/575242.Love_Is_One_of_the_Choices", "http://www.goodreads.com/book/show/205646.Just_Friends"]}