{"ratings": 316, "userreviews": [{"userName": "Tom", "userReviewDate": "Sep 22, 2012", "userURL": "http://www.goodreads.com/user/show/3730987-tom", "userReview": "Let me begin by stating that I am a climber and have a desire for adventure; sure, those might seem to go hand in hand, but how many climbers are willing to suffer in their thirst for adventure? My suffering has been hardly that, but the limited hardship I've endured has brought an appreciation for those who have set their sets higher, further afield or took on a challenge thought foolhardy by many. Which brings us to this book, this author, this audacious undertaking. Any climber or traveler who has spent some time crashing through the brush, navigating off trail, guessing at what might lie above and the best path to it will appreciate Benuzzi's writing, which captures the essence of being outdoors, off the beaten track on an adventure. It is not lost on the reader that the this is the vantage point of one who is restrained (actually prevented) much more than we are from enjoying \"being out there.\" He distills his sense of wonder and appreciation into words. I really enjoyed the detailed descriptions of how they finagled materials to create their gear, amazing. And I enjoyed even more the view of life at the POW camp--really a microcosm of society itself, who would have guessed?This may be a book that will stick with you long afterwards. I special ordered my copy, and as I rarely keep books (I live in an 800 sq ft home) I sold it back to the bookstore. Since, I have looked for it more than once...hoping to chance upon it for another read. Maybe that next time I'll keep it--it deserves a spot simply to be frequently seen and remembered, it is that special."}, {"userName": "Tyson Titensor", "userReviewDate": "Feb 08, 2014", "userURL": "http://www.goodreads.com/user/show/3616023-tyson-titensor", "userReview": "The author was a P.O.W. in Kenya during WWII. He stages an escape so that he can climb the second highest peak in Africa. He knows that there is no chance he will make a permanent escape, so his plan is to just return back to the camp after his climb and deal with the repercussions. It is an awesome story and I loved it.One of my favorite passages: \"Never, I imagine, have mountaineers approached the mountain of their dreams--a colossus of 17,000 feet at that--under such conditions; at least not in this century with its highly organized methods for collecting information. Our ignorance proved an insuperable handicap from the point of view of material achievement; but from the spiritual point of view, which is of far greater importance to the true mountaineer, it was in the nature of a gift from God. Every step led to new discoveries, and we were continually in a state of amazed admiration and gratitude.\""}, {"userName": "Damiano Cassese", "userReviewDate": "Nov 04, 2013", "userURL": "http://www.goodreads.com/user/show/7425328-damiano-cassese", "userReview": "This is truly an amazing book. That's because it isn't only a brilliantly written novel, with many breathtaking images vividly depicted in its pages. It isn't either because the story is actually true, and three italians really did such a incredibly stupid and beautiful thing as escaping only for the sake of climbing the beautiful mountain they saw from their camp. This is instead a book where the love for nature and mountain emerges as pure and sincere as few others. Really, you should read it."}, {"userName": "Conor", "userReviewDate": "May 27, 2014", "userURL": "http://www.goodreads.com/user/show/2252106-conor", "userReview": "If an acquaintance told me this story, I might not believe it, but I would desperately wish it to be true. During WW2, three Italian POWs in British-occupied Kenya escaped their camp in order to scale the nearby Mt. Kenya, then - being 'sporting' gentlemen - broke back INTO the camp 17 days later to wait for the war's conclusion.Benuzzi tells the story with incredible humility and self-deprecating humor, and he has a startling memory for the flora and fauna experienced on the mountain. And while he talks at length about the dangers faced on the mountain (with their makeshift gear they easily could have died) but leaves out almost entirely the risk faced by being an escaping POW. The mountaineers certainly could have been shot. But while the adventure may have been foolish from a practical standpoint, Benuzzi makes it clear that it was not a frivolous venture; it nourished his soul and allowed him to endure years more of captivity with dignity.I certainly enjoyed the book more because I recently climbed the mountain myself, but I recommend it to anyone with an interest in real-life adventure stories. Put in among the likes of The Great Escape and Seven Years in Tibet."}, {"userName": "Jessica", "userReviewDate": "Sep 05, 2012", "userURL": "http://www.goodreads.com/user/show/4067038-jessica", "userReview": "Far from detailed, this book just more or less goes through what happened. The writer has good humor every now and then."}, {"userName": "Jason Baum", "userReviewDate": "Oct 20, 2009", "userURL": "http://www.goodreads.com/user/show/2842360-jason-baum", "userReview": "Overall, I'm floored by the resourcefulness and determination of the author, Felice Benuzzi. The story, if you haven't read any of the other reviews or a synopsis of the book, tells the story of three Italian civilians who break out of an internment camp where they are held captive during WWII. Instead of fleeing to a neutral country, instead they do what only a handful of people had ever done 'til then -- scale Mount Kenya, Africa's second largest mountain.What's remarkable is how matter-of-factly Benuzzi, the leader of the ragtag expedition, describes his feat. Yet, despite the peril and adventure the story is fraught with, the book isn't the \"easiest\" of reads. The pacing mirrors Benuzzi's approach to challenges -- slow, methodical and logical. At times I had to push myself to keep reading. The push is worth it.I think one would be hard pressed to argue that the triumph of the will over adversity is a theme that has captivated readers since words were first recorded on paper. No Picnic On Mount Kenya is a resounding tribute to one such triumph."}, {"userName": "Christiane", "userReviewDate": "Jan 05, 2012", "userURL": "http://www.goodreads.com/user/show/1250314-christiane", "userReview": "This was the first of the random books I'm just pulling off the Queen Anne shelves to read, knowing nothing about them beforehand.  Even the cover of mine gives nothing away as it's just this dull brown library binding.  And yet, I got totally lucky as this is an amazing (true!) story of an Italian prisoner of war (Felice Benuzzi) in Kenya who, with two fellow prisoners, escaped from camp to climb nearby Mount Kenya, then snuck back into camp to serve out the remainder of the war as prisoners.  His account is funny, matter-of-fact and touching.  They endured threats from wild animals, ice and cold, and starvation, and apparently thought every minute worth it, as Benuzzi writes when they are at the foot of the mountain:  \u201cIf ever since our escape from barbed wire we had utterly forgotten that there existed in this world hatred, war and captivity, we did so at this moment.\u201d"}, {"userName": "Alethea Bothwell", "userReviewDate": "Jul 07, 2014", "userURL": "http://www.goodreads.com/user/show/23686036-alethea-bothwell", "userReview": "A wonderful book! I am always amazed an appalled at what mountaineers do - and this adds another layer to the amazement - these were prisoners of war, who had to make their own equipment, somehow save up food supplies, escape, climb the darn mountain, AND return - without getting caught.\"Because it's there\" was surely part of Benuzzi's justification for the attempt, but even more it was \"Because HE (Benuzzi) was there\" - in a POW camp, feeling his spirit being crushed.  This was his affirmation, reclaiming his humanity."}, {"userName": "James", "userReviewDate": "Apr 17, 2011", "userURL": "http://www.goodreads.com/user/show/426277-james", "userReview": "No Picnic on Mount Kenya is a tale of a bizarre and thrilling adventure, a story that quickly grips the reader with a unique combination of daring and suspense. In 1943, Felice Benuzzi and two Italian compatriots escaped from a British POW camp in equatorial East Africa with only one goal in mind--to climb the dangerous seventeen-thousand-foot Mount Kenya. Their story is one of bravery and mountaineering that is enthralling.  The sheer poetry of the story makes it vivid for the reader and that is what one remembers long after putting the book down.  But beyond the poetry is the spirit of adventure which transcends the page and inspires the reader.  For all who would dream of adventure this is one book that comes close to fulfilling that dream."}, {"userName": "Kevin Haile", "userReviewDate": "Jan 20, 2015", "userURL": "http://www.goodreads.com/user/show/24314971-kevin-haile", "userReview": "Interesting and very well written.  Check it out!"}, {"userName": "Judy", "userReviewDate": "Apr 22, 2014", "userURL": "http://www.goodreads.com/user/show/846102-judy", "userReview": "In 1943 three Italian prisoners of war in a British POW camp in Kenya escape with the intent of climbing nearby Mt. Kenya, a mountain over 17,000 feet tall. They have very rudimentary equipment they have cobbled together from whatever they could get their hands on, and they have a bare minimum of rations saved up for what they anticipate will be a two-week journey. At the end they intend to return to the POW camp as there is nowhere else to go. This book, a true story written by one of the escapees, is the story of that climb."}, {"userName": "Hollis Ramsey", "userReviewDate": "May 05, 2013", "userURL": "http://www.goodreads.com/user/show/19567169-hollis-ramsey", "userReview": "the most remarkable memoir i have ever had the extreme pleasure of reading.  during his time in a prison camp in the midst of World War II, Felice Benuzzi and two companions break out of the camp in order to climb Mount Kenya and then break back into the camp; after all, there's nowhere else to go.  Benuzzi is Italian but wrote in English with a sensitivity and perception that is all the more amazing for its fluency.  could perhaps appeal more to men than to women, but i believe everyone who can read should read this book."}, {"userName": "Jwill", "userReviewDate": "Sep 22, 2008", "userURL": "http://www.goodreads.com/user/show/1517793-jwill", "userReview": "It's been a while since I read it but I remember really liking this book.  The whole idea of breaking out of the prison camp just to climb the mountain is awesome.  It is entertaining to read about all their preparations (making crampons with nails/screws)... planning their route from the picture on their can of food?! All the scheming and planning must have been a great diversion from the boring prison camp routine...and they pulled it off."}, {"userName": "Brian", "userReviewDate": "Apr 02, 2009", "userURL": "http://www.goodreads.com/user/show/870082-brian", "userReview": "Ridiculous story about some Italian POWs in English East Africa during WWII. They were stuck in this POW camp at the foot of Mt. Kenya, thousands of miles away from friendly territory. They had no hope of escaping to go home nor was that any hope of their situation changing in the short term, so to get through the tough times they decided to sneak out and climb Mt. Kenya. One of the most amazing books I've ever read."}, {"userName": "Enzo", "userReviewDate": "May 11, 2014", "userURL": "http://www.goodreads.com/user/show/5311736-enzo", "userReview": "La libert\u00e0 pu\u00f2 anche essere limitata nel tempo, ma non meno importante.Il racconto di una \"fuga\" da campo di internamento con lo scopo secondario di tornare e quello primario di sfidare se stessi su una cima montana per ritornare a quello che il narratore era prima della guerra.Prosa che risente dei limiti del tempo, il dopoguerra, semplice, ingenua e un po' retorica ma quel che lascia \u00e8 il gusto dell'avventura"}, {"userName": "Karen Cramer", "userReviewDate": "Feb 07, 2014", "userURL": "http://www.goodreads.com/user/show/20232113-karen-cramer", "userReview": "This is a story of prisoners of war in Ethiopia who escaped their prison to climb Mt. Kenya.  It shows another manner that prisoner used to survive the humility of imprisonment.  They returned to the prison after the escape but had the memory to help them through the rest of their time.  It was incredibly hard for them to sneak the necessary supplies for the trip so it is very interesting."}, {"userName": "rachel", "userReviewDate": "Jun 22, 2008", "userURL": "http://www.goodreads.com/user/show/76834-rachel", "userReview": "The author was a POW in a British camp in Kenya during WWII. He can see Mt Kenya from camp, and decides he wants to climb it. THe book is about his secret preparations (e.g., making an ice axe from camp supplies), escape, the expedition itself, and then the subsequent return to camp.  Well-written and hard to put down, I think non-mountain genre people will enjoy this book as well."}, {"userName": "Giulia", "userReviewDate": "Mar 30, 2014", "userURL": "http://www.goodreads.com/user/show/334363-giulia", "userReview": "2 e mezzo"}, {"userName": "Rachel", "userReviewDate": "May 11, 2009", "userURL": "http://www.goodreads.com/user/show/246317-rachel", "userReview": "If you are into mountain climbing, possibly live in Kenya or may visit Mount Kenya or have some foundness about how PoWs spend their time this may be the book for you. The parts I found most interesting where how the PoWs collected random things and somehow inventively created tools for hiking up Mount Kenya."}, {"userName": "Yy", "userReviewDate": "Mar 19, 2013", "userURL": "http://www.goodreads.com/user/show/4460284-yy", "userReview": "Read this probably 10 years in 2003, when I was 14?Not sure why, my mind keeps coming back to this book.From memory, it had a tight pace, and was about the wills of men, and the follies of men.It kinda gave direction or insight on character.Read it randomly in some Reader's Digest collection."}, {"userName": "Jen", "userReviewDate": "Jul 01, 2013", "userURL": "http://www.goodreads.com/user/show/1511309-jen", "userReview": "Ran across this at a farm we stayed at recently... Riveting story written with just enough detail to help you live the experience with the author.  I would've liked more storyline at the end when they returned, but maybe that's just because I like closure.  :)"}, {"userName": "Matt", "userReviewDate": "Aug 22, 2007", "userURL": "http://www.goodreads.com/user/show/287783-matt", "userReview": "A fun book to read.  May be a true story, may not be a true story.  I really want to believe it is true because it is a great story of three people just saying \"I'm bored, let's give this a try\".  A fun and triumphant celebration of the human spirit."}, {"userName": "Dan", "userReviewDate": "Nov 11, 2009", "userURL": "http://www.goodreads.com/user/show/2584739-dan", "userReview": "This is a fascinating true story of three Italian POWs in a British POW camp in Kenya during Word War II.  They escape from the camp solely to climb the nearby Mt. Kenya, a peak that at the time had only been climbed by a few previous expeditions."}, {"userName": "Bruce", "userReviewDate": "Mar 23, 2014", "userURL": "http://www.goodreads.com/user/show/2993735-bruce", "userReview": "A bit of a generous rating.  Although the book is reasonably well written, it lacks the narrative drive of the best adventure tales.  If you're looking for a lot of drama, you won't find it here.  4 stars for good natured pluckiness."}, {"userName": "Josh", "userReviewDate": "Jan 05, 2010", "userURL": "http://www.goodreads.com/user/show/665036-josh", "userReview": "These prisoners of war go to so much trouble (breaking out of prison) just to do something beautiful and free (climb Mt. Kenya) knowing they'll go right back to prison. That's an original story."}, {"userName": "Heather", "userReviewDate": "Mar 09, 2009", "userURL": "http://www.goodreads.com/user/show/85628-heather", "userReview": "Josh LOVES this book. I do not. I think this is another case of me not liking the style in which something is written and not being able to get past that for the content. Oh well."}, {"userName": "Larry", "userReviewDate": "Aug 11, 2011", "userURL": "http://www.goodreads.com/user/show/3440402-larry", "userReview": "Fantastic tail of WWII escape to climb Mt Kenya. All they knew of the mountain they learned from a photo on the cover of a tin of corned beef. Awesome book."}, {"userName": "Lbrereton Brereton", "userReviewDate": "Jul 07, 2007", "userURL": "http://www.goodreads.com/user/show/169376-lbrereton-brereton", "userReview": "I absolutely loved this book. It is a true story. Incredible discriptive passages - it feels as if you are on the foot of Mt. Kenya."}, {"userName": "Ursula", "userReviewDate": "Jan 12, 2015", "userURL": "http://www.goodreads.com/user/show/1443964-ursula", "userReview": "What an amazing story, told so well. I'd like to see this more widely available (had to resort to paper), or a movie made."}, {"userName": "Jared", "userReviewDate": "Mar 01, 2009", "userURL": "http://www.goodreads.com/user/show/1106701-jared", "userReview": "One of the best adventure books ever written.  I came away loving the mountains even more than I did before...if that's possible."}], "description": "An Italian prisoner of war in equatorial East Africa recounts his escape from a British POW camp so that he might climb the 17,000-foot peak of Mount Kenya.", "title": "No Picnic on Mount Kenya: A Daring Escape, A Perilous Climb", "url": "http://www.goodreads.com/book/show/1121565.No_Picnic_on_Mount_Kenya", "average": 4.14, "cover": "http://d.gr-assets.com/books/1387704331l/1121565.jpg", "reviews": 40, "authors": [{"url": "http://www.goodreads.com/author/show/552279.Felice_Benuzzi", "name": "Felice Benuzzi"}], "outlinks": ["http://www.goodreads.com/book/show/7623811-no-picnic-on-mount-kenya", "http://www.goodreads.com/book/show/18113262-fuga-sul-kenya-17-giorni-di-libert", "http://www.goodreads.com/book/show/18113262-fuga-sul-kenya-17-giorni-di-libert", "http://www.goodreads.com/book/show/18113262-fuga-sul-kenya-17-giorni-di-libert", "http://www.goodreads.com/book/show/295292.The_Mountain_of_My_Fear_Deborah_", "http://www.goodreads.com/book/show/1383504.Starlight_and_Storm", "http://www.goodreads.com/book/show/318755.Everest", "http://www.goodreads.com/book/show/1259805.Scrambles_Amongst_the_Alps", "http://www.goodreads.com/book/show/1156181.The_Home_Of_The_Blizzard", "http://www.goodreads.com/book/show/1376687.The_Mountains_of_My_Life", "http://www.goodreads.com/book/show/108854.Travels_Into_the_Interior_of_Africa", "http://www.goodreads.com/book/show/252453.The_Royal_Road_to_Romance", "http://www.goodreads.com/book/show/141162.Minus_148_Degrees", "http://www.goodreads.com/book/show/945729.Conquistadors_Of_The_Useless", "http://www.goodreads.com/book/show/2152416.Cooper_s_Creek", "http://www.goodreads.com/book/show/494562.Running_the_Amazon", "http://www.goodreads.com/book/show/1375600.Kabloona", "http://www.goodreads.com/book/show/156591.Travels_in_West_Africa", "http://www.goodreads.com/book/show/463297.My_Journey_to_Lhasa", "http://www.goodreads.com/book/show/213337.My_Life_as_an_Explorer", "http://www.goodreads.com/book/show/889459.The_Crystal_Horizon", "http://www.goodreads.com/book/show/572242.Through_the_Brazilian_Wilderness"]}