{"ratings": 353, "userreviews": [{"userName": "Cheryl", "userReviewDate": "Oct 31, 2012", "userURL": "http://www.goodreads.com/user/show/3498889-cheryl", "userReview": "Much more than just a Titanic story, this offers a look at one privileged child's life in the days before plane travel and vaccines & antibiotics.  The text was written by one of the survivors, the mother of the boy who loved Polar, shortly after the event, and is accompanied by reproductions of lots of photos of the family and their adventures."}, {"userName": "Jim", "userReviewDate": "May 14, 2014", "userURL": "http://www.goodreads.com/user/show/2105546-jim", "userReview": "a non-fiction biography of a teddy bear that survived the titanic.  this book could have gone wrong so easily if it had been fiction (\"the berenstain bears survive a disaster!\" \"miss spider, the teddy bear and the 1500 dead folk.\" etc)  instead a beautifully written biography of a little rich boy and his steiff bear, both of which do survive the titanic.  lots of photos, postcards, tix from the titanic, even a small history of steiff made this a great read.  the one warning i'll give is the ending is melancholy in tone."}, {"userName": "Tricia", "userReviewDate": "Nov 24, 2010", "userURL": "http://www.goodreads.com/user/show/1924595-tricia", "userReview": "Despite the title, this book is much more about Polar's 'life' *before* the Titanic. Perhaps it should be titled \"Polar the bear of a fabulously wealthy boy in a bygone era, who happened to survive the sinking of the Titanic.\" It contains too much mundane and disconnected detail early on to maintain the attention of a young listener (even a 7yo with a keen interest in the Titanic). For example, do we need to know how long they stayed in each exotic locale and that they celebrated Washington's birthday? And why tell us that master is obsessed with the height and length of things (Eiffel Tower, p 31) if you're not going to follow up with stats of the Titanic? Perhaps it would have been the right length if it had started when they boarded the ill-fated ship (page 32 of 52). The art combines historic photographs and ephemera with watercolors that are a bit too fussy for my tastes. I also don't like how it's written from the perspective of the bear. I was interested in the intro and the epilogue, with glimpses into the family who owned the bear, but not the main body of the book."}, {"userName": "Laura", "userReviewDate": "Jun 09, 2012", "userURL": "http://www.goodreads.com/user/show/2511187-laura", "userReview": "I found Polar the Titanic Bear at a Goodwill for the nondescript price of $ .35. Printed across the front cover were the words \u2018A True Story\u2019, and the picture of Polar in his cute little sailor\u2019s outfit did me in. I bought it. And I\u2019m so glad I did.The Story. Polar\u2019s story begins inauspiciously as a seamstress stitches him together in a German toyshop. He is a stuffed animal and is part of a large order of toys which are being shipped to New York. As customers snatch Polar\u2019s bear friends from the shelves around him, Polar can\u2019t help but wonder if his turn will ever come. Finally a lady with red cheeks purchases Polar and gives him as a parting gift to her young nephew who is departing for a sea voyage. Master, as Polar calls the boy, is a great traveler and Polar journeys through Portugal, Monte Carlo, Panama, Paris, and Algiers tucked securely under Master\u2019s arm. Finally, it is time to sail home. Polar is excited because they will be voyaging on the maiden trip of a huge new ship \u2013 the Titanic. The first few days are splendid \u2013 Master and Polar are luxuriously accomodated and Polar even gets to slide down the banister of the main staircase. But on the fifth night, he and Master are yanked out of bed and scurried up onto the main deck. What is all this fuss about? Why is everyone being crammed into lifeboats? And will Polar and Master survive the dreadful night until they are rescued by the Carpathia?Praises. This book is a winner as far as all-around cuteness is concerned. Polar tells his story with a whimsical tone but without the snarky attitude of most children\u2019s books. Polar is also a pleasure visually; it tells the story of the Titanic with a combination of pictures, postcards, pictures, and painted scenes, as well as words.Lastly, although this isn\u2019t exactly a praise, I loved how Master and Polar were almost always wearing matching outfits. If Master had a coat on, Polar had a coat on. If Master had a sailor\u2019s outfit on, Polar had a sailor\u2019s coat on. If Master was sick in bed with a night-gown on, Polar was right there with him.Cautions. Some parents may be wary of a book narrated by a stuffed animal, but Polar never pretends to be alive and there is no communication between Polar and anyone else. He observes but does not speak.One mention is made that Master let a little girlfriend play with Polar for an afternoon.Conclusion. Polar the Titanic Bear tells the story of the Titanic in a way that you\u2019ve never heard it before - through the eyes of a stuffed animal! Visit The Blithering Bookster to find more reviews and recommendations.http://blitheringbookster.com/"}, {"userName": "Kerry Kenney", "userReviewDate": "Jun 25, 2008", "userURL": "http://www.goodreads.com/user/show/1254221-kerry-kenney", "userReview": "This story is the product of a private family album from a marvelous lost time--like a time capsule. This is a children's book that is better for an adult or a teenager. I will copy the abstract from amazon because it communicates exactly what I like about this book...please excuse my libertyImagine the excitement of rooting around in an old attic and discovering the letters, diaries, and photo albums of a relative. What if that memorabilia opened a window on the sinking of the Titanic, the most famous sea disaster of all time? That's exactly what happened to Leighton H. Coleman III. Exploring the attic of his relative Daisy Corning Stone Spedden, he found many personal treasures, including a charming book Daisy had written for her 8-year-old son, Douglas, in 1913. This story, combined with award-winning artist Laurie McGaw's gorgeous watercolor illustrations, actual family photographs, keepsakes, and historic postcards, weaves the fabric of Polar the Titanic Bear, an engaging slice of history for all ages, told through the black glass eyes of an extraordinary toy bear named Polar.The story begins in the toy workshop where Polar is born, and quickly moves to the point where he is given to \"Master,\" Daisy Spedden's son Douglas. Soon the boy and bear are inseparable! As the wealthy Speddens are world travelers, Polar and his new family sail from New York to Algiers and on to the French Riviera, until it comes time for them to return to America on the Titanic. On the fateful night of the sinking, Polar and the Speddens are lucky enough to be lowered down the side of the luxury liner in a lifeboat, but when the family boards the rescue ship, Polar finds himself left behind! How will Polar make it back to his best friend? In the epilogue, rich with family photographs, the historical context for the story is fully and engagingly explained, with more details on the Titanic disaster as well as a smattering of toy history. This is a wonderful gift book--the richness and emotion of the story are all the more poignant when enhanced by the Spedden family photographs, their tragic personal story, and the reflection of an era that will never exist again. (All ages ... excellent for reading aloud to ages 6 and older, but perfect for 9- to 12-year-olds, too.) --Karin Snelson --This text refers to an out of print or unavailable edition of this title."}, {"userName": "Lauren Summers", "userReviewDate": "Jan 10, 2014", "userURL": "http://www.goodreads.com/user/show/11110939-lauren-summers", "userReview": "The book is billeted as a Titanic story but over two-thirds are devoted to the description of the Speddens decadent, transient life-style. The pathos, devastation and terror that embodies all things Titanic is glossed over for an apathetic account of how the toy bear almost gets left in the life boat. After 1,500 people have just drowned or frozen to death in the most infamous at-sea disaster of all time, that seems an odd thing to focus on. I understand that this is written for a child audience by a mother creating a personal narrative for her son, but it becomes callously self-aggrandizing when taken out of the family circle in which it was created. The epilogue attempts to rehabilitate the notable lack of empathy in Speddens story but has little to work with. Not much human sympathy is left over for these silver spooned, roaming millionaires when the epilogue relates how young Douglas was killed in an automobile accident at the age of 9. The only redeeming aspect was the inclusion of the famous picture of Douglas playing with his top on the deck of the Titanic."}, {"userName": "Sarah", "userReviewDate": "Mar 09, 2014", "userURL": "http://www.goodreads.com/user/show/23875155-sarah", "userReview": "My girls & I really liked this book. It was interesting how it was told from the bears perspective. I liked how they included some history, before & after, about the family that the bear belonged to. The illustrations were very nice & the pictures of actual photos of the family add a nice touch to the book.  This would make an excellent basis for a study of history. There is so many things/places - foreign & US - that you could study, just from the places & events that take place in this book."}, {"userName": "Nicole Packer", "userReviewDate": "Oct 21, 2014", "userURL": "http://www.goodreads.com/user/show/34920233-nicole-packer", "userReview": "I absolutely loved this book! It is super cute and I love how the story is told from the bears point of view rather than the little boys point of view. I really want this in my classroom when I am a teacher!"}, {"userName": "Eyehavenofilter ", "userReviewDate": "Nov 08, 2012", "userURL": "http://www.goodreads.com/user/show/7577191-eyehavenofilter", "userReview": "this is a true story about a stuffed bear that made the rounds of several countries with his boy Douglas Spedden, and ended up on the Titanic. The book is filled with actual photos of Douglas with Polar, and fanciful 1900's themed watercolors that complete the vision.The story is told from the point of view of the bear himself, so its sweet and non threatening. Douglas, Polar and his mother make it safely to the lifeboat and are rescued by the Carpathia, but Polar is almost left behing on the life boat.What happens next? Read away my friends... its a kids book, but youll love it, and miss the charm ever present within its pages."}, {"userName": "Beth", "userReviewDate": "Apr 30, 2012", "userURL": "http://www.goodreads.com/user/show/3590594-beth", "userReview": "Okay, if you can get around the fact that there is WAY too much text, and the story is not paced well, then this book is a great way to introduce kids to the titantic's tragedy.The illustrations were lovely and realistic, and the period photos added nice touches.  The fact that this true story follows the adventures of a stuffed animal was charming.  Otherwise I wish the author had found a better editor to streamline the story.I did like how the first part of this story was ANTI-Velveteen Rabbit.  This stuffed animal that faithfully helps his master get through measles is not thrown away, just disinfected."}, {"userName": "Mason & Natalie", "userReviewDate": "Jan 04, 2008", "userURL": "http://www.goodreads.com/user/show/742243-mason-natalie", "userReview": "Not really sure how to rate this book. I LOVE all things about the Titanic, so I was excited to read this to my son when he brought it home from school. But, he doesn't know anything about the Titanic and I think was a bit worried by seeing the ship sinking in the book! For older kids, I think it would be a great book - lots of references to the way things were back then, and both in the beginning and back of the book there is a lot of information. I loved, though, that there were actual pictures of \"Master\" (Douglas) and Polar through the books, and photos of places they visited and things that they saw."}, {"userName": "Jenna", "userReviewDate": "Dec 13, 2011", "userURL": "http://www.goodreads.com/user/show/6179167-jenna", "userReview": "Polar is a stuffed bear that belongs to a young boy.  The entire story is told from the point of view of the bear, from the time he was stuffed and shipped, until the day his master passed away.  Polar was a special bear because the young boy he belonged to was on the Titanic the night it sank.  Polar offers an eyewitness account of the tradgic events that night in 1912.Though the book was geared toward a seven year old boy, I find it hard to believe that a child that young today would be able to sit through it.  The story is full of facts from a bygone era, that most children wouldn't be interested in."}, {"userName": "Beth", "userReviewDate": "Aug 16, 2012", "userURL": "http://www.goodreads.com/user/show/1103021-beth", "userReview": "Daisy Corning Stone Spedden was one of the few survivors of Titanic, along with her son and husband. As a Christmas present, she wrote this story for her son (who would tragically die a few years later), using the view of one of his favorite toys. Apparently she illustrated the original book too, but this one was redone by another illustrator. I actually would like to see the original illustrations. Daisy was a prolific photographer, and some of her photographs of the family were included in this book, along with other well-known photographs of the doomed ship. A somewhat sweet story."}, {"userName": "Diane Heath", "userReviewDate": "Sep 17, 2014", "userURL": "http://www.goodreads.com/user/show/13343364-diane-heath", "userReview": "Originally written by Daisy Spedden for her son. They were among the survivors of the Titanic."}, {"userName": "Melissa", "userReviewDate": "Feb 10, 2011", "userURL": "http://www.goodreads.com/user/show/1361342-melissa", "userReview": "The background information supplied were more fascinating than the actual story told, and added immensely to it.  The story is a wonderful children's story - the life of a bear, who happened to survive the sinking of the Titanic.  The story itself is not the most well-written, but the aforementioned supplemental info explained that it was written by the mother to her 7-year-old son, both of whom also survived the Titanic, and was found in an attic by relatives years later and published.  It is a touching commemoration of a brave family and one brave teddy bear :-)"}, {"userName": "Cheryl", "userReviewDate": "May 02, 2010", "userURL": "http://www.goodreads.com/user/show/2079470-cheryl", "userReview": "While poking through items stored in an old attic, Leighton Coleman found a little journal written by his relative, Daisy Spedden, to her young son, Douglas. The story is about Douglas and his bear named Polar.  Polar traveled the world with the wealthy Spedden family.  Polar recounts their adventures which include their ill fated voyage on and rescue from the Titanic.  This charming little book includes photos from the Spedding family album as well as watercolor drawings which give the reader a glimpse of what life was like at the turn of the last century."}, {"userName": "Tracksall", "userReviewDate": "Dec 29, 2012", "userURL": "http://www.goodreads.com/user/show/14562358-tracksall", "userReview": "A lover of children's books, I chose this delightful story written by a Titanic Survivor about her son and his bear.  The photos included added a historical touch.  It was purchased in Pigeon Forge at the Titanic Attraction.  I recommend this tour if ever in Branson, MO or Pigeon Forge.  And get a tour audio handset if you go!  A great place for people who love reading.  So much information on interpretive displays.  We spent almost 4 hours and still didn't \"see\" (read) evey thing.  Polar is a cute story for kids...and me too!"}, {"userName": "Heather", "userReviewDate": "Sep 12, 2009", "userURL": "http://www.goodreads.com/user/show/961155-heather", "userReview": "I found this book to be very interesting, although I couldn't get my 3 year old to sit through the whole thing. It is about a stuffed bear that survived the Titanic. The woman who wrote it, wrote it as a gift for her son who owned the stuffed bear. She kept many journals and took many photographs which you can see through out the book. It's about how a small boy (with his stuffed bear as narrator) would have felt about this historical disaster."}, {"userName": "Lauren Loutzenhiser", "userReviewDate": "May 26, 2010", "userURL": "http://www.goodreads.com/user/show/982534-lauren-loutzenhiser", "userReview": "My greatest \"accidental\" find.... I would give this more than 5 stars if I could!  This is a childrens' book, but adults will probably appreciate it more.  Not only is this an incredible story (don't forget to find out what happens to \"Master\" - this is divulged only in the bigger hardcover edition) but the accompanying watercolor illustrations are fabulous!  Run to your library and find this book!"}, {"userName": "Michelle Gerber", "userReviewDate": "Aug 25, 2011", "userURL": "http://www.goodreads.com/user/show/5373775-michelle-gerber", "userReview": "The childrens story was a little dated (to be expected), but it was also bland.  It seemed to tell a story without a plot, climax, or purpose.  The bears love for his master and masters love for the bear was similar to The Velveteen Rabbit -which I guess caused me to expect more out of the story.  The Introduction and the Epilogue were far more interesting."}, {"userName": "Robin", "userReviewDate": "Apr 11, 2012", "userURL": "http://www.goodreads.com/user/show/5345877-robin", "userReview": "Good description of what life was like for the rich in America in the early 1900s - lots of travel abroad, servants, etc. This is a true account of the life of a young rich boy who happens to have been a survivor of the Titanic as told by his toy bear. Interesting, it includes many photographs that are great to look at. I love the history!"}, {"userName": "Starr Elementary", "userReviewDate": "Apr 11, 2012", "userURL": "http://www.goodreads.com/user/show/7060133-starr-elementary", "userReview": "Good description of what life was like for the rich in America in the early 1900s - lots of travel abroad, servants, etc.   This is a true account of the life of a young rich boy who happens to have been a survivor of the Titanic as told by his toy bear.   Interesting, it includes many photographs that are great to look at.  I love the history!"}, {"userName": "Kristal Cooper", "userReviewDate": "Jul 27, 2011", "userURL": "http://www.goodreads.com/user/show/3948009-kristal-cooper", "userReview": "This is an amazing story that I never knew about!  Polar is a stuffed bear that belonged to a real boy in a real family that survived the sinking of the Titanic.  Two Christmases later, the boy's mother wrote a children's book for her son, about Polar's adventures.  This book includes both stories.  Loved it!"}, {"userName": "Maelee", "userReviewDate": "Dec 03, 2008", "userURL": "http://www.goodreads.com/user/show/1339346-maelee", "userReview": "Polar the Titanic Bear is a book read on several levels. It is a story of love and devotion as well as a delightful children's story for all ages. The seriousness of the Titanic tragedy is balanced with the true love between mother and child, and child and teddy bear. There's something for everyone in this story."}, {"userName": "Danielle", "userReviewDate": "Oct 06, 2013", "userURL": "http://www.goodreads.com/user/show/6559009-danielle", "userReview": "I usually love anything to do with the titanic but this was all about the relationship between a boy and his bear and the journey of the bear. It was ok but it is definately not a children's book that I would read to mine. I think it would bore them to sleep, so maybe it would be a good book to read lol."}, {"userName": "Nancy", "userReviewDate": "Sep 10, 2013", "userURL": "http://www.goodreads.com/user/show/1956252-nancy", "userReview": "An interesting perspective on the Titanic disaster as told by a Steiff polar bear who was fortunate to belong to the son of a wealthy couple traveling in first class and were among those saved. I really liked the illustrations--a mixture of water colors and historic photos and postcards."}, {"userName": "Emma Ramos", "userReviewDate": "Aug 11, 2012", "userURL": "http://www.goodreads.com/user/show/6201849-emma-ramos", "userReview": "I bought and read this to two very special little boys in my life. They adored the story and asked to hear it again. While Polar: The Titanic Bear gives an honest account of the sinking, it also weaves in a touching tale about a boy and his beloved \"stuffy\". Educational and heartwarming."}, {"userName": "Lisa", "userReviewDate": "Apr 01, 2010", "userURL": "http://www.goodreads.com/user/show/3410688-lisa", "userReview": "Having found similar treasures in our family's memorabilia, we connected with the background of this author. This book along with a stuffed polar bear with handmade sailor outfit was a gift to our son and will remain a family keepsake. We absolutely adore this story."}, {"userName": "Sarah", "userReviewDate": "Dec 11, 2012", "userURL": "http://www.goodreads.com/user/show/12724132-sarah", "userReview": "I have not had the opportunity to read this book, but it is about the tragic Titanic historical happening through the eyes of a stuffed animal.  This would be great to use as an introduction to a history lesson on the Titanic within one's classroom."}, {"userName": "Ellenjsmellen", "userReviewDate": "Feb 10, 2008", "userURL": "http://www.goodreads.com/user/show/649543-ellenjsmellen", "userReview": "When I had my son, there was a local middle school that raised money to buy books. Those books were to be given to every single mother who delivered a baby at my hospital. My son and I were the first recipients of that book. What a great idea."}], "description": "Written by American heiress Daisy Corning Stone Spedden for her son Douglas--as a Christmas present the year after they escaped the doomed Titanic--this charming and intriguing story gives an enthralling account of the disaster as seen through the eyes of Stephen's teddy bear. Illustrated with evocative watercolors, family photos, postcards, and keepsakes.", "title": "Polar The Titanic Bear", "url": "http://www.goodreads.com/book/show/2157716.Polar_The_Titanic_Bear", "average": 4.03, "cover": "http://d.gr-assets.com/books/1266590526l/2157716.jpg", "reviews": 45, "authors": [{"url": "http://www.goodreads.com/author/show/73137.Daisy_Corning_Stone_Spedden", "name": "Daisy Corning Stone Spedden"}], "outlinks": ["http://www.goodreads.com/book/show/17703410-polar---der-titanic-b-r", "http://www.goodreads.com/book/show/15775501-polar", "http://www.goodreads.com/book/show/127342.Titanic", "http://www.goodreads.com/book/show/1200656.You_Wouldn_t_Want_To_Sail_On_The_Titanic_", "http://www.goodreads.com/book/show/3338001-all-stations-distress", "http://www.goodreads.com/book/show/127336.882_1_2_Amazing_Answers_to_Your_Questions_About_the_Titanic", "http://www.goodreads.com/book/show/127338.Last_Dinner_On_the_Titanic_Menus_and_Recipes_From_the_Great_Liner", "http://www.goodreads.com/book/show/4821.If_You_Sailed_On_The_Mayflower", "http://www.goodreads.com/book/show/2851124-samuel-eaton-s-day", "http://www.goodreads.com/book/show/8227.Winter_Days_in_the_Big_Woods", "http://www.goodreads.com/book/show/684888.The_Titanic_Disaster_Hearings", "http://www.goodreads.com/book/show/460114.Titanic", "http://www.goodreads.com/book/show/1239374.Titanic", "http://www.goodreads.com/book/show/12953569-titanic-love-stories", "http://www.goodreads.com/book/show/1342905.Froggy_s_Baby_Sister", "http://www.goodreads.com/book/show/7230979-lost-voices-from-the-titanic", "http://www.goodreads.com/book/show/916564.Titanic_Crossing", "http://www.goodreads.com/book/show/1983977.Going_to_Sleep_on_the_Farm", "http://www.goodreads.com/book/show/699620.Akiak"]}