{"ratings": 888, "userreviews": [{"userName": "Laura", "userReviewDate": "Jan 30, 2014", "userURL": "http://www.goodreads.com/user/show/2511187-laura", "userReview": "Mandy is saddened to hear that Mrs. Jackson is selling her beautiful pony, Prince. She understands her decision \u2013 keeping a pony is expensive and ponies need regular exercise \u2013 but she will miss the sweet pony.At school, Mandy has been assigned to help Susan Collins, the new girl, settle in. It wouldn\u2019t be so hard if Susan wasn\u2019t determined to point out every way that London is better than their small country town. Mandy finds herself struggling to keep her temper with Susan, but when the opportunity comes to see Susan\u2019s pony, Mandy jumps at it. Maybe they can connect over animals.But Mandy is shocked to find that \u201cSusan\u2019s\u201d pony is, in reality, Prince! She becomes even more worried when it becomes apparent that Susan intends to enter Prince in a jumping competition even though Prince is having trouble breathing. Is there anything Mandy can do to prevent Prince from being seriously injured?Discussion.Of course, Mandy does find a way to save Prince. When all of her verbal persuasion fails (Susan utterly refuses to withdraw Prince from the competition), she resorts to more desperate measures. She temporarily kidnaps Prince!!!Part of me empathized with Mandy \u2013 it is hard to see a beloved animal in a position of ill health. But to steal a horse, even out of good intentions, is hardly justifiable. Especially problematic is the fact that Mandy\u2019s mother assures her that she did the correct thing by kidnapping Prince.I appreciated that Baglio gave Susan a second dimension. When we first meet her, she seems unfriendly and snobby. She isn\u2019t interested in making friends with anyone and would prefer to gloat in her own wealth than extend kindness towards anyone. However, as the book progresses, we begin to peer under Susan\u2019s crusty exterior and discover that she is a girl who misses her mother dreadfully (her mother is a famous actress who is rarely at home), and would do anything to regain her parents\u2019 attention. This is the reason why she was willing to risk Prince\u2019s health \u2013 she thought that by winning a competition she might earn her parents\u2019 love.Conclusion. So-so.Visit The Blithering Bookster to read more reviews!www.blitheringbookster.com"}, {"userName": "Emily", "userReviewDate": "Jan 20, 2014", "userURL": "http://www.goodreads.com/user/show/5047847-emily", "userReview": "I enjoyed this book in the Animal Ark series. Mandy and James are worried about a pony named Prince.  He seems to tire from the slightest bit of exercise and rolls his eyes and runs away from hay. Mandy tries to stop Susan Collins from making Prince jump at the competition at their fair. However, Susan thinks that Mandy is just jealous and decides to ignore her. This could cost the life of the pony unless Mandy and James intervene."}, {"userName": "Elle", "userReviewDate": "Dec 14, 2010", "userURL": "http://www.goodreads.com/user/show/2909168-elle", "userReview": "Mandy is visiting Mrs.Jackson and while she is there she gets to see her pony, Prince.When Mandy heres that Mrs. Jackson is selling Prince , Mandy is upset.Later on she finds out the new girl in her class bought him she is not to happy about it.When Mandy is at Susan's house,she notices that Prince has an awful cough.Susan says that it is just a cold, but Mandy is not so sure.Days later Mandy finds out that Susan plans to jump him and win no matter how hard she has to push him.When Mandy dicovers what is causing the cough,she has to stop him from jumping or he could die.Will she stop Susan or will she lose her freind?"}, {"userName": "Katerina Lee", "userReviewDate": "Nov 21, 2009", "userURL": "http://www.goodreads.com/user/show/2941014-katerina-lee", "userReview": "This  book  is  very  caring!"}, {"userName": "Hailey", "userReviewDate": "Oct 07, 2008", "userURL": "http://www.goodreads.com/user/show/1599238-hailey", "userReview": "this book is very good"}, {"userName": "Vanesah", "userReviewDate": "Jul 25, 2008", "userURL": "http://www.goodreads.com/user/show/1327107-vanesah", "userReview": "i like this book"}, {"userName": "Sarah burrows", "userReviewDate": "Jan 07, 2011", "userURL": "http://www.goodreads.com/user/show/4472665-sarah-burrows", "userReview": "omg always used to read this book, lucy daniels books are what i always used to read and which got me into reading really when i was a couple of years younger and before i started reading more advanced books. lost count how many times i must have read this book i was always drawn into and was always amazed at the length mandy would go to for the animals, also secretly i could almost see a bit of myself in mandy (when i was that age!), she was the type of girl any animal lover would want to be. love this book xx"}, {"userName": "Twyla", "userReviewDate": "Jan 01, 2015", "userURL": "http://www.goodreads.com/user/show/3103241-twyla", "userReview": "my favorite part was when susan was nice and prince was saved. the worst part was when prince was sick. my favorite character was mandy. there was no worst character"}, {"userName": "Rose Dawson", "userReviewDate": "Feb 04, 2013", "userURL": "http://www.goodreads.com/user/show/15876876-rose-dawson", "userReview": "Jak j\u00e1 milovala Archu zv\u00ed\u0159at,Mandy a Jamese a spoustu zv\u00ed\u0159\u00e1tek,co se tam objevila.Kn\u00ed\u017eka je od 9 let,je to n\u00e1dhern\u00fd d\u011btsk\u00fd p\u0159\u00edb\u011bh pln\u00fd zv\u00ed\u0159\u00e1tek,p\u0159\u00e1telstv\u00ed a d\u016fv\u011bry.Jako mal\u00e1 jsem ji p\u0159\u00edmo ''\u017erala'' a p\u0159e\u010detla jsem celou s\u00e9rii. ;)"}, {"userName": "Sammy", "userReviewDate": "Aug 07, 2011", "userURL": "http://www.goodreads.com/user/show/4792806-sammy", "userReview": "I was completely obsessed with this series of books when I was a child and my aim was to read every single book. They are a really good children's series."}, {"userName": "Claire", "userReviewDate": "Dec 10, 2009", "userURL": "http://www.goodreads.com/user/show/3024210-claire", "userReview": "ok its kind of boring- they are for young readers!! not to big either- i finish them in about.... 30 min.??? then agian i am an extremly fast reader!"}, {"userName": "Samantha", "userReviewDate": "Jul 22, 2011", "userURL": "http://www.goodreads.com/user/show/4618246-samantha", "userReview": "Boy do I miss this series. I can't believe how long it has been since I picked up an Animal Ark book."}, {"userName": "Ava", "userReviewDate": "Jan 30, 2011", "userURL": "http://www.goodreads.com/user/show/4098387-ava", "userReview": "It was a really good story but not quite enough action. It's still really good though!!!!"}, {"userName": "Touloulou", "userReviewDate": "Jun 12, 2012", "userURL": "http://www.goodreads.com/user/show/4640989-touloulou", "userReview": "I have fond memories of these books! They are perfect for animal-lovers."}, {"userName": "Allison", "userReviewDate": "Jun 09, 2008", "userURL": "http://www.goodreads.com/user/show/1151888-allison", "userReview": "It was ok. Part of the book i so didnt get. LOL. I read it a long time ago!"}, {"userName": "Kim", "userReviewDate": "May 13, 2011", "userURL": "http://www.goodreads.com/user/show/5074883-kim", "userReview": "Great series for late elementary/early middle school children who love animals."}, {"userName": "Jessie", "userReviewDate": "Dec 30, 2014", "userURL": "http://www.goodreads.com/user/show/3983573-jessie", "userReview": "This was my favourite series growing up. Each book is fantastic."}, {"userName": "Liz", "userReviewDate": "Jul 25, 2011", "userURL": "http://www.goodreads.com/user/show/5871159-liz", "userReview": "Pony on the porch, indeed a new tag. Blah."}, {"userName": "Mariah H", "userReviewDate": "Jan 01, 2015", "userURL": "http://www.goodreads.com/user/show/34228121-mariah-h", "userReview": "I thought it was a very brave book."}, {"userName": " \u2620\u263cSerena\u263c\u2620", "userReviewDate": "Jan 25, 2008", "userURL": "http://www.goodreads.com/user/show/830428-serena", "userReview": "YAY for this book!!"}, {"userName": "Mahathi", "userReviewDate": "Dec 13, 2009", "userURL": "http://www.goodreads.com/user/show/817311-mahathi", "userReview": "animal ark series"}], "description": "All animals and animal lovers are welcome at the Animal Ark Veterinary Clinic.At Animal Ark, Mandy Hope helps her parents treat animals of all shapes and sizes. Even outside the clinic, Mandy can't resist helping any animal in need.When Mandy meets stuck-up Susan Collins she quickly decides that the only good thing about her is her pony Prince. But then Mandy realizes that Susan's determination to win at show-jumping threatens the life of the beautiful pony.Can she convince Susan before it's too late?", "title": "Pony on the Porch\n      \n          (Animal Ark #2)", "url": "http://www.goodreads.com/book/show/2029504.Pony_on_the_Porch", "average": 3.7, "cover": "http://d.gr-assets.com/books/1348695753l/2029504.jpg", "reviews": 21, "authors": [{"url": "http://www.goodreads.com/author/show/80569.Lucy_Daniels", "name": "Lucy Daniels"}, {"url": "http://www.goodreads.com/author/show/11449.Ben_M_Baglio", "name": "Ben M. Baglio"}, {"url": "http://www.goodreads.com/author/show/452349.Shelagh_McNicholas", "name": "Shelagh McNicholas"}], "outlinks": ["http://www.goodreads.com/book/show/18485343-poni-porstuassa", "http://www.goodreads.com/book/show/1401206.Kitten_in_the_Cold", "http://www.goodreads.com/book/show/645885.Kittens_in_the_Kitchen", "http://www.goodreads.com/book/show/1503075.Puppies_in_the_Pantry", "http://www.goodreads.com/book/show/2865734-goat-in-the-garden", "http://www.goodreads.com/book/show/1912043.Hedgehogs_in_the_Hall", "http://www.goodreads.com/book/show/1413465.Badger_in_the_Basement", "http://www.goodreads.com/book/show/484176.Sheepdog_in_the_Snow", "http://www.goodreads.com/book/show/1901355.Cub_in_the_Cupboard", "http://www.goodreads.com/book/show/675639.Piglet_in_a_Playpen", "http://www.goodreads.com/book/show/1761212.Owl_in_the_Office", "http://www.goodreads.com/book/show/645885.Kittens_in_the_Kitchen", "http://www.goodreads.com/book/show/1503075.Puppies_in_the_Pantry", "http://www.goodreads.com/book/show/1901355.Cub_in_the_Cupboard", "http://www.goodreads.com/book/show/1413465.Badger_in_the_Basement", "http://www.goodreads.com/book/show/1413399.Hamster_in_a_Hamper"]}