{"ratings": 581, "userreviews": [{"userName": "Marike", "userReviewDate": "Jan 08, 2012", "userURL": "http://www.goodreads.com/user/show/6312289-marike", "userReview": "Pure dead wicked by Debi GlioriPure fun. Probably aimed at about 10-year olds \u2013 and those older who can enjoy the light touch. It is the second one in a series, but each can be read separately. The stories concern a very eccentric Strega-Borgia family, living in an ancient run-down castle StregaSchloss in Scotland. In this adventure the family home is threatened by demolition. The roof is collapsing. The family moves into the local hotel over Christmas time while repairs are to be done. Unfortunately the builders are corrupt \u2013 Hugh Pylum Haight\u2019s plan is to destroy the house to the extent that the family will be forced to sell it so that he can then build new developments on the site. He is in cahoots with a lazy pair of estate-developers \u2013 Vinnie and Vadette. Some of the highlights are: Damp accidentally changing Titus\u2019 clone programme; the dragon-teeth soldiers; the beasts\u2019 escape from the hotel quarters; Ffup discovering she\u2019s a female dragon; and of course the great denouement... Let me rather give you a summary of the characters:Signor Luciano Strega-Borgia: father of the household. Attempting to keep the house together.Signora Baci Strega-Borgia: apprentice witch. Very touchy about comments on her spells working (or not)Titus: 12-year old hero, computer besotted. Attempts to create clones using a rotten geese carcass and some other unmentionables. Plan goes rather not as planned.Pandora: 10-year old heroine. She has some unconventional pets who need rescuing from Strega-Borgia. Saves various sticky situationsDamp: 18 month old sister. Causes unwitting trouble, esp. when, well, damp.Strega-Nonna: great-great-great-great-great-great grandmother cryogenically preserved in the freezer, occasionally appearing to save the day.Mrs Flora McLachlan: nanny, the good help that was hard to find. generally appearing with wonderful baking and hardly anyone (esp. not Signora Baci) noticing her magic.Latch \u2013 the butler. drinks a bit too much whiskey on occasion.Sab, Ffup and Knot \u2013 mythical beasts living in the Schloss dungeon (dragon, gryphon, yeti)Tock \u2013 crocodile living in the Schloss moat, a vegetarian (though when faced with possibility of surviving on the wild road he realised it would be rude to refuse food offered to him by his companions on the basis of it being a lamb)Tarantella: one of Pandora\u2019s pets \u2013 a spider with lipstick and attitudeMultitudina: another of the pets: rat, mother to multitudes"}, {"userName": "Anneliese", "userReviewDate": "Sep 09, 2007", "userURL": "http://www.goodreads.com/user/show/354600-anneliese", "userReview": "This is the first of 6 books which are great.They combine the idea of magic and technology (try shrinking you baby sister and then losing her on the internet) in a really interesting and strange way. They feature an Italian family living in their ancestral home in Scotland, the mother aspiring to be a witch (yet failing spectacularly in later books), the father trying to establish some normality in his life (despite having being kidnapped by his half-brother, a mafia don).However the children (Titus, Pandora and their baby sister Damp) have their own problems, namely resisting all attempts at getting them a nanny, finding a tribe of missing rats (also lost on the internet) and coping with the mysterious disappearance of their father.I found it hilarious."}, {"userName": "stephanie", "userReviewDate": "Nov 30, 2009", "userURL": "http://www.goodreads.com/user/show/1717610-stephanie", "userReview": "just when the Strega-Borgia think its safe to relax in their ancestral castle.... it isn't. first their roof collapses, forcing them into the Auchenlochtermunchty Arms- the local hotel that will accommodate three mystical beasts and a crocodile. then Titus accidentally creates five hundred tiny naked pink clones. but thats not all. There are also a few evil contractors plotting to destroy their home. Perhaps the miniature kilted warriors arising from the spilled magic potion can help....i really liked the book it was a total page turner and just when you think there is going to be a slow part it gets so exciting i would recomend this book to people who like twists and turns and never would have put it together."}, {"userName": "Hannah Smith", "userReviewDate": "Sep 14, 2014", "userURL": "http://www.goodreads.com/user/show/34825088-hannah-smith", "userReview": "As with the first and third of the series (Pure Dead Magic & Brilliant respectively) I enjoyed this read a lot as a kid and still do now."}, {"userName": "Lesley", "userReviewDate": "Jul 03, 2014", "userURL": "http://www.goodreads.com/user/show/6410415-lesley", "userReview": "Re-visiting the whole series, since I haven't read it in years. Not quite as good as I remember, but still good."}, {"userName": "Liz", "userReviewDate": "Apr 28, 2009", "userURL": "http://www.goodreads.com/user/show/2191574-liz", "userReview": "This was definitely my favourite out of the Strega-Borgia books. To cut a long story short, the roof of old the ancestral home begins to leak, forcing the Strega-Borgias to move out into a hotel in the nearby village of Auchenlochtermuchty (I think that's how you spell it) at great expense, while the roof gets repaired by a rather dodgy building company. Meanwhile, Titus and Pandora try to create their own clones.Absolute mayhem ensues, and quite a few people get eaten.My favourite scene in the book absolutely has to be when Ffup realises something very important..."}, {"userName": "Tegan", "userReviewDate": "Dec 26, 2013", "userURL": "http://www.goodreads.com/user/show/15399871-tegan", "userReview": "This was a great little book even though i am not the intended audience i could still appreciate that it was a great read. It had drama family mythical creatures everything a child could want in a story. I found myself loving the characters especially the kids as i could relate to the siblings bickering with one another and having younger siblings than myself. IT was well written for a children's book and had great detail i could picture everything i was reading in my mind."}, {"userName": "C. Maria", "userReviewDate": "Jan 07, 2015", "userURL": "http://www.goodreads.com/user/show/30120000-c-maria", "userReview": "Nice story, I think I would have enjoyed it much if I was younger."}, {"userName": "Christy", "userReviewDate": "Jun 09, 2014", "userURL": "http://www.goodreads.com/user/show/3795369-christy", "userReview": "-1 star for language, -1 star for nudityThis would have made it to 3 stars accept for the unnecessary additions of language and the unfortunate descriptions of the nude mini pink clones.This series is written in a funny candor and we enjoyed the first book. This one was odd."}, {"userName": "Miss Clark", "userReviewDate": "Jan 30, 2010", "userURL": "http://www.goodreads.com/user/show/1467942-miss-clark", "userReview": "A delightful, comical follow-up to Pure Dead Magic Between 500 miniature pink clones, an evil real estate developer stealthily destroying their home, and sundry other inconveniences, the Strega-Borgias are muddling on with the help of Flora, right up until the surprise in store for Titus at the end when he receives a letter informing him that he has inherited his grandfather's fortune, setting him at odds with Pandora."}, {"userName": "The Flooze", "userReviewDate": "Oct 29, 2009", "userURL": "http://www.goodreads.com/user/show/355739-the-flooze", "userReview": "Another wacky and wonderful adventure with the Strega-Borgias. Running afoul of some nasty, greedy contractors and developers, the family holes up in the local hotel. But being away from home doesn't prevent children, parents and beasties from getting into all sorts of trouble.Gliori's writing is whimsical and her characters are lovable and strange. Pure Dead Wicked is a quick read, but a thoroughly amusing one."}, {"userName": "Cindy", "userReviewDate": "Jan 05, 2009", "userURL": "http://www.goodreads.com/user/show/1004165-cindy", "userReview": "This is a young adult audio and it was weird. Maybe it would've been better to read the book, but I couldn't wait until it was over. The content was similar to Harry Potter - magical etc. but I just couldn't get into it."}, {"userName": "Karla", "userReviewDate": "Aug 20, 2009", "userURL": "http://www.goodreads.com/user/show/1384945-karla", "userReview": "I thought the vegetarian carnavore part (a stay-over from the first book) was pretty funny, but the book kind of lost me as far as interest goes.  Some weird parts.  Don't plan to read the next 4 books in the series."}, {"userName": "Linda", "userReviewDate": "Nov 23, 2011", "userURL": "http://www.goodreads.com/user/show/6104317-linda", "userReview": "This is one of 2 Pure Dead books on tape that I got at a library sale.  Pleasant to listen to in the car.  If I didn't have so many other things to read and listen to, I would possibly check out the rest of the series."}, {"userName": "Linda \"La La\"", "userReviewDate": "Jun 18, 2013", "userURL": "http://www.goodreads.com/user/show/17265997-linda-la-la", "userReview": "I just found out there are now three more Pure Dead books!! My son is 21 now, but I am going to buy them, read them for myself, and then save them for the grandchildren!!"}, {"userName": "Sonja", "userReviewDate": "Feb 13, 2009", "userURL": "http://www.goodreads.com/user/show/1417626-sonja", "userReview": "It was every bit as funny as the first one.  The only strange part was the dragon that thought it was a boy and it turned out to be a girl."}, {"userName": "Amber", "userReviewDate": "Aug 17, 2007", "userURL": "http://www.goodreads.com/user/show/279596-amber", "userReview": "These books are cute children's novels.  I love kid's books.  I read a lot of them.  Expect to see more of them here.  :)"}, {"userName": "Lisa", "userReviewDate": "Jul 06, 2010", "userURL": "http://www.goodreads.com/user/show/1531905-lisa", "userReview": "I listened to this on a family vacation and had to abandon it.  It seemed random and dull."}, {"userName": "Ciara Lyons", "userReviewDate": "Jul 25, 2011", "userURL": "http://www.goodreads.com/user/show/4277181-ciara-lyons", "userReview": "the cover of the book is VELVET! for that reason alone I read it and enjoyed it at the time"}, {"userName": "Angel Zheng", "userReviewDate": "Oct 11, 2012", "userURL": "http://www.goodreads.com/user/show/12866014-angel-zheng", "userReview": "This book was kind of boring at the beginning, but it got more interesting towards the middle..."}, {"userName": "Andr\u00e9a", "userReviewDate": "May 10, 2013", "userURL": "http://www.goodreads.com/user/show/8376001-andr-a", "userReview": "I'm glad I already have book 3, because the end of this one leaves a few questions."}, {"userName": "Alex", "userReviewDate": "Dec 07, 2008", "userURL": "http://www.goodreads.com/user/show/1782116-alex", "userReview": "can't wait to finish reading and get the other books!!!"}, {"userName": "Charlotte Bird", "userReviewDate": "Aug 09, 2011", "userURL": "http://www.goodreads.com/user/show/4793140-charlotte-bird", "userReview": "funny for a kids book. recommend for a light one day read!"}, {"userName": "Ashley", "userReviewDate": "Jan 21, 2012", "userURL": "http://www.goodreads.com/user/show/4652361-ashley", "userReview": "just dont waste your time with it. its not worth it..."}, {"userName": "Brett", "userReviewDate": "Jan 03, 2010", "userURL": "http://www.goodreads.com/user/show/2943302-brett", "userReview": "Sly, clever, a little gross, & hilarious."}, {"userName": "Gem", "userReviewDate": "Nov 07, 2011", "userURL": "http://www.goodreads.com/user/show/1650012-gem", "userReview": "was as good as the first but ok"}, {"userName": "Beth", "userReviewDate": "Nov 18, 2010", "userURL": "http://www.goodreads.com/user/show/218143-beth", "userReview": "So, we never finished, but I liked it."}, {"userName": "Keri", "userReviewDate": "Oct 18, 2010", "userURL": "http://www.goodreads.com/user/show/1347740-keri", "userReview": "witty series for kids"}, {"userName": "Geri", "userReviewDate": "Jul 08, 2009", "userURL": "http://www.goodreads.com/user/show/992595-geri", "userReview": "I love this series!"}, {"userName": "Angela9600", "userReviewDate": "Jul 28, 2013", "userURL": "http://www.goodreads.com/user/show/1147352-angela9600", "userReview": "As good as #1."}], "description": "Just when the Strega-Borgias think it's safe to relax in their ancestral castle . . . it isn't. It's a plot only the outrageous Debi Gliori could think of, and it's the perfect sequel to Pure Dead Magic.", "title": "Pure Dead Wicked\n      \n          (Pure Dead #2)", "url": "http://www.goodreads.com/book/show/727334.Pure_Dead_Wicked", "average": 3.81, "cover": "http://d.gr-assets.com/books/1391960392l/727334.jpg", "reviews": 32, "authors": [{"url": "http://www.goodreads.com/author/show/119357.Debi_Gliori", "name": "Debi Gliori"}], "outlinks": ["http://www.goodreads.com/book/show/17428003-magiaa-millin-tarkkuudella", "http://www.goodreads.com/book/show/982184.The_Sands_of_Time", "http://www.goodreads.com/book/show/479658.The_Haunting_of_Granite_Falls", "http://www.goodreads.com/book/show/293426.The_Sword_in_the_Grotto", "http://www.goodreads.com/book/show/423939.The_Smashing_Saxons", "http://www.goodreads.com/book/show/360737.Escape_from_Castle_Cant", "http://www.goodreads.com/book/show/243281.The_Wizard_s_Castle", "http://www.goodreads.com/book/show/7897846-shadow-spell", "http://www.goodreads.com/book/show/1385222.The_Stolen", "http://www.goodreads.com/book/show/829760.Shadows_in_the_Starlight", "http://www.goodreads.com/book/show/1520738.Un_bon_petit_diable", "http://www.goodreads.com/book/show/406403.Warriors_of_Alavna", "http://www.goodreads.com/book/show/2653412-the-wooden-mile", "http://www.goodreads.com/book/show/501004.Book_Club", "http://www.goodreads.com/book/show/1812299.O_clube_das_chaves_entra_em_ac_o", "http://www.goodreads.com/book/show/1087361.Sophie_Is_Seven", "http://www.goodreads.com/book/show/1971838.Uma_Aventura_em_Macau", "http://www.goodreads.com/book/show/1369731.Pure_Dead_Magic_Pure_Dead_Wicked_Pure_Dead_Brilliant", "http://www.goodreads.com/book/show/727327.No_Matter_What"]}