{"ratings": 235, "userreviews": [{"userName": "Laura", "userReviewDate": "Jan 03, 2015", "userURL": "http://www.goodreads.com/user/show/2511187-laura", "userReview": "Mandy Hope can\u2019t believe all of the new animals she\u2019s seeing on her Florida vacation with her grandparents. There are the alligators \u2013 which are scary \u2013 and the raccoons which are so, so adorable!But Mandy soon learns that not all Floridian residents feel the same way that she does towards the raccoons \u2013 in fact some people wish to set traps for them! Can Mandy foil their plans?Discussion.This story was a little unusual given the fact that it is set in the U.S. rather than Mandy\u2019s cozy little hometown of Wexford, but for the rest it followed standard AA procedures.Having lived with raccoons all of my life, (so, not literally lived with them, but you know what I mean) I found Mandy\u2019s fascination with them humorous. Also, while exalting how adorably clever the coons are, the whole story basically granted them about twenty percent of the intelligence they actually have.Mandy works through relational struggles with Joel Logan and Courtney Miller (the main difficulty being that they find animals \u201call right\u201d rather than extraordinary).When Mandy\u2019s grandmother says that it is a pity that the Millers have chosen to cut back the foliage in their garden, Mandy reples, \u201cIt\u2019s more than that, it\u2019s a crime. Imagine ruining the animals\u2019 habitat! They were here long before the Millers!\u201d [pg. 27]Courtney exclaims that the gorillas at the zoo are \u201cso \u2013 human\u201d. She also rather tells her father off concerning his dislike for raccoons.Conclusion. Bleh.Visit The Blithering Bookster to read more reviews!www.blitheringbookster.com"}, {"userName": "Sammy", "userReviewDate": "Aug 07, 2011", "userURL": "http://www.goodreads.com/user/show/4792806-sammy", "userReview": "I was completely obsessed with this series of books when I was a child and my aim was to read every single book. They are a really good children's series.This book is always one of the books that sticks out in my mind from all the Animal Ark books for some reason."}, {"userName": "Jessie", "userReviewDate": "Nov 09, 2012", "userURL": "http://www.goodreads.com/user/show/3983573-jessie", "userReview": "Mandy's neighbor lays out traps for raccoons."}, {"userName": "Liz", "userReviewDate": "Jul 25, 2011", "userURL": "http://www.goodreads.com/user/show/5871159-liz", "userReview": "My second of the series. The obsession starts!"}, {"userName": "you know", "userReviewDate": "Mar 25, 2007", "userURL": "http://www.goodreads.com/user/show/38997-you-know", "userReview": "good"}, {"userName": "Nickolino Paprinos", "userReviewDate": "Mar 25, 2007", "userURL": "http://www.goodreads.com/user/show/38993-nickolino-paprinos", "userReview": "RACOON"}], "description": "Mandy's delighted when she spots a mother and baby raccoon on the roof of the house where she's staying. But the next door neighbor doesn't like the raccoons, and has laid traps for the playful creatures and wants them destroyed. Can Mandy keep the raccoons away from danger?", "title": "Racoons On The Roof\n      \n          (Animal Ark #21)", "url": "http://www.goodreads.com/book/show/163359.Racoons_On_The_Roof", "average": 3.7, "cover": "http://d.gr-assets.com/books/1172318436l/163359.jpg", "reviews": 4, "authors": [{"url": "http://www.goodreads.com/author/show/11449.Ben_M_Baglio", "name": "Ben M. Baglio"}], "outlinks": ["http://www.goodreads.com/book/show/17999377-tv-ttbj-rnar-p-taket", "http://www.goodreads.com/book/show/8530943-raccoons-on-the-roof", "http://www.goodreads.com/book/show/1413465.Badger_in_the_Basement", "http://www.goodreads.com/book/show/478351.Santa_Paws", "http://www.goodreads.com/book/show/66896.The_Grand_Escape", "http://www.goodreads.com/book/show/1275755.Surprise_Surprise_", "http://www.goodreads.com/book/show/1464401.It_s_a_Dog_s_Life", "http://www.goodreads.com/book/show/865774.Haunted_Animals", "http://www.goodreads.com/book/show/359257.The_Blind_Pony", "http://www.goodreads.com/book/show/924198.Fire_Pony", "http://www.goodreads.com/book/show/235384.Samantha_s_Irish_Luck", "http://www.goodreads.com/book/show/518600.Help_I_m_Trapped_In_Obedience_School", "http://www.goodreads.com/book/show/999128.The_Case_of_the_Black_hooded_Hangman", "http://www.goodreads.com/book/show/228032.Cousins", "http://www.goodreads.com/book/show/114702.Flying_High", "http://www.goodreads.com/book/show/1540959.Playing_for_Keeps", "http://www.goodreads.com/book/show/205678.Upchuck_and_the_Rotten_Willy", "http://www.goodreads.com/book/show/645885.Kittens_in_the_Kitchen", "http://www.goodreads.com/book/show/2029504.Pony_on_the_Porch", "http://www.goodreads.com/book/show/1503075.Puppies_in_the_Pantry", "http://www.goodreads.com/book/show/2865734-goat-in-the-garden", "http://www.goodreads.com/book/show/1912043.Hedgehogs_in_the_Hall", "http://www.goodreads.com/book/show/1413465.Badger_in_the_Basement", "http://www.goodreads.com/book/show/484176.Sheepdog_in_the_Snow", "http://www.goodreads.com/book/show/1901355.Cub_in_the_Cupboard", "http://www.goodreads.com/book/show/675639.Piglet_in_a_Playpen", "http://www.goodreads.com/book/show/746694.Ponies_at_the_Point", "http://www.goodreads.com/book/show/2821541-dog-at-the-door", "http://www.goodreads.com/book/show/315608.Foals_in_the_Field", "http://www.goodreads.com/book/show/484176.Sheepdog_in_the_Snow", "http://www.goodreads.com/book/show/675634.Mare_in_the_Meadow", "http://www.goodreads.com/book/show/19043.Tabby_in_the_Tub"]}