{"ratings": 1181, "userreviews": [{"userName": "Pras", "userReviewDate": "Dec 31, 2007", "userURL": "http://www.goodreads.com/user/show/439022-pras", "userReview": "Mungkin penulis novel sejarah ini yang memakai nama ES ito membaca berbagai review di goodreads tentang buku pertamanya yakni negara ke lima dan membantunya menyempurnakan karya keduanya.Membaca Rahasia Meede seperti ditarik ke jaman kolonial belanda beserta intrik-intrik perdagangan eropa pada abad 16-18. Ternyata jika sejarah disajikan dengan cara bertutur seperti novel thriller akan menarik banyak peminat. Tempat-tempat yang dibahas di novel ini mulai dari museum sejarah jakarta (museum Fatahilah) sampai pulau Onrust di Pulau Seribu mendadak populer di kalangan orang banyak. Fenomena serupa juga terjadi pada Museum Louvre dan kota Vatican selepas novel Da Vinci Code dan Angel and Demonnya Dan Brown meledak di pasaran.Jika di novel pertamnya ES ito terlihat kehabisan energi di pertengahan cerita, di novel keduanya ini plot yang dibangun dari awal dijaga dengan rapi sampai dengan beberapa halaman terakhir saya masih menduga-duga akan berakhir dimana cerita novel ini.Hal yang sangat membuat saya kagum adalah studi literatur tentang sejarah kota jakarta dan VOC yang disajikan dengan detil tanpa mengurangi kenikmatan menikmati thriller tanpa henti. Kadang di beberapa bab, percakapan cerdas antara tokoh-tokohnya membuat saya aga berpikir apakah mungkin ini terjadi? tapi janganlah merendahkan kemampuan bangsa sendiri.Terakhir adalah penokohan yang kuat. Tokoh-tokoh yang terlibat mempunyai alasan yang cukup kuat untuk bertindak. Tidak ada tokoh klise yantg selalu bertindak demi kebenaran, yang ada hanyalah wilayah abu-abu. Kalek yang pertama ditokohkan sebagai radikal pengganggu stabilitas dihadapkan dengan Lalat merah yang menjunjung stabilitas negara dengan tameng Agen Sandiyudha Kopasusnya. Tidak lupa juga ironi yang diungkap penulis tentang tiga tokoh peneliti sejarah old Batavia dari Belanda yang dengan sikap kolonialnya merendahkan bangsa Indonesia. Pemaparan nasionalisme di buku ini juga mampu membuat beberapa teman saya yang ikut membaca buku ini terbakar. Pemaparan kondisi bangsa kita yang terpuruk oleh tokoh Pa guru uban ikut menyentak dan membuat kita ingin membuat suatu perubahan radikal seperti Kelompok Anarki Nusantara di buku ini. Mungkin di masa datang saya selalu menunggu isu apa lagi yang akan di jadikan novel oleh ES Ito."}, {"userName": "DuniaFriskaIndah", "userReviewDate": "Nov 26, 2009", "userURL": "http://www.goodreads.com/user/show/2747453-duniafriskaindah", "userReview": "Banyak orang yang bilang kalo sering baca bisa buat kita makin pintar. Bahkan pernyataan ini juga sering diucapkan oleh orang tuaku sejak aku kecil dulu. Mungkin Mama dan Bapak juga mendengar ini udah dari zaman kecil mereka ya sehingga pernyataan ini mereka tanamkan ke aku. It means bahwa pernyataan tersebut di atas dipakai oleh banyak orang. Dan gw salah satu yang percaya akan kebenaran ini.Baca buku ini seakan-akan membuat  volume otak gw membesar (nah ini belum bisa didukung oleh data empiris ya :D). Kalo volume otak membesar berarti makin pintar tho. Wkwkw\u2026  Ya intinya adalah buku yang membuat gw tambah pengetahuan baru yang tidak terduga tentang Indonesia. Moga ini bisa jadi spirit buat lo yang baca review ini untuk mulai membaca buku yang keren bangat ini. *spoiler mode on*Buku Rahasia Meede dikirim alias gw pinjam dari Mb Roos. Makasih Mb.*muah..muah*.  Sudah 1,5 bulan buku ini gw pinjam dari Mb Roos. Gw dikirimin 4 buku, dan ini adalah buku ke 3 yang gw baca setelah The Kite Runner dan Glonggong. Buku ini rada tersendat-sendat gw bacanya karena ada  buku Ai Cinta Tak Pernah LElah Menanti dan Negeri Bahagia, yang ternyata lebih mencuri perhatianku. Nah yang ada 3 minggu dengan buku yang sama. Huh..lambatnya. Tapi tetap deh buku ini \u2018plus\u2019 buat gw karena banyak sekali misteri-misteri sejarah yang dikemukakan oleh Kang E. S. Ito. Buku ini seluruhnya menggabungkan fakta dan fiksi. Fakta dengan penggungkapan sejarah dari awal VOC menapakkan kaki ke Indonesia sampai misteri di awal 2002 tentang Attar Malaka. (Siapa Attar Malaka? Hehehe\u2026better cari di google.com ato baca buku ini ya). Fiksinya adalah Kang Ito bisa memasukkan cerita persahabatan, persaingan, ambisi, kepura-puraan, sampe drama percintaan Lusi dan Kalek yang ciamik.Pada awal buku setebal 671 ini, lebih banyak bercerita tentang misteri yang berusaha dikuak oleh Batu alias Lalat Merah aias Roni mengenai Attar Malaka alias Kalek sahabatnya ketika di SMU Taruna Magelang. Kedua sahabat ini terlibat dalam suatu masalah kontradiktif yang akhirnya Kalek dan Roni menjadi \u2018musuh\u2019.   Di akhir cerita banyak fakta-fakta yang terkuat tentang siapa sebenarnya peranan tokok-tokoh yang bermain banyak dalam buku ini.Kadang kala aku harus mengira ini apakah bagian yang gw baca ini menjadi  fakta atau bagian fiksi yang dikarang oleh E.S. Ito.  Salah satu alas an mengapa aku sangat lamban untuk menyelesaikan buku ini adalah itu. Gw dipaksa untuk berpikir. Nah ini yang sulit bagi gw. Terlepas dari semua itu semua, buku ini patuh dikasih dua jempol untuk karya sejarah yang  dikarang oleh penulis muda seperti Mas Ito. Salut deh. Makanya tampa mikir apapun, gw kasih bintang lima untuk karya ini."}, {"userName": "Silvana", "userReviewDate": "Jul 16, 2008", "userURL": "http://www.goodreads.com/user/show/666003-silvana", "userReview": "Males ah bikin review bagus2, lagian ga biasa bikin pake bahasa sendiri. Aneh ya gue, hahaha.Er, novel ini not bad at all. Banyak pengetahuan (mudah2an faktanya valid), trus bahasanya cukup dipuitis2in, hihi. Well, kadang bikin geli sih. Apalagi bacaan gue biasanya ga puitis, udah gitu jarang baca buku pengarang indonesia pula. Tapi bukunya lumayan page-turner, buktinya cuma kelar dalam tempo 6 jam kalo ditotal waktu bacanya.Anyway, ni buku ga kalah dari Da Vinci Code yg overrated itu. Gue blg malah bagusan ini. At least ga ketebak pas udah 2/3 buku. Endingnya juga ok (ga happy2 amat, which I like). Yah bagian2 tertentu kayak Monas sih agak bikin gue meringis saking herannya.Ada bbrp adegan corny, tp ga berlebihan. Kata temen gue si ES ITO itu anak FEUI angkatan 99, beneran tuh?Duh kalo iya, berarti dia seumuran sama gue, satu angkatan pula di universitas, malu deh gue, dia udah bisa nulis buku kayak gini.Setuju sama Leli, Kalek is HOT!Pengetahuan itu memang menggairahkan, memabukkan, cinta terlarang, yadda yadda yadda. Ga heran Cathleen & Lusi jatuh cinta, walo maybe salah satu dari antara mereka cuma infatuated doang. Smart guys are sexy indeed.Kayaknya gue pengen ke Banda. Hmm. Yg jelas lebih murah drpd nungguin gue ke Eropa kan ya ;pOhya, satu yg gue suka lagi dari buku ini adalah adanya kritik2 pedas (langsung maupun tidak langsung) utk kondisi poleksosbud di Indonesia masa kini. Kapan lagi bisa ngeritik pemerintah trus dimasukin di buku? Geli aja pada baca bagian2 itu. Well, geli sekaligus sedih sih. Trus yg bagian bahwa betapa ignorantnya generasi muda sekarang akan sejarah bangsa sendiri. Lebih apal artis2 karbitan yg woro-wiri dalam film2 murahan dan shitnetron, lebih matang bukan dalam mental dan otak tetapi dalam konsumerisme, dll.Last but not least, Hidup Indonesia!"}, {"userName": "erry", "userReviewDate": "Jul 10, 2008", "userURL": "http://www.goodreads.com/user/show/1068400-erry", "userReview": "Finnaly..selesai juga. * sambil ngelap keringet gara2 ngebut*bintang empat. cukup bagus, apalagi buat ukuran ala pengarang Indonesia. bukannya merendahkan hasil karya pengarang lokal, tetapi emang jarang bgt ada novel semacam ini yang lahir dari buah karya novelis Indonesia. cerita yang ga mudah ditebak dan alur yang bikin penasaran. dan satu hal, novel ini membuka mata saya akan 'kebutaan' saya thd sejarah. seperti hampir sebagian besar generasi MTV di jakarta yang ngaku gaul n ga gagap teknologi, tetapi malah gagap sejarah bangsanya sendiri. seperti tertohok..adakah guru sejarah yang seperti guru uban?? karena sejak saya es de sampe kuliah. yang namanya guru sejarah rata2 hanya penghapal textbook. mereka tak pernah menjelaskan latar belakang apalagi makna dari sebuah peristiwa. mereka hanya meracaukan kata2 yg sudah ada dlm buku dan kurikulum. membuat pelajaran sejarah menjadi sebuah episode membosankan yang membuatku tertidur di tengah pelajaran.Tetapi sayangnya, walaupun beberapa pihak mengatakan sang pengarang adalah 'Dan brownnya Indonesia', tetapi menurut saya tdklah demikian. memang tulisannya cukup bagus, akan tetapi blmlah bisa disejajarkan dgn para maestro dunia. ada beberapa plot yang menurut saya terlalu dipaksakan (emas monas misalnya). dan cerita yang 'menurut saya 'kurang berani' dipaparkan sang penulis. apakah itu karena pengarang adalah orang Indonesia? yang terlalu terikat pada budaya timur, 'euweh pakeweuh'kalo orang jawa bilang. padahal saya mengharapkan sesuatu yang lebih 'berani' sesuatu yang lebih kontroversial seperti 'cawan suci' dan maria magdalena dalam The Da Vincy Code-nya Brown.Seperti umumnya novel sejenis. akhirnya selalu sama. misteri tetaplah jadi misteri yang tak terungkap. tapi ini sangat wajar karena memang jarang ada pengarang yang 'terlalu gila'untuk membuka semua misteri. kalau memang yang jadi misteri itu sebenarnya ada. walaupun blm bisa dikatakan sebagai novel sejarah. tetapi cukuplah untuk menarik minat 'kaum buta sejarah' seperti saya untuk membuka kembali buku2 sejarah. walaupun blm sekelas Dan Brown, cukuplah menjadi 'adik kelas brown'. karena kita tdk akan pernah tahu, apakah 'sang adik' akan mengikuti jejak seniornya, tenggelam dalam bayangannya, tertinggal jauh di belakang ataukah melampaui sang senior. karena semua itu tergantung kepada sang adik sendiri serta lingkungan yang mendukungnya. secara umum, saya cuma bisa bilang. ini adalah novel yang layak dibaca, terutama buat anda penggila thriler sejarah, dan konspirasi. semangat buat sang penulis!! semoga ke depannya bisa bikin karya yang lebih baik lagi"}, {"userName": "Irwan", "userReviewDate": "Jun 28, 2008", "userURL": "http://www.goodreads.com/user/show/183639-irwan", "userReview": "Terima kasih buat Roos yang membuat saya bisa ikut membaca buku ini, buku yang terpilih sebagai buku bulan juni Goodreads Indonesia. Saya menaruh buku ini dalam kategori Thriller (apa ya istilah indonesianya?). Tempo cerita yang cepat, plot yang rumit dengan identitas tokoh yang disamarkan, dan latar yang penuh nuansa sejarah. Saya jadi punya perspektif fiktif yang segar tentang Bung Hatta, konferensi meja bundar, dan VOC. Dugaan saya pasti buku ini membutuhkan riset yang cukup panjang, bagian yang menyenangkan tentu saja bagi penulisnya. Sebagai pembaca saya senang disuguhkan dengan fakta-fakta sejarah itu yang kemudian diolah dalam jalinan fiksi yang menarik pula. Singkatnya ini adalah bacaan yang seru!Yang membuat saya tidak memberi bintang 5 untuk buku ini adalah adanya benang merah dalam semua tokoh-tokohnya. Walaupun mereka sudah dibuat punya masa lalu, motif dan peran yang beraneka ragam dalam plotnya, tapi hampir semua tokohnya agak sedikit sinis dan judgmental, kadang malah cenderung stereotipikal dan klise. Misalnya adalah dalam memandang bangsa Indonesia. Penulis tidak cukup mengambil jarak yang sehat ketika mengolah tema patriotisme, kebangsaan maupun kondisi sosial ekonomi yang mungkin di-sinis-i dan dikritiknya. Kalau saja suara ini konsisten muncul dari sebagian tokoh saja (alih-alih hampir semuanya), lalu diimbangi dengan tokoh lain yang berpandangan sebaliknya mungkin bisa memberi ruang bagi pembaca untuk memilih mana yang mereka setujui. Tokoh yang menarik perhatian saya diawal membaca, yaitu Guru Uban, malah tidak tergali dalam. Saya hanya tahu dia sebagai tokoh berkepribadian ganda yang dijadikan alat pembunuh. Saya senang ada karya kreatif semacam ini. Perasaan yang sama ketika selesa membaca  Area X: Hymne Angkasa Raya nya Eliza Handayani. Jejak Dan Brown dan X-Files begitu nampak dalam karya-karya ini. Karya kreatif tidak selalu harus lahir seratus persen original. Kadang bertumpu pada suatu karya sukses di luar, boleh juga, asalkan tidak berhenti sampai disini. Btw, kok belum kudengar lahir karya yang bertumpu pada \"Harry Potter\" ya?"}, {"userName": "Roos ", "userReviewDate": "Jul 14, 2008", "userURL": "http://www.goodreads.com/user/show/138700-roos", "userReview": "Buku ini malah terselesaikan...selama tugas jaga di Singapore...sempat kepikir untuk nemuin Rian yang lagi jualan Emas VOC...hehehehe, tapi gak ketemu tuh, secara Rian kemana aku kemana...*gak penting khan?* Tapi sensasinya adalah selesai Di Negeri Singa...dasar Roos memang payah...Oke kembali ke buku...Bintang 5, karena:1. Aku suka sejarah.2. Selain menang Polling...buku ini memang menggoda untuk dibaca...lihat aja Covernya....Muantabbb! 3. Alur ceritanya yang selalu bikin penasaran...jadi gak mau berhenti bacanya... gaya bahasanya cerdas.4. Kupikir Penulisnya salah satu anak negeri yang Smart...dan layak untuk diperhitungkan...Salute!5. Karena mau dikumpulkan...*hehehehehe...Silly khan?*Dah gak bisa protes nih....Kenapa orang baik mati muda?dan Kenapa sekarang buku bagus harus sad ending dengan matinya tokoh-tokoh yang baik?....Finnally:Life can never be sweeter....."}, {"userName": "Adhitya", "userReviewDate": "Mar 23, 2008", "userURL": "http://www.goodreads.com/user/show/203716-adhitya", "userReview": "Gua bisa bliang penulis muda ini punya otak yang brilyan untuk bisa bikin novel thriller dengan tingkat kompleksitas setinggi rahasia Meede.Highly recommended untuk semua orang. Gua bilang sih dia bisa jadi Dan brownnya Indonesia.Gua harap ini bukan masterpiece dia dan dia masih akan menuliskan karya-karya yang lebih hebat lagi."}, {"userName": "Peni Astiti", "userReviewDate": "Feb 23, 2014", "userURL": "http://www.goodreads.com/user/show/1869867-peni-astiti", "userReview": "Sebetulnya, pelajaran di sekolah yang saya sukai setelah Matematika, Fisika, Biologi, Bahasa Inggris adalah Sejarah.Tapi...Yang bikin bete dengan mata pelajaran Sejarah itu adalah momen ketika harus menghapal tanggal secara eksak plus kejadian, tanpa dikasih runtutan cerita yang menarik, membuat rasa suka pada mata pelajaran itu terkikis.Sewaktu saya kelas 1 SMA, gurunya sebetulnya keren. Dia menuntut kami untuk bikin paper yang sesuai dengan bab pelajaran. Nanti setiap orang spesifik dikasih tugasnya. Misalnya, saya disuruh bikin Sejarah Mesopotamia, teman sebangku saya dapat tentang Sejarah Babylonia. Idealnya, kami saling berdiskusi satu sama lain, buat nambah pengetahuan. Kenyataannya, saya cuma hafal tentang Sejarah Mesopotamia, tapi gagal tau tentang Sejarah Babylonia. Karena kurang ngulik dan teman saya pun ga pinter nerangin. Saya percaya, saya sewaktu kelas 1 SMA dulu juga ga sepinter sekarang dalam bercerita :PCuma sayangnya, di jaman saya, nyuruh bikin paper cuma nyuruh aja. Gurunya sendiri minim bercerita. Jadi, saya sih merasa kepaksa bikin paper, berusaha ngafal, terus pas disuruh presentasi dan ditanya jawab, jawaban yang keluar ya text-book banget. Seandainya sekarang, saya jadi guru Sejarah, saya bakalan mempersiapkan materi kayak Guru Uban, salah satu karakter di cerita ini.Terus terang, saya agak malas kalo harus menghafal tanggal sebuah kejadian berlangsung, kalo nggak ada momen yang bener-bener epic buat dikenang. Bukti saya penggemar sejarah adalah: saya ingat kapan saya pertama kali jadian sama mantan pacar. kapan kemudian kami putus. terus, kapan saya dilamar oleh sahabat saya, kapan akhirnya saya dan sahabat saya menikah #facepalmSaya suka banget cerita Rahasia Meede ini. Meski ada satu bab yang menurut saya absurd banget. Asli aneh dan cukup merusak cerita keseluruhan karena humor garingnya :))Atau ini cuma saya aja yang ngeliat ini sebagai bodoran absurd?Bab mana? Nanti saya bahas di blog saya aja. Kalo ngasih #sopiler di sini kayaknya ga seru #eh"}, {"userName": "Endah", "userReviewDate": "Nov 08, 2008", "userURL": "http://www.goodreads.com/user/show/1597717-endah", "userReview": "\u201cDosa manusia yang terbesar adalah imajinasinya yang kadang-kadang berlebihan,\u201d demikian Eddri Sumitra atau yang lebih dikenal dengan nama E.S. Ito itu menjawab pertanyaan saya pada satu kesempatan ngobrol dengannya. Pertanyaan saya waktu itu adalah tentang dari mana ia mendapat ide soal harta karun VOC yang menjadi tema novel keduanya, Rahasia Meede. Novel dengan subjudul Misteri Harta Karun VOC ini ditulisnya dalam kurun waktu dua tahun. Itu sudah termasuk riset dan wawancara dengan orang-orang yang dijadikan nara sumber. Selebihnya, Ito memanfaatkan kecenderungan masyarakat kita yang telah lama hidup dengan mitos-mitos di seputar harta terpendam, Imam Mahdi, dana revolusi, dan segala yang serbamistis. \"Dosa\" itulah yang mengantarkan Ito pada isu adanya harta karun VOC di perut bumi Jakarta yang dijadikannya pintu masuk ke dalam novel yang sarat data sejarah ini. Dari sini, Ito membawa pembaca menyusuri sejarah panjang VOC yang mau tidak mau terkait erat dengan sejarah jatuh bangunnya Republik kita ini. Keliaran fantasi anak muda kelahiran Kamang, 26 tahun silam ini selanjutnya akan menyeret kita kepada peristiwa-peristiwa bersejarah di masa silam; mempertemukan kita dengan pemikiran-pemikiran Gandhi dan Muhammad Hatta, dua tokoh yang sangat dikaguminya.Bermula dari ide perlawanan tanpa kekerasan yang diyakini oleh Hatta dan Gandhi yang dalam novel ini telah disalahartikan oleh sekelompok orang yang menyebut diri Anarki Nusantara untuk melegalkan perbuatan mereka memberontak kepada negara.Awalnya, Anarki Nusantara ini adalah sebuah grup diskusi mahasiswa di Yogya yang kerap mengangkat topik sensitif seputar kondisi sosial politik dalam negeri yang menurut mereka carut-marut. Kelompok ini kemudian membesar karena mendapat banyak simpati dari masyarakat. Termasuk Guru Uban, seorang pengajar sejarah di sebuah SMA kumuh di Bojonggede yang kelak terlibat aktif dalam aksi-aksi yang dilakukan komplotan pemberontak ini. Tanpa disadari oleh para pengikutnya, Anarki Nusantara telah lama menjadi target operasi kalangan militer, khususnya Kopassus. Mereka mengincar Attar Malaka, anak muda cerdas berbakat lulusan SMA Taruna Nusantara (almamater Ito) yang ditengarai sebagai otak Anarki Nusantara. Operasi intelijen itu melibatkan seorang letnan muda berjuluk Lalat Merah. Attar Malaka dijadikan target bukan semata-mata karena perbuatannya melawan negara tetapi karena ia juga dicurigai memiliki informasi perihal harta karun peninggalan VOC. Maka kemudian terjadilah \u201cperang\u201d antara Attar Malaka dengan Lalat Merah. Perwira muda yang pandai menyamar ini ternyata sahabat lama Attar Malaka. Mereka bersekolah di SMA dan kelas yang sama. Kepada sahabatnya ini, Attar Malaka memercayakan seluruh rahasia hidupnya. Kedua sahabat karib ini sayangnya setelah dewasa terpaksa bersimpang jalan. Yang satu menjadi perwira pengabdi negara, sedangkan yang lainnya berdiri berseberangan sebagai pemberontak. Lalu dengan caranya yang asyik, melalui kisah perseteruan kedua sahabat yang berbeda ideologi ini, Ito mengajak kita menerobos ke masa ratusan tahun lalu. Mengubek-ubek sejumlah berkas dan dokumen bersejarah; mulai dari berdirinya VOC hingga Konferensi Meja Bundar yang ternyata menyinggung soal harta karun VOC. Kabar tentang harta terpendam yang diduga nilainya sanggup untuk membayar utang luar negeri Indonesia ini ternyata terendus juga baunya oleh segelintir peneliti di Belanda. Berkedok sebagai peneliti, mereka datang dengan bermacam kepentingan. Salah satunya adalah Cathleen Zwinckel, mahasiswi tingkat master yang tengah menulis tesis ikhwal sejarah ekonomi kolonial. Oleh Prof Huygens, dosen pembimbingnya, gadis cantik ini dititipkan di CSA (Center for Strategic Affair), sebuah lembaga peneliti yang dipimpin oleh Suryo Lelono, sahabat Prof Huygens.Sungguh malang, baru beberapa hari  menikmati udara pengap Jakarta, Cathleen harus mengalami nasib sial diculik oleh gerombolan pemberontak yang diotaki oleh seseorang yang dipanggil dengan nama Kalek. Kalek punya data bahwa Cathleen mengetahui sebuah rahasia dari masa lalu yang akan menggiring mereka menemukan lokasi harta karun VOC. Itulah rahasia Meede. Pelan-pelan kita disadarkan, bahwa kita tengah bermuka-muka dengan sebuah kisah thriller ala Dan Brown. Teka-teki demi teka-teki dihadirkan di hadapan kita bagaikan potongan-potongan puzzle yang kelak berhubungan satu sama lain dan pada akhirnya menyingkap rahasia dari seluruh teka-teki. Meski settingnya masa kini, tetapi novel ini sarat memuat data sejarah. Angka tahun dan nama-nama tempat yang berasal dari masa lampau bertaburan di sekujur cerita yang disajikan dalam bentuk dialog para tokohnya. Ini yang menurut saya agak sedikit berlebihan. Boleh dibilang nyaris semua tokohnya pandai dan sangat menguasai sejarah. Mereka mampu bercakap panjang lebar tentang sejarah lengkap dengan menyebut (tanpa keliru) angka-angka tanggal dan tahunnya. Tak peduli itu Kalek di pemberontak, Cathleen si mahasiswi, atau pun Lalat Merah sang perwira penjaga keutuhan NKRI. Mereka memiliki pengetahun yang sama dan seimbang dalam urusan sejarah. Hampir tak ada tokoh pandir dalam novel ini. Hal ini, menurut hemat saya, karena penulisnya kurang mampu menahan diri untuk tidak pamer pengetahuan. Data yang ditampilkan jadi terasa berjejalan dan kadang terkesan dipaksakan. Semangat Ito sebagai orang muda yang kritis juga acap nyelonong di tengah-tengah dialog. Misalnya tentang sinetron televisi yang hanya mengandalkan tampang indo para artisnya yang tiba-tiba menyeruak di tengah-tengah dialog sejarah. Ito juga sering terdengar sinis mengomentari para pejabat yang korup, tentara yang berbisnis ilegal, atau pun kurikulum sekolah yang hanya menghasilkan manusia-manusia penghapal. Namun, secara keseluruhan novel ini merupakan bacaan yang menarik. Unsur thriller (dengan kejutan-kejutannya yang tak terduga) dan sejarah menjadi pemikat utamanya. Jika hendak dibandingkan dengan Dan Brown, kelebihan Rahasia Meede adalah karena ia mengambil latar sejarah lokal. Bagi pembaca Indonesia, kejadian-kejadian di masa lampau itu tentu lebih menarik dan terasa akrab. Keberanian Ito mengawinkan fakta dan fiksi sehingga menghasilkan novel gurih ini perlu dipujikan. Mengingat belum banyak penulis kita yang memanfaatkan lahan subur sejarah tanah air sebagai tema atau latar belakang kisah-kisah fiksi. Dari yang sedikit itu nama besar Pramoedya Ananta Toer sebagai empu belum tergoyahkan.Oya, ada catatan kecil saya untuk Ito atau editornya agar lain kali lebih teliti. Bukan perkara besar, hanya karena kurang cermat saja. Pada halaman 518, tertulis: Tangannya merogoh rokok dari kantong. Sepanjang pertemuan mereka, baru kali ini dia (Kalek) merokok di depan Cathleen. Padahal di halaman 455, Ito menulis : Pada pertemuan mereka di Banda, Kalek menahan diri untuk tidak merokok. Sekarang dia tidak tahan lagi. Secangkir kopi pahit dan sebatang rokok untuk sebuah perayaan pertemuan.Dan juga di halaman 541 : Erick mungkin bersama Kalek.  Mestinya bukan Erick, tetapi Robert, sebab Erick telah mati bersama Raphael.***"}, {"userName": "Michiyo 'jia' Fujiwara", "userReviewDate": "Jul 16, 2012", "userURL": "http://www.goodreads.com/user/show/6999278-michiyo-jia-fujiwara", "userReview": "pengen baca tapi nanti akhir tahun saja akhir tahun terlalu lama pengen baca sekarang juga!!.. setelah goodreads challenge'a finish..masa bodoh dengan Goodreads Challenge.. hehe ;p-------------------------------------------------------------------------------------------------Cara yang paling nyaman untuk menikmati sejarah adalah dengan karya sastra, film dan kadang penuturan asli dari para pelaku sejarah itu sendiri secara langsung (secara pribadi aku pernah dengar kisah almh. Nenekku, beliau memang bukan pahlawan apalagi ikut berjuang mengangkat senjata tapi beliau adalah salah satu korban..pengungsi lebih tepatnya, ketika pasukan republik bertempur melawan pasukan Belanda/sekutu di pedalaman pulau Jawa, saat  Agresi Militer I atau II aku lupa! beliau menceritakan kisah ini ketika aku masih kecil, jadi untuk detail yang kuingat sekarang sudah samar-samar) . Dan buku ini sendiri adalah sebuah karya yang cerdas..dalam menikmati sejarah.. E.S Ito dapat dikatakan sebagai titisan Pramoedya Ananta Toer..seandainya karya yang dihasilkan bisa lebih banyak lagi. Meramu sebuah Thriller dan Historical Fiction Mystery, Rahasia Meede; Misteri Harta Karun VOC..bisa dikatakan gabungan yang ter-inspirasi karya; Dan Brown dan Pramoedya Ananta Toer. Unsur ketegangan ketika para korban mulai berjatuhan dan saat dihadapkan oleh lompatan perubahan zaman yang sangat drastis, ada satu bab kita diceritakan pada masa lalu (Zaman VOC), bab berikutnya dizaman kini (saat itu tahun 2002) lalu loncat lagi ke zaman pasca kemerdekaan. Lonjatan-lonjatan sejarah dan thriller yang terus sambung menyambung, membuat buku ini menarik untuk terus membacanya. Serta unsur sindiran akan ketidakbecusan kita sebagai warga negara, dan para pemimpin bangsa itu sendiri..Balik lagi kemasalah dalam buku ini, tersebutlah kisah \u2018para pemburu\u2019 harta karun VOC..banyak kelompok, diantaranya; trio cauvinis (Robert, Erick dan Rafael) sekelompok peneliti dari Belanda, wartawan Indonesiaraya; Batu yang berusaha mengungkap pembunuhan \u2018unik\u2019, dimana semua lokasi pembunuhan diawali dengan huruf \u2018B\u2019 dan tempat-tempat yang berhubungan langsung dengan Bung Hatta; Batavia, Baven Digoel, Brussels, Bukittinggi,Bangka dan sebagainya.. serangkaian pembunuhan yang meninggalkan sebuah pesan rahasia, ajaran dari Gandhi; perniagaan tanpa moralitas, politik tanpa etika, sains tanpa humanitas, peribadatan tanpa pengorbanan, kekayaan tanpa kerja keras dan lain sebagainya, seorang wanita Belanda; Cathreen Zwinckel, Zwinckel; sebuah nama yang terkait dengan sejarah masa lalu ketika Jacob Belverder dan rekannya J.J.Roeps menaklukan pemberontakkan Singkel, Aceh tahun 1840. Sebuah peristiwa yang layak untuk dikenang Jacob sehingga sampai-sampai ia mengubah namanya menjadi Jacob Singkel atau Zwinckel, nama Belverder juga sebuah misteri. Belverder  bisa disusun menjadi; Erberveld..Meede Erberveld..yang menyembunyikan harta karun VOC, puncak dari segala masalah ini.. dan masih banyak lagi para tokohnya..terlalu panjang dan memakan waktu untuk menceritakan mereka satu persatu..Sebuah konspirasi..semuanya adalah abu-abu..mana pihak yang baik..mana pihak buruk..tidak dapat  dibedakan..aku bingung dan dibuat bertanya-tanya..siapa sesungguhnya pihak yang benar disini..dan sebuah akhir yang tak terduga, mau tau dimana letak harta karun VOC itu, jawabannya adalah;\u201cTerkubur jauh di perut bumi, tetapi bisa dilihat setiap hari. Tersembunyi tetapi diketahui semua anak bangsa. Terbenam tetapi sebenarnya mencumbu awan. Penuh rahasia, tetapi menjadi keseharian manusia Indonesia\u201d  disitulah tempat harta karun yang dicari itu berada..Ingat ya kawan ini cuma karya fiksi, jadi betapun terlihat akurat dan fakta yang disampaikan sejalan dengan sejarah yang terjadi.. kejadian ini sesungguhnya tidak benar-benar terjadi..E.S Ito adalah seorang penulis yang bisa meramu mitos dan legenda yang terjadi di masyarakat menjadi sebuah karya fiksi..brilian!!------------------------------------------------------------------------------------------------Alasan aku merubah rencana baca buku ini (sebelumnya akhir tahun, baru rencana mau membacanya), adalah sebuah selentingan kabar yang menyebutkan bahwa dalam buku ini ada sangkut pautnya dengan BUNG HATTA..Pria Indonesia yang paling aku kagumi hingga saat ini, seorang pria sederhana dan santun..seorang pria yang lebih mementingkan jalan diplomasi daripada menciptakan sebuah peperangan, seorang pria yang selalu mementingkan urusan bangsa daripada urusan pribadinya sendiri, seorang pria yang lebih memilih hidup membujang dan tidak akan menikah sebelum Indonesia merdeka, kami bangsa Indonesia sangat beruntung memilikimu BUNG, jujur saja kami rindu kepadamu BUNG..kami rindu akan sosok pemimpin yang jiwa dan raga serta tanpa berbalas pamrih..setia dan akan mengusahakan yang terbaik apapun itu untuk bangsa Indonesia..apakah kami cukup beruntung untuk menemukan dan menjadi penerus mu, BUNG?? Apakah aku cukup beruntung bisa menemukan pria sepertimu BUNG??..aku iri pada Rachmi Rachim yang dapat memiliki mu..aku iri pada Meutia, Gemala dan Halida yang dapat memiliki ayah seperti mu ..seandainya saja Ya Allah kalau boleh ku meminta.."}, {"userName": "Unisa Reni", "userReviewDate": "Feb 04, 2008", "userURL": "http://www.goodreads.com/user/show/875915-unisa-reni", "userReview": "Tak banyak buku fiksi yang membuat saya begitu terpukau dan tak ingin melepaskannya sampai lembar terakhir. Buku ini salah satunya. Sebuahthriller dengan penggabungan antara Fakta-fakta Sejarah dengan imajinasiyang sangat rumit, cerdas dan detil.Saya kagum membayangkan kerja keras, kesungguhan, waktu yang panjang serta modal yang tentunya tidak sedikit untuk sebuah riset yang serius, demi menghadirkan karya ini ke hadapan pembaca.E.s Ito dengan indah berhasil menghadirkan fakta-fakta sejarah perjuangan Indonesia dari abad ke 17 (terlepas dari berapa persentase kebenaran hasil risetnya), dengan deskripsi detil yang mestinya menantang para ahli sejarah untuk menguji kebenarannya. Saya merasa belajar sejarah bangsa dengansenang hati. Di buku ini kita juga dikenalkan kepada keindahan dan eksotisnya kebudayaan Nusantara mulai dari Nias, mentawai, jawa, Makasar, Banda bahkan sampai Irian (Berapa banyak karya yang mengangkat tentang budaya Nusantara?). Di sini kita juga akan lebih menghargai eksistensi Kota tua Jakarta dan daerah-daerah yang nyaris terlupakan. Hal-hal itu dikawinkan dengan intrik thriller yang manis dan memukau.Saya terpesona\u2026Saya selalu berfikir bahwa orang yang sungguh-sungguh dalam berkarya berhak mendapat apresiasi yang luar biasa. Saya rasa E.S Ito harus termasuk diantaranya."}, {"userName": "melmarian", "userReviewDate": "Aug 27, 2012", "userURL": "http://www.goodreads.com/user/show/4114252-melmarian", "userReview": "Satu hal yang paling menohok batin saya ketika membaca buku ini adalah\u2014betapa minimnya pengetahuan saya tentang sejarah Indonesia. Dan saya hanyalah satu dari sekian banyak anak muda Indonesia yang lupa, atau malah tak mau tahu sejarah negeri sendiri. Pelajaran sejarah di sekolah tak lebih dari dongeng pengantar tidur yang berisi fakta-fakta yang tak bermakna. Membosankan. Siapa yang patut disalahkan? Kurikulum? Guru? Siswa? Sampai-sampai E.S. Ito harus menulis buku ini untuk \u201cmenggoda\u201d orang-orang Indonesia (khususnya generasi muda) untuk sedikit memelekkan matanya terhadap sejarah.\n  Bagi manusia Indonesia, masa lalu dan masa sekarang tidak ada kaitannya sama sekali. Bekapan kemiskinan menghasilkan super-ego dan sinisme lingkungan. Waktu adalah uang. Yang lalu biarlah berlalu. Lihat ke depan, globalisasi menanti. Era pasar bebas akan menggilas mereka yang lengah. Manusia Indonesia, tentu dengan banyak keterbatasannya, melihat masa lalu sebagai perintang masa depan. \u2013 hal.173\nTokoh favorit saya adalah Guru Uban yang sampai akhir buku identitasnya tetap misterius, dan ternyata adalah seorang\u2026\u2026 (baca sendiri deh supaya nggak spoiler) :D .Beginilah cuplikan di halaman 62 saat Guru Uban mengajar sejarah di sebuah sekolah kecil di Bojonggede:\n  \u201cTetapi kita sekarang kan sudah merdeka, Pak?\u201d Murid perempuan tadi merasa dapat angin.    \u201cRaga, tetapi tidak jiwanya,\u201d Guru Uban menelan ludah. Dialog ini seakan-akan menguras energinya. \u201cSekarang, lihatlah diri kalian anak-anakku. Miskin, tidak berdaya dan kalian sama sekali tidak merdeka bercita-cita. Sekarang, acungkan jari kalian, siapa yang ingin kuliah setelah ini?\u201d    [\u2026]    \u201cKalian tidak akan pernah berani bercita-cita untuk kuliah di kampus itu, sekalipun ada di antara kalian yang pintar. Kalian tidak merdeka, anak-anakku, sebab Belanda-Belanda cokelat jauh lebih bengis daripada kulit putih.\u201d\nPengarang juga mengkritik habis-habisan kota Jakarta yang disebutnya \u201cbukan lagi Ratu dari Timur, melainkan Ratu Terpuruk Lumpur\u201d dan kawasan Menteng yang disebutnya sebagai \u201cpengabdi kolonial abadi\u201d dengan segala borjuismenya.Salut kepada pengarang yang memasukkan banyak fakta sejarah dalam buku ini, sehingga saya sebagai pembaca yang kurang suka non fiksi mendapat lebih banyak informasi dengan membaca 675 halaman Rahasia Meede daripada membaca novel-novel lainnya. Apalagi di halaman 79-86 saya disuguhi sejarah akuntansi modern dan Luca Pacioli, beserta pengaruhnya terhadap Jan Pieterszoon Coen dan \u201cperlakuan akuntansi\u201d yang diterapkannya dalam serikat dagang Vereenigde Oost-Indische Compagnie alias VOC.Pengarang cukup berhasil membangun ketegangan dalam thriller sejarah bercita rasa sastra Indonesia ini. Terlepas dari beberapa kekurangan, diantaranya beberapa bahasan sejarah yang dibahas sangat detail sehingga rasanya memusingkan, plot yang terasa agak dipaksakan dan beberapa hal yang masih menyisakan pertanyaan (misalnya motif asli Anarki Nusantara dalam pembunuhan Gandhi dan hubungannya dengan pencarian emas VOC); Rahasia Meede tetaplah sebuah karya yang tidak boleh dilewatkan setiap manusia Indonesia. Kalau tidak ada Rahasia Meede, bisa jadi seumur hidup saya tidak akan melirik topik yang kedengarannya saja sangat membosankan seperti sejarah ekonomi kolonial. Empat bintang buat buku ini.\n  \u201cBelajar sejarah tujuannya agar kita memberikan arti pada masa sekarang. Supaya tidak ada ruang hampa dalam hidup ini. Dengan berpikir seperti itu, kalian akan menghargai setiap garis kehidupan yang kalian jalani. Kita tidak perlu kaya dan berkuasa untuk menikmati hidup.\u201d \u2013 hal. 401\n@melmarianhttp://surgabukuku.wordpress.com/2012..."}, {"userName": "Hasanuddin", "userReviewDate": "Jun 17, 2008", "userURL": "http://www.goodreads.com/user/show/1084008-hasanuddin", "userReview": "Buku spesial yang ku dapat dari orang spesial di hari yang spesial pula. Dari judulnya, sudah menggoda. Sepertinya sarat akan muatan sejarah. Dan benar saja, setiap lembar yang dibaca, semakin terdorong untuk membuka lembaran-lembaran berikutnya. Meski ada yang bilang seperti cerita perpaduan Dan Brown, National Treasure atau bahkan Seven (dibintangi oleh Brad Pitt), aku tidak peduli. Aku sudah hanyut terbawa oleh kemisteriusan dan penelusuran Jakarta tempoe doeloe. Aku sudah terkapar oleh benturan perang logika antara Kalek vs Batu, kemisteriusan Guru Uban dan keanggunan Cathleen. Benturan kepentingan diantaranya, dibalut mesra akan sebuah pertanyaan bagaimana cara mensikapi nasionalisme? Perlukah paradigma baru yang selama ini terkesan simbolik, seremoni hingga militer? Adakah ruang-ruang tersisa bagi \"mereka\" yang menikmati paham kebangsaan dengan cara yang \"berbeda\"?Roman sejarah yang diusung oleh Ito, benar-benar membuat ku semakin lapar untuk mencerna setiap paragraf demi paragraf, kata-kata dan huruf-hurufnya. Aku terbuai, terbuai ke sketsa peradaban 350 tahun yang lalu...Meski disana-sini bersliweran banyak nama-nama tokoh, yang terkadang bikin mengernyitkan dahi untuk mengingat kembali. Aku menutup mata dari kelemahan itu, karena aku sudah terpikat. Meski ending terkesan singkat dan mengambang, aku sudah gelap mata untuk memberi jempol pada karya yang melawan arus tren penulisan sastra saat ini."}, {"userName": "Leli", "userReviewDate": "Jun 16, 2008", "userURL": "http://www.goodreads.com/user/show/581752-leli", "userReview": "Dia tidak pernah melewatkan kopi Lampung tanpa gula. Dia menolak kontradiksi. Pahit kopi tidak mungkin dibaurkan dengan manis gula. Dia harus memilih salah satu diantaranya.Adanya tokoh yang digambarkan dengan narasi di atas yang membuat gw ga menunda menamatkan novel ini. Kalek lebih keluar karakternya di novel ini daripada TTRnya (teman tapi rival) - Batu. Selain juga woro2 tur musium & pulau onrost :D. Bagi gw, logikanya si Batu itu mirip Darth Vader kepada Empirenya; tugas, tugas dan tugas.Novel suspense..? Pasti. Ketegangan ala kejar2an terasa. Novel sejarah.. tepatnya sih novel yang memasukan fakta2 sejarah (indonesia masa kolonial dan pembentukan republik). Saking banyaknya fakta sejarah, serasa membaca buku HPU (himpunan pengetahuan umum, modal cerdas cermat jadul). Pengetahuan penulis tentang fakta2 ini kayanya terlalu merimpah ruah dan terlalu dermawan pula, hahaha. Sampai agak sulit menikmati adegan dari tokoh2 di dalamnya.Riset yang hebat wahai penulis, tapi.. ga perlu semuanya diceritakan. Ini novel loh.. bukan jurnal sejarah.7 dosa sosial. Ide bagus. Tapi kok seperti dipaksain untuk melancarkan ide bahwa harus ada pembunuhan di dalam sebuah novel suspense. Masih ada kebingungan : bagaimana korban bisa berada pada lokasi pembunuhan yang tepat, kebetulan atau konspirasi? (jadi ingat film SEVEN, brad pitt-morgan freeman).pewaris meede. kalau mau ditetapin dari garis ibu..ya garis ibu aja. (da vinci code,  the historian) penonton sudah cukup puas kok, hehehe. kenapa diakal2in ke garis ayah (yang entah siapa sebenarnya, jangan2 belanda mana..gitu) ya? Masih banyak pertanyaan sih, seperti karakter 3 dalang tua itu yang belum cukup kuat diceritakan. Belum lagi kehadiran mereka di tempat penemuan harta karun, ngapain juga tua2 berjibaku ke kincir angin yang bahaya itu.Selebihnya... asik. Novel ini harus dibaca maraton. Masuk kamar, kunci pintu, seleai ga selesai dikumpulkan. Isinya membuat gw tertarik ke sejarah kolonial. Mungkin ga sih ada sequelnya tentang perjuangan sokoguru lusi & rosnita, pewaris AN?? Ada bagian yang membuat gw menetes ( 3 tetes doang :D). Yaitu jawaban Cathleen mengenai motivasi Pieter ttg penyerahan rahasia Meede ke delegasi Hatta (hal.659). Nilai apakah itu..., biarlah itu jadi rahasia leli, hehe.spoilernya..? 1. sejarah indonesia = seru2. kalek = seksi"}, {"userName": "Rika", "userReviewDate": "Jul 23, 2008", "userURL": "http://www.goodreads.com/user/show/571585-rika", "userReview": "Baca buku ini karena tertarik ikut gatheringnya..tadinya mo pinjem dari temen tapi ternyata buku sedang beredar ke temen yang laen, daripada pada saat gathering gue bengong, gue beli deh hihi\u2026Semua topic yang jadi inspirasi buku ini adalah benda asing buat gue. Gue gak suka politik, cuma kenal Hatta sebagai urang awak yang jadi Bapak Proklamator, Bapak Koperasi, yang makamnya gede di Tanah Kusir (moga2 bener), yang anaknya sekarang jadi menteri, gak lebih dari itu.. Apalagi Gandhi, cuma inget pas masih kecil pernah nonton filmnya.Pelajaran sejarah juga bukan mata pelajaran favorit gue, apalagi ttg VOC, wuuuah, kayaknya yang inget cuma nama Deandels (ini yang bikin jalan Anyer-Panarukan kan?), trus JP Coen, Cornelis de Houtman yang mendarat di Banten th 1596, yang laen gelap.. padahal guru sejarah (gabung ke IPS) pas SD dulu galaknya luar biasa..ya gak Lel, Nafi..? hehe..Diceritakan dua tokoh utamanya (atau dua pion utama nih?) adalah lulusan SMA Taruna Nusantara. Idenya boleh juga tuh, ternyata biarpun selama 3 tahun sekolah selalu mencukur rambut dengan rumus yang sama (1-0-0 kalo gak salah, nyaris gundul gitu maksudnya\u2026.), ternyata gak menghalangi bibit2 anarkis tumbuh dalam kepala si Kalek. Kalek dalam novel ini terlalu banyak taunya, tah siapa sumbernya.. Tapi biar gitu, akhirnya gue tetep bisa menemukan kepositifan di segenap kenegatifannya Kalek.. Hmm\u2026 apakah ini berarti gue pro ama pemerintah\u2026? Gak juga sih..:DDi dalam buku ini buanyaaak banget kritik2 buat manusia pada umumnya apalagi pemerintah.. enak juga ya jadi pengarang, punya sarana untuk \u2018mencela\u2019..Parahnya bagi gue, nama-nama Belanda yang muncul dan peristiwa2 yang terjadi di jaman VOC yang diceritakan dalam novel itu, baru bener2 nempel di kepala gue setelah selesai baca 2/3 bagian, maklumlah, gak punya kebiasaan bikin catetan pas lagi baca, padahal daya konsentrasi minimal\u2026 ini pengaruh umur gak ya hihi\u2026 Mau baca ulang, takutnya nanti jadi expert sejarah, kasian kan Pak Guru Uban punya saingan:D Editor buku ini kayaknya kurang konsisten dengan nama bos besar CSA, pada bagian awal selalu disebut Surya Lelono, di tengah-tengah sampai selesai kok jadi Suryo Lelono ya\u2026?Trus lagi, nama Kapitein der Chinezen-nya juga sempat berubah jadi Ben Gam, ini typo kali yaaa..Tapi kesalahan awal justru gue temukan di halaman pertama Bab I, di situ dikatakan bahwa pendingin udara di pesawat Twin Otter yang ditumpangi Batu rusak, padahal, di Twin Otter, pesawat yang kedatangannya selalu dinanti2 oleh rakyat di pedalaman Papua, AC-nya gak pernah rusak karena emang gak pernah ada:D, karena dia bukan jenis pesawat yang pressurized, soo kalo lagi di darat puanasss ruar biasa, tapi kalo udah melangit suhunya langsung adem. Kata Guru Fisika kan setiap naik 100 m suhu udara turun setengah derajat celsius?Tapi biar gitu, buku ini tetep enak dibaca. Banyak kejutan ala Dan Brown dan jebakan ala Indiana Jones, moga2 gue gak berlebihan:D, biarpun cerita ttg emas di Monas itu gak masuk akal hehe.. , trik ala David Copperfield kali yeee."}, {"userName": "Palsay  ", "userReviewDate": "Jun 05, 2008", "userURL": "http://www.goodreads.com/user/show/567709-palsay", "userReview": "Ini buku sudah sering saya lihat bertengger di rak buku Gramedia, dengan warna cover yang ciamik..wah dramatis sekali covernya...saya pegang-pegang, wah tebal juga, asik nih buat bahan bacaan seminggu, ...ditimbang-timbamg...eh kalo dibaca sambil tiduran masih kuat tangan ini mah...tapi begitu liat harganya...ah ga jadi aah...selain nama pengarangnya yang belum terkenal, juga tidak ada cap ampuh \"best seller\" yang jadi salah satu pertimbangan untuk membeli. tapi pada saat GRINA recommend buku ini sebagai buku bulan Juni, saya lsg browse toko buku online langganan dan lsg masukkan kranjang belanjaan. Sebelum tersadar apa yang saya lakukan, besoknya buku ini sudah sampai di kantor saya...waks...(peringatan: bagi para pengarang yang mo publish bukunya boleh juga pake fasilitas \"buku bulan ini\" dari GRINA. lumayan ampuh..hehe)Kisah dalam buku ini dilatarbelakangi oleh kasak kusuk harta karun dari jaman VOC yang katanya kalau ditemukan, bisa untuk membayar hutang Indonesia. Pengarang dengan cerdasnya mengaitkan issue ini dengan kondisi politik pasca reformasi, terutama letupan-letupan kecil gerakan aktivis yang dinamakan \"Anarki Nusantara\" yang dipimpin oleh Attar Malaka. Lalu kisahpun didramatisir oleh kenangan persahabatan masa SMA antara tokoh-tokoh jagoan di buku ini, yaitu Attar dan Batu. Hampir keseluruhan kisah dikutip dari sejarah Batavia dan VOC dengan nama-nama yang memang pernah exist di jamannya, membuat kita terbawa pada jaman emas kolonialisme VOC, jaman gelap bagi Nusantara, termasuk sisi gelap dan misterius dari sesuatu yang disebut MonsterVerbond, yaitu suatu kekuatan gelap & jahat yang pernah ikut andil dalam kejahatan kolonial di Nusantara ini. Untuk yang ini, pengarang benar-benar melakukan risetnya dengan baik, meski ada beberapa hal yang membuat hipotesanya menjadi tidak logis.Dialog-dialog yang ada dalam buku ini begitu kental aroma perjuangan, pemberontakan dan perlawanan terhadap kapitalisme, atau kolonialisme gaya baru, sehingga membuat saya ikut terbawa emosi pengarangnya.Namun pada akhirnya, semuanya karena harta. Money is the root of all evil.Bacalah novel ini, supaya kita bisa lebih menghargai sejarah dan merasakan pedihnya penjajahan, bagaimanapun bentuknya."}, {"userName": "Ahmad", "userReviewDate": "Jan 08, 2009", "userURL": "http://www.goodreads.com/user/show/546894-ahmad", "userReview": "Mungkin ini buku yang menyegarkan di tahun 2008. Beda! Di tengah merebaknya buku pengekor \"Ayat-Ayat Cinta\" di awal tahun dan Chicklit serta Teenlit yang mulai pudar, \"Rahasia Meede\" menawarkan cita rasa baru. Thriller yang mirip dengan pesona \"Da Vinci Code\" yang juga meledak di pasar buku dunia.Rahasia Meede adalah novel cerdas. Berbeda dengan tetralogi Andrea Hirata yang lebih senang memainkan kata-kata dengan indah, Rahasia Meede menjadi buku penuh ilmu yang mempesona. ES Ito dengan cerdik membuka cerita dari kisah Konferensi Meja Bundar, melompat ke zaman kini lewat ilmuwan pencari 'harta karun', lalu kembali meloncat ke zaman kolonial, revolusi, dan reformasi berturut-turut. Cita rasa thrillernya pun tidak murahan. Ito mampu memainkan perasaan dan keingintahuan pembaca dengan baik. Misteri di balik satu cerita dengan cerita lain dirangkai dengan apik.Novel ini membuktikan bahwa Ito memang cerdas. Pengetahuannya melintasi sejarah, bahkan terasa menjadi buku sejarah yang tidak membosankan. Latar belakang Taruna Nusantara, SMU unggulan di era 1990-an dan militer juga tidak mengecewakan. Selebihnya, Ito memang cerdas merangkainya dalam teka-teki Hatta dan Gandhi.Sayangnya, cerita yang begitu apik ditutup dengan peristiwa yang menurut saya terlalu sederhana. Bahkan, lebih mirip \"National Treasure\" yang masuk ke goa, lantas menemukan istana dengan tumpukan emas. Begitu mudah. Hancur berantakan, dan tak ada yang tahu kelanjutannya. Untung saja, Ito masih menutupnya dengan epilog yang tetap misterius. Dosa Gandhi yang terakhir.Bagi saya, ini buku terbaik tahun 2008. Bahkan, saya berani menyebutnya lebih baik dari \"Bilangan Fu\" Ayu Utami yang monoton, sinis, dan skeptis, namun dianugerahi 'Anugerah Sastra Khatulistiwa'. Saya merekomendasikannya untuk Anda. Memang tidak mengguncang iman seperti karya Dan Brown, tapi membuat Anda terpesona dengan sejarah negeri sendiri. Empat jempol untuk Ito yang masih low profile itu!"}, {"userName": "Mirna", "userReviewDate": "Sep 16, 2009", "userURL": "http://www.goodreads.com/user/show/154362-mirna", "userReview": "Resensi lengkap mungkin akan dibuat dan diunggah saat buku sudah rampung dibaca. Akan tetapi daripada tidak ada, berikut ini adalah berbagai coretan yang saya buat di halaman-halaman buku dengan menggunakan pensil.Halaman 87: Karakter Guru Uban ini terlalu jelas dibuat sombong dan angkuh, hitam putih. Sepertinya akan condong pada sesuatu yang hitam.Halaman 102: Cathleen lebih terdengar Amerika daripada Belanda, baik dari segi nama maupun gerak-gerik yang dideskripsikan.Halaman 121: Dari semua karakter sejauh ini hanya Batu yang terbentuk lebih utuh, alami dan manusiawi (dalam artian 'believable').Halaman 125: (re: Cathleen) perempuan ini mahasiswi sejarah, spesialisasinya apa bisa dikesampingkan, kenapa dia harus digambarkan sedemikian butanya tentang Suharto?Halaman 129: Bab 13 ini seluruhnya bisa dihilangkan tanpa terlalu mengganggu keseluruhan buku.Halaman 140: (re: Robert, Rafael dan Erick) Dari awal buku ketiga orang ini masih saja berbentuk cetakan datar dua dimensi. Perdebatan mereka terasa datar dan percuma karena mereka hanya dipakai untuk membeberkan pengetahuan penulis tentang berbagai trivia tentang era Perang Dunia II.Halaman 152: Rasanya gaya bahasa yang digunakan terlalu seragam untuk semua karakter.Halaman 163: Kenapa bule Belanda ini tidak memakai Mac seperti bule2 Belanda pada umumnya? a. Mungkinkah karena aplikasi software yang digunakan untuk membuat peta dan macam-macam itu tidak ada untuk Mac? b. Mungkinkah karena penulis tidak pernah berkenalan dengan Mac? :PHalaman 169: Banyak paragraf yang percuma seperti paragraf penutup bab ini :(Halaman 186: Mereka tidak minum untuk menghangatkan tubuh, they drink to unwind, they drink to celebrate. Halaman 204: Honda Jazz and NO CELLPHONES? settingnya tahun berapa sih ini?"}, {"userName": "Just Fatma", "userReviewDate": "Mar 02, 2009", "userURL": "http://www.goodreads.com/user/show/341083-just-fatma", "userReview": "Hwew...akhirnya tadi malam selesai juga baca buku ini, setelah sempat banyak gangguan disana-sini.Alur ceritanya mirip novel2 Dan Brown (Da Vinci Code dan Angels and Demonds). Pembahasan sejarahnya bagus. Kita bener2 harus selesain baca buku ini, baru ketemu deh sebenernya siapa yang menjadi hitam dan siapa yang menjadi putih. Karena sempat gue terjebak diawal kalo tokoh antagonisnya yaitu si Kalek, tapi ternyata kan Prof. Huygens, Jenderal Darmoko, Rian, dan Suryo Lelono.Di awal, alur ceritanya loncat2 dari satu alur ke alur yang lain. Tapi pas udah tengah sampai akhir mulai teratur.Gue pikir tadinya tokoh dalam novel ini banyak banget, tapi ternyata satu orang tokoh cerita bisa menjadi dua atau tiga orang yang berbeda. Kayak misalnya, Guru Uban ternyata Melati Putih, trus Batu ternyata juga Roni. Belum lagi nama panggilan2 tokoh2 itu sendiri.Tapi kenapa ya, salah satu tokoh dalam cerita ini kok menyebut Jurusan Ilmu Perpustakaan sebagai suatu pekerjaan yang gak ada prospeknya. Ihiks..Ihiks..sedih niy dirikuw... Trus, kayaknya impossible aja tugu monas bisa naik turun. Emang bisa ya Mas E.S Ito??Tapi gak apa deh, tetap salut buat E.S. Ito untuk penjabaran sejarahnya."}, {"userName": "Ordinary Dahlia", "userReviewDate": "Jun 22, 2008", "userURL": "http://www.goodreads.com/user/show/189220-ordinary-dahlia", "userReview": "Akhirnya setelah 1 mg penuuuh...*ngelap keringat*Lihat bintang yang d berikan? Hanya perhargaan itu yang sanggup g berikan utk karya anak negeri (hiks')yang terfikir saat selesai mbaca adalah : Sayang sekali g lahir lebih cepat sehingga yang g dapat hanya sepenggal cerita yang bahkan hampir g lupakan. Tak pernah terpikir melihat sejarah dr sisi lain. Mungkin yang terburuk adalah, tak ada lagi ketertarikan melihat ke belakang. Menyedihkan...Wajarkah kalo g bilang g adalah generasi parsial?Cemburu rasanya kalo ingat mungkin manusia2 yang terlahir sekarang akan mdapat cerita yang lebih baik.Tapi tetap saja, puzzle2 itu harus d susun mulai dr sekarang kan hehehehe...(Sedikit lega)Tapi mulainya drmana ya?Baiklah! Mulai dengan mengoper tongkat estapet pengetahuan saja mungkin...NB : g tetep ga bisa minum kupi pahit! hoek' hoek..."}, {"userName": "Fakhrul Muslim", "userReviewDate": "May 15, 2014", "userURL": "http://www.goodreads.com/user/show/10023876-fakhrul-muslim", "userReview": "Ahh buku ini asli bagus banget.. Sejarah VOC adalah tema yang jarang diangkat oleh penulis lain, padahal suka atau tidak, bagian sejarah inilah yang paling banyak membentuk karakter bangsa kita sampai saat ini.Novel thriller yang mengusung konspirasi dan intelijen, apalagi ceritanya dibangun dari fakta sejarah, tidak bisa tidak pasti akan disebut-sebut meniru Dan Brown. Buat saya tidak ada salahnya meniru sesuatu yang baik, apalagi bila dieksekusi dengan sangat baik pula.Buku ini penuh dengan ironi di sana-sini, karakter bangsa kita dikritik habis-habisan di sini, karena sangat jelas terlihat bahwa meskipun Indonesia sudah merdeka 60 tahun lebih, tapi karakter kita sebagai bangsa terjajah tidak pernah hilang, inferioritas kita ketika berhadapan dengan bangsa asing masih melekat hingga kini. Penjajahan masih berlaku, hanya mengambli bentuk lain.Tidak salah memang kalau ES Ito ini disebut Pram muda."}, {"userName": "Anggraeni Purfita Sari", "userReviewDate": "May 22, 2014", "userURL": "http://www.goodreads.com/user/show/8714049-anggraeni-purfita-sari", "userReview": "Buku ini saya baca karena direkomendasikan banget sama mas Fakhrul, kata dia sih keren. Dia juga yang nemuin buku ini di antara tumpukan buku yang saya punya. Waktu ditemuin masih segelan, padahal udah dibeli dari jaman dulu. :P Nah setelah dia baca, dia bilang keren, baru saya yang baca, dan ternyata emang keren banget.Plotnya asik, banyak kejutan disana sini, disamping penuturan sejarahnya padat, tapi enak lah buat diikuti. Diantara penulis buku konspirasi lokal, inilah yang terbaik menurut saya, karena jalan ceritanya yang paling seru. Saya abis baca Sukuh sih, jadi mau nggak mau jadi ngebandingin sama buku itu. Kata saya bagusan buku ini, mungkin karena emang lebih kompleks alurnya, lebih lengkap sejarahnya dan yang pasti lebih banyak kejutannya.Rahasia Meede ini bener2 membuat sejarah yang kita pelajari dari jaman SD sampai SMA jadi nggak berarti, juga membuat kita yang merasa sebagai manusia Indonesia jadi tersindir, segitu malasnya kah kita belajar sesuatu dari masa lalu hingga sampai saat ini sebenarnya kita masih terjajah tanpa kita sadari?"}, {"userName": " \u0394x \u0394p \u2265 \u00bd \u0127 ", "userReviewDate": "Apr 20, 2013", "userURL": "http://www.goodreads.com/user/show/1618324-x-p", "userReview": "Expectation kills.Tergiur gemerlapnya bintang gemintang di GR, akhirnya memaksakan juga baca buku ini. Dan hasilnya jauh dari kata memuaskan. Baca buku ini seperti baca buku pelajaran Pendidikan Kewarganegaraan saat masih SD. Ironis, mencibir rezim Orde Baru, buku ini justru terkena sindrom Suhartorian, semua buku/film/media harus memiliki pesan moral yang tersirat jelas di dalamnya. Jadilah saat membaca buku ini kita harus membaca juga khotbah dan ceramah yang ditulis begitu jelas.Di zaman SD atau SMP, pertanyaan \"Apakah pesan moral dari cerita di atas?\" pasti keluar di soal. Dan buku ini bisa dijadikan contoh sempurna mengapa soal tsb menjadi terlalu mudah. Di buku ini, \"pesan moral\" tsb ditulis panjang-sepanjang-panjangnya sampai-sampai saya nyaris berpikir, \"Tak percayakah sang penulisnya, kalau pembaca juga cukup pintar untuk menafsirkan isi bukunya tanpa perlu membaca ceramah monolog panjang ini?\" Alih-alih terlihat seperti novel thriller, buku ini malah lebih mirip buku curhat. Dan yah, mirip juga buku ceramah yang mencantumkan pesan moral yang panjang-panjang. Sangat panjaaaaaaaaannggg.... (Saya sengaja meng-cut huruf \"a\"-nya, soalnya saking panjangnya, review buku ini bisa berisi huruf \"a\" melulu)."}, {"userName": "indri", "userReviewDate": "Dec 01, 2008", "userURL": "http://www.goodreads.com/user/show/1610985-indri", "userReview": "Benar-benar takjub membaca buku ini.. walaupun alurnya melompat-lompat, namun pendalaman ceritanya mengagumkan. Cerita sejarah yang tak pernah kita dapatkan bisa terangkum di sini. Ito benar-benar pencerita ulung, membuat aku tak mau lepas dari buku ini dan menghabiskannya hanya dalam waktu 2 hari.Sejarah kependudukan Belanda seolah diubek-ubek,diputar, dijelaskan hingga mengungkap suatu rahasia. Buku yang layak untuk dibaca apabila anakmu nanti kesulitan belajar sejarah seperti aku, mendingan baca buku2 sejarah setara PAT, atau buku ini sebagai variasi.Penceritaan dari Pulau Banda, Mentawai, Onrust, dan seputaran Jakarta..juga korps Sandy Yudha Kopassus (yang entah ada atau tidak), tentang orang-orang yang berotak brillian dan mampu mengingat menceritakan sejarah.. Cathleen, Kalek, Batu, Gatot, Rafael, Robert, Erick.Terasa sekali suspensenya, namun memang ada kalimat yang terlalu berpanjang-panjang. Serasa baca Dan Brown karena plotnya yang cepat dan terus berlari.Kalau dibandingin ma PAT, ya masih jauh lah.. tapi mudah2an buku ITO mendatang semakin matang.Tambahan lagi, sebaiknya buku ini tidak dibuat film. Bukan apa-apa, dialog yang panjang2 akan membosankan, walaupun sambil memandang kepulauan Banda. Yah, kecuali sutradaranya mau membuat setting ceritanyanya juga, seperti film dalam film lah.. Kedua, Batu dan Roni Damhuri kan orang yang sama, kalau difilmin nanti ketauan nanti nggak surprise deh kayak baca bukunya. Pak Guru Uban juga gampang ketauan.Daripada nanti kita kecewa, lebih baik hiduplah dalam khayalan masing-masing..@yang lain & ito, Yang hilang itu bukannya emas monasnya doang, bukan tugu monasnya??"}, {"userName": "Indah Threez Lestari", "userReviewDate": "Jan 26, 2009", "userURL": "http://www.goodreads.com/user/show/1604173-indah-threez-lestari", "userReview": "Baru beli dan bacanya karena mau ikutan Jelajah Meede 2 aja, supaya rada melek apa yang dibahas *ketinggalan kereta.com*Pada sesi tanya jawab Jelajah Meede 2, Bang Ito menyatakan tidak mau disamakan dengan Dan Brown, karena menyamakan karya penulis Indonesia dengan karya penulis luar sama saja dengan menyamakan rendang dengan pizza (eh, bener ga sih analogi ini atw aq yang short-term memory loss?). Pernyataan seperti itu sah-sah saja, kalau dilihat dari sejarah, tokoh, dan lokasi yang memang khas Indonesia. Tapi kalau dari genre, jalan cerita, sampai legenda harta karun yang terkait dengan arsip kuno, peta harta, konspirasi, dll, boleh dibilang serupa tapi tak sama dengan karya-karya Dan Brown atau film National Treasure (jilid satu dan dua). Hikmah yang diambil dari buku ini: menambah wawasan tentang sejarah Indonesia. Adanya pro-kontra sesuai/tidaknya dengan sejarah aslinya, seharusnya menjadi motivasi bagi kita untuk mempelajari buku-buku sejarah Indonesia. *kalau saja Larry Gonnick mau membuat kartun riwayat peradaban Indonesia XD*"}, {"userName": "Pongki Dwi Aryanto", "userReviewDate": "Oct 19, 2008", "userURL": "http://www.goodreads.com/user/show/1594357-pongki-dwi-aryanto", "userReview": "Perniagaan tanpa moralitas, Politik tanpa luka, Sains tanpa humanitas, Peribadahan tanpa pengorbanan, Kekayan tanpa kerja keras,  pengetahuan tanpa karakter, Kesenangan tanpa nurani. kalimat yang identik dengan Mahatma Ghandi. Bukan hanya beliau,  juga Ghandi Indonesia (Hatta) yang didalam novel ini kalimat dan ajaran mereka sering kali muncul, terjalin menjadi jalinan teka teki cerita penuh misteri. Tanpa sadar ketujuh kalimat tersebut ternyata juga tertulis di cover depan novel ini. Sama halnya dengan lambang VOC yang ternyata memiliki arti sangat khusus dalam cerita buatan E.S Ito ini.Sebuah kisah pencarian harta karun yang terpendam di bumi pertiwi, Indonesia. Yang katanya membuat Indonesia menyetujui tawaran Belanda didalam Konfrensi Meja Bundar untuk menanggung semua hutang-hutang VOC sebagai ganti pengakuan kedaulatan dan kemerdekaan Indonesia. Terori konspirasi begitu menghanyutkan didalam novel ini, merangkai cerita menjadi seperti makanan lezat, begitu kita menikmatinya sedikit saja, maka mulut ini takkan berhenti melahap dan mengunyahnya hingga lembar terakhir. Mana kawan mana lawan menjadi daya tarik untuk terus dicari hingga akhir halaman.Menarik, kenyataan sejarah dikembangkan dengan misteri harta karun dan imajinasi yang luar biasa. Bukan hanya bercerita mengenai kisah tetapi juga menjelaskan mengenai ideologi hidup yang nyata. Bagaimana seorang Kalek, Batu, Cathleen, dan tokoh lain memandang Indonesia. Bagaimana setiap tindakan yang diambil oleh tokoh dalam cerita ini memiliki landasan mengapa mereka harus melakukannya. Mengenal lebih jauh pandangan Hatta dan Ghandi tentang sebuah kemerdekaan. Menyusuri sudut-sudut kota Jakarta, dan beberapa sudut Indonesia, mengeksploitasi keindahan, keunikan masing masing tempat yang digambarkan.Kisah yang menarik, \u2026\u2026ditutup dengan sebuah kalimat bijak \u201c Negeri kaya raya, yang berpasir emas, berbukit intan, dan berkerikil manik. Tempat dimana tidak ada kemalangan, kesusahan, dan kesedihan. Pun menyadarkan bahwa masih ada kehidupan panjang yang menanti setiap insan dunia fana ini."}, {"userName": "Rowena", "userReviewDate": "Dec 22, 2008", "userURL": "http://www.goodreads.com/user/show/1591487-rowena", "userReview": "Novel sejarah yang menarik sangat sedikit di Indonesia, terutama yang menggunakan data-data yang akurat namun disajikan secara menarik. Buku yang tergolong kategori thriller dan misteri ini mengajak pembaca membayangkan terowongan-terowongan misterius yang gelap dan rahasia di basement Museum Fatahillah dan di bawah kaki kita yang sedang berjalan-jalan di Jakarta. Deskripsi yang jelas dan menegangkan membuat pembaca teringat lagi pertanyaan-pertanyaan waktu anak-anak saat diajak berjalan-jalan ke museum dan melihat lorong-lorong gelap yang ditandai dengan \"JANGAN MASUK\".Rahasia Meede menceritakan tentang perjalanan Cathleen Zwinckel yang mendalami tentang sejarah ekonomi di jaman kolonial. Cathleen yang datang ke Indonesia atas support dari profesornya di Universitas Leiden Belanda dan diterima dengan hangat oleh pimpinan dan staf di Center of Strategic Affair ternyata menemui banyak misteri di dalam pencarian bahan-bahan masternya. Sejarah ekonomi yang dianggapnya sangat menarik itu ternyata membawanya ke dunia-dunia gelap abad kolonial, perselisihan dan pengkhianatan, serta tokoh misterius bernama Erberveld yang ternyata masih keluarganya.Di dalam petualangan, Cathleen bertemu dengan berbagai orang yang sama misteriusnya, bahkan dengan identitas yang sering berganti-ganti. Semua pengalaman yang dialaminya membuat Cathleen tidak dapat mempercayai siapapun termasuk profesornya yang datang berkunjung dari Belanda maupun pimpinan Center of Strategic Affairs yang menyambutnya dengan hangat. Malah, setelah dia diculik dan dibawa ke Maluku, ia malah tertarik dengan penculiknya dan orang yang diutus untuk membebaskannya. Padahal, orang-orang tersebut memiliki rahasia yang sangat besar yang harus diusung di bahu mereka.Penulisan Rahasia Meede dimulai dengan penokohan, sejarah, serta latar belakang yang cukup panjang. Selama beberapa bab pertama, pembaca mungkin akan merasa agak bosan. Namun setelah alur cerita mulai mengalir dengan lancar, maka pembukaan yang membosankan itu terasa sangat berguna dalam memahami cerita-cerita selanjutnya sampai dengan halaman terakhir.Rahasia Meede begitu menarik sampai-sampai sekelompok penjelajah sejarah amatir menyelenggarakan tur keliling museum-museum di Jakarta yang tertulis di dalam Rahasia Meede."}, {"userName": "Rani", "userReviewDate": "Nov 06, 2009", "userURL": "http://www.goodreads.com/user/show/2522028-rani", "userReview": "setelah derita berkepanjangan yang menyebabkan buku ini terbengkalai hampir 8 bulan di halaman 37 akhirnya saya menyelesaikan membacanya.saya akan mengatakan ini buku yang sangat menarik, bercerita tentang harta karun voc, ada banyak nama yang tidak saya kenal yang membuat saya menyempatkan diri membuka google untuk mencari informasi tentang mereka, agak menyulitkan tapi membantu saya untuk mengerti secara menyeluruh tentang buku ini. kekayaan kosakata sejarah voc melebihi buku-buku pelajaran sejarah walaupun fungsinya disini hanya sebagai lem untuk menyambungkan cerita sehingga membentuk rangkaian konspirasi dalam sejarah, kita harus berhati-hati untuk mengerti satu kejadian supaya bisa membedakan mana cerita dan mana fakta sejarah.ada beberapa hal yang terasa sangat dipaksakan dan terlalu mengada-ada tidak sesuai dengan bobot sejarah yang terdapat dibuku ini, sehingga memberikan nilai kurang, dan membuat saya mengeluarkan kata 'ogh sayang sekali'tapi beberapa bagian pembawaan karakternya bagus banget, saya sangat suka karakter kalek dan guru uban, konsisten walaupun kadang-kadang membuat saya berpikir \"kenapa harus sesulit itu padahal dia bisa menyelesaikan dengan mudah\"hal yang terbaik dari buku ini adalah fakta kalau gedung-gedung bersejarah itu ada disekitar kita, saya ingat bagian gudang gandum di benteng timur, diceritakan keadaannya yang menjadi korban vandalisme, bagian itu sangat menyentuh saya karena saya mengetahui keadaan langsung gudang itu sehingga menggugah saya untuk sedikit memikirkan tentang sesuatu yang sering kita lewatkan."}, {"userName": "Alin A", "userReviewDate": "Jun 12, 2011", "userURL": "http://www.goodreads.com/user/show/4637162-alin-a", "userReview": "Pembunuhan berantai. Teka-teki. Kekuasaan. Harta. Persahabatan. Nasionalisme. Cerita Rahasia Meede benar-benar menegangkan. Semenjak saya membaca buku serial Gajah Mada, saya jadi keranjingan membaca buku dengan tema-tema sejarah, salah satunya tak lain adalah Rahasia meede. Kisah tentang dua orang sahabat semasa SMA, Batu dan Kalek. Mereka dua orang yang mencintai bangsanya dengan caranya masing-masing. Batu menjadi seorang intel sedang Kalek justru adalah seorang pemberontak. Mereka berdua pada akhirnya satu sama lain bertemu, sebagai musuh.Saya suka sekali cara E.S Ito menuliskan detail dalam novelnya. Benar-benar detail!! Riset yang ada di dalam buku ini benar-benar tidak main-main, pastinya membutuhkan banyak sekali referensi untuk mendukun setiap kejadian masa pemerintahan VOC.Di dalam buku ini, saya merasa E.S Ito mengajak pembaca, bukan hanya menikmati rangkaian sejarah masa silam dengan caranya, namun juga mengajarkan nasionalisme yang selama ini dirasakan mulai tergerus seiring berjalannya waktu."}, {"userName": "Sally Siawidjaja", "userReviewDate": "Feb 03, 2009", "userURL": "http://www.goodreads.com/user/show/1386170-sally-siawidjaja", "userReview": "Dari awal udah tertarik baca buku yang di bilang mirip 'National Treasure' dan 'Da Vinci Code' versi Indonesia. Tapi seperti biasa, naluri awal gue selalu meremehkan produk buatan dalam negeri. Pikiran gue \"Paling buku ini cuma jiplakan, cuma mengganti beberapa bagian untuk sesuai dengan sejarah Indonesia\". Jadinya buku ini ga pernah jadi prioritas gue.Tapi karena ada acara yang dibikin di Goodreads Indonesia berkunjung ke pulau Onrust terus ke museum-museum Indonesia yang menjadi lokasi cerita, gue jadi mulai tertarik lagi. Kalau bukan karena buku ini atau karena goodreads indonesia, mungkin selamanya gue ga akan jalan ke museum-museum atau pergi ke pulau seribu. Setelah gue baca bukunya, ternyata ceritanya lebih menarik dari yang gue bayangkan. Yang gue suka adalah cara penggunaan sejarah Indonesia sebagai latar belakang pencarian harta karun; opini Kalek dan Batu yang diungkapkan dengan menggunakan kecerdasan dan logika; intrik dan misteri yang baru ketauan di akhir cerita; action yang ga berlebihan tapi diperlukan di buku ini; dan adanya beberapa quote dari tokoh penting dunia seperti Moh Hatta, Gandhi, Che Guevara yang dipakai di buku ini bisa menjadi sumber pembelajaran. Ceritanya sendiri kompleks dengan pencantuman nama yang banyak banget, baik dari fakta sejarah sampai dengan nama beberapa karakter yang menjadi tokoh utama di buku ini, sehingga perlu beberapa kali harus kembali ke bab sebelumnya cuma untuk mengingatkan kembali karakter yang mana atau kejadian yang mana.Gue ga gitu memperdulikan kedalaman karakter atau konsistensi sejarah di buku ini dengan sejarah Indonesia yang sebenarnya. Gue menikmati cerita karena petualangan dan intriknya. Gue salut dengan pengarang, masih muda tapi udah bisa bikin buku kayak gini, gue kasih 'Dua Jempol Naik' (Two Thumbs Up).Sebagai penggemar buku fantasy dan petualangan, semoga lebih banyak lagi buku yang kayak gini. Asalkan original dan bukan asal jiplak karya orang lain."}], "description": "Sebuah terowongan tua ditemukan di perut bumi Jakarta. Pintu masuknya terletak dalam Museum Sejarah Jakarta. Rutenya diyakini menuju tempat persembunyian emas VOC.Sementara itu, di atas permukaan, Jakarta dicekam oleh teror pembunuhan misterius. Satu per satu orang penting ditemukan tewas mengenaskan, di tempat-tempat berawalan huruf B, disertai pesan aneh berupa Tujuh Dosa Sosial yang pernah dicetuskan oleh Mahatma Gandhi. Entah apa makna semua itu.Het Geheim van Meede--Rahasia Meede, misteri emas VOC itu, perlahan terungkap. Dan, untuk mendapatkan jawabannya, seorang laki-laki muda intelijen militer harus berhadapan dengan seorang anarkis, karibnya ketika sama-sama sekolah di SMA Taruna Nusantara. Tak hanya bersaing dalam hal itu, mereka pun sama-sama berusaha mencuri perhatian seorang gadis Belanda, seorang mahasiswi peneliti Sejarah Ekonomi Kolonial, yang menyimpan lebih banyak misteri dari apa yang ditampakkannya.Lika-liku pencarian Rahasia Meede melintasi sejarah ratusan tahun Indonesia, melewati pelarian, pengkhianatan, dan persahabatan. Kegelisahan sebuah generasi berusaha menemukan jalan keluarnya sendiri.", "title": "Rahasia Meede: Misteri Harta Karun VOC", "url": "http://www.goodreads.com/book/show/2016000.Rahasia_Meede", "average": 3.98, "cover": "http://d.gr-assets.com/books/1212559170l/2016000.jpg", "reviews": 229, "authors": [{"url": "http://www.goodreads.com/author/show/1402045.E_S_Ito", "name": "E.S. Ito"}], "outlinks": ["http://www.goodreads.com/book/show/172732.Che_Guevara", "http://www.goodreads.com/book/show/6468957-tanah-tabu", "http://www.goodreads.com/book/show/1398066.Jejak_Langkah", "http://www.goodreads.com/book/show/6434264-metropolis", "http://www.goodreads.com/book/show/1481902.Kitab_Omong_Kosong", "http://www.goodreads.com/book/show/15995172-amba", "http://www.goodreads.com/book/show/3492825-bilangan-fu", "http://www.goodreads.com/book/show/1334844.Ronggeng_Dukuh_Paruk", "http://www.goodreads.com/book/show/3060904-rara-mendut", "http://www.goodreads.com/book/show/1096114.Ca_Bau_Kan", "http://www.goodreads.com/book/show/1439798.Anak_Bajang_Menggiring_Angin", "http://www.goodreads.com/book/show/7876993-entrok", "http://www.goodreads.com/book/show/6041537-the-road-to-the-empire", "http://www.goodreads.com/book/show/7948706-muhammad", "http://www.goodreads.com/book/show/1337353.Gajah_Mada", "http://www.goodreads.com/book/show/2236672.Orang_Orang_Bloomington", "http://www.goodreads.com/book/show/1397076.Negara_Kelima", "http://www.goodreads.com/book/show/1397076.Negara_Kelima"]}