{"ratings": 273, "userreviews": [{"userName": "Maria", "userReviewDate": "Nov 18, 2008", "userURL": "http://www.goodreads.com/user/show/1690018-maria", "userReview": "it talks about a man called Robin Hood,how he was highly loved by the beggars and the government was against him so he had to fight against the goverment."}, {"userName": "Gale", "userReviewDate": "Aug 26, 2013", "userURL": "http://www.goodreads.com/user/show/17664194-gale", "userReview": "\u201cNobility Beneath Lincoln Green\u201d     Tricked by unscrupulous archers in the forest young Robin suddenly finds himself branded an outlaw\u2014fearing for his life and losing all contact with his sweetheart, Maid Marian. The author treats readers to chapters about Robin\u2019s encounters with: strapping little John at the brook, the evil Sheriff of Nottingham at the Butcher\u2019s Fair, and feisty Friar Tuck across the stream--as well as the woebegone minstrel, Allan-a-Dale.      McGovern\u2019s style is straight-forward and entertains from the very opening; she often speaks directly to the reader--as a minstrel might address his audience before and after his actual performance. Spiced with various medieval expressions and quaint vocabulary this YA book presents young people with historical information in the guise of good story-telling. She subtly inserts themes of honor among thieves and raises reader awareness of the atrocities committed by kings, clerics and nobles upon the helpless common folk. Robin Hood became a self-appointed champion of the oppressed\u2014demonstrating and proclaimingthe need for social reform.  If you enjoy reading about dastardly schemes with clever counterfoils, rapier wit, consummate skill with a bow and arrow or quarter staff, you will eagerly devour these deftly-told exploits which have thrilled generations of young people for centuries\u2014the stuff of legends! Dashing and bold, beloved Robin Hood remains the role model of Forest Hospitality, Compassion toward the poor and exploited peasantry, and loyalty to the rightful King--Richard the Lion-Hearted. The exploits of Robin Hood and his Merry Men never fail to delight kids of all ages!    (July 7, 2007. I welcome dialogue with teachers.)"}, {"userName": "Donna", "userReviewDate": "Jan 30, 2014", "userURL": "http://www.goodreads.com/user/show/2525337-donna", "userReview": "Have been reading this to the kids over the past few weeks as a supplement to their history  curriculums.  Lots of fun!  The kids got a kick out of all he flowery language (ye's, thou's, etc.).  The stories are entertaining even though the morals are questionable."}, {"userName": "Asher Boyer", "userReviewDate": "May 02, 2014", "userURL": "http://www.goodreads.com/user/show/23893612-asher-boyer", "userReview": "It was a very good book with plenty of laughs and excitement. The ending was slightly sad when Robin left Sherwood, but none the less it was a good book."}, {"userName": "Bob Dylan", "userReviewDate": "Jan 28, 2010", "userURL": "http://www.goodreads.com/user/show/3121707-bob-dylan", "userReview": "This book is about the adventures of Robin Hood, a Lincoln Green wearing outlaw with a group of outlaws that will appear to him on a moments notice. Robin Hood is stealing from the rich and giving to the poor. Along the way he has to avoid the tricks of the sheriff and he meets new friends to join his band of outlaws along the way.                                                                             I liked the old time setting of the book. In every chapter there is a completely different adventure. Over all I would say it was a decent book. It would be worth checking out if you are interested in the subject."}, {"userName": "Yawz", "userReviewDate": "Dec 23, 2014", "userURL": "http://www.goodreads.com/user/show/38214392-yawz", "userReview": "Adventure through a forest for an afternoon. This light hearted adventure is good for a quick read."}, {"userName": "Lily", "userReviewDate": "Dec 14, 2014", "userURL": "http://www.goodreads.com/user/show/20024778-lily", "userReview": "Dost thou love Robin Hood? THEN READ THIS! This nice little book is so lighthearted and fun you're bound to have a good time reading it. I myself got a real kick out of writing style, which is written in Old English! The writing is one of my favorite things about this book, along with the best chapter ever where Robin Hood crashed a wedding.This is a great story for all ages, and is not just for children. (It doesn't take long to get through it either.) The old writing style might be hard for some kids to understand and pick up on, but then again they're pretty smart cookies."}, {"userName": "Caleb Mckenzie", "userReviewDate": "Feb 09, 2014", "userURL": "http://www.goodreads.com/user/show/28455875-caleb-mckenzie", "userReview": "I liked Robin Hood.  It was how he robbed the rich and gave it to the poor."}, {"userName": "Lanie Sanders", "userReviewDate": "Sep 02, 2014", "userURL": "http://www.goodreads.com/user/show/22024407-lanie-sanders", "userReview": "adorable. this shows all the classic tales of robin hood without being to wordy or it dragging on to long so that the kid looses interest. this was one of my first introdutions to fictional robin hood novels that i had.  after this one, and seeing all of bbc robin hood, my collection pretty much exploded. :D its cute and quick and perfect for kids."}, {"userName": "Tigger", "userReviewDate": "Jun 23, 2012", "userURL": "http://www.goodreads.com/user/show/1898178-tigger", "userReview": "A book for little children - cute language and a wonderful tone, introducing them to the \"Merry Men\" of Sherwood forest. Love the way that Robin is supposed to be handsome, good at his archery and cocky as ever. ;)The side characters of Will, Little John and Allan a Dale are all much loved as well. :D"}, {"userName": "Children's Literature Project", "userReviewDate": "Oct 29, 2013", "userURL": "http://www.goodreads.com/user/show/24416258-children-s-literature-project", "userReview": "Guided Reading Level S. This books is the classic tale of Robin Hood stealing from the rich and giving to the poor. Robin Hood and his band of yeomen go on several adventures and meet interesting people. They outsmart the sheriff and gain favor with royals. This book is great for grades 4-5."}, {"userName": "Ryan", "userReviewDate": "Jul 08, 2013", "userURL": "http://www.goodreads.com/user/show/10312307-ryan", "userReview": "I read this book to the kids before bed. I didn't know what to expect, but was pleasantly surprised by how well this book is written. The dialog and descriptions are excellent. And the story is just fun to read. Definitely recommend it as a read-aloud for 8-12 year-old kids."}, {"userName": "Mareena", "userReviewDate": "Nov 26, 2011", "userURL": "http://www.goodreads.com/user/show/6978658-mareena", "userReview": "I know that this is a children's book but I truly enjoy all tellings of the Robin Hood story. This book was full of adventure and even though it was written in 1968, it still held my attention and was riveting. I give this book an A!"}, {"userName": "Briana", "userReviewDate": "Feb 18, 2009", "userURL": "http://www.goodreads.com/user/show/1749065-briana", "userReview": "I had a lot of fun reading this when I was younger...one of those books that I would read over and over again...Gotta love old English."}, {"userName": "Anthony Maldonado", "userReviewDate": "Apr 17, 2009", "userURL": "http://www.goodreads.com/user/show/2181456-anthony-maldonado", "userReview": "lowsy reviewA guy in tights named Robin hood shoots a horse and he's afraid the king might find out so he hides in a forest"}, {"userName": "Maryse", "userReviewDate": "Apr 22, 2007", "userURL": "http://www.goodreads.com/user/show/59091-maryse", "userReview": "An easy-to-read version for kids. I still prefer Howard Pyle's version, though. There seemed to be more drama in it."}, {"userName": "Hannah", "userReviewDate": "Aug 10, 2011", "userURL": "http://www.goodreads.com/user/show/5912133-hannah", "userReview": "Took about half an hour to read. Fairly true to other retellings.  Kept the merriment.  Weak morals."}, {"userName": "Ivy", "userReviewDate": "Apr 02, 2008", "userURL": "http://www.goodreads.com/user/show/1050606-ivy", "userReview": "This is a book from school that we r reading.. so i thought id add it.."}, {"userName": "Megan Cullen", "userReviewDate": "Apr 19, 2010", "userURL": "http://www.goodreads.com/user/show/1877983-megan-cullen", "userReview": "All right as kids' Robin Hood retellings go. Not fantastic."}, {"userName": "Laura", "userReviewDate": "Oct 17, 2011", "userURL": "http://www.goodreads.com/user/show/2511187-laura", "userReview": "I must admit, I really enjoy the Robin Hood tales."}, {"userName": "Charles", "userReviewDate": "Dec 28, 2008", "userURL": "http://www.goodreads.com/user/show/1336573-charles", "userReview": "About all I can say is \"yes,\" this is a good adventure."}, {"userName": "Jesse", "userReviewDate": "Oct 18, 2010", "userURL": "http://www.goodreads.com/user/show/4211422-jesse", "userReview": "It was a very good book based on a historical events."}, {"userName": "Wildbird", "userReviewDate": "Aug 01, 2012", "userURL": "http://www.goodreads.com/user/show/11376216-wildbird", "userReview": "Love Robin Hood and Little John :)"}], "description": "In a time when laws were unfair and the poor were left to starve, Robin Hood was a friend to those in need. Ann McGovern's retelling of this classic tale transports young readers to an era of adventure and heroism.", "title": "Robin Hood of Sherwood Forest (Scholastic Junior Classics)", "url": "http://www.goodreads.com/book/show/93011.Robin_Hood_of_Sherwood_Forest", "average": 3.73, "cover": "http://d.gr-assets.com/books/1171252159l/93011.jpg", "reviews": 23, "authors": [{"url": "http://www.goodreads.com/author/show/179.Ann_McGovern", "name": "Ann McGovern"}, {"url": "http://www.goodreads.com/author/show/35926.Tracy_Sugarman", "name": "Tracy Sugarman"}], "outlinks": ["http://www.goodreads.com/book/show/122122.Sherwood", "http://www.goodreads.com/book/show/503322.Wild_Boy", "http://www.goodreads.com/book/show/1380713.Robin_Hood", "http://www.goodreads.com/book/show/1063126.The_Forestwife", "http://www.goodreads.com/book/show/1075579.Robin_Hood", "http://www.goodreads.com/book/show/1945221.Robin_Hood", "http://www.goodreads.com/book/show/474411.Robin_and_the_King", "http://www.goodreads.com/book/show/675682.There_Will_Be_Wolves", "http://www.goodreads.com/book/show/6856700-outlaw", "http://www.goodreads.com/book/show/604473.Around_the_World_in_a_Hundred_Years", "http://www.goodreads.com/book/show/1122388.Day_of_the_Iguana", "http://www.goodreads.com/book/show/849915.Robin_Hood", "http://www.goodreads.com/book/show/403063.Favorite_Poems_of_Childhood", "http://www.goodreads.com/book/show/278863.Robin_s_Country", "http://www.goodreads.com/book/show/93052.The_Adventures_of_Robin_Hood", "http://www.goodreads.com/book/show/429293.Son_of_Charlemagne", "http://www.goodreads.com/book/show/911860.Daniel_s_Duck", "http://www.goodreads.com/book/show/1816960.Vulpes_the_Red_Fox", "http://www.goodreads.com/book/show/1031461.Stone_Soup", "http://www.goodreads.com/book/show/160196.Too_Much_Noise", "http://www.goodreads.com/book/show/584876.The_Secret_Soldier", "http://www.goodreads.com/book/show/4821.If_You_Sailed_On_The_Mayflower", "http://www.goodreads.com/book/show/107634.If_You_Lived_In_Colonial_Times"]}