{"ratings": 673, "userreviews": [{"userName": "Barbora", "userReviewDate": "Jun 11, 2014", "userURL": "http://www.goodreads.com/user/show/4664641-barbora", "userReview": "Romeo, ach Romeo, pro\u010d jen jsi Romeo. Obl\u00edben\u00e1 v\u011bta z divadeln\u00ed hry Romeo a Julie od Shakespeara. V knize Romeo, Julie a tma od Jana Ot\u010den\u00e1\u0161ka by sp\u00ed\u0161 platilo: Ester, ach Ester, pro\u010d jen jsi \u017eidovka. Kr\u00e1sn\u00fd, smutn\u00fd a poetick\u00fd p\u0159\u00edb\u011bh o v\u00e1lce, l\u00e1sce, strachu, osam\u011blosti, odvaze a smyslu \u017eivota. N\u011bkdy V\u00e1s \u017eivot postav\u00ed p\u0159ed volbu mezi \u017eivotem a smrt\u00ed. Co v\u0161echno jste ochotn\u00ed ud\u011blat pro l\u00e1sku sv\u00e9ho \u017eivota?Kniha, kter\u00e1 se objevuje v povinn\u00e9 \u010detb\u011b, ale jako povinn\u00e1 \u010detba V\u00e1m nep\u0159ijde. Autor\u016fv styl psan\u00ed V\u00e1s vt\u00e1hne okam\u017eit\u011b. Je kr\u00e1sn\u00fd, poetick\u00fd, pln\u00fd jemn\u00fdch n\u00e1znak\u016f a metafor. Mo\u017en\u00e1 n\u011bkomu p\u0159ijde neosobn\u00ed, ale i tak m\u00e1te dost p\u0159\u00edle\u017eitost\u00ed poznat hlavn\u00ed hrdiny a d\u016fvody jejich p\u0159em\u00fd\u0161len\u00ed. Ob\u010das mus\u00edte \u010d\u00edst tro\u0161ku mezi \u0159\u00e1dky, ale to je na t\u00e9hle knize to kr\u00e1sn\u00e9. Na pouh\u00fdch 159 stran\u00e1ch se odehr\u00e1v\u00e1 n\u011bco, co se bl\u00ed\u017e\u00ed skute\u010dn\u00fdch ud\u00e1lostem. N\u011bco, co V\u00e1s donut\u00ed se zamyslet nad smyslem \u017eivota, nad sebou sam\u00fdmi a nad ot\u00e1zkou, co v\u0161e jste ochotni ud\u011blat pro dobro druh\u00fdch.Cel\u00e1 recenze zde: http://bastera.blogspot.cz/2014/04/ro..."}, {"userName": "Barbra Dole\u017ealov\u00e1", "userReviewDate": "Dec 24, 2014", "userURL": "http://www.goodreads.com/user/show/15964871-barbra-dole-alov", "userReview": "Poka\u017ed\u00e9 zde najdu n\u011bco jin\u00e9ho."}, {"userName": "Kristina", "userReviewDate": "Feb 23, 2011", "userURL": "http://www.goodreads.com/user/show/3850950-kristina", "userReview": "Postavy z knihy d\u00e1vaj\u00ed mo\u017enost k zamy\u0161len\u00ed. Pavel, i kdy\u017e mu je jen osmn\u00e1ct, je velmi state\u010dn\u00fd a nev\u00e1h\u00e1 ukr\u00fdt \u017eidovskou d\u00edvku, i kdy\u017e v\u00ed, jak\u00fd je to velk\u00fd risk. A i kdy\u017e se jedn\u00e1 o fikci, nut\u00ed m\u011b p\u0159em\u00fd\u0161let, jestli bych j\u00e1 byla schopna stejn\u00e9ho \u010dinu, kdybych byla na stejn\u00e9m m\u00edst\u011b.  Kniha se mi velice l\u00edbila, jak pro sv\u016fj styl, tak pro tragick\u00fd p\u0159\u00edb\u011bh."}, {"userName": "MischaS_", "userReviewDate": "May 29, 2013", "userURL": "http://www.goodreads.com/user/show/12772859-mischas", "userReview": "NA to, \u017ee je to \u0161koln\u00ed \u010detba, tak to bylo moc super :) I kdy\u017e ten konec byl na p\u00e1r facek..."}, {"userName": "Maragad", "userReviewDate": "Jun 09, 2014", "userURL": "http://www.goodreads.com/user/show/23411246-maragad", "userReview": "Jan Ot\u010den\u00e1\u0161ek \u010dten\u00e1\u0159e prov\u00e1z\u00ed p\u0159\u00edb\u011bhem, jak kdyby to on s\u00e1m za\u017eil, jak kdyby on s\u00e1m byl Pavel, kter\u00fd potkal svoji Ester a sna\u017eil se ji chr\u00e1nit p\u0159ed cel\u00fdm zl\u00fdm sv\u011btem. Mo\u017en\u00e1 je to t\u00edm, \u017ee byl v t\u00e9 dob\u011b podobn\u011b star\u00fd jako Pavel a d\u00edky tomu se dok\u00e1zal v\u017e\u00edt do pocit\u016f mlad\u00e9ho \u010dlov\u011bka, kter\u00fd se c\u00edt\u00ed jako v kleci. Kdy je svazov\u00e1n nesmysln\u00fdmi pravidly a ka\u017ed\u00fd den se mus\u00ed koukat na nov\u00e9 seznamy mrtv\u00fdch, mo\u017en\u00e1 soused\u016f, kamar\u00e1d\u016f nebo \u00fapln\u011b nezn\u00e1m\u00fdch lid\u00ed."}, {"userName": "Katerina Kofronova", "userReviewDate": "May 04, 2014", "userURL": "http://www.goodreads.com/user/show/31070250-katerina-kofronova", "userReview": "N\u00e1dhern\u00e1 kn\u00ed\u017eka. Prvn\u00ed, kterou jsem p\u0159e\u010detla ze seznamu doporu\u010den\u00e9 literatury (povinnou jsem nikdy nem\u011bla) na knihkupeck\u00e9 st\u0159edn\u00ed. Dojala m\u011b, nau\u010dila \u010d\u00edst skute\u010dn\u00e9 autory, ne jen to, co jsem \u010detla do t\u00e9 doby."}, {"userName": "Caterina", "userReviewDate": "Jun 19, 2014", "userURL": "http://www.goodreads.com/user/show/11145153-caterina", "userReview": "\u0395\u03bb\u03bb\u03b7\u03bd\u03b9\u03ba\u03cc\u03c2 \u03c4\u03af\u03c4\u03bb\u03bf\u03c2:\u039f \u03a1\u03c9\u03bc\u03b1\u03af\u03bf\u03c2,\u03b7 \u0399\u03bf\u03c5\u03bb\u03b9\u03ad\u03c4\u03b1 \u03ba\u03b1\u03b9 \u03c4\u03b1 \u03c3\u03ba\u03bf\u03c4\u03ac\u03b4\u03b9\u03b1.(Romeo,Juliet and darkness)"}, {"userName": "Nicky", "userReviewDate": "Jan 21, 2015", "userURL": "http://www.goodreads.com/user/show/17306542-nicky", "userReview": "http://nicky-bestbooks.blogspot.cz/20..."}, {"userName": "Moriarty_cz", "userReviewDate": "Apr 20, 2014", "userURL": "http://www.goodreads.com/user/show/19105500-moriarty-cz", "userReview": "Moc p\u011bkn\u00e9, skute\u010dn\u011b moc. Kr\u00e1tk\u00e9, ale o to intenzivn\u00ed \u010dten\u00ed."}, {"userName": "Leonie", "userReviewDate": "Mar 24, 2014", "userURL": "http://www.goodreads.com/user/show/25889992-leonie", "userReview": "Kr\u00e1sny pr\u00edbeh, hodn\u00fd zamyslenia..."}, {"userName": "T\u00e1\u0148a", "userReviewDate": "May 10, 2014", "userURL": "http://www.goodreads.com/user/show/9216188-t-a", "userReview": "Tolik emoc\u00ed\u2026Kniha Romeo, Julie a tma ve mn\u011b z\u016fstane napo\u0159\u00e1d. Zase m\u011b to donutilo srovn\u00e1vat dv\u011b odli\u0161n\u00e9 doby, tu jejich protektor\u00e1tn\u00ed a na\u0161\u00ed, demokratickou spole\u010dnost. Mysl\u00edm si, \u017ee tu tuhle knihu by si m\u011bl p\u0159e\u010d\u00edst ka\u017ed\u00fd."}, {"userName": "Sisi-alex", "userReviewDate": "Mar 24, 2014", "userURL": "http://www.goodreads.com/user/show/4575127-sisi-alex", "userReview": ":("}, {"userName": "Theresa_ss", "userReviewDate": "Jun 03, 2014", "userURL": "http://www.goodreads.com/user/show/11495067-theresa-ss", "userReview": "4,5*"}, {"userName": "\u0160\u00e1ri", "userReviewDate": "Oct 09, 2013", "userURL": "http://www.goodreads.com/user/show/13633670-ri", "userReview": "Jedna z m\u00e1la kn\u00ed\u017eek povinn\u00e9 \u010detby, kter\u00e1 m\u011b opravdu bavila. P\u0159\u00edb\u011bh je s\u00e1m o sob\u011b jednoduch\u00fd, ale z\u00e1rove\u0148 nap\u00ednav\u00fd. Konec je celkem otev\u0159en\u00fd a j\u00e1 dote\u010f nevim jestli j\u00ed zast\u0159elili nebo ne. Bohu\u017eel m\u016f\u017eu hodnotit jenom p\u011bti hv\u011bzdi\u010dkama."}, {"userName": "Elise Jey", "userReviewDate": "Sep 20, 2014", "userURL": "http://www.goodreads.com/user/show/31864686-elise-jey", "userReview": "Asi m\u00e1m tendenci si na podzim vyb\u00edrat sam\u00e9 depresivn\u00ed p\u0159\u00edb\u011bhy. Ale z\u00e1rove\u0148 neskute\u010dn\u011b n\u00e1dhern\u00e9 p\u0159\u00edb\u011bhy. I tato kniha se zapsala do seznamu m\u00fdch nejsiln\u011bj\u0161\u00edch \u010dten\u00e1\u0159sk\u00fdch z\u00e1\u017eitk\u016f. V\u00edc slov pro toto d\u00edlo nenach\u00e1z\u00edm."}, {"userName": "Abyss", "userReviewDate": "Mar 02, 2013", "userURL": "http://www.goodreads.com/user/show/4668370-abyss", "userReview": "Tohle je jedna z t\u011bch kn\u00ed\u017eek, u kter\u00fdch nast\u00e1vaj\u00ed chv\u00edle, kdy si \u010dlov\u011bk nad\u00e1v\u00e1 do vol\u016f, proto\u017ee i kdy\u017e si ob\u010das st\u011b\u017euje, m\u00e1 se vlastn\u011b kr\u00e1lovsky..."}, {"userName": "Pavel", "userReviewDate": "Oct 24, 2012", "userURL": "http://www.goodreads.com/user/show/12338767-pavel", "userReview": "Docela fajn, ale jako dobovka o l\u00e1sce se m\u011b v\u00edce dotkla Hrab\u011btova Hore\u010dka -- a to tam nebyli nacisti."}, {"userName": "Tereza", "userReviewDate": "Sep 01, 2014", "userURL": "http://www.goodreads.com/user/show/9774996-tereza", "userReview": "Moje recenze: http://sheisbookaholic.blogspot.cz/20..."}, {"userName": "Jana Markov\u00e1", "userReviewDate": "Mar 05, 2014", "userURL": "http://www.goodreads.com/user/show/21483648-jana-markov", "userReview": "V\u00fdjime\u010dn\u011b jsem byla r\u00e1da za povinnou \u010detbu..bez n\u00ed bych neznala tento strhuj\u00edcim p\u0159\u00edb\u011bh."}, {"userName": "Dipak", "userReviewDate": "May 20, 2010", "userURL": "http://www.goodreads.com/user/show/3757155-dipak", "userReview": "a good lovestory with the background of 2nd world war"}, {"userName": "svetielkova", "userReviewDate": "Aug 01, 2012", "userURL": "http://www.goodreads.com/user/show/11479191-svetielkova", "userReview": "another one of my favorite books."}, {"userName": "Petra", "userReviewDate": "Jan 02, 2015", "userURL": "http://www.goodreads.com/user/show/28779730-petra", "userReview": "Nice but sad."}], "description": "Novela o tragick\u00e9m p\u0159\u00edb\u011bhu studenta Pavla a \u017eidovsk\u00e9 d\u00edvky Ester v obdob\u00ed heydrichi\u00e1dy.", "title": "Romeo, Julie a tma", "url": "http://www.goodreads.com/book/show/6556212-romeo-julie-a-tma", "average": 4.02, "cover": "http://d.gr-assets.com/books/1275739663l/6556212.jpg", "reviews": 22, "authors": [{"url": "http://www.goodreads.com/author/show/2946969.Jan_Ot_en_ek", "name": "Jan Ot\u010den\u00e1\u0161ek"}], "outlinks": ["http://www.goodreads.com/book/show/3055089-kytice", "http://www.goodreads.com/book/show/6717821-star-eck-b-je-a-pov-sti", "http://www.goodreads.com/book/show/4617242-krysa", "http://www.goodreads.com/book/show/741808.A_Prayer_for_Katerina_Horovitzova", "http://www.goodreads.com/book/show/6710247-the-white-disease", "http://www.goodreads.com/book/show/823045.Spalova_mrtvol", "http://www.goodreads.com/book/show/1724928.Saturnin", "http://www.goodreads.com/book/show/3045163-mark-ta-lazarov", "http://www.goodreads.com/book/show/725268.May", "http://www.goodreads.com/book/show/4796846-bylo-n-s-p-t", "http://www.goodreads.com/book/show/6509700-t-k-hodina", "http://www.goodreads.com/book/show/10782212-ho-i-od-bob-eky", "http://www.goodreads.com/book/show/13005889-vyhn-n-gerty-schnirch", "http://www.goodreads.com/book/show/237609.Prague_Tales", "http://www.goodreads.com/book/show/2479730.Tracy_s_Tiger", "http://www.goodreads.com/book/show/8766444-kladivo-na-arod-jnice", "http://www.goodreads.com/book/show/10783642-kdy-v-r-ji-pr-elo", "http://www.goodreads.com/book/show/16055267-kulhav-orfeus", "http://www.goodreads.com/book/show/17289814-ob-an-brych", "http://www.goodreads.com/book/show/20506092-ked-v-raji-pr-alo", "http://www.goodreads.com/book/show/12765730-mlad-k-z-povol-n"]}