{"ratings": 1713, "userreviews": [{"userName": "Tobias", "userReviewDate": "Jun 01, 2011", "userURL": "http://www.goodreads.com/user/show/5506958-tobias", "userReview": "I count Saturnin among the best humoristic literature ever written in Czech. Jirotka has achieved the ultimate goal - that is to create entertaining, witty, funny, yet intelligent piece of humoristic literature that is a joy to read.As far as the English translation is concerned I think that bearing in mind the fact that Saturnin is (for example) full of puns based on Czech language there can propabably never be a translation which would capture the perfection of this piece in its entirety."}, {"userName": "Marek", "userReviewDate": "Aug 11, 2011", "userURL": "http://www.goodreads.com/user/show/6020592-marek", "userReview": "D\u011bln\u00edci m\u00edchali v k\u00e1di jakousi podivnou sm\u011bs a d\u00edlovedouc\u00ed se ptal str\u00fdce Franti\u0161ka, co z toho vlastn\u011b bude. Str\u00fdc byl zachmu\u0159en a v z\u00e1chvatu n\u00e1hl\u00e9 up\u0159\u00edmnosti \u0159ekl: \"V\u00ed B\u016fh.\" Byl velmi p\u0159ekvapen, kdy\u017e po t\u00e9to lakonick\u00e9 odpov\u011bdi jeho spolupracovn\u00edci propadli panice a dali se na zb\u011bsil\u00fd \u00fat\u011bk. Domn\u00edvali se, \u017ee str\u00fdc \u0159ekl: \"V\u00fdbuch\"."}, {"userName": "Lauren", "userReviewDate": "Oct 30, 2009", "userURL": "http://www.goodreads.com/user/show/719475-lauren", "userReview": "This book was a gift from my Czech friend, Jarek Kolarik who highly recommends it as a follow-up to my having read \"Good Soldier Svjec\"Definitely another example of the wonderfully quirky Czech humor.  Crazy cast of characters.  Fun read."}, {"userName": "Eidam289", "userReviewDate": "Aug 25, 2014", "userURL": "http://www.goodreads.com/user/show/10975138-eidam289", "userReview": "Jedna z najz\u00e1bavnej\u0161\u00edch kn\u00edh ak\u00e9 som kedy pre\u010d\u00edtala. Ve\u013emi mi to pripom\u00ednalo knihu Stop\u00e1rov sprievodca po galaxii, najm\u00e4 nepravdepodobn\u00fdmi sc\u00e9nami a postavami, ktor\u00e9 s\u00fa na jednu stranu stra\u0161ne realistick\u00e9 a na druh\u00fa stranu \u00faplne \u0161ialen\u00e9. Humor p\u00f4sobil nen\u00e1silne, a aj ke\u010f tie pr\u00edhody boli priam absurdn\u00e9, v slede udalost\u00ed pri\u0161li skoro logick\u00e9 a nemohla som si ani spomen\u00fa\u0165 ako in\u00e1\u010d by sa to dalo vyrie\u0161i\u0165.      Rozpr\u00e1va\u010dom je nepomenovan\u00fd tridsa\u0165ro\u010dn\u00fd mu\u017e a pr\u00edbeh je jeho spomienka na 3 t\u00fd\u017edne str\u00e1ven\u00e9 na dovolenke v hor\u00e1ch s jeho pr\u00edbuzn\u00fdmi a sluhom Saturninom o ktorom by sa dalo poveda\u0165, \u017ee je hlavn\u00fd hrdina. Medzi Saturninom a rozpr\u00e1va\u010dom je obrovsk\u00fd kontrast, preto\u017ee k\u00fdm rozpr\u00e1va\u010d je konzervat\u00edvny a v\u00f4bec nem\u00e1 tendencie na dobrodru\u017en\u00e9 \u010diny, je k nim don\u00faten\u00fd prostredn\u00edctvom svojho sluhu. To vytv\u00e1ra ve\u013ek\u00e9 mno\u017estvo humorn\u00fdch situ\u00e1cii, najm\u00e4 zo za\u010diatku, ale nezabudnute\u013en\u00e9 s\u00fa aj ostatn\u00e9 postavy, osobne som si stra\u0161ne ob\u013e\u00fabila doktora Vlaha s jeho nieko\u013ekostranov\u00fdmi a nezabudnute\u013en\u00fdmi monol\u00f3gmi na r\u00f4zne t\u00e9my, od pr\u00edslov\u00ed a\u017e po \u017eensk\u00e9 rom\u00e1ny. Je samoz\u0159ejm\u00e9, \u017ee k tomu, aby n\u011bkdo pop\u0159el platnost v\u011bty tak obecn\u00e9, jako je p\u0159\u00edslov\u00ed, je t\u0159eba ur\u010dit\u00e9 du\u0161evn\u00ed s\u00edly. Nen\u00ed to lehk\u00e9, ale n\u011bkdy se tomu nelze vyhnout, jak se p\u0159esv\u011bd\u010dil mu\u017e, kter\u00fd u\u017e nem\u011bl ani jedin\u00e9 \u0161aty cel\u00e9 a byl p\u011btkr\u00e1t v Pasteurov\u011b \u00fastavu, proto\u017ee trval na tom, \u017ee pes, kter\u00fd \u0161t\u011bk\u00e1, nekou\u0161e. Kousali v\u0161ichni.    Pre m\u0148a bol obrovsk\u00fd \u0161ok zistenie, \u017ee kniha bola nap\u00edsan\u00e1 u\u017e v roku 1942, v\u00f4bec to na nej nie je pozna\u0165, dokonca som si myslela, \u017ee bola nap\u00edsan\u00e1 len celkom ned\u00e1vno. Mysl\u00edm, \u017ee toto je jedno z najv\u00e4\u010d\u0161\u00edch plusov tejto knihy, tie probl\u00e9my a situ\u00e1cie, ktor\u00e9 postavy rie\u0161ia, s\u00fa st\u00e1le aktu\u00e1lne a pravdepodobne ani nikdy by\u0165 aktu\u00e1lne neprestan\u00fa. Byl bych velmi nerad, kdybyste si myslili, \u017ee pohostinnost je ciz\u00ed m\u00e9 povaze. Nen\u00ed, opravdu nen\u00ed, ale kdybyste znali tetu Kate\u0159inu jako j\u00e1, pochopili byste m\u00e9 pocity. Nen\u00ed to poprv\u00e9, co se z\u010distajasna nast\u011bhovala k n\u011bkomu do rodiny, a v\u0161ichni posti\u017een\u00ed pozd\u011bji tvrdili, \u017ee nejlep\u0161\u00ed, co m\u016f\u017ee \u010dlov\u011bk v takov\u00e9m p\u0159\u00edpad\u011b ud\u011blat, je, kdy\u017e si \u0159ekne: \"P\u0159i\u0161la \u017eiveln\u00ed pohroma a j\u00e1 jsem ztratil byt i s cel\u00fdm za\u0159\u00edzen\u00edm a v\u016fbec v\u0161echno, co jsem m\u011bl. Je to zl\u00e9, ale mohly m\u011b potkat hor\u0161\u00ed v\u011bci. Vyv\u00e1zl jsem z toho \u017eiv a zdr\u00e1v. M\u00e1m piln\u00e9 ruce, jasnou hlavu a sv\u011bt je velik\u00fd. Jak to m\u016f\u017ee dlouho trvat, ne\u017e \u010dlov\u011bk dostane pas?\""}, {"userName": "Stephanie", "userReviewDate": "Dec 06, 2009", "userURL": "http://www.goodreads.com/user/show/2279665-stephanie", "userReview": "i have been looking for an english language copy of this book since i heard it mentioned in a commentary by kurt anderson on studio 360 a few years ago in which he described it as the inspiration for a cafe in prague where you can buy a dozen day old jelly donuts to throw at the other customers (or not depending on your character). i'm only a little bit in but it is already proving deliciously absurd."}, {"userName": "Jessica", "userReviewDate": "Sep 05, 2007", "userURL": "http://www.goodreads.com/user/show/179718-jessica", "userReview": "When I was given this book the giver likened it to Jeeves and Wooster, and I think that's a fairly accurate comparison. It was very well translated- the text a pleasure to read- with a dry humour throughout.However, what this book lacked was a sense of suspense: of making the reader turn the pages ever faster in order to discover more, whether that be the plot or the writing. The chapters were quite self-contained, and I think the whole would make an excellent television series.I did enjoy the book, and I'd recommend it to those who enjoy a light, humourous read that they can pick up and put down quite easily."}, {"userName": "Kate\u0159ina M.", "userReviewDate": "Aug 26, 2014", "userURL": "http://www.goodreads.com/user/show/16403270-kate-ina-m", "userReview": "\"Ne\u017eli mohl lupi\u010d schr\u00e1nku otev\u0159\u00edt, byl vyru\u0161en dom\u00e1c\u00edm zam\u011bstnancem, p. Saturninem. Pan Saturnin vypov\u00eddal pon\u011bkud neobvykle. Tvrdil, \u017ee lupi\u010d se zranil s\u00e1m, a to \u0159ehmidlem ze sb\u00edrek zbran\u00ed profesora Ludy. Podle p\u0159edb\u011b\u017en\u00e9ho vy\u0161et\u0159ov\u00e1n\u00ed se zd\u00e1, \u017ee se ud\u00e1lost zb\u011bhla takto: vyru\u0161en\u00fd lupi\u010d se pokusil zastra\u0161it p. Saturnina ost\u0159e nabit\u00fdm revolverem. Pan Saturnin mu zbra\u0148 vyrazil z ruky a vyhodil ji oknem do zahrady, kde byla pozd\u011bji nalezena. Potom pronesl p. Saturnin del\u0161\u00ed \u0159e\u010d, ve kter\u00e9 se sna\u017eil vylo\u017eit lupi\u010di, \u017ee boj dvou nestejn\u011b vyzbrojen\u00fdch soupe\u0159\u016f nen\u00ed f\u00e9r. P\u0159inutil ho, aby si vzal ze st\u011bny zbra\u0148, kterou lupi\u010d popisuje jako ty\u010d a kouli na \u0159et\u011bze a s\u00e1m si vzal tak\u00e9 takovou. Po jak\u00fdchsi zmaten\u00fdch formalit\u00e1ch do\u0161lo k boji, ve kter\u00e9m byl lupi\u010d zran\u011bn. Zaj\u00edmav\u00e9 je, \u017ee zran\u011bn\u00fd nevylu\u010duje mo\u017enost, \u017ee si zran\u011bn\u00ed zp\u016fsobil s\u00e1m. \u0158\u00edk\u00e1, \u017ee ten n\u00e1stroj \u0161lo velmi t\u011b\u017eko ovl\u00e1dat a \u017ee n\u011bkolikr\u00e1t jen taktak uhnul rozto\u010den\u00e9 kouli sv\u00e9 vlastn\u00ed zbran\u011b. Mimoto pr\u00fd m\u011bl po cel\u00fd z\u00e1pas hrozn\u00fd strach, \u017ee rozbije lustr. Celkem je r\u00e1d, \u017ee to tak dopadlo.\""}, {"userName": "Julia", "userReviewDate": "Mar 07, 2010", "userURL": "http://www.goodreads.com/user/show/276006-julia", "userReview": "Saturnin is the Jeeves of Czech literature, with his own sardonic slavic twist. He's also one of the Czechs most favorite literary characters and I can certainly see why. I'm looking forward to reading Saturnin in Czech next - the English version has a translation echo to it that makes me wish for the Czech."}, {"userName": "Tereza Fukov\u00e1", "userReviewDate": "Dec 05, 2014", "userURL": "http://www.goodreads.com/user/show/3860006-tereza-fukov", "userReview": "Saturnin se kr\u00e1sn\u011b \u010dte, je vtipn\u00fd a okouzluj\u00edc\u00ed. Co m\u011b ov\u0161em zklamalo, byla posledn\u00ed kapitola. Ale stejn\u011b to byla kr\u00e1sa."}, {"userName": "Radka", "userReviewDate": "Aug 27, 2010", "userURL": "http://www.goodreads.com/user/show/4210816-radka", "userReview": "Before reading The Shadow of the Wind, this was my favourite book. Now it\u00b4s number 2. Amazing."}, {"userName": "Mark\u00e9ta", "userReviewDate": "Jul 22, 2014", "userURL": "http://www.goodreads.com/user/show/3412164-mark-ta", "userReview": "Dostat tak tuhle kn\u00ed\u017eku pod strome\u010dek a k tomu tal\u00ed\u0159 koblih :-)"}, {"userName": "annejude", "userReviewDate": "Sep 17, 2012", "userURL": "http://www.goodreads.com/user/show/5131985-annejude", "userReview": "J\u00e9je, tak toto bylo skv\u011bl\u00e9 po\u010dten\u00ed:)"}, {"userName": "Barbora", "userReviewDate": "Sep 01, 2011", "userURL": "http://www.goodreads.com/user/show/5444169-barbora", "userReview": "It was funny as hell. XD"}, {"userName": "gauldy", "userReviewDate": "Feb 04, 2013", "userURL": "http://www.goodreads.com/user/show/17134540-gauldy", "userReview": "Snad se na m\u011b nikdo nebude zlobit, kdy\u017e prohl\u00e1s\u00edm, \u017ee od velkolep\u00e9ho Saturnina jsem na z\u00e1klad\u011b referenc\u00ed \u010dekal z\u00e1\u017eitek na cel\u00fd \u017eivot. Nedostalo se mi jej, ob\u00e1v\u00e1m se. Alespo\u0148 ne v takov\u00e9 m\u00ed\u0159e.\"Podle p\u0159edb\u011b\u017en\u00e9ho vy\u0161et\u0159ov\u00e1n\u00ed se zd\u00e1, \u017ee se ud\u00e1lost zb\u011bhla takto: vyru\u0161en\u00fd lupi\u010d se pokusil zastra\u0161it p. Saturnina ost\u0159e nabit\u00fdm revolverem. Pan Saturnin mu zbra\u0148 vyrazil z ruky a vyhodil ji oknem do zahrady, kde byla pozd\u011bji nalezena. Potom pronesl p. Saturnin del\u0161\u00ed \u0159e\u010d, ve kter\u00e9 se sna\u017eil vylo\u017eit lupi\u010di, \u017ee boj dvou nestejn\u011b vyzbrojen\u00fdch soupe\u0159\u016f nen\u00ed f\u00e9r. P\u0159inutil ho, aby si vzal ze st\u011bny zbra\u0148, kterou lupi\u010d popisuje jako ty\u010d a kouli na \u0159et\u011bze, a s\u00e1m si vzal tak\u00e9 takovou, Po jak\u00fdchsi zmaten\u00fdch formalit\u00e1ch do\u0161lo k boji, ve kter\u00e9m byl lupi\u010d zran\u011bn. Zaj\u00edmav\u00e9 je, \u017ee zran\u011bn\u00fd nevylu\u010duje mo\u017enost, \u017ee si tr\u017enou r\u00e1nu na hlav\u011b zp\u016fsobil s\u00e1m.\"Dovoluji si \u0159\u00edct, \u017ee jsem od \u00fatl\u00e9ho v\u011bku vystavov\u00e1n such\u00e9mu humoru Ban\u00e1nov\u00fdch ostrov\u016f, tedy jsem se na vyhl\u00e1\u0161en\u00e9ho Jirotkova Saturnina t\u011b\u0161il - nutno podotknout, \u017ee jsem si ho vyp\u016fj\u010dil zcela spont\u00e1nn\u011b bez jak\u00e9hokoli p\u0159edchoz\u00edho pl\u00e1nov\u00e1n\u00ed. Fakt, \u017ee je to d\u00edlo star\u00e9 sedmdes\u00e1t let, m\u011b up\u0159\u00edmn\u011b p\u0159ekvapil a pot\u011b\u0161il z\u00e1rove\u0148 - po zji\u0161t\u011bn\u00ed dodate\u010dn\u00e9 informace, \u017ee se dodnes vyd\u00e1v\u00e1 pouze v upraven\u00e9 podob\u011b vyhovuj\u00edc\u00ed regul\u00edm socialistick\u00e9ho svazu, jsem trochu zrozpa\u010dit\u011bl. Jak moc upraven\u00e9 podob\u011b, doh\u00e1je?Kdo jde po b\u0159itk\u00e9m situa\u010dn\u00edm humoru, dostane ho nem\u00e1lo. P\u0159edev\u0161\u00edm postavu doktora Vlacha, kritick\u00e9ho koment\u00e1tora, jsem si obl\u00edbil velmi a stejn\u011b mnoho m\u011b mrz\u00ed, \u017ee v knize p\u016fsob\u00ed na druh\u00e9, ne-li dokonce t\u0159et\u00ed koleji. Nevad\u00ed. A\u010d je postav v cel\u00e9 knize poskrovnu, ka\u017ed\u00e1 m\u00e1 svou danou roli a zvl\u00e1\u0161tnost, tedy v tom by nouze rozhodn\u011b nebyla.Co m\u011b zarmoutilo v\u00edce, je nevyv\u00e1\u017eenost vtipnosti cel\u00e9 knihy. Zat\u00edmco prvn\u00ed (\u0159ekn\u011bme) dv\u011b t\u0159etiny v\u00e1s osl\u0148uj\u00ed a skute\u010dn\u011b bav\u00ed, z\u00e1v\u011br je ps\u00e1n tak n\u011bjak z posledn\u00edho dechu. Ani vtip, ani po\u0159\u00e1dn\u00fd p\u0159\u00edb\u011bh, vlastn\u011b docela pr\u016fm\u011br. A to ve srovn\u00e1n\u00ed s p\u0159edchoz\u00edm vypravov\u00e1n\u00edm zamrz\u00ed. Nem\u016f\u017eu se tak ubr\u00e1nit dojmu (kter\u00fd ve mn\u011b umoc\u0148uje i nabyt\u00e1 informace, \u017ee zbyl\u00e9 Jirotkovy knihy nejsou a\u017e tak velk\u00e1 sl\u00e1va), \u017ee autor m\u011bl prost\u011b p\u00e1r fakt dobr\u00fdch n\u00e1pad\u016f, kter\u00e9 neuv\u00e1\u017eliv\u011b vypl\u00e1cal. Nicm\u00e9n\u011b to v\u0161e jsou pouh\u00e9 domn\u011bnky - a abych nek\u0159ivdil, mus\u00edm zd\u016fraznit, \u017ee kniha minim\u00e1ln\u011b zpo\u010d\u00e1tku (ale i v zaz\u0161\u00edch \u010d\u00e1stech) dobr\u00fdm vtipem nabit\u00e1 je a to j\u00ed nikdo neuzme.Kdybych m\u011bl mluvit o s\u00edle p\u0159\u00edb\u011bhu a hloubce z\u00e1pletky... nebudu o n\u011bm mluvit. O tom ta kniha nen\u00ed, to je jasn\u00e9.Jazykov\u011b m\u011b Saturnin bavil. Respektive, bav\u00ed m\u011b \u010d\u00edst \u010desk\u00e9 knihy velk\u00fdch autor\u016f, nebo\u0165 oby\u010dejn\u011b slibuj\u00ed ne zcela oby\u010dejn\u00fd jazyk. Stejn\u011b tak i Jirotka, a\u010d je to mo\u017en\u00e1 d\u00e1no dnes u\u017e relativn\u011b vzd\u00e1lenou dobou, v jak\u00e9 bylo d\u00edlo naps\u00e1no. \u010clov\u011bk si tak obohat\u00ed slovn\u00ed z\u00e1sobu, obrous\u00ed jazyk a r\u00e1zem m\u016f\u017ee pou\u017e\u00edvat slova jako \"v\u016f\u010dihled\u011b\". To m\u00e1m prost\u011b r\u00e1d. Nav\u00edc i zp\u016fsob vyjad\u0159ov\u00e1n\u00ed, kter\u00fd je vlo\u017een hlavn\u00edmu hrdinovi, tedy vyprav\u011b\u010di, do \u00fast, podtrhuje grotesknost situac\u00ed (op\u011bt sp\u00ed\u0161e v prvn\u00ed polovin\u011b, kdy se vyjad\u0159uje k valn\u00e9 v\u011bt\u0161in\u011b mnohem skepti\u010dt\u011bji).Toliko tedy ode m\u011b k Saturninovi. M\u00e9 pocity z n\u011bj jsou sm\u00ed\u0161en\u00e9 a v\u00e1h\u00e1m, jestli ho hodnotit za \u010dty\u0159i nebo p\u011bt (v t\u011bchto okam\u017eic\u00edch bych byl asi rad\u0161i za desetibodovou stupnici). \u010cty\u0159i mi p\u0159ijde jako k\u0159ivda a p\u011bt jako pohled ovlivn\u011bn\u00fd v\u011bt\u0161inov\u00fdm n\u00e1zorem. Kdy\u017e tak kouk\u00e1m na sv\u00e1 p\u0159ede\u0161l\u00e1 hodnocen\u00ed, \u0160abachovi jsem si usmyslil d\u00e1t za Hovno ho\u0159\u00ed \u010dty\u0159i hv\u011bzdi\u010dky (co\u017e m\u011b p\u0159ekvapuje, ale jsem zast\u00e1ncem hodnocen\u00ed v afektu, nikoli zp\u011btn\u011b, tak\u017ee to tak i nech\u00e1m), a a\u010d je zde druh humoru zcela odli\u0161n\u00fd, k\u0159ivdil bych mu, kdybych Saturninovi dal p\u011bt.Tak\u017ee tedy 4/5, ale za mnohem v\u00edce vypov\u00eddaj\u00edc\u00ed hodnocen\u00ed pova\u017euji to, co jsem zde napsal. Ostatn\u011b jako poka\u017ed\u00e9."}, {"userName": "Malcolm", "userReviewDate": "Jan 26, 2012", "userURL": "http://www.goodreads.com/user/show/5860800-malcolm", "userReview": "Saturnin is rather Jeeves-like, but a little more wicked in this gorgeous addition to The Karolinium Press\u2019s series of interwar Czech comic fiction (although in this case, originally published in 1942). The book has a lot of Wodehouse about it, and more than a little Jerome K Jerome \u2013 but mainly Wodehouse; the droll humour, the understated irony and witty (not of the laugh-out-loud, more like a wry chuckle) vignettes of family life and relationships. It is certainly not a taxing read, but it is entertaining and well worth it. My only gripe is that the translators have either anglicised or changed character names \u2013 so Dr Vlach becomes Dr Witherspoon, Aunt Kate\u0159ina Aunt Catherine, her son Milou\u0161 is Bertie and Barbora Terebov\u00e1 is Barbara Basnett: surely this is unnecessary. The does not, however, distract from the book\u2019s delight or its slightly absurd feel. There is also a Czech film and TV version."}, {"userName": "Petra", "userReviewDate": "Jun 29, 2014", "userURL": "http://www.goodreads.com/user/show/12376249-petra", "userReview": "Chvilku jsem po\u010dkala, ne\u017e jsem se rozhodla napsat, co si celkov\u011b o kn\u00ed\u017ece mysl\u00edm. Pot\u0159ebovala jsem si to nechat rozle\u017eet v hlav\u011b, zauva\u017eovat nad t\u00edm, jak lehce a jakoby pro d\u011bti byla napsan\u00e1 tahle velk\u00e1 pravda... n\u011bkter\u00fdm m\u016f\u017ee kn\u00ed\u017eka p\u0159ipadat opravdu jako d\u011btsk\u00e1, naivn\u00ed nebo snad i nudn\u00e1 (!!how dare you? :D) ale nap\u0159. vypravov\u00e1n\u00ed o maloobchodn\u00edc\u00edch to prost\u011b... \u010cetla jsem kn\u00ed\u017eku del\u0161\u00ed dobu, proto\u017ee jsem se b\u00e1la, \u017ee ji do\u010dtu. Za\u0159adila se mezi ty kn\u00ed\u017eky, kdy se cul\u00edte, kdy\u017e ji \u010dtete, i kdy\u017e jedete v metru a ostatn\u00ed se hned d\u00edvaj\u00ed //co to ta holka \u010dte??// a nakl\u00e1n\u00ed hlavu, aby si to p\u0159e\u010detli, a kdy\u017e to spat\u0159\u00ed a knihu znaj\u00ed, za\u010dnou se culit tak\u00e9! Tohle rozhodn\u011b nebylo naposledy, co jsem kn\u00ed\u017eku \u010detla a moje d\u011bti ji rozhodn\u011b (nucen\u011b \u010di nenucen\u011b :D) \u010d\u00edst budou tak\u00e9... a kdo tu kn\u00ed\u017eku nech\u00e1pe, toho je mi l\u00edto :-))) v dobr\u00e9m..."}, {"userName": "Eri", "userReviewDate": "Dec 30, 2014", "userURL": "http://www.goodreads.com/user/show/13434627-eri", "userReview": "Tohle \u010dlov\u011bk \u010dte pro radost. Po letech jsem se znova vrhla na to co zn\u00e1m z televize, a nebyla jsem touhle extended edition ani trochu zklaman\u00e1. Nutnost m\u00edt v poli\u010dce. A a\u010d p\u0159eklad nezachyt\u00ed v\u0161echno, st\u00e1lo by za to v budoucnu se poohl\u00e9dnout po englick\u00e9 verzi kterou bych \u0161\u00ed\u0159ila mezi zn\u00e1m\u00e9 :D"}, {"userName": "David Wyllie", "userReviewDate": "Jul 27, 2013", "userURL": "http://www.goodreads.com/user/show/22570357-david-wyllie", "userReview": "Everyone misunderstands this very funny novel. The two central characters are a pair of evil queans who bully the disabled, despise people of talent and set out to steal their uncle's money.  Aunt Kate\u0159ina is a talented academic who gave up a promising career in linguistics to care for her Mongoloid (yes, I know the fashion police have banned that word) son.  The young woman who could be taken to be the romantic interest - although the central character says explicitly that he's not interested in someone like her - is rather vapid and unattractive (at least they got that right in the film). The central scene is when Aunt Kate\u0159ina, now trapped on the island after Saturnin has demolished the bridge, begins to realise just who these people are and how much danger she's in."}, {"userName": "Steve", "userReviewDate": "Apr 16, 2014", "userURL": "http://www.goodreads.com/user/show/23635446-steve", "userReview": "This book was given to me for my 50th birthday by my Czech friends Pavel Charvat and his wife Zuzanna Charvatova.  It is fabulous.  It is humorous.  It is the story of a Czech man and his man servant Saturnine.  Very popular in Czech Republic."}, {"userName": "Pavel Bene\u0161", "userReviewDate": "Jan 29, 2014", "userURL": "http://www.goodreads.com/user/show/23454952-pavel-bene", "userReview": "Samoz\u0159ejm\u011b naprost\u00fd z\u00e1klad! A rozhodn\u011b l\u00edp napsan\u00e9 ne\u017e pozd\u011bji nato\u010den\u00e9, by\u0165 V\u00edzner jako Saturnin je vynikaj\u00edc\u00ed. Nicm\u00e9n\u011b - popis v\u0161ech situac\u00ed je mnohem veselej\u0161\u00ed.Vyd\u00e1n\u00ed, kter\u00e9 jsem \u010detl j\u00e1, tu nen\u00ed... bylo to tu\u0161\u00edm druh\u00e9, z roku 1946, \u010derven\u00e1 pl\u00e1t\u011bn\u00e1 vazba."}, {"userName": "Martin La\u010d\u0148\u00e1k", "userReviewDate": "Apr 29, 2014", "userURL": "http://www.goodreads.com/user/show/14323057-martin-la-k", "userReview": "After watching the film, I have to Saturnin didn't a very good view but after reading it I was very surprised."}, {"userName": "Lucie Novak", "userReviewDate": "May 11, 2014", "userURL": "http://www.goodreads.com/user/show/29972501-lucie-novak", "userReview": "A Czech classic. Everybody in Prague read it. I do not know if the translation will be as good. I hope so!"}, {"userName": "Christine", "userReviewDate": "Sep 23, 2014", "userURL": "http://www.goodreads.com/user/show/34776956-christine", "userReview": "\"Pes, kter\u00fd \u0161t\u011bk\u00e1 nekou\u0161e... Kousali v\u0161ichni.\"M\u00e1m r\u00e1da Saturnin\u016fv humor :)"}, {"userName": "Suzanne", "userReviewDate": "Feb 19, 2014", "userURL": "http://www.goodreads.com/user/show/2124145-suzanne", "userReview": "Read French translation. Lovely Czech humour."}, {"userName": "Tad Moden", "userReviewDate": "Aug 04, 2014", "userURL": "http://www.goodreads.com/user/show/18760751-tad-moden", "userReview": "Absolutely delightful."}, {"userName": "J\u00e1n Krav\u00e1rik", "userReviewDate": "Mar 06, 2014", "userURL": "http://www.goodreads.com/user/show/19828891-j-n-krav-rik", "userReview": "Pretty! Soulful! Funny!"}, {"userName": "Vlasta", "userReviewDate": "Feb 01, 2014", "userURL": "http://www.goodreads.com/user/show/28270315-vlasta", "userReview": "http://kariol.blog.cz/1309/saturnin"}, {"userName": "Geoka\u010derka", "userReviewDate": "Jul 04, 2014", "userURL": "http://www.goodreads.com/user/show/27254660-geoka-erka", "userReview": "Love teta Kate\u0159ina."}, {"userName": "Daniel", "userReviewDate": "Feb 07, 2013", "userURL": "http://www.goodreads.com/user/show/12229764-daniel", "userReview": "Zdenek Jirotkas Saturnin ist eines der vielen Meisterwerke tschechoslovakischer und tschechiser Literatur.Der Leser wird wortw\u00f6rtlich auf eine satirische Weise in die goldenen Jahre der 1. Republik katapuliert. Die fantastischen und witzigen t\u00e4glichen Handlungsweisen des \"Butlers\" Saturnin, zaubern jedem Leser ein L\u00e4cheln auf die Lippen. Ich habe dieses Buch wortw\u00f6rtlich verschlungen. Es geh\u00f6rt garantiert in die Top 10 meiner Lieblingsb\u00fccher."}, {"userName": "Lukas Stejskal", "userReviewDate": "Jan 07, 2014", "userURL": "http://www.goodreads.com/user/show/7278266-lukas-stejskal", "userReview": "Dobr\u00e1 a dob\u0159e napsan\u00e1 kn\u00ed\u017eka. Moje jedin\u00e1 v\u00fdtka zn\u00ed: stra\u0161n\u011b vykr\u00e1d\u00e1 P. G. Wodehouse, konkr\u00e9tn\u011b p\u0159\u00edb\u011bhy Bertieho Woostera a jeho sluhy Jeevese. Popularita Saturnina v \u010cesku mi p\u0159ijde nezaslou\u017een\u00e1, stejn\u011b jako nap\u0159. popularita \u010desk\u00fdch cover\u016f americk\u00fdch \u0161l\u00e1gr\u016f."}], "description": "Zdenek Jirotka's famous humorous novel was first published in 1942 and since then, there have been more than 15 Czech editions. Over sixty years later, English-speaking readers can become acquainted with Jirotka's novel, whose main hero is the legendary faithful servant Saturnin, fighting with aunt Katerina and her son Milou\u0161. The book is accompanied by original colour illustrations by the Czech painter Adolf Born.", "title": "Saturnin", "url": "http://www.goodreads.com/book/show/1724928.Saturnin", "average": 4.47, "cover": "http://d.gr-assets.com/books/1328697507l/1724928.jpg", "reviews": 55, "authors": [{"url": "http://www.goodreads.com/author/show/1775746.Zden_k_Jirotka", "name": "Zden\u011bk Jirotka"}, {"url": "http://www.goodreads.com/author/show/5800654.Mark_Adrian_Corner", "name": "Mark Adrian Corner"}], "outlinks": ["http://www.goodreads.com/book/show/3055089-kytice", "http://www.goodreads.com/book/show/6202231-d-e-ka-ili-ivot-t-n-te", "http://www.goodreads.com/book/show/4389347-z-hada-hlavolamu", "http://www.goodreads.com/book/show/2429242.Hrd_Bud_es", "http://www.goodreads.com/book/show/823045.Spalova_mrtvol", "http://www.goodreads.com/book/show/6556212-romeo-julie-a-tma", "http://www.goodreads.com/book/show/4796846-bylo-n-s-p-t", "http://www.goodreads.com/book/show/6294130-fimf-rum", "http://www.goodreads.com/book/show/6509741-smrt-kr-sn-ch-srnc", "http://www.goodreads.com/book/show/1391930.B_je_n_l_ta_pod_psa", "http://www.goodreads.com/book/show/2479730.Tracy_s_Tiger", "http://www.goodreads.com/book/show/5290503-the-night-club", "http://www.goodreads.com/book/show/4331597-post-i-iny", "http://www.goodreads.com/book/show/13536961-tkovsk-bohyn", "http://www.goodreads.com/book/show/1478958.The_Grandmother", "http://www.goodreads.com/book/show/4202574-mu-se-psem", "http://www.goodreads.com/book/show/2844772-pravidla-se-zm-nila", "http://www.goodreads.com/book/show/13089060-profesor-biologie-na-eb-ku"]}