{"ratings": 137, "userreviews": [{"userName": "Tom", "userReviewDate": "Jan 02, 2014", "userURL": "http://www.goodreads.com/user/show/1929624-tom", "userReview": "I loved this as a child, and loved it today. On the surface, this is still the cracking ghost story I remember and it is still just as chilling. At eleven I remember being too scared to turn off the light and the same bloody thing happened last night over twenty years later! There is quite a lot going on in this short children's novel and some of the more adult themes (and there are a fair few) probably went over my head when I first read it . The characters are quite complex and the hero of the piece is a lot more dark and twisted than I remember. Dare I say it, they don't make 'em like this anymore. Or maybe they do and I just don't know about them."}, {"userName": "Samantha-Ellen Bound", "userReviewDate": "Apr 13, 2012", "userURL": "http://www.goodreads.com/user/show/4531691-samantha-ellen-bound", "userReview": "The Scarecrows was first published in 1981 \u2013 it\u2019s more of a recent children\u2019s classic, but rightly so, because it\u2019s one of the best contemporary children\u2019s novels I\u2019ve read. I say contemporary even though The Scarecrows does have elements of horror and the supernatural \u2013 but these things arise out of the main character\u2019s psychological trauma. The way Westall does this is seamless and powerful. Some of the content is quite daring \u2013 a few of the passages would not make the final edit these days, I feel \u2013 but at the same time, it feels like they need to be there. These things make us understand the fear, isolation and confusion Simon feels as the realities of being \u2018grown up\u2019 push their way into his life.The Scarecrows is genuinely, for a kid\u2019s book, scary. And what makes it even more terrifying is that the horror comes from the ugliness of human emotions. This is a psychological thriller at its best.Full review at:http://bookgrotto.blogspot.com.au/sea..."}, {"userName": "Nesa Sivagnanam", "userReviewDate": "May 02, 2012", "userURL": "http://www.goodreads.com/user/show/315458-nesa-sivagnanam", "userReview": "The story is a third-person narrative, but the point of view is entirely that of Simon Wood - his thoughts, feelings and memories, the things he sees and experiences, conversations he has, conversations he overhears. The novel opens at Simon's boarding school, where the poisonous atmosphere of bullying and denigration has nurtured Simon's \"devils\", as he describes his blind rages. It is there that he first sees Joe Moreton, who has given Simon's widowed mother a lift to an event at the school; Simon loathes him at first sight, regarding him as a \"yob\", unimpressed by his fame as an artist.He is enraged when he overhears a conversation at an art gallery which makes it clear that Joe and his mother are dating, and when his mother tells him she intends to marry Joe he vainly begs her not to, and refuses to attend the wedding. Eventually he has to join his mother, his sister and Joe at their new home in Cheshire. Both his mother's happiness and his sister's adoration of Joe incense him, as he regards them as betraying his father's memory. The nearby unused water mill, separated from the house by a turnip field, provides a refuge, but it harbours a sinister secret. During the war, the miller was murdered by his wife and her lover.By his own attitude and actions, Simon becomes increasingly isolated. When he is driven to call on his father's spirit for support, it appears that the call is intercepted by the spirits at the mill, which manifest as scarecrows and imperceptibly advance across the turnip field to threaten the family. Simon's friend Tris la Chard comes to stay, and helps Simon to face up to reality and defeat the spirits."}, {"userName": "Sara", "userReviewDate": "Jan 11, 2012", "userURL": "http://www.goodreads.com/user/show/5305869-sara", "userReview": "Robert Westall is a genius. SCARECROWS is a chilling book, brilliantly written. Simon is struggling to come to terms with himself and the changes in his family. When he goes to stay with his mother and her new boyfriend, he discovers a creaking old mill with a dark past.This is a terrifying book without any gore or cheap scare tactics. The building of the tension is deliciously unbearable and the ending will keep bouncing around in your head long after you finish reading it. Whenever I had to stop reading I was desperate to get back to find out what would happen next.I would recommend this book to anyone, but especially boys from 10 - 14 -- even boys of that age who don't really like to read."}, {"userName": "Christopher Peter", "userReviewDate": "Jan 10, 2014", "userURL": "http://www.goodreads.com/user/show/26363892-christopher-peter", "userReview": "I don't think I have a favourite book of all time, but if I did then I'd have to say The Scarecrows. I first read it when I was thirteen - the same age as the central character Simon Wood - and it had a lasting effect on me. I recently re-read it and found it just as compelling as an adult. Robert Westall (and this book in particular) is in fact the main reason why my own first two books are in this same genre, i.e. young adult ghost stories, and with some similar themes. He has been a major inspiration for me, more than any other single writer.Why is The Scarecrows so good? Well for one thing I've always liked ghost stories, but this is so much more than that. It's also a psychological thriller and a powerful emotional drama. Simon is utterly believable as the lonely, angry and confused boy who idolises his late father and sees his relationship with his mother begin to disintegrate after her remarriage to a man he hates. What makes this seem so gut-wrenchingly real is that it's mainly Simon's own inner demons that are tearing his family apart - and as his misery and isolation grows, so the unquiet ghosts in the ruined water-mill across the fields begin to stir, grown in power and move closer and closer ... but what will happen when they finally arrive? The fact that we're never told only adds to the chilling power and tension of the climax.Simon is the best thing in the book. Westall did brilliantly to paint such a dark, complex and yet sympathetic character. But all the other characters convince too, and in general the quality of Westall's writing is superb throughout, clearly superior to most other writers (childrens' and adults') that I've seen since. It hooks you from the startling first sentence to the rather abrupt, slightly ambiguous ending. And there's the odd flash of humour too, despite the dark themes.If you have any interest at all in ghost stories, this is a must-read - but even if you don't, still give it a go. It's so much more than a bog standard paranormal yarn. It's best suited to teenage readers - probably not younger - and adults."}, {"userName": "Angela", "userReviewDate": "Nov 18, 2014", "userURL": "http://www.goodreads.com/user/show/4878068-angela", "userReview": "Another re-read from my childhood. I used to love Robert Westall as a child, and reading his novels as an adult I have come to the conclusion that none of his appeal has been lost. I still find this book delightfully creepy but as an adult I absolutely hated the whining and selfish attitude of the protagonist, Simon. I probably loved him as a child though."}, {"userName": "Laura May Devitt", "userReviewDate": "Dec 24, 2014", "userURL": "http://www.goodreads.com/user/show/33840270-laura-may-devitt", "userReview": "I couldn't get into this book at all - I couldn't finish it."}, {"userName": "Nicholas", "userReviewDate": "May 30, 2014", "userURL": "http://www.goodreads.com/user/show/22773855-nicholas", "userReview": "Fabulous. A very fast-pace and exciting book. Not to mention, surprisingly, well-written. A boy, Simon, comes to a Mill House with his new step-dad and tensions are higher than the deep blue sky. With the forces of evil closing in (a trio of scarecrows) and the arrival of an old friend things are on an all-high intense-level. Just a...WOW."}, {"userName": "Mitchy", "userReviewDate": "Sep 05, 2009", "userURL": "http://www.goodreads.com/user/show/2337462-mitchy", "userReview": "\"\u0e2b\u0e38\u0e48\u0e19\u0e44\u0e25\u0e48\u0e01\u0e32\"\u0e21\u0e31\u0e19\u0e40\u0e1b\u0e47\u0e19\u0e27\u0e23\u0e23\u0e13\u0e01\u0e23\u0e23\u0e21\u0e40\u0e22\u0e32\u0e27\u0e0a\u0e19\u0e08\u0e23\u0e34\u0e07\u0e46\u0e40\u0e2b\u0e23\u0e2d ? (\u0e2a\u0e33\u0e19\u0e31\u0e01\u0e1e\u0e34\u0e21\u0e1e\u0e4c\u0e23\u0e35\u0e27\u0e34\u0e27\u0e44\u0e27\u0e49\u0e27\u0e48\u0e32\u0e07\u0e31\u0e49\u0e19)\u0e40\u0e1b\u0e34\u0e14\u0e40\u0e23\u0e37\u0e48\u0e2d\u0e07\u0e21\u0e32\u0e1a\u0e23\u0e23\u0e22\u0e32\u0e01\u0e32\u0e28\u0e01\u0e47\u0e40\u0e04\u0e23\u0e35\u0e22\u0e14\u0e41\u0e25\u0e49\u0e27 \u0e22\u0e34\u0e48\u0e07\u0e2d\u0e48\u0e32\u0e19\u0e44\u0e1b\u0e2b\u0e25\u0e31\u0e07\u0e46...\u0e40\u0e2e\u0e48\u0e22..\u0e19\u0e35\u0e48\u0e21\u0e31\u0e19\u0e2a\u0e22\u0e2d\u0e07\u0e02\u0e27\u0e31\u0e0d\u0e25\u0e30\u0e1b\u0e48\u0e32\u0e27\u0e2b\u0e27\u0e48\u0e32\u0e2b\u0e23\u0e37\u0e2d\u0e27\u0e48\u0e32 \u0e27\u0e23\u0e23\u0e13\u0e01\u0e23\u0e23\u0e21\u0e40\u0e22\u0e32\u0e0a\u0e19 = \u0e2b\u0e19\u0e31\u0e07\u0e2a\u0e37\u0e2d\u0e17\u0e35\u0e48\u0e21\u0e35\u0e40\u0e14\u0e47\u0e01\u0e40\u0e1b\u0e47\u0e19\u0e15\u0e31\u0e27\u0e40\u0e2d\u0e01\u0e0a\u0e2d\u0e1a\u0e2a\u0e33\u0e19\u0e27\u0e19\u0e41\u0e1b\u0e25\u0e02\u0e2d\u0e07\u0e04\u0e38\u0e13\u0e2a\u0e32\u0e25\u0e34\u0e19\u0e35 \u0e04\u0e33\u0e09\u0e31\u0e19\u0e17\u0e4c \u0e08\u0e31\u0e07\u0e1b\u0e25. \u0e1b\u0e01\u0e02\u0e2d\u0e07\u0e43\u0e19 goodread \u0e2d\u0e31\u0e19\u0e19\u0e35\u0e49\u0e14\u0e39\u0e2b\u0e25\u0e2d\u0e19\u0e14\u0e35 \u0e1b\u0e25.2 \u0e0a\u0e2d\u0e1a\u0e2b\u0e19\u0e31\u0e07\u0e2a\u0e37\u0e2d\u0e40\u0e25\u0e48\u0e21\u0e02\u0e19\u0e32\u0e14\u0e40\u0e17\u0e48\u0e32\u0e19\u0e35\u0e49\u0e08\u0e31\u0e07 \u0e40\u0e25\u0e47\u0e01\u0e1e\u0e01\u0e1e\u0e32\u0e2a\u0e30\u0e14\u0e27\u0e01"}, {"userName": "Creusa", "userReviewDate": "Mar 07, 2010", "userURL": "http://www.goodreads.com/user/show/3088459-creusa", "userReview": "I came away uncertain whether this was fantasy or psychological drama.  I thought is was the latter but the ending confused me."}, {"userName": "Kristina", "userReviewDate": "Apr 24, 2007", "userURL": "http://www.goodreads.com/user/show/21659-kristina", "userReview": "Good, but hella scary, from what I recall - I usually block out scary books."}], "description": "In a brooding story about jealousy, hatred, murder, and love, Simon is outraged that his mom plans to remarry. He can't bear the way she and his sister seem to have forgotten his late father. Overwhelmed by hatred, he seeks solace in a nearby abandoned water mill. But another, powerful hatred lingers within its walls. And it is about to be unleashed.", "title": "Scarecrows (Puffin Teenage Fiction)", "url": "http://www.goodreads.com/book/show/795182.Scarecrows", "average": 3.69, "cover": "http://d.gr-assets.com/books/1178426046l/795182.jpg", "reviews": 11, "authors": [{"url": "http://www.goodreads.com/author/show/7163.Robert_Westall", "name": "Robert Westall"}], "outlinks": ["http://www.goodreads.com/book/show/2561285.Die_Vogelscheuchen", "http://www.goodreads.com/book/show/1056971.Whispers_in_the_Graveyard", "http://www.goodreads.com/book/show/525007.The_Edge_of_the_Cloud", "http://www.goodreads.com/book/show/1719256.The_Wool_Pack", "http://www.goodreads.com/book/show/335747.River_Boy", "http://www.goodreads.com/book/show/1472754.The_Return_of_the_Twelves", "http://www.goodreads.com/book/show/47890.The_Haunting", "http://www.goodreads.com/book/show/336063.A_Pack_of_Lies", "http://www.goodreads.com/book/show/1030635.The_Turbulent_Term_of_Tyke_Tiler", "http://www.goodreads.com/book/show/74769.Dear_Nobody", "http://www.goodreads.com/book/show/2263267.Dougy", "http://www.goodreads.com/book/show/745100.With_Clive_in_India", "http://www.goodreads.com/book/show/105093.Memorias_de_una_vaca", "http://www.goodreads.com/book/show/1075761.Biggles_The_Camels_Are_Coming", "http://www.goodreads.com/book/show/2041226.Jan_mein_Freund", "http://www.goodreads.com/book/show/252849.Maik_fer_flieg_", "http://www.goodreads.com/book/show/201682.Hey_Dollface", "http://www.goodreads.com/book/show/2452438.Strange_Objects", "http://www.goodreads.com/book/show/1260721.Marianne_Dreams", "http://www.goodreads.com/book/show/10963.The_Machine_Gunners", "http://www.goodreads.com/book/show/402126.Blitzcat", "http://www.goodreads.com/book/show/72212.The_Kingdom_by_the_Sea", "http://www.goodreads.com/book/show/2721990-the-cats-of-seroster", "http://www.goodreads.com/book/show/1975160.Futuretrack_5"]}