{"ratings": 12138, "userreviews": [{"userName": "Krishna Kumar", "userReviewDate": "May 31, 2012", "userURL": "http://www.goodreads.com/user/show/5716839-krishna-kumar", "userReview": "I READ FEW OF O HENRY'S SHORT STORIES IN MY HIGH SCHOOL.  HE WAS MY FAVORITE AUTHOR SINCE THEN.  HIS STORIES INSPIRED ME A LOT.  I WAS SWEPT OFF MY FEET BY AFTER TWENTY YEARS, GIFT OF THE MAGI AND LAST LEAF THOSE WERE NOTHING BUT THE SLICES OF LIFE. THE O HENRY AWARD IS THE MOST PRESTIGIOUS AWARD FOR SHORT FICTION.  I BELIEVE HIS WIT IN THE TWISTS AND ENDINGS OF THE STORY DESERVES IT. SO, I DECIDED TO READ HIS STORIES BUT  HE HAS INCREDIBLY WRITTEN MORE THAN ONE COULD IMAGINE OF ABOUT 600 STORIES.  SO I SEARCHED THROUGH INTERNET AND READ ABOUT 15 OF HIS FAMOUS STORIES AND EVERYONE TURNED OUT TO BE A MASTERPIECE. MY FAVORITE OF HIS SHORT STORIES I HAVE READ SO FAR ARE,1. THE GIFT OF MAGI2. LAST LEAF3. AFTER TWENTY YEARS4. THE COP AND THE ANTHEM5. THE RANSOM FOR THE RED CHIEF6. FURNISHED ROOM7. DETECTIVE'S DETECTOR8. THE PENDULUM9. ONE DOLLAR'S WORTH"}, {"userName": "Theresa", "userReviewDate": "May 23, 2009", "userURL": "http://www.goodreads.com/user/show/1188463-theresa", "userReview": "I've just got a little bit left to finish, but I just love O. Henry's stories. I read a couple of his short stories in high school, and was hooked. It is just positively amazing what he can cover/accomplish in just a few pages! Also how true what he has to say, and quite humorously too! Wish I could write like that! AND I have way too many exclamation points in this review..."}, {"userName": "Jennifer Devlin", "userReviewDate": "Dec 17, 2008", "userURL": "http://www.goodreads.com/user/show/1810750-jennifer-devlin", "userReview": "Loving these short stories! The unexpected endings are great, and his humor is right up my alley. Just enjoying some light reading in the midst of life..."}, {"userName": "Jess Michaelangelo", "userReviewDate": "Dec 30, 2010", "userURL": "http://www.goodreads.com/user/show/1166992-jess-michaelangelo", "userReview": "Even though this book took me forever to read, I really enjoyed it. Everyone is familiar with \"The Gift of the Magi,\" and I had read a couple of his short stories in school, but I had no idea what I was getting myself into when I picked up this volume. I enjoy short stories from time to time, but I usually end up liking some stories more than others. Most of the time, short story collections are \"meh\" for me. Not so in this case. I can honestly say that I enjoyed each and every story. I was really surprised how much I looked forward to beginning each story. O. Henry writes about average people, and many critics call him \"formulaic.\" Well, he is formulaic, let's face it. All of his stories have some kind of surprise twist at the end. However, in a twist that O. Henry himself would be proud of, this turns out to be one of the strongest features of his stories. Seriously. I would be reading along, and I'd try to be guessing at what was going to happen. But he fooled me just about every single time. He's formulaic, but absolutely unpredictable. It adds suspense to his stories; it makes them more exciting. You know it's coming, but you don't quite know what it is. I love it. O. Henry is a great writer, to boot. I know a lot of people shy away from short stories because they're just not long enough to satisfy most people. Even though the character development isn't the greatest (I will admit), I was completely engrossed in the stories. When he was writing about the busy streets of NYC, I was there. When he was writing about bandits out West, I was there. He writes with just enough descriptive flair to put me where he wants me to be. Not only that, but his characters felt so real. He really understands people and human nature. This even shows in his use of vernacular. There have been many a time when I have felt that an author's attempts at the common vernacular have just seemed off. O. Henry is spot on. I could definitely hear each voice as I was reading. I think one of O. Henry's strongest assets in writing these stories is his use of comedy, which lends itself to the twists. The twists would not work without the comedy. They go to show just how absurd life can be and how coincidence can play such a part in an average person's life. I can't say that O. Henry is the most hilarious author I've read, but there were times when I definitely laughed out loud. Life, and especially love, are funny in the way that they work out, and O. Henry uses this to make his tales entertaining. I also want to point out that this particular edition is pretty good, and I applaud Barnes & Noble (or whoever put this together). There are a great variety of his stories from throughout his writing career. There is an informative introduction which lends insight into O. Henry and why he wrote the way he did. There was even a great section at the end that included reviews of O. Henry over time and some questions to ponder. I only have two complaints about this edition. First, it seemed that the editors clumped similar stories together, i.e. all the NYC stories, all the Western stories, all the robber/thief stories, etc. It made it a little redundant at times. My last complaint is more of a personal thing. I hate endnotes. I hate having to flip back to the end of the book to see what little blurb I have to read. I mean, there were footnotes throughout as well, so I feel like it just would have been nicer to have one or the other. But that's just me being picky. Overall, I completely understand why they have a short story award named after him. Realistically, there are many, many different types of short stories, but O. Henry really has his own voice down. As I was reading this, I felt much like the readers who anxiously awaited his stories in the weekly printed magazines. I was constantly looking forward to when I could sit down with this book and soak up some good stories. So, if you're looking for a great collection of short stories, I recommend going out and picking up a copy of this!"}, {"userName": "Deborah Johnstone", "userReviewDate": "Jan 17, 2013", "userURL": "http://www.goodreads.com/user/show/15008393-deborah-johnstone", "userReview": "It\u2019s hard to believe that O.Henry died penniless. Perhaps his facility to peer inside an individual\u2019s soul took its toll. He wrote of people from all walks of life and his egalitarian position was that everyone deserved to be written about. Every human being possessed vitriol, pathos, and humor. His ability to define character via humor is a revelation that will never pale beside more current work and it is what continues to resonate once a story is complete.\u201cJeff Peters has been engaged in as many schemes for making money as there are recipes for cooking rice in Charleston, D.C.\u201d (290). This is the opening sentence from Jeff Peters as a Personal Magnet and it is all I really need to know about this character. I\u2019m prepared for a schemer, a dreamer, and someone who will probably lift my wallet if I\u2019m not careful. By switching to first person narration, O.Henry allows Jeff Peters to tell his tale: \u201cFake? No sir. There was two dollars\u2019 worth of fluid extract of cinchona and a dime\u2019s worth of aniline in that half-gross of bitters. I\u2019ve gone through towns years afterwards and had folks ask for\u2019 em again\u201d (291). The character\u2019s earnest admission that his \u201cResurrection Bitters\u201d (293) are the real deal simply adds to the comedic deception. It is a time when snake oil salesman frequented rural towns in dilapidated trucks and promised miracle cures. O.Henry bore witness to this cultural landscape and captures perfectly the tone of desperation, deception, and need. Television commercials today provide much the same misinformation. But O.Henry\u2019s hilarious tale of duped townspeople is not just a funny anecdote. It gives voice to real fears and reminds us that the world is filled with charlatans as well as those desperate to be swindled. Slightly different is The Skylight Room. We are presented with the matron of a boarding house \u2013 Mrs. Parker \u2013 who considers all her potential boarders with contempt. \u201cIf you survived Mrs. Parker\u2019s scorn, you were taken to look at Mr. Skidder\u2019s large hall room on the third floor. Mr. Skidder\u2019s room was not vacant. He wrote plays and smoked cigarettes in it all day long. But every room-hunter was made to visit his room to admire the lambrequins. After each visit Mr. Skidder, from the fright caused by possible eviction, would pay something on his rent\u201d (67). We are now aware that no roomer is good enough for Mrs. Parker\u2019s parlors. Plus, one of her boarders is an idler \u2013 a writer no less \u2013 who has fallen on hard times. Or perhaps, his times have never been very good. The young woman seeking a room \u2013 Miss Leeson \u2013 ends up in the dreaded skylight room. \u201cMiss Leeson was not intended for the skylight room when the plans were drawn for her creation\u201d (69). The room occupies the least coveted position in the house \u2013 the attic. A person\u2019s residence in the skylight room summarily announces their poverty. From beyond the lone light source in the ceiling of her attic room, Miss Leeson identifies the North Star \u2013 which she names Billy Jackson. It is her constant companion and the one shard of light she has - literally and figuratively. Unable to find work and running out of money for food, Miss Leeson expires on her bed \u2013 or so we are led to believe. In a beautiful serendipitous conclusion, the doctor who saves her life is named, \u201cDr. William Jackson\u201d. When this bittersweet story begins, we have no idea that humor will dissolve into gravity. Yet, it all makes perfect sense. O.Henry began by allowing us to see people whose foibles define them and often, we catch a glimpse of ourselves. \u201cShe knew no more shorthand than if she had been a graduate in stenography just let slip upon the world by a business college. So not being able to stenog, she could not enter that bright galaxy of office talent. She was a freelance typewriter and canvassed for odd jobs of copying.\u201d (53) In Springtime \u00e1 La Carte, O.Henry makes clear his disdain for the monotony of office work and the type of mentality it demanded. More importantly, our heroine \u2013 a young ambitious working girl \u2013 battles for a secure existence. Her drive and determination are rewarded but we never lose sight of how close she is to the brink of ruin \u2013 Sarah lives in a room at the back of a house and sees only a brick wall outside her window. O.Henry returns many times to the motif of a resolute population concentrated in an urban center. There is something very Dickensian about O.Henry\u2019s handling of his characters\u2019 predicament. The grimy industrial enclaves echo oppression and disillusionment. Yet, he offers up the mutability of the human condition as proof that transcendence is \u2013 sometimes \u2013 possible."}, {"userName": "Frank", "userReviewDate": "Jul 24, 2011", "userURL": "http://www.goodreads.com/user/show/3983118-frank", "userReview": "In high school I read \"The Last Leaf\".  It was brilliant and simplistic.  Many years later I decided I wanted to read more of O. Henry's work and Barnes and Noble provided the fodder.  \"Selected Stories of O. Henry\" is a sort of Best Of collection of 45 short stories by O. Henry.  The tip of the ice berg compared to his tiresome output over a short period of time.O. Henry is considered by many to be the greatest American short story writer.  This cross section of his work shows why.  He is able to wear many shoes of American society in his time.  From city life to country living,  living rich and scraping by poor, O. Henry is able to realistically provide a point of view from all angles.  Coupled with the ability to keep a story short, to the point AND entirely entertaining.  To read this is to read the manuel on story telling.I did try to read this book straight through at first.  I only accomplised about half of the book this way.  Though O. Henry is exellent reading, he can also become repetative story after story.  I broke up reading the last half of the stories by reading a few between reading other full lenth novels.  It helped the material go down easier.This book should not be excluded for anyone who enjoys reading the classics.  This collection also is a must read for any aspiring writer.  O. Henry is a dynamic writer and human being."}, {"userName": "Wordwizard", "userReviewDate": "May 24, 2011", "userURL": "http://www.goodreads.com/user/show/1017763-wordwizard", "userReview": "Funny and clever. These aren't just gripping yarns, though; they're wonderful period pieces and cut to the heart of an atmosphere. Much of the setting and the characters may be larger than life, but the impression is wonderful, especially the elements that repeat over stories: the dizzying freedom of the open prairie during last days of the real \"West\"; the casual fierce loyalty of the cowboys who lived there; the plucky resourcefulness of hardworking shopgirls and flippant con men alike; the vibrant, interconnected multiplicity of old New York. Yes, it's romanticized, but I seem to be sentimental about this kind of thing."}, {"userName": "carissa", "userReviewDate": "Sep 14, 2010", "userURL": "http://www.goodreads.com/user/show/4280158-carissa", "userReview": "O. Henry is famous for his surprise endings (which i guess makes them a little less surprising) as well as his light humor. while that makes for entertaining reading, i wouldn't call it frivolous. more gentle than his contemporary Mark Twain, but with greater realism, his stories deal with various classes of New York society, sometimes in the same story, and always make me think or feel something i didn't expect to."}, {"userName": "Kathleen", "userReviewDate": "May 25, 2010", "userURL": "http://www.goodreads.com/user/show/2773641-kathleen", "userReview": "I searched by ibn but this isn't the edition I have.We'll see how many of these I have time to read before it must be returned.Some of these are excellent, others less so.  There were times that the description of even a minor character ran on to such an extent that I lost track of the finer points being set up in the plot."}, {"userName": "Shane", "userReviewDate": "Feb 24, 2009", "userURL": "http://www.goodreads.com/user/show/1798222-shane", "userReview": "Henry never fails to catch you with his trick ending. But this master of the short story may have also contributed to its evolution away from the formulaic trick ending to today's slice of life, open-ended, much ados about nothing stories."}, {"userName": "Kathryn", "userReviewDate": "Mar 11, 2010", "userURL": "http://www.goodreads.com/user/show/1764515-kathryn", "userReview": "I seem to adore O. Henry, though the stories that are set in the West do seem to be a bit thin and are constantly repeating the same plots....but! I do love the allusions, the language, and the \"surprise\" endings."}, {"userName": "Manasi Shiledar", "userReviewDate": "Oct 16, 2011", "userURL": "http://www.goodreads.com/user/show/5660508-manasi-shiledar", "userReview": "Before Roald Dahl and Sudha Murthy and R K Narayan, O Henry was my favorite author of short stories! 'The Last Leaf' 'After 20 years' 'The Count and the Wedding Guest' are a few of my favorites.!"}, {"userName": "Amy", "userReviewDate": "Feb 27, 2012", "userURL": "http://www.goodreads.com/user/show/7589362-amy", "userReview": "I will never get tired of re-reading these stories. Shortly after purchasing it on a discount rack at a college I was visiting, I realized what a wonderful discovery I had made! <3 O. Henry"}, {"userName": "Daniel", "userReviewDate": "Feb 07, 2013", "userURL": "http://www.goodreads.com/user/show/16833450-daniel", "userReview": "\"The Last Leaf,\" \"The Gift of the Magi,\" \"The Ransom of the Red Chief,\" and \"A Retrieved Reformation\" are his best short stories."}, {"userName": "Miriam", "userReviewDate": "Jun 24, 2009", "userURL": "http://www.goodreads.com/user/show/1552086-miriam", "userReview": "There are some really funny, sad, inspiring, and weird stories in here. I love O. Henry's style. He is great!"}, {"userName": "David Chapman", "userReviewDate": "Jun 27, 2014", "userURL": "http://www.goodreads.com/user/show/11368295-david-chapman", "userReview": "Great book.  A good travel book.  I bought this book several years ago when I was in Seattle for a meeting.  The short stories range from 6-12 pages so can be read quickly.Some of these stores are classics.  Great command of vocabulary.  He uses words I usually do not see.  He is very good about referencing terms and phrases.His work is similar to the \"Twilight Zone\" because of its unexpected final plot twists."}, {"userName": "Dudley Danes", "userReviewDate": "Jun 13, 2013", "userURL": "http://www.goodreads.com/user/show/4238499-dudley-danes", "userReview": "I'm not one for reading 45 stories straight through, so I'll confess this one took me a while. But oh man, what a writer O. Henry was! Even the less-famous stories are a delight to read and contain a fresh wit that would bring them to the forefront of most short story collections.I was impressed and inspired with each tale. Yes, there is something like a formula here which sometimes comes with a bit of predictability... But not too much and not too tedious. Lining up such a large selection from MOST authors would reveal the same.This book was well worth the price of admission and I recommend it to any short story lover, anyone looking to read some classic O. Henry, or anyone simply looking for an entertaining read."}, {"userName": "Ashley", "userReviewDate": "Apr 06, 2014", "userURL": "http://www.goodreads.com/user/show/30101152-ashley", "userReview": "I adore o. henry. if you've ever wanted to read short stories, I would always point you in the direction of him first.  The twists at the ending of his stories is what makes his work so wonderful"}, {"userName": "Melissa", "userReviewDate": "Mar 04, 2013", "userURL": "http://www.goodreads.com/user/show/883760-melissa", "userReview": "This book was a gift from my husband two years ago.  He hasn't been able to figure out why I can read other books in a day and yet it has taken me sooooooooo long to read O. Henry.  I like O. Henry.  I think he has some great stories, but honestly his writing style doesn't allow me to read and multi-task at the same time.  He provides the reader with a lot of detail and information throughout the story that sometimes when you finally get to the end you've forgotten what happened in the beginning. I found myself trying to absorb all the info so I could guess the ending and then discovered I was overloaded with needless detail that one story at a time exhausted me."}, {"userName": "Aram", "userReviewDate": "Apr 04, 2014", "userURL": "http://www.goodreads.com/user/show/30260587-aram", "userReview": "O'Henry has so many great short stories. But, of course, the one standing out in most people's memory, I guess, would be \"The gift of the magi\". Or am I wrong?)"}, {"userName": "Tom", "userReviewDate": "Apr 27, 2014", "userURL": "http://www.goodreads.com/user/show/5110373-tom", "userReview": "A half dozen of these are 4 star stories but there are dozens of stories here., And after awhile the famed O. Henry surprise ending becomes predictable. Best in small doses."}, {"userName": "Azad Srents-garabedian", "userReviewDate": "Jan 05, 2015", "userURL": "http://www.goodreads.com/user/show/28247085-azad-srents-garabedian", "userReview": "The absolute best O.Henry stories..."}, {"userName": "David", "userReviewDate": "Jun 19, 2011", "userURL": "http://www.goodreads.com/user/show/1439856-david", "userReview": "I really liked most of these stories, though I was not as fond of the Western related ones.  I'm just not a big one for Western stories.  Frankly, I can see that O. Henry used a lot of gimmicks, but I can't see why he is abused so much for it.  They make for an interesting story, even if the tricks can be a little cheap at times.  We forgive Dickens for such things and concentrate instead on the gems to be found, why not O. Henry as well?  I certainly would.  I liked these stories a great deal, tricks or no."}, {"userName": "Melanie", "userReviewDate": "Sep 08, 2011", "userURL": "http://www.goodreads.com/user/show/548203-melanie", "userReview": "I bought this at the bookstore because it was cheap and I haven't read anything by O. Henry other than \"The Gift of the Magi.\" This is a book of short stories that is easy to pick up and read when I only have a few minutes. I've read about 5 stories now and I really like them. They are clever, witty, and very amusing so far. The writing is older, but there are some footnotes to help with older definitions of words or explanations of things/people he refers to. I really like it and will continue to read more."}, {"userName": "Rob", "userReviewDate": "Jan 31, 2014", "userURL": "http://www.goodreads.com/user/show/28186071-rob", "userReview": "Classic, enjoyed reading these short stories very much"}, {"userName": "Sara", "userReviewDate": "Feb 22, 2009", "userURL": "http://www.goodreads.com/user/show/1567235-sara", "userReview": "It is difficult getting past ALL the crazy typos in this Chinese-published edition of the short stories. I bet I could just find the stories online . . .Ok, I'm done reading. Leaving this one in China. It was a horrible edition and was complete nonsense at times. Some of the stories were better than others, but I'm just not as interested in reading any more of them as I was before I started reading. I would like to read O'Henry again someday, when I have nothing better to read."}, {"userName": "Sofia", "userReviewDate": "May 18, 2014", "userURL": "http://www.goodreads.com/user/show/17888315-sofia", "userReview": "O. Henry, in my opinion, is one of the most influential writers in all of American literature. His prose and crafting really set the stage for the modern American novella. His stories have stood the test of time, and without them our literature would be lacking."}, {"userName": "Kristyn", "userReviewDate": "Jun 08, 2008", "userURL": "http://www.goodreads.com/user/show/156520-kristyn", "userReview": "Lots of great stories with a trademark surprise ending. A variety of settings, city and western, which reflect places the author lived throughout his life. Especially as you read more, it's easier to fgure out how the story will end, but I enjoyed them all. I think my favorite was The Last Leaf, and that is excepting Gift of the Magi, which I think is the best short story, and Christmas story there is."}, {"userName": "Jenifer", "userReviewDate": "Oct 05, 2012", "userURL": "http://www.goodreads.com/user/show/921828-jenifer", "userReview": "I love me some O. Henry. I wish I had his wit and vocabulary. It is not to be read straight through, otherwise the same little plot twists become mundane. But they are thoroughly enjoyable in spurts. I wish they would have been ordered differently, because it seemed like similar stories were grouped together and a change in that might have broken up the monotony of plots and locales."}, {"userName": "Mahendra Palsule", "userReviewDate": "Feb 07, 2013", "userURL": "http://www.goodreads.com/user/show/2291670-mahendra-palsule", "userReview": "This is the first time I read O'Henry as an adult after being enchanted with a few of his stories when I was a kid. Except for the SouthWest/Mexican based ones, I was able to relate to all of them, which I find amazing considering the era of his writing.The introduction and additional notes provided in this book offer the necessary cultural bridge one can cross to easily appreciate the work."}], "description": "O. Henry originated the humorous, energetic tale that ends with an ironic, even shocking twist. In \"After Twenty Years,\" for example, two boys agree to meet at a particular spot exactly twenty years later. Both are faithful, but in the intervening years one boy has turned into a criminal, the other into a policeman. Behind the rendezvous lurks a powerful dramatic situation with a fascinating moral dilemma--all in a few brief pages. This is just one of the many literary gems in Selected Stories of O. Henry, a collection of forty-five of O. Henry's most renowned and entertaining short stories. Each one offers insights into human nature and the ways it is affected by love, jealousy, poverty, gentility, and the all-pervading reality of people conning people--themes that ran through the author's own life. Born William Sidney Porter, O. Henry started writing while in prison for embezzlement. Later he moved to New York, and his tales romanticizing the commonplace, particularly the life of ordinary New Yorkers, became highly popular. The most widely read author of his time, O. Henry died penniless but left behind a wealth of short stories that endure as hallmarks of the genre.", "title": "Selected Stories", "url": "http://www.goodreads.com/book/show/14469.Selected_Stories", "average": 4.14, "cover": "http://d.gr-assets.com/books/1328753059l/14469.jpg", "reviews": 82, "authors": [{"url": "http://www.goodreads.com/author/show/8993.O_Henry", "name": "O. Henry"}, {"url": "http://www.goodreads.com/author/show/245812.Victoria_Blake", "name": "Victoria Blake"}], "outlinks": ["http://www.goodreads.com/book/show/7571796-selected-stories-of-o-henry", "http://www.goodreads.com/book/show/12701241", "http://www.goodreads.com/book/show/7576769-the-selected-stories-of-o-henry", "http://www.goodreads.com/book/show/301393.Founding_America", "http://www.goodreads.com/book/show/40209.Maggie", "http://www.goodreads.com/book/show/16210.Daisy_Miller_and_Washington_Square", "http://www.goodreads.com/book/show/275245.Pygmalion_and_Three_Other_Plays", "http://www.goodreads.com/book/show/288081.Great_American_Short_Stories", "http://www.goodreads.com/book/show/1080158.Leaves_of_Grass", "http://www.goodreads.com/book/show/386765.The_Enchanted_Castle_Five_Children_and_It", "http://www.goodreads.com/book/show/67522.The_Collected_Poems_of_Emily_Dickinson", "http://www.goodreads.com/book/show/139004.Essays_and_Poems", "http://www.goodreads.com/book/show/1190236.Common_Sense_and_Other_Writings", "http://www.goodreads.com/book/show/4665.The_Best_Early_Stories_of_F_Scott_Fitzgerald", "http://www.goodreads.com/book/show/212525.Ethan_Frome_and_Other_Short_Fiction", "http://www.goodreads.com/book/show/7301970-the-battle-for-gotham", "http://www.goodreads.com/book/show/2417381.The_Collected_Oscar_Wilde", "http://www.goodreads.com/book/show/5387357-american-passage", "http://www.goodreads.com/book/show/29905.Essential_Dialogues_of_Plato", "http://www.goodreads.com/book/show/6452800-a-good-fall", "http://www.goodreads.com/book/show/8208422-ninja", "http://www.goodreads.com/book/show/143534.The_Gift_of_the_Magi", "http://www.goodreads.com/book/show/963839.The_Ransom_of_Red_Chief", "http://www.goodreads.com/book/show/14467.The_Best_Short_Stories_of_O_Henry", "http://www.goodreads.com/book/show/31626.The_Gift_of_the_Magi_and_Other_Short_Stories", "http://www.goodreads.com/book/show/213395.The_Last_Leaf"]}