{"ratings": 395, "userreviews": [{"userName": "Lily Author", "userReviewDate": "May 29, 2010", "userURL": "http://www.goodreads.com/user/show/2934460-lily-author", "userReview": "I can't believe I forgot to add this one. Slake's Limbo, in my honest opinion, is a prime example of how YA literature can be incredibly interesting and thought-prokoving, without any patronizing nonsense. I first read this book when I was 12, and I still re-read it every so often. This one is a timeless tale.Slake's Limbo is a fascinating story about a young boy who escapes the hardships of his life by hiding in an underground subway tunnel. With a strong sense of preservation and an intense imagination, Slake carves out a real life for himself in the underground, and yet he's only eleven years old. He has friends down there, a sense of family and belonging, and even gets himself two jobs. Slake is a survivor, in every sense of the word.A beautifully written account of how complete strangers can have such a strong impact on each other's lives, even if their lives only touch for a moment."}, {"userName": "Cheryl", "userReviewDate": "Dec 21, 2011", "userURL": "http://www.goodreads.com/user/show/3498889-cheryl", "userReview": "I tend to read books with similar themes or concepts in close conjunction with one another, quite by accident.  Last week I read The Evolution of Bruno Littlemore and this morning I read Zoo, both which highlight humankind's arrogance and abuse of beasts.  Last night I read Smith and today I read this book, both which feature young urchins of noble character surviving the streets of big cities.With its theme of survival, and a similar reading level, I'd like to see this taught together with Hatchet, already a staple in many grade 5 classrooms.I love the insights in this.  A woman warns Slake of the scary bad guys on the subway, and Slake wonders \"Were these not the very same people... who walked on the street above?\"Upon thinking some more, I realize that all the books I mention here have a certain theme in common.  All make us think about what it means to be one's self when one is on one's own, vs what it means to one's self when in company of, and accountable to, others."}, {"userName": "Julia", "userReviewDate": "Feb 02, 2014", "userURL": "http://www.goodreads.com/user/show/155482-julia", "userReview": "Back in the day, in 7th grade that is, I was in English class. A regular English class, not honors, or advanced or anything like that.  It felt like prison. As a matter of fact I remember thinking exactly that. My most vivid memory of that 5th period 42 minute educational session was that I was deathly terrified of my teacher, and did anything to prevent her from yelling at the class, which she did quite often. She was middle aged, and clearly bored with her job. She was too scary to be an elementary school teacher, and probably not good enough for High School, so she was stuck teaching us. She was a smoker, and had an awful raspy voice and her yelling made my whole body shudder and cringe. I was afraid of raising my hand in fear of a wrong answer, and afraid of not raising my hand for fear of non-participation. In 7th grade I still believed there was a template for writing essays, and that a letter had to have five paragraphs with topic sentences. I executed these requirements to a T because I was afraid getting anything lower than a B- would get her yelling. I once used the word \"glum\" in an essay, and she was impressed. That made me breath easier. I remember sitting there, in the second row, staring out of the 2nd floor window and waiting for the church bell across the street to strike noon because that would mean I only had another 20 minutes to suffer.This book will be forever associated with that class, but that is not why I hate it.  I remember sitting and finishing it in Band Class and wondering why in the world I was reading it, and what in the world it meant.  The characters, the events, the setting, nothing seemed to fit.  Perhaps I was supposed to identify with Slake's own sense of entrapment at school and at home, and with his angst and social anxiety, but I just could not.  His character seemed completely irrational, and I could not understand why no one in the state of New York could not get him a pair of glasses.It was books like these, that made me forever shy away from anything with a YA label.   I have since then moved on with my life, past five paragraph essays, but I still have no idea what this book is about, and what moral my adolescent brain was supposed to gain from it. I suppose with better instruction it would have made more sense, but as it was, it confused everyone in or grade. I am supposed to finish my B.A. in a few months, and I still do not know what the book was trying to say.  Perhaps I should go back to middle school and ask the teacher with the raspy voice why she made us read it."}, {"userName": "D", "userReviewDate": "Mar 30, 2014", "userURL": "http://www.goodreads.com/user/show/1885726-d", "userReview": "In looking for a book to read with my high school remedial reading class, I happened upon this little book, originally copyrighted in 1974.  At only 117 pages, it was short and an easy read for the four boys in my class who read well below their grade level.  I was leery after reading S. E. Hinton's Rumblefish with the class.  I found Rumblefish violent and inappropriate, but this book was quite the opposite.  Slakes Limbo is about a young boy, Aremis Slake, who is constantly abused and bullied at home and at school.  He escapes his tormentors in the subway system of New York City.  He finds a secret hole in the subway wall, well down the track away from the station, and this cave, really an extra room created as the result of a mistake in constructing the foundation of a hotel many years before. In this literal hole in the wall, he finds a refuge of sorts from his life of abuse and torment.  He meets kind people who help him, in their way, and eventually, with the aide of others, he gains the strength to leave the subway and live with dignity in the real world.  I really liked that while this book portrays the bad and abusive side of humanity, it also has characters who are kind and caring.  I really hope that my four remedial reading students like this book as much as I did."}, {"userName": "Ray Cavanaugh", "userReviewDate": "Jan 20, 2011", "userURL": "http://www.goodreads.com/user/show/2903226-ray-cavanaugh", "userReview": "This is the one book from grade school which I recall fondly. Abused and impoverished, Slake\u2019s life pretty much blows. So he goes underground, into the tunnels of the NYC subway system.There he hawks secondhand newspapers, befriends a hungry rodent, and finds a few benefactors. This kid\u2019s book is well-written by any standard; it is also profound in its portrayal of human kindness and misery."}, {"userName": "Tyler Leptich", "userReviewDate": "Jan 16, 2014", "userURL": "http://www.goodreads.com/user/show/23510161-tyler-leptich", "userReview": "Slake's Limbo by Felice Holman is a story about a boy named Slake that has no family. He runs away and takes to the underground subway tracks. After a while, he finally finds a life for himself in a tunnel of the subway that he calls home, and lives there. He works for a newspaper company down in the subway, and sweeps the floors of a nearby coffee shop for some spare change and food. He lives a mostly solitary life, and has everything workesd out until a section of the subway falls on a train. They begin to fill in the holes in the subway, in which one of them is Slake's \"home\". He waits in there for days, until one day he has no energy, and he falls out into the tracks. Willis Joe stops the subway car, and picks up the fallen Slake, and brings him to a hospital. From there on, Slake has a good life, and is relieved of his burdens. This book is an example of symbolism because as the book progresses, Slake repeatedly states about a bird inside of his stomach. This bird symbolizes that Slake is not free, and is caged until he goes to the hospital at the end of the story. I would recommend this book to people that like sad stories with a happy ending."}, {"userName": "T", "userReviewDate": "Oct 06, 2010", "userURL": "http://www.goodreads.com/user/show/2285947-t", "userReview": "slow, barely anythig to think about, seems like a waste of a book to put on a school reading list. Too juvenile for jr high.  not enough moral, although there is some possible discussion, butnot enough to justify it.  completely clean."}, {"userName": "nicole", "userReviewDate": "Feb 23, 2008", "userURL": "http://www.goodreads.com/user/show/937051-nicole", "userReview": "this book was a joke. i was hoping he would get hit by a subway car while living there, but it was only a fond dream."}, {"userName": "Taylor Mayes", "userReviewDate": "Apr 23, 2012", "userURL": "http://www.goodreads.com/user/show/4512059-taylor-mayes", "userReview": "i had to read it for school."}, {"userName": "Josiah", "userReviewDate": "Apr 12, 2009", "userURL": "http://www.goodreads.com/user/show/1914201-josiah", "userReview": "\"Had fear followed him here or or had they arrived together?\"  --Slake's Limbo, P. 56  I first heard about and became interested in this book in the pages of Karen Hesse's \"Phoenix Rising\". I sort of took her positive mentions of Slake's Limbo as a kind of endorsement, and in my book anything that is recommended by Karen Hesse is certainly worth giving the read.  Felice Holman's writing style is quite beautiful, with a quiet, understated flow that I thought really blended well to tell the story of Aremis Slake. Her insight into Slake's ostensibly unique dilemma clearly showed that while the exact circumstances surrounding his retreat into the depths of the New York City subway system may not happen to many people, the nature of the situation can be identified with by all of us. I very much felt empathy for Slake in his plight; he felt beaten down and afraid and he wanted nothing but to hide away and feel safe.   An unusual story, Slake's Limbo resounds deeply and gave me much to think about. It is not a book that can easily be forgotten or dismissed by anyone."}, {"userName": "Margaret", "userReviewDate": "Jan 16, 2013", "userURL": "http://www.goodreads.com/user/show/5859247-margaret", "userReview": "I read this book back when I was about in second grade (it's probably not a good book for 8 year-olds, but somehow I obtained it). For well over a decade now, the bird imagery & the subway & other assorted aspects of the plot have been haunting me: after reading the book, I couldn't find it again and described it to many people, none of whom could tell me what book it was, though I did get a \"sounds familiar\" from a brother. FINALLY, this year, my bestest best friend (who is so totally awesome and is totally not forcing me to write this at all, really) came across a description of this book & found it matched the vague description of the story that was haunting me... Well, I finally read it and this is definitely the book.So.There are bullies and there is running and there are strangers and there is the subway and there is an accidental job and there is pity and there is survival and there is, of course, that bird.It's won a bunch of awards and if you don't think enough of them that you're going to read it, I can't see what my review will do for you.This book haunted me for years and years. Re-reading it & looking back, it definitely shaped my life in ways I never really realized... or, at least, I'm sure I could have related to this book when I was 10 or 14 or 17. Read it, if you'd like, or not, if you'd like. I recommend it as a well written book, just keep in mind that it has a young adult audience....And try to look past the cover art, whatever version you might have."}, {"userName": "Kyle", "userReviewDate": "Dec 05, 2007", "userURL": "http://www.goodreads.com/user/show/80674-kyle", "userReview": "1974. This is one of those 70s young adult books that you can't help but think they wouldn't let kids read today or perhaps even publish.It's about a really down and out white kid in NYC. He's abused by his aunt who he lives with. He has a cot in her kitchen. He always hungry. He's short for his age so the kids beat him up a lot and take his stuff. He's near-sighted and he doesn't have glasses.So what does he do? He runs away and lives in the subway. It then becomes almost as cool as From the Mixed Up Files of Mrs. Basil E. Frankweiler, where the kids run away and hide in the Metropolitan Museum. Except that it's so sad and pathetic in a way. Atmospheric, with great seventies details.I suppose it's supposed to be a parable for what the spirit can endure and rise above, but unless your kids were really so desperately unhappy they needed such a book, or so incredibly stable that it wouldn't effect them, I wouldn't give them this one. Very depressing and liable to encourage them to run away and try to live in the subway. And not much hope at the end either..."}, {"userName": "Elizabeth Ezekiel", "userReviewDate": "Oct 01, 2014", "userURL": "http://www.goodreads.com/user/show/24481373-elizabeth-ezekiel", "userReview": "I read this book in my English class. Though I thought that the idea behind the story was unique, I never found the plot to be engaging or the characters to be particularly interesting. Of course, I understand the Slake is not supposed to be an active character and his purpose is to be a dull, \"worthless lump\". However, I think that more of a backstory for Slake would've made up for the lack of personality. Overall, I think it was an okay book, but would I recommend it to a friend, probably not."}, {"userName": "Cassidy", "userReviewDate": "Nov 04, 2014", "userURL": "http://www.goodreads.com/user/show/36529713-cassidy", "userReview": "I did not enjoy this allegory very much. Slake's Limbo is a so so allegory but a quick read. I didn't really like when Joseph gets hit by a truck and dies. I also think there should have been a better ending. If anything I think slake should have been asked why he was in a subway every day instead of at school. I would have asked him if I was at the subway.  The whole book confused me. It's just not one of my favorites."}, {"userName": "Jia", "userReviewDate": "Apr 20, 2009", "userURL": "http://www.goodreads.com/user/show/1713142-jia", "userReview": "Slake's Limbo                                              4/19/09By Felice Holman 117pp New York, NY Aladdin Paperbacks ISBN: 0-689-71066-6Have you ever spent one night at the subway without going home? Slake did and he lives in a room under ground in the subway station. Slake was a boy who collects used newspapers and makes a living selling them. Slake had to deal with a lot tough situations by himself and it was not an normal teenager boy would face. Slake was an homeless boy who was able to take care of himself at a young age. Even though Slake was able to go to school, he was constantly bullied, so he decided to hide inside the subway station. What happened to Slake's parents? How did he overcome circumstances alone? Read the book and find out more about slake. I recommend this book to anyone that likes books that deals with an adventure."}, {"userName": "Juan Moreno", "userReviewDate": "Jan 21, 2014", "userURL": "http://www.goodreads.com/user/show/23532385-juan-moreno", "userReview": "This book is about a 13 year old boy named Aremis Slake who would always get beat up for any reason or just get bullied all the time. Aremis Slake was small and skinny. Almost everyday Slake would get bullied and so he was chased to the subway. The subway was his house and only protection from the outside world. At the end of the book Slake recieves his first mail in his life. This made Aremis Slake feel that someone in the world was thinking of him."}, {"userName": "Skylar Burris", "userReviewDate": "Jun 09, 2013", "userURL": "http://www.goodreads.com/user/show/710201-skylar-burris", "userReview": "I read this in (I think) 5th grade. It's one of those childhood reads that stuck with me in odd details. To this day, I remember this runaway kid, who lived in the subway, feeding himself by putting the free ketchup on the free crackers and selling used newspapers. That's my only concrete takeaway, but I do know it had an impact on me at the time, that it lit my imagination and longing for freedom - not as much as The Mixed Up Files...but in a similar way. This was a darker book than The Mixed Up Files, though - I do remember that.  When I see what my daughter reads today, I can't help but notice how fantastical and communal youth literature is today compared to in my childhood, when so much of it was un-magical, un-mythological individualistic adventure, with lots of everyday detail."}, {"userName": "Delia", "userReviewDate": "May 24, 2011", "userURL": "http://www.goodreads.com/user/show/4687175-delia", "userReview": "An easy read but a very good story. I realized only after I read it that this book is mostly narrative, there's hardly any dialogue. I think that's really cool because the author told the story so well, the characters didn't need to speak. Slake is a very brave character for living the way he does and his second-hand newspaper business is eco friendly! I like how the stories of Willis and Slake combine, I didn't expect them to be connected in such a way! They both make a difference in each others lives. I wonder what happened to Slake's friend the rat?"}, {"userName": "Jeff Somogyi", "userReviewDate": "Jan 18, 2015", "userURL": "http://www.goodreads.com/user/show/5113735-jeff-somogyi", "userReview": "absolute shit."}, {"userName": "Sophie", "userReviewDate": "Nov 02, 2012", "userURL": "http://www.goodreads.com/user/show/3833330-sophie", "userReview": "I wasn't very entertained or enlightened or impressed by this book. Don't misunderstand me though: I wasn't very. For me, this book was simply impassive. The story was continuous, the plot was blunt, the characters understood.There were only simple details that struck: the bird, the rat, the mobiles, the waitress. Those things were understood, as well, but they were beautiful all the same. In that way, this book was actually masterful...Short. Straight. Unelaborated. Enjoyable."}, {"userName": "Cj", "userReviewDate": "Oct 13, 2009", "userURL": "http://www.goodreads.com/user/show/2808201-cj", "userReview": "I liked this book because it talks about slake hiding 121 days in the subway. The main character is slake because it talks about how he hid in the subway for 121 days. This book reminded me of robinson crusoe because he also has to try to survive. I want to know why slake didn't tell that he was lost because he could've been easily.I think that Slake didn't want to tell the police why he was alone because he wants to prove that he can take care of himself."}, {"userName": "Evan", "userReviewDate": "Jan 18, 2014", "userURL": "http://www.goodreads.com/user/show/12148012-evan", "userReview": "\"Very interesting\" according to my 5th grade cumulative reading log. I started it on 12/2/1996 and gave it a 5/6."}, {"userName": "Kate", "userReviewDate": "Feb 23, 2009", "userURL": "http://www.goodreads.com/user/show/104823-kate", "userReview": "I really liked this book, despite the way 80s cover.  Slake decides he's going to live in the subway for while (I can't remember why).  I do remember being very fascinated by how Slake makes it on his own, finding a hiding place down there, how he rides the subway all day, how he gets money for food... It was just a really interesting book about how he hides underground for a few months while dealing with personal problems."}, {"userName": "Amanda", "userReviewDate": "Mar 26, 2010", "userURL": "http://www.goodreads.com/user/show/1750910-amanda", "userReview": "I read this in my class.This book is about a boy that runs away from him \"home\". It tells about him trying to survive in the subway. (9 & up)I liked this book up untill the ending, the ending was kind of lame. It had a good thought plan to it but the writing of it kind of failed. Anyway some people might like this book while others may not it's just a matter of opinion."}, {"userName": "Katarina", "userReviewDate": "Aug 05, 2008", "userURL": "http://www.goodreads.com/user/show/1145931-katarina", "userReview": "I read this book in the 80's so my impressions of it are from when I was about eleven or twelve years old. But I absolutely loved it! I thought it was both exciting and sad. One part of me wants to read it again and the other part doesn't; I don't want to destroy the good memory I have of it. But then again: I might still love it..."}, {"userName": "Joel", "userReviewDate": "Dec 02, 2013", "userURL": "http://www.goodreads.com/user/show/537284-joel", "userReview": "This is the book that taught me, back when I was a YA my very own self, just what kind of impact YA could have. It's real and nothing is candy-coated; it speaks to the truth of what a YA might be feeling and seeing in the world. Up there with The Chocolate War in terms of defining the genre."}, {"userName": "Lydia", "userReviewDate": "Jul 13, 2011", "userURL": "http://www.goodreads.com/user/show/5791190-lydia", "userReview": "Another book I read in the fourth grade. Wow. It's like Catcher in the Rye but for disadvantaged kids. He has no parents, lives in the subway and mixes ketch-up and sugar together to survive. And yes, has trust issues."}, {"userName": "Delia", "userReviewDate": "Aug 07, 2011", "userURL": "http://www.goodreads.com/user/show/5981071-delia", "userReview": "I read this in elementary school. It was one of my favorite books of the school year, a great book for the age it is written for. I will be getting a copy for my kids to read when they are old enough."}, {"userName": "Keith", "userReviewDate": "Nov 12, 2008", "userURL": "http://www.goodreads.com/user/show/875233-keith", "userReview": "If asked which one of these 'forced reading' books I might read a second time, I might choose \"The Cay\" over this.  Again my impressions of this are from way back in 7th grade, so they're not too strong."}, {"userName": "Lexi", "userReviewDate": "Dec 18, 2007", "userURL": "http://www.goodreads.com/user/show/18707-lexi", "userReview": "I remembered loving this book as a kid, but figured that it wouldn't be as good now that I actually live in the city and ride the subways every day... No, turns out it's still a great book."}], "description": "An ALA Best Books for Young AdultsAn ALA Notable Children's BookAn ALA Best of the Best Books for Young AdultsThe Horn Book Fanfare ListDesperate, driven, harassed to the breaking point, Slake decides to go underground\u2014into the sheltering depths of the New York City Subway where he ends up staying for one hundred and twenty-one days.  This is the story about survival, and about a 13-year-old misfit's attempts to find footing in a hostile and threatening world.", "title": "Slake's Limbo: 121 Days", "url": "http://www.goodreads.com/book/show/1038268.Slake_s_Limbo", "average": 3.41, "cover": "http://d.gr-assets.com/books/1356512982l/1038268.jpg", "reviews": 56, "authors": [{"url": "http://www.goodreads.com/author/show/195197.Felice_Holman", "name": "Felice Holman"}], "outlinks": ["http://www.goodreads.com/book/show/7186581-le-robinson-du-m-tro", "http://www.goodreads.com/book/show/8109709.The_Evolution_of_Bruno_Littlemore", "http://www.goodreads.com/book/show/109414.Zoo", "http://www.goodreads.com/book/show/361423.Smith", "http://www.goodreads.com/book/show/50.Hatchet", "http://www.goodreads.com/book/show/8109709.The_Evolution_of_Bruno_Littlemore", "http://www.goodreads.com/book/show/109414.Zoo", "http://www.goodreads.com/book/show/361423.Smith", "http://www.goodreads.com/book/show/50.Hatchet", "http://www.goodreads.com/book/show/1291021.The_Borning_Room", "http://www.goodreads.com/book/show/364430.Good_Old_Boy", "http://www.goodreads.com/book/show/259066.Lupita_Manana", "http://www.goodreads.com/book/show/72212.The_Kingdom_by_the_Sea", "http://www.goodreads.com/book/show/839553.Thunder_Cave", "http://www.goodreads.com/book/show/744461.The_Gawgon_and_the_Boy", "http://www.goodreads.com/book/show/915840.Ida_Early_Comes_over_the_Mountain", "http://www.goodreads.com/book/show/1003404.Otto_of_the_Silver_Hand", "http://www.goodreads.com/book/show/549849.Finding_Buck_McHenry", "http://www.goodreads.com/book/show/916652.Halfway_to_the_Sky", "http://www.goodreads.com/book/show/1779348.Instant_Boyfriend", "http://www.goodreads.com/book/show/201682.Hey_Dollface", "http://www.goodreads.com/book/show/205733.Trapped_in_Death_Cave", "http://www.goodreads.com/book/show/120759.Jason_s_Gold", "http://www.goodreads.com/book/show/425599.Weasel", "http://www.goodreads.com/book/show/182419.Nothing_to_Fear", "http://www.goodreads.com/book/show/960668.When_the_Dolls_Woke", "http://www.goodreads.com/book/show/948536.Snow_Bound", "http://www.goodreads.com/book/show/1038269.The_Wild_Children", "http://www.goodreads.com/book/show/1389925.Professor_Diggins_Dragons", "http://www.goodreads.com/book/show/1038270.The_Cricket_Winter", "http://www.goodreads.com/book/show/724337.The_Drac", "http://www.goodreads.com/book/show/3752241-real"]}