{"ratings": 598, "userreviews": [{"userName": "Eric", "userReviewDate": "Jun 19, 2012", "userURL": "http://www.goodreads.com/user/show/26852-eric", "userReview": "\"He was lucky -- diarrhea had saved him.\" And with a loud laugh I finish chapter 8. Putting this down. Maybe later, maybe not."}, {"userName": "Sara", "userReviewDate": "Aug 05, 2013", "userURL": "http://www.goodreads.com/user/show/10665178-sara", "userReview": "This book was beautifully written - I liked the style of writing.  Easy to read, the prose flowed smoothly.  This book is about Vernon Rand, the mountain climber and his drive to climb higher and climb solo.  He has a friend/rival - Cabot - also driven to attain summits.  I was interested enough in these foreign peaks - for example, Mont Blanc - to do a little research on the internet so I learned some things I didn't know before.  (Mainly I'm thinking - why California?  Why France?  Why not climb in Colorado??)The main character is definitely not without flaws.  He's not a likable fellow.  Neither is Cabot.  Rand has trouble with keeping or even wanting a steady relationship with a woman.  It's all about the mountain, but even that relationship is difficult to maintain for the long term.  A very melancholy book."}, {"userName": "Will Byrnes", "userReviewDate": "Aug 17, 2010", "userURL": "http://www.goodreads.com/user/show/1526851-will-byrnes", "userReview": "Rand and Cabot live for the thrill of climbing. Cabot is a natural leader, driven beyond reason. Rand is a tier down, but has enough core belief in himself to take on the most dangerous challenges. This is a very interesting book about these characters, what drives them, how it affects the rest of their lives, what society thinks of such people and ultimately what it all means. Rand changes over the course of the book, comes to some realizations while causing damage, and learns that he has to face up to what is truly valuable and what he wants from life. I did not like these characters, but I liked the book. I was also impressed with the almost lyrical language and imagery that emerged here and there. It reminded me a little of Thomas Hardy, but on a more minute, less landscaped scale. Good stuff. Recommended."}, {"userName": "Peter", "userReviewDate": "Aug 22, 2012", "userURL": "http://www.goodreads.com/user/show/6783890-peter", "userReview": "If you haven any interest in rock climbing, as I do a little, you will probably like this book. The story follows Rand an isolated young man in his late twenties who seems to have an unhealthy desire to take risks in mountain climbing adventures. The descriptions of the mountain climbing scenes are breathtaking, very tense. Salter puts you right in the moment on the side of the mountain. The character study of Rand is very good. He remains a mystery even to himself, characteristic of Salter. What drives this man? Where will this obsession lead him? These questions move the novel along. I like Salter as a stylist and even more as a storyteller. This one will have you on the edge of the seat and scratching your head."}, {"userName": "Ben", "userReviewDate": "Feb 12, 2010", "userURL": "http://www.goodreads.com/user/show/1083849-ben", "userReview": "This was a great book.  Salter's writing reminded me of a more-accessible version of Cormac McCarthy, with short sentences and limited descriptions of the plot, allowing the protagonists action to speak for themselves.  I thought the ending was abrupt and out of character for the protagonist, which keeps me from giving it five stars."}, {"userName": "jennifer", "userReviewDate": "Sep 14, 2014", "userURL": "http://www.goodreads.com/user/show/40158-jennifer", "userReview": "There is a tempting urge to begin: \"This is a book about mountain-climbing, but it's not about mountain-climbing.\" That would help reassure some non-hobbyists (like me), but in fact, this is a book that's not \"about\" mountain-climbing that happens to be very about mountain-climbing.I'll try to explain. Salter takes us into the world of someone we might call an anti-hero, if he ever let us get close enough to him to judge him with finality. We're thrown deeply inside his mind, body, and spirit, the higher he climbs. There's a linear relationship between his closeness to death and his distance from earth vs. our connection to his psychology. It's as if he only wants to light up when he's godlike. On descent, our graph line connection to him shoots abruptly downward. Back on earth, he's this hollow shell that's accented beautifully by Salter's Hemingway/Cormac McCarthy-esque sparse prose. He sleeps with women. He drinks. He moves around. He waits\u2026In my mind, Salter steps nimbly around all the mistakes he could be making in this narrative strategy. For one thing, the mountaineering passages are absolutely necessary. Terminology surfaces, sans the Moby Dick-esque discourses on the subject or the Philip Roth chest-thumping on author research (I'm still bitter about reading and living through that whole 'gloving industry' thing). Sure, mountain-climbing is a perfect metaphorical apparatus but he fleshes it out as the real thing inside the plot that it is.Even if you enter this book with zero interest in the topic, you'll be edified by commonalities that all time-consuming, manic hobbies have. Whatever you use for escapism, Salter's guy is just maxing out in the same categories of escapism, selfishness, oneupmanship, etc.Salter also has this completely unique way of suddenly delving into characters you might assume would just be hollow husks: specifically, the women that get slept with and left. It's this almost apologetic turning of the POV from the anti-hero to the woman scorned, and it reads so naturally, for a reason I can't quite put my finger on. Is it because our antihero is such an unsubstantial husk on flat ground that he can't bear to have us stay with him for more than a brief chapter or two?I would five-star recommend to anyone who appreciates literary form as much as they do plot and \"likable characters.\" If the latter are your meat and potatoes and nice form is just a side-dish, you will tend to agree with the 3-star reviewers."}, {"userName": "Claudia Putnam", "userReviewDate": "Nov 01, 2013", "userURL": "http://www.goodreads.com/user/show/4162791-claudia-putnam", "userReview": "Really I'd give 3.5 stars. Often I go down, but since I was kind of hard on All That Is, I'll be easier on this one, not that Salter gives a shit what I think. I like climbing and found this a little more interesting, subject-wise, than the other books of his I've read.However. There wasn't all that much actual climbing in the book; did anyone notice that? He spends a couple of seasons in the mountains and only a couple of actual climbs are described. Huh. More time on the women, actually. Maybe it's all the same; conquests. SPOILERS*******Then there's this dynamic between Rand and Cabot, where Cabot doesn't invite Rand to go up on this major climb with him (in which a mutual friend of theirs is killed, and during the aftermath, while consoling the widow, Cabot apparently fucks her. I dunno. Did we need that? Starts to feel like Salter's out of control fantasy novel at that point.) Rand, having previously saved Cabot's life, is very hurt by the snub regarding this climb. Yet, somehow they remain friends and nothing is said between them, or to us by the narrator. Then later Cabot nearly dies on another fall and is paralyzed for life. This is devastating to Rand, who apparently still has hero worship for Cabot, even though he has outclimbed him before. Rand denies that Cabot's paralyzed and tries to force him to walk, nearly killing Cabot when he cannot. Then Rand steals Cabot's car and disappears. (Either it's hero worship or else he's upset because Cabot's wife will never leave the guy if he's a cripple or because he can't with any honor steal the wife of a cripple; he wants the wife.)Anyhow, it's guy stuff and it would be nice if Salter would dig in a little deeper so the rest of us could understand it a little better. But Salter never digs in deeper.Hoping my husband will finish it soon. Maybe he can explain. The whole purity/never give up thing seems immature to me. And maybe, at the end, this realization is what Rand comes to.BTW the stock review at the top is wrong, as the MC is not Gary. Gary is some minor character who works for Rand at the beginning."}, {"userName": "stefan", "userReviewDate": "Jan 18, 2011", "userURL": "http://www.goodreads.com/user/show/50036-stefan", "userReview": "OK, so I gave it two stars, but I still read it to the end. It's a story about a climber who at times directs but mostly follows his way through adventures in the mountains and with women. It moves along well in part because the climbs are suspenseful -- how could getting injured 1,000 feet up a rock face not be? -- and because the hero, Rand, is unpredictable. He lives a completely selfish life, not allowing even the woman he loves any hint of commitment. He seduces, conquers, leaves or is left, with no emotion, or at least none the author cares to give us. He blows his best chance at love, blows off the idea of a normal job, and suffers only enough from it that he loses the courage to climb and not enough to actually try to change himself. He is not a likable or particularly interesting character. A review on the back claims Salter's writing \"exemplifies the purity it describes.\" The style does stand out, but pure isn't the first word that comes to my mind, unless somehow the short sentences reflect Rand's simple mind. The book is peppered with anecdotes (the stories of a man who picks him up hitchhiking, for example) that lead nowhere and seem to have no role in carrying plot or providing meaning, unless the point is the simple randomness of life. For all that happens in the short years covered in the book, there seems little in the way of narrative. At least there's nothing in the way of personal growth for Rand.I'm open to the argument that writing meaningfully about climbing and mountaineering is hard -- the unique experiences of climbing could be more corporal than cerebral -- and this book does little to counter that."}, {"userName": "Tom", "userReviewDate": "Mar 18, 2011", "userURL": "http://www.goodreads.com/user/show/126378-tom", "userReview": "A book better skimmed than read. When reading it closely, I found it a bit of a slog, but skimming gave me enough of Rand & Cabot's climbing adventures to satisfy me. Maybe it's partly because every climb (and there are SO MANY) reads almost the same? Maybe (probably) it's because Rand, as a character, just isn't all that interesting until the final ~35 pages?Speaking of those final 35 pages-- the level of the prose elevates dramatically , particularly in the final Rand/Cabot scene, and it leaves you thinking a) this is really good and b) why the hell didn't Salter do this the rest of the book? But he didn't.  And so it's just not all that good, really. I've been told by Salter fans that this is a terrible way for me to have introduced myself to him.  If not for their testimony, there's pretty much no chance I would give another of his books a shot. This is the kind of book I probably would have liked a lot when I was 20."}, {"userName": "Eric Krimmel", "userReviewDate": "Mar 02, 2013", "userURL": "http://www.goodreads.com/user/show/17446149-eric-krimmel", "userReview": "In a 1980's article, James Salter wrote, \"Climbing is more than a sport. It is entry into myth.\" If you understand that you'll have a better idea of what he is trying to capture in this book. While this is a story about climbing in general and one climber specifically, it's more about the lifestyle of a breed of people who are living an alternate life. With this in mind, there are moments that are so accurately and succinctly defined they have a numbing effect. This kind of masterful writing makes it easy to overlook some of the less impressive parts where the book gets bogged down in a trite theme: the main character's hunt for fame and glory. Still, I've read it a number of times and really enjoy it."}, {"userName": "Damon Isherwood", "userReviewDate": "Aug 28, 2014", "userURL": "http://www.goodreads.com/user/show/21802063-damon-isherwood", "userReview": "Like all of Salter's there is a lot of 'reality' in it; it is pretty confronting. Not recommended if you just want escapism but it is a bloody good story of the career of a solo climber."}, {"userName": "Jean-Pascal", "userReviewDate": "Dec 22, 2014", "userURL": "http://www.goodreads.com/user/show/5901842-jean-pascal", "userReview": "Comme dans \"Et rien d'autre\", son \u00e9criture m'enchante, belle, directe, sans pr\u00e9tention, sans artifice."}, {"userName": "Jennifer", "userReviewDate": "Oct 19, 2014", "userURL": "http://www.goodreads.com/user/show/1207052-jennifer", "userReview": "Rand is young, aimless, and not interested or able to hold down a job or a meaningful relationship with women. His one true passion is climbing, and he's fearless and very good at it.  He travels to France to conquer some of the most treacherous and difficult mountains in the world, and he stays there for months among some mountaineering friends and acquaintances.I liked the premise and I enjoyed all of the climbing scenes and descriptions.  It is a brutal and very dangerous sport, and one must literally have no fear.  The writing was pretty good, Rand was not really a guy I cared much for but I think that was the point.  However he was brave and sometimes heroic when he needed to be.  Near the end, when he returns to the US and reunites with a friend, it seems as though he was borderline crazy and I wasn't a fan of how that played out.  It didn't seem realistic and it didn't seem to fit with the rest of the story.This was a quick read, fairly enjoyable, but there was such a disconnect with the main character it was hard to care too much."}, {"userName": "Philippe", "userReviewDate": "Jun 14, 2014", "userURL": "http://www.goodreads.com/user/show/4903281-philippe", "userReview": "In Solo Faces, Salter captured the ethos of extreme climbing to perfection: \"Nothing actually protects you. It comes from within,\" he explained. \"It's not like gambling. It's not a matter of taking chances.\" They assumed that a climber is courageous, that like a boxer there is latent in him the strength to kill. \"You're prepared for everything,\" he told them. \"If your foot slips you have your hand. You never try something unless you're sure you can do it. It's a question of spirit. You have to feel you'll never come off.\"Vernon Rand, the protagonist, embodies the fallible quest for this state of grace. When everything fits, there are instances of great beauty: \"A human face is always changing but there is a moment when it seems perfect, complete. It has earned its appearance. It is unalterable. So it was with him, that day, as he gazed up. He was thirty - thirty-one if the truth be known - his courage was unbroken. Above him lay the Walker.\" The inevitable question that looms over the story is: what do you do when you fall out of grace? And when you see others, even more blessed souls, submit to the same cruel fate? The author's prose matches the limpidity and cragginess of the high Alpine landscapes that provide the foil for his hero's quest. Climbing exploits have been realistically and viscerally described and Salter doesn't put a foot wrong in the meticulous rendering of the great peaks and faces of the Mont Blanc range. Mountaineering afficionados will feast on this book. But the deep \"mystery of personality\" (Flannery O'Connor) that is at the heart of the story will undoubtedly appeal also to a wider readership."}, {"userName": "Yvonne", "userReviewDate": "Aug 01, 2013", "userURL": "http://www.goodreads.com/user/show/216245-yvonne", "userReview": "If you can ignore the rampant misogyny, this is a fair read. There are some seriously clunky sentences but some great ones too. The climbing passages are by far the highlights. It's when he tries to write about Rand's wen that Salter runs into trouble. Worth reading from a craft perspective."}, {"userName": "Kevin", "userReviewDate": "Dec 21, 2014", "userURL": "http://www.goodreads.com/user/show/417915-kevin", "userReview": "I am a collector of mountaineering nonfiction and am writing several nonfiction narrative essays about search and rescue missions.  I originally began reading this novel as a model for approaching mountaineering exposition and imagery.  There were several passages that I found helpful in this regard.  For example, I enjoyed Salter's characterization in this passage, \"a breed of aimless wanderers...working as mason's helpers, carpenters, parking cars. They somehow keep a certain dignity, they are surprisingly unashamed. It's one thing to know their faces will become lined, their plain talk stupid, that they will be crushed in the end by those who stayed in school, bought land, practiced law. Still they have an infuriating power, that of condemned men.\"My favorite passage in the whole book is Salter's description of the Alps, \"The Alps are new mountains, forced up from the crust of the earth, folded and refolded in comparatively recent times, four or five epochs ago. Mont Blanc itself is older. It is a block mountain , formed by a vast cleaving before even the time of the dinosaurs and drowned in seas that covered Europe after they disappeared. This ancient granite rose again when the Alps were born, higher than all that surrounded and clung to it, the highest point in Europe. Adjoining is an army of pyramids and pinnacles, the aiguilles, which have drawn climbers\u2014 the English to begin with and then others\u2014 for more than a hundred years. At first sight they seem to be numberless. They lie in ranks and rough arcs to the south and east, some of the largest, like the Grandes Jorasses, almost hidden by those that were closer. The north faces are the coldest and usually the most difficult. They receive less sun, sometimes only an hour or two a day, and are often covered in snow throughout the year. The winters are cold, the summers brief and often cloudy. The people are mountain people, hard and self-reliant\u2014 for years the Chamonix guides accepted in their ranks only those born in the valley. At the same time new roads opened the town to the world. In July and August huge crowds arrive. The restaurants, hotels, even the mountains themselves are filled. In September, as if by decree, everyone vanishes and there remains nothing but the blue letters that spell CARLTON shining mournfully at night above empty streets.\""}, {"userName": "Lee Razer", "userReviewDate": "Apr 14, 2013", "userURL": "http://www.goodreads.com/user/show/1696262-lee-razer", "userReview": "Another Salter novel featuring a young American man in France, traveling and hardly bothering with a means of income. In this case our hero, Rand, is traveling upwards, ascending the most difficult mountain faces of the French Alps. He has no money, or hardly any, beyond what comes from the odd illegal job or the women with whom he's sleeping. Possessions could not matter less to him; what he desires, mainly, is the climb. In the morning he woke among peaks incredibly white against the muted sky. There is something greater than the life of the cities, greater than money and possessions; there is a manhood that can never be taken away. For this, one gives everything.Comfort, he remarks elsewhere, kills.For the climb, Rand will sacrifice all else. Certainly interpersonal relationships are well back in his concern. Not that he does not recognize and feel the camaraderie of the mountain climbing fraternity, at least those whose skills he respects - a small group that includes Cabot, his closest friend/competitor, but which does not seem to include most of the guides and climbers who come to Chamonix, the small French town at the base of the mountains. And he finds fame when he leads a difficult ascent in poor weather to rescue two climbers, taking a route up that was dismissed as too risky by the professional guides and official rescuers. But did he do that for selfless, or self-centered grandiose, reasons? Well, perhaps both.While Rand comes off as heroic when he's conquering mountains, his relationships with women are anything but. The reader first sees this when Rand abruptly leaves his girlfriend in America to move to France. Salter slips in a little detail here that is telling: He left behind some cardboard boxes filled with shoes, fishing equipment, and a handful of letters from an old girlfriend, born in Kauai, who had cut his palm one night and, to seal their love, raised it to her mouth and drunk the welt of blood. Fall in love with Rand but don't expect much, it would appear.In France he has relationships with a number of women, most importantly Catherin. She becomes pregnant, news which Rand reacts to with cold distaste. \"I don't want to be tied down\", he tells her. She promises him he can always do whatever he likes, but he is not placated. [S]he would forget what she was saying now, her instincts as a woman would come out. That was what always happened.The relationship ends.The novel takes a sharp turn when Rand, on a dangerous solo climb, turns back before the summit and retreats, defeated. His confidence, his belief in his ability to cling to the side of the smoothest, most difficult piece of rock, is shattered. Without that, he is no good as a climber. And having thrown everything else aside, what is left to him? Salter's prose, again, is terrifically good. Sharp and hard. A favorite passage is his description of English climbers:There is a strain of English whose faces are somehow crude as if they were not worth finishing or touching with color. It was these sullen faces that filled the room\u2026 British climbing had changed since the war. Once the province of university men, it had been invaded by the working class who cut their teeth on the rock of Scotland and Wales and then traveled everywhere, suspicious and unfriendly. They came from the blackened cities of England - Manchester, Leeds. To the mountains they brought the same qualities - toughness and cynicism - that let them survive in the slums. They had no credo, no code. They had bad teeth, bad manners, and one ambition: to conquer."}, {"userName": "Ryan", "userReviewDate": "Feb 21, 2013", "userURL": "http://www.goodreads.com/user/show/4451679-ryan", "userReview": "I read about Salter's life after finishing this book and was surprised to find nothing about climbing, because he descriptions of the emotions and drives involved seem more accurate than any author or journalist I've read so far. Id compare this to Hemingway's treatment of fishing & bullfighting. His style, and all the existential activity in Paris make comparison with Henry Miller unavoidable, but, where Miller fully enters the mode of the narcissistic urban dirtbag, Salter's character merely dips his toe in between epic personal campaigns in the alps. Women are essential elements in this story, but they do not deviate from mother/lover/anchor-to-the world role. The only thing that makes me think the story is not misogynistic is that that it seems like a reasonable account of how things play out with those roles. No part of the story is a description of an ideal scenario, except getting to the top of big rocks. That said, the treatment of women gets a little nauseating to my modern inner-ear.For someone who has climbed seriously, it hits a spot in the mind like a gong, to the point that I find it hard to evaluate from a literary point of view. Its a relief after all these years to find someone who can write well about it."}, {"userName": "Dan Fuchs", "userReviewDate": "Jul 17, 2013", "userURL": "http://www.goodreads.com/user/show/11691415-dan-fuchs", "userReview": "To produce a mighty book, you must choose a mighty theme. No great and enduring volume can ever be written on the flea, though many there be who have tried it.                              -- Herman MelvilleJames Salter's great accomplishment in Solo Faces is that he matches, and sometimes exceeds, the magnitude of his enormous subject matter, through vivid characterizations.While reading a novel about mountain climbing, I expected I would highlight excerpts about the act of scaling an ascent.  And yes, Salter is a good writer, and those passages are harrowing, solidifying in my mind the resolution that I will never, EVER be a mountain climber.  But I found myself more struck by descriptions like these:\"She already had a stiffness and hesitation that are part of middle age.  Her attention was entirely on her feet.  Only the humorous, graceful movements of her hands and her kerchief around her head made her seem youthful.\"\"He's a strange guy.  He's like a searchlight.  When he turns your way, he just dazzles you.  Afterward, you're left in darkness, you might as well not be alive.\"I'm not sure how this book would go over with women.  His protagonist, Vernon Rand, has both a voracious sexual appetite and a gnawing misogyny at the core of his interactions with the female characters in the novel.  \"One woman is like another,\" he muses at one point.  \"Two are like another two.  Once you begin there is no end.\"    His interest, or \"trust\" in them, circles back to what is ultimately most important to him -- himself, and that he will somehow live on after his death, in the stories they tell of his accomplishments:  \"For some reason he trusted only women and for each of them he assumed a somewhat different pose.  They were the bearers of his story, scattered throughout the world.\"Solo Faces is one of those books that is so well written, you almost forget you're reading it.  For a writer, reading Salter is like taking a sip of cold water from a wellspring on top of a mountain.  Yes, the mountains in this book are symbolic, just as the white whale is in Melville.  However, this is no more a book about mountains than Moby Dick is a book about whales.  In the end, this is a \"mighty book\" about characters who become real and who make the reader care about them, their choices, accomplishments, challenges and joys."}, {"userName": "Adam Strong", "userReviewDate": "Aug 06, 2014", "userURL": "http://www.goodreads.com/user/show/2808804-adam-strong", "userReview": "Stunning descriptions of natural environments, but as for the psychology of the books characters, and yes, even the narrator, there is little to no insight as to what makes these folks do things like climb mountains. Exciting in places, there is a huge narrative distance between the narrator and the action on  the page.Which is a shame, because there are some gorgeous sentences throughout this novel."}, {"userName": "Gina Connolly", "userReviewDate": "Oct 29, 2013", "userURL": "http://www.goodreads.com/user/show/18883876-gina-connolly", "userReview": "I finally read this book because my brother kept on at me.    Although beautifully written and quickly absorbing, I found the first half difficult to get to grips with.   Rand seemed not much more than an outsider and a womaniser.   There were some impressive descriptions of mountain climbing and of male bonding but I couldn't see the point, was I missing something, was this a book for men?   The blurb said the book was 'about the way men test themselves' which didn't really grab me.    The second half tracked Rand and his friend Cabot through their post mountaineering period, still young men, but no longer in the flush of their passion for the mountains and there is a shocking scene between the two of them.   By the end Rand was even more of an outsider still searching for meaning and trying to inch forwards.   I ended up finding the book moving and full of humanity."}, {"userName": "Kalen", "userReviewDate": "Jul 13, 2013", "userURL": "http://www.goodreads.com/user/show/1736960-kalen", "userReview": "Salter is everywhere lately (he's got a new book--the first in years) and somehow I've never read him. Solo Faces was a good starting point, and it certainly won't be my last Salter. His writing and storytelling are beautiful. What's unusual about this book is that the stories are told from several characters' perspectives and that perspective switches sometimes even mid-chapter. It took a bit of going back to figure out what had changed and while this didn't really get in the way, it definitely could have, which is a credit to Salter's skill (and perhaps his editor's, too.) Rand wasn't the most likeable character ever, but he felt like people I have known--he was real and full of flaws, just like all of us. He carried a lot of pain and probably did the best he could in light of all of that pain. Looking forward to reading more of Salter's fiction."}, {"userName": "Laura", "userReviewDate": "Jan 21, 2010", "userURL": "http://www.goodreads.com/user/show/297271-laura", "userReview": "review from slate.comIt tells the story of an American climber, Vernon Rand, who makes a name for himself among the great peaks surrounding Chamonix, France. In a passage near the beginning, when Rand is still in California and getting ready to launch himself toward Europe, Salter captures the gulf between those who have chosen the outdoor life and those who probably never will:Related on the Web   A breed of aimless wanderers can be found in California, working as mason's helpers, carpenters, parking cars. They somehow keep a certain dignity, they are surprisingly unashamed. It's one thing to know their faces will become lined, their plain talk stupid, that they will be crushed in the end by those who stayed in school, bought land, practiced law. Still they have an infuriating power, that of condemned men."}, {"userName": "Kayla", "userReviewDate": "Aug 08, 2014", "userURL": "http://www.goodreads.com/user/show/787524-kayla", "userReview": "As a former climber, the climbing scenes rang eerily true....the fear, the narcissism, and the lure of living outside the boundaries.  The main character was detached from everything except noteworthy climbs and one of his climbing partners.  In the end, this was not enough to sustain him or the reader.  A very haunting read."}, {"userName": "Leah Blair", "userReviewDate": "Oct 08, 2014", "userURL": "http://www.goodreads.com/user/show/25128666-leah-blair", "userReview": "Written beautifully but ultimately pretty boring. Characterization was weak IMO, I never really got a handle on the main character. It wasn't bad by any means, but I doubt I'll ever think about it again, which gives you a pretty good indication of how I felt about it."}, {"userName": "dead letter office", "userReviewDate": "Oct 17, 2008", "userURL": "http://www.goodreads.com/user/show/1027339-dead-letter-office", "userReview": "i love salter. the climbing parts of this book are beautiful, but the romance parts read like equal parts hemingway and harlequin. this isn't his best book ( The Hunters is), but i'd read anything by this guy. there's a little ayn rand in his depiction of the hero at his heights (probably no accident his name is Rand) but he's ten times the writer she is, and he has a very different moral agenda.by the way, the \"official\" blurb attached to this book by Goodreads was written by someone who either didn't read the book or doesn't speak the language. \"Gary the roofer of churches\" who Salter allegedly \"captures the adventures of\" never appears after page six or so, for starters."}, {"userName": "Guillermo", "userReviewDate": "Jul 21, 2014", "userURL": "http://www.goodreads.com/user/show/8893292-guillermo", "userReview": "Parece que los escaladores no est\u00e1n muy bien del bocho, en particular los que andan solos. Y este libro trata de eso, en el estilo de James Salter que a algunos nos gusta mucho."}, {"userName": "Dusty!", "userReviewDate": "Nov 23, 2014", "userURL": "http://www.goodreads.com/user/show/555481-dusty", "userReview": "What he had done, what he would do, he did not want explained. Something was lost that way. The things that were of greatest value, that he had paid so much for were his alone."}, {"userName": "George Rowell", "userReviewDate": "Jul 13, 2014", "userURL": "http://www.goodreads.com/user/show/21081893-george-rowell", "userReview": "One of my new favorites.  Reminded me of \"The Sun Also Rises\" with its terse prose and character description.  Very highly recommended."}, {"userName": "Marshall", "userReviewDate": "Oct 26, 2014", "userURL": "http://www.goodreads.com/user/show/6672063-marshall", "userReview": "They don't make them like this anymore! Literature at its finest."}], "description": "This novel exposes the obsession that draws climbers away from civilization to test themselves against the most intimidating and inaccessible mountains in the world. James Salter captures the adventure of Gary, a roofer of churches, who feels restrained by conventions and flat ground. Unable to find happiness in his life, he travels to southern France to climb to the summits of the Alps. He finds peace and happiness within himself soon after. But when fellow climbers are trapped on the mountain, he makes a daring one-man rescue during a storm that brings him the notice he has always shunned. But the glory quickly dissapates and he returns to the anonymity he prefers, having thoroughly satisfied himself.", "title": "Solo Faces", "url": "http://www.goodreads.com/book/show/320069.Solo_Faces", "average": 3.97, "cover": "http://d.gr-assets.com/books/1379150871l/320069.jpg", "reviews": 82, "authors": [{"url": "http://www.goodreads.com/author/show/11298.James_Salter", "name": "James Salter"}], "outlinks": ["http://www.goodreads.com/book/show/22822367-l-homme-des-hautes-solitudes", "http://www.goodreads.com/book/show/22822367-l-homme-des-hautes-solitudes", "http://www.goodreads.com/book/show/6738781-beyond-the-mountain", "http://www.goodreads.com/book/show/88295.Emperor_of_the_Air", "http://www.goodreads.com/book/show/544564.Kiss_or_Kill", "http://www.goodreads.com/book/show/157996.Flight_to_Arras", "http://www.goodreads.com/book/show/813350.This_Proud_Heart", "http://www.goodreads.com/book/show/46090.The_White_Rhino_Hotel", "http://www.goodreads.com/book/show/572242.Through_the_Brazilian_Wilderness", "http://www.goodreads.com/book/show/385018.The_Living_End", "http://www.goodreads.com/book/show/17329076-letter-from-an-unknown-woman-and-other-stories", "http://www.goodreads.com/book/show/95302.Girl_20", "http://www.goodreads.com/book/show/243698.A_Good_Clean_Fight", "http://www.goodreads.com/book/show/274159.The_Ice_at_the_Bottom_of_the_World", "http://www.goodreads.com/book/show/1121924.Brazilian_Adventure", "http://www.goodreads.com/book/show/587678.The_Cannibal", "http://www.goodreads.com/book/show/1584212.Into_the_Land_of_Bones", "http://www.goodreads.com/book/show/141162.Minus_148_Degrees", "http://www.goodreads.com/book/show/742665.Shadow_Dancer", "http://www.goodreads.com/book/show/162611.The_Lime_Works", "http://www.goodreads.com/book/show/114511.A_Sport_and_a_Pastime", "http://www.goodreads.com/book/show/13330444-all-that-is", "http://www.goodreads.com/book/show/174622.Light_Years", "http://www.goodreads.com/book/show/18757.Last_Night", "http://www.goodreads.com/book/show/174626.Dusk_and_Other_Stories"]}