{"ratings": 150, "userreviews": [{"userName": "Meg", "userReviewDate": "Nov 22, 2012", "userURL": "http://www.goodreads.com/user/show/2783328-meg", "userReview": "I was excited to check out this book but it fell short of my expectations.  It includes a lot of facts, and I appreciated that it set the historical record straight, but kids are not super interested in 1614 and 1621 and lots of specific names of English traders and Native tribes. The writing is very dry and doesn't bring the story of Squanto ALIVE - which is strange, since the story of Squanto is quite dramatic and intense. For example, Squanto and his friends are invited onto the English ship for a feast, but this turns out to be a trick and the ship sails away with them on board. In this book, this very vivid episode was buried at the bottom of a page and told in about two matter-of-fact sentences, where it could have taken up at least 2-3 pages on its own if told in an exciting manner.I guess this criticism is not totally fair since my child is only 3, much younger than the target age for this book, but she often enjoys books aimed for older children. In general, I'd say if you have older kids (I would say 8 and up) and want a factual account of Squanto's life to add balance to the history books, this would be a good one. But as a story, there's definitely something lacking.The illustrations are gorgeous!"}, {"userName": "(NS) Panagiota Angelos", "userReviewDate": "Nov 04, 2009", "userURL": "http://www.goodreads.com/user/show/2750256-ns-panagiota-angelos", "userReview": "\"Most American children know the story of the Pilgrims and the first Thanksgiving, but the Native American side of the tale is far less familiar. Joseph Bruchac, a prolific and award-winning author of Native American descent (The First Strawberries, A Boy Called Slow) describes life in 1620 for a man who was destined to save the Pilgrims even as he was losing his family and tribe. Told from Squanto's point of view, this historically accurate and detailed story brings to life one of the most important moments in America's past. Demonstrating how much his people (the Patuxet, the People of the Falls) value honor, Squanto befriends English traders, even after being kidnapped and taken to Spain. After much hard work, Squanto manages to sail back to his homeland, where, in spite of his discovery that many of his people have died from disease brought by white people, he acts as envoy between the English and his own people, and helps the pilgrims survive in their new world.\" (Goodreads Review)"}, {"userName": "Nancy", "userReviewDate": "Feb 26, 2011", "userURL": "http://www.goodreads.com/user/show/4300577-nancy", "userReview": "Published: 2000, Silver WhistleAge: 7-10This is the story of the first Thanksgiving from the Native Indians perspective. What younger students may not know is that an English captain, Thomas Hunt abducted Squanto and some of his tribesmen and took them to Spain to be slaves. Spanish friars helped Squanto escape to England where he learned some English. He longed for his native land and eventually his friend, Thomas Dermer, took him back to his homeland, America. He found that most of his people, the People of the Falls, or the Patuxet, had died from diseases brought by the English traders. Squanto continued to work for peace and it was he who helped the Pilgrims survive. An endnote by Bruchac explains his research into the true facts of the first Thanksgiving and the myths (such as hats with buckles on them.) The pictures fill one side of the page and the text is on the facing page. The detailed gouache illustrations are in beautiful earth tones and show authentic clothing and landscape. This book is filled with information. It shows a full double page picture of a Thanksgiving dinner-I didn\u2019t see a turkey, but it was not mentioned in the text what exactly they ate other than corn, beans, and squash. There is also a glossary of words from the story with definitions and explanations."}, {"userName": "Ryan Rainey", "userReviewDate": "Apr 08, 2012", "userURL": "http://www.goodreads.com/user/show/7512095-ryan-rainey", "userReview": "The book \"Squanto's Journey\" by Joseph Bruchac was a very good book. This book was about a native american named Squanto who was a member of an indian tribe. The Land of the Indian tribe was beginning to be covered with white men. The white men stole Squanto. Squanto was able to get free and come back to his land with the help of a white man that he knew. Squanto found out that most of the people that were from his land were killed by disease including his family. Squanto continued to help the white men. he showed them how to farm, hunt, and survive off of his land. This projecte between Squanto and white men lead to the first Thanksgiving. This book was written very good. It follows the literary elements that were set in chapter two. There are many settings in this story. There is one main setting which is the homeland of Squanto.This story takes place right around the 1500 and 1600's. The plot of the story starts out with the introduction which is Squanto introducing himself and his home land. Then the rising action is squanto being stolen, the disease killing his family, and the attacks on the native americans from the white men. Then the climax is when Squanto finds his friend Dermer who is a white man. The falling action is when Squanto shows the white men how to farm, hunt, and survive off the land. The conclusion is the first Thanksgiving. The main character of the story is Squanto. The theme of this story is regardless of your race we can all get along like in this book with squanto and the white men. The writer does begin the setting through authentic detail that are not overwhelming. A huge issue durring the 1600's was the conflict between the native americans and the white men. The characters do behave in ways that are believable for the time period because a lot of white men and native americans did fight which even lead to killing. The conflicts are plaudible for the time period as I stated above due to the past conflicts over land between white men and native americans. Eventhough the story is set in the past the theme is still relevent for todays time period because there are still conflicts over race and ethnicity much like with the indians and white men. I thought this book was very good. I really like reading it. I became very deeply engrossed in the book because it was so interesting. One thing that stuck me when reading this book was with how true this story was. I can see the stuff in this book actually happening back in the 1600's. I could relate this story to my life because I have trouble learning things from others due to the fact that I like to do everything on my own. It is always helpful learning something from others thought much like how Squanto taught the white men how to live of the land. I could uses this story in my classroom to help teach the studetns the history behind Thanksgiving."}, {"userName": "Jaclyn Giordano", "userReviewDate": "Mar 01, 2010", "userURL": "http://www.goodreads.com/user/show/3151525-jaclyn-giordano", "userReview": "Squanto\u2019s Journey: The Story of the First Thanksgiving by Joseph Bruchac is a picture book intended for readers in grades two through five.  I gave it four stars.  \u201cMy story is both strange and true.\u201d  Squanto, a Native American, truly made the bridge of peace between the Native Americans and the white Englishmen who arrived on the Mayflower.  Squanto\u2019s journey led him many places, both to Spain in the chains of the white man to England as a friend of the white man.  He was the peaceful communicator who led the Native Americans to befriend the white man at Plymouth, stating \u201cPerhaps these men can share our land as friends.\u201d  It was he and his companions that taught the white man the way of the land and Earth, leading to the very first Thanksgiving.  The illustrations in this text are true to the Native American and Plymouth culture and are very harvest-like colors, with many Earth tones of browns, greens, grays, and creams.  The illustrations are gently drawn, almost demanding a peaceful and calm demeanor like that of Squanto\u2019s.  The author\u2019s note explains his research and respect for authenticity in writing Squanto\u2019s tale and the glossary defines Native American terms to help the reader.  The theme of trust, friendship, overcoming hardship, and peace will speak to all readers, as they learn about how the \u201cmighty\u201d America got its humble beginnings with the help and teachings of the Native Americans."}, {"userName": "Mistiemae1 Downs", "userReviewDate": "Nov 11, 2011", "userURL": "http://www.goodreads.com/user/show/3421271-mistiemae1-downs", "userReview": "Squanto's Journey: The Story of the First Thanksgiving is more a biography of Tisquantum (Squanto) than it is a story of the first Thanksgiving, but it is nonetheless moving and important in its endeavour to gently correct many of the extremely common misconceptions surrounding this holiday.The story itself was captivating but a bit lengthy for the younger members in our family (the age recommendation on the back of the book is 6-9).  My almost 8-year-olds were rapt.  They did find the various dates cites throughout the story a bit confusing, but a timeline of our own creation helped to put things in perspective for them.  The illustrations are earthy and luminous and captivated the attention of all the children.  There were actual \"oohs\" and \"ahs\" over some of the pages, particularly near the end. Overall, if you are interested in presenting the Native American perspective on Thanksgiving to your children, this book should be on your list. A rarity, even with its imperfections."}, {"userName": "Teri", "userReviewDate": "Nov 01, 2010", "userURL": "http://www.goodreads.com/user/show/4275885-teri", "userReview": "This book describes life in 1620 for a man who was destined to save the Pilgrims even as he was losing his family and tribe. Told from Squanto's point of view, this historically accurate and detailed story brings to life one of the most important moments in America's past.  Demonstrating how much his people value honor, Squanto befriends English traders, even after being kidnapped and taken to Spain. After much hard work, Squanto manages to sail back to his homeland, where, in spite of his discovery that many of his people have died from disease brought by white people, he acts as envoy between the English and his own people, and helps the pilgrims survive in their new world.Age/Grade: 7+Instructional Ideas:The First Thanksgiving is rarely told from a Native Americans point of view and serves as a good tool to enlighten students to the plight of the Native Americans."}, {"userName": "Tanya W", "userReviewDate": "Nov 22, 2010", "userURL": "http://www.goodreads.com/user/show/1190762-tanya-w", "userReview": "Poignant book telling about the background of English and Native American relations before the 1621 harvest celebration (now referred to as the first Thanksgiving).  Hearing about Squanto's kidnapping and subsequent role in fostering good relations with those who landed at Plymouth rock was a sad but inspiring tale.  How sad what he suffered... but what an important mission he had to fulfill in the Great Creator's plan.  We loved this book.  May be too long for young children... just right for my 6 and 8 year old.  Good springboard for a discussion about the ongoing consequences of not treating others nicely (in the case of early settlers on this continent as well as some Native American tribes, the result was offensive behavior or pre-emtive strikes, which in many cases was justified by terrible behavior which totally broke down trust)."}, {"userName": "Lisa", "userReviewDate": "Mar 18, 2014", "userURL": "http://www.goodreads.com/user/show/26199268-lisa", "userReview": "This would be a great book to either read when the children are learning about the Native Americans or around Thanksgiving time because Squanto was one of the Native Americans who celebrated Thanksgiving with the pilgrims.  Students could learn a lot of new information including the many types of tribes that were throughout Northern America."}, {"userName": "Heather", "userReviewDate": "Jun 16, 2008", "userURL": "http://www.goodreads.com/user/show/1212796-heather", "userReview": "We enjoyed this book.  The illustrations are magnificent.  We loved looking through it.  The text is a bit long so we read it over several days.  I wish there had been a pronounciation guide because I wasn't sure how to say some of the Indian words or names.The author is a Native American so I'm hoping the information he presented is accurate.  I've read a few other Squanto books and this seemed to mesh with what I've read.  It's a bittersweet book.  Many sad things happen in his life.  But he overcomes them and finds a purpose in helping others.  My kids looked sad about his life, but weren't upset.  They didn't cry or worry about it (they have been known to break down crying if it's too sad).  Well worth reading.  We'll use it again when we study American history."}, {"userName": "Rebecca Reid", "userReviewDate": "Nov 19, 2012", "userURL": "http://www.goodreads.com/user/show/1281643-rebecca-reid", "userReview": "We learned more about Squanto by reading Joseph Bruchac\u2019s masterpiece Squanto\u2019s Journey (Harcourt Children\u2019s Books, 2000). Illustrated by Greg Shed, this gorgeously illustrated book tells the story of Thanksgiving from the perspective of a young man who had grown up in the area that became Plymouth Bay. Squanto was kidnapped and taken to Europe as a young man, and this is his story. Because Bruchac has native heritage, he addressed a needed aspect of the first Thanksgiving, the displaced natives that once lived on the coast of Massachusetts. Squanto\u2019s Journey is my favorite version of the first Thanksgiving and the pilgrims because somehow I feel it is most accurate. We read a lot of different picture books, however, to get a full, well rounded picture."}, {"userName": "Bernadette", "userReviewDate": "Aug 25, 2009", "userURL": "http://www.goodreads.com/user/show/1837176-bernadette", "userReview": "Beautiful! The story and especially the illustrations! The illustrator does a great job in showing differences in facial features, as well as the beauty of the natural world. I loved that when Squanto ended up in Spain he was helped by monks and he simply refers to them as people who serve the Creator. The native belief that all people deserve respect is shown here as well as at the end when they give thanks for all people. Squanto wishes only to live in peace with other people and with the natural world. He was eager to share his wisdom with the new settlers. I really learned a lot from this book, like the fact that natives were brought back to Europe and sold as slaves."}, {"userName": "Rosella Mulone", "userReviewDate": "Nov 30, 2014", "userURL": "http://www.goodreads.com/user/show/35176137-rosella-mulone", "userReview": "Beautifully illustrated and depicts the first thanksgiving based on the viewpoint of an American Indian. His journey is a testemant to the human spirit"}, {"userName": "Lisa Overberg", "userReviewDate": "Oct 12, 2013", "userURL": "http://www.goodreads.com/user/show/23470421-lisa-overberg", "userReview": "Written by a Native American author, telling the story of the first Thanksgiving from the Native American perspective. It begins Squanto's kidnapping to Spain where he was forced into slavery, through to his escape, learning English and travelling back to North America to eventually help the Pilgrims as they established their new colony. By remembering his tribe's honor he helps the pilgrims even as they take his land and destroy his people. Full of historical facts, that can make reading it a little stilted at times, but still a good story that teaches history from another viewpoint.Grades: 3-5Grade level: 3.3Lexile: 560LGuided Reading: P"}, {"userName": "LeAnn Forystek", "userReviewDate": "Feb 18, 2014", "userURL": "http://www.goodreads.com/user/show/27779078-leann-forystek", "userReview": "I loved hearing the Thanksgiving story from a Native Amrrican's view. The stories of the Indian tribes are always enchanting."}, {"userName": "Lauren", "userReviewDate": "Dec 05, 2011", "userURL": "http://www.goodreads.com/user/show/6356019-lauren", "userReview": "This book was an acurate portrayl of what the first thansgiving was actually like. It talked about the harships that Squanto had to deal with. It was also honest about the diseases that the Engish brought to the new word. It told the true story without being gorey and gross.  I think that this book would be a good way to introduce the real story of Thanksgiving. It would also be a good book to compare to others about Thanksgiving. It would lead to many wonderful discussions and grand conversations. This would be a good book to use for a book talk. The book was well written and included many important historical details."}, {"userName": "Brittaney", "userReviewDate": "Dec 05, 2012", "userURL": "http://www.goodreads.com/user/show/12767848-brittaney", "userReview": "Squanto's Journey tells of a side of the story that we do not often hear.  John Smith, is not as good of a guy as Pocahontas makes him seem.  In this story we hear of Squanto being sold into slavery in Spain.  While there he makes a relationship with some monks who help him start to make his journey home.  Squanto then strives to make peace between the white men and natives.  Squanto's Journey tells of his journey to find peace with the people that took him away from his home and family.  A great story for children and adults to learn about."}, {"userName": "528_Mary F.", "userReviewDate": "Nov 14, 2011", "userURL": "http://www.goodreads.com/user/show/4800148-528-mary-f", "userReview": "In this book by Joseph Bruchac and Greg Shed, Squanto helped the first New England colony survive.  This book portrays native Americans positively and is detail rich.  For example, accuracy exists in showing the food the Pilgrims ate to the clothes they wore.  It is definitely a springboard for further reading.Lexile:560Categories:SquantoWampanoag IndiansThanksgivingNative AmericansPilgrimsAuthor website:http://josephbruchac.com/"}, {"userName": "Katherine Fountain", "userReviewDate": "Apr 10, 2012", "userURL": "http://www.goodreads.com/user/show/7390873-katherine-fountain", "userReview": "Squanto's Journey tells the story of thanksgiving from a Native American perspective which is not always common in American history books. I really liked how this story was not so skewed and showed the hardship and strong loyalty that the Native Americans had. While it does talk about the famous dinner, the book also tells about how the native Americans were treated unfairly. This book would be great to introduce a history lesson."}, {"userName": "Carly", "userReviewDate": "Dec 03, 2007", "userURL": "http://www.goodreads.com/user/show/427045-carly", "userReview": "This is a great book about the origin of the first Thanksgiving told from Squanto's perspective. I really enjoyed the story. It is full of facts and historical information and pretty text heavy which is why it is more appropriate for the older students. It has beautiful illustrations which students will like and it would be a good book to read when talking about different points of view or learning about the origin of Thanksgiving."}, {"userName": "Kathy Roderer", "userReviewDate": "Oct 26, 2009", "userURL": "http://www.goodreads.com/user/show/2756404-kathy-roderer", "userReview": "This is a beautiful picture book written by an author of Native American descent telling the story of the first Thanksgiving from the Native American point of view.  Written in the first person, Squanto tells of his difficult experiences with the Englishmen.  An author\u2019s note and a short glossary of terms are included in the back.  This would be a useful read aloud to illustrate the concept of \u201cpoint of view.\u201d"}, {"userName": "Kasmarine", "userReviewDate": "Apr 22, 2012", "userURL": "http://www.goodreads.com/user/show/7390872-kasmarine", "userReview": "Squanto is retelling how he and other Pniese were captured by the British in 1614.  Squanto's journey is a story of friendship, kindness, courage, and sharing.  Although Squanto was captured and treated badly, he repaid all these with kindness and even helping the British to live peacefully with the Native American.  Squanto's journey also give its audiences a glimpse to the history of Thanksgiving."}, {"userName": "Rachel Cavender", "userReviewDate": "Dec 04, 2014", "userURL": "http://www.goodreads.com/user/show/34712075-rachel-cavender", "userReview": "This follows a Native American Squanto and his life as the Americans moved into his land. This would be good for 4-8 grade also."}, {"userName": "Carlee", "userReviewDate": "Apr 01, 2013", "userURL": "http://www.goodreads.com/user/show/5938348-carlee", "userReview": "In this book, Squanto helped the first New England colony survive. This book portrays native Americans positively and is detail rich. For example, accuracy exists in showing the food the Pilgrims ate to the clothes they wore. It is definitely a springboard for further reading. Pretty pictures, but not terribly interesting for students."}, {"userName": "Julia", "userReviewDate": "Sep 06, 2011", "userURL": "http://www.goodreads.com/user/show/3664294-julia", "userReview": "I liked it, but my kindergarteners found it a little hard to sit through.  It's written from Squanto's POV and is filled with a lot of imagery that I think younger kids might have difficulty relating to.  High recommend it for older kids- nice to have a different take on the Thanksgiving story.  I'd imagine grades 2 and up could do it nicely."}, {"userName": "Melinda", "userReviewDate": "Dec 26, 2013", "userURL": "http://www.goodreads.com/user/show/5683279-melinda", "userReview": "How many of us know the Native American side of the Thanksgiving story? This book, told from the perspective of Squanto, is a tale of courage, perseverance and acceptance, and an important and moving read. Explore it with your kids (2nd grade and up)."}, {"userName": "Jessica Benson", "userReviewDate": "Apr 14, 2013", "userURL": "http://www.goodreads.com/user/show/7357255-jessica-benson", "userReview": "This is a beautiful picture book written by an author of Native American descent telling the story of the first Thanksgiving from the Native American point of view. Written in the first person, Squanto tells of his difficult experiences with the Englishmen. An author\u2019s note and a short glossary of terms are included in the back."}, {"userName": "Danielle", "userReviewDate": "Nov 19, 2013", "userURL": "http://www.goodreads.com/user/show/2004478-danielle", "userReview": "My only complaint about this book is that I wish the reading level was just a bit lower so that my upper elementary students could understand it more easily. As it is, I read it, but also need to provide an explanation/summary after each page or two."}, {"userName": "Jaime", "userReviewDate": "Nov 23, 2009", "userURL": "http://www.goodreads.com/user/show/1271115-jaime", "userReview": "A very beautiful book, read to a class of 4th graders by our school librarian...unfortunately, the kids were utterly bored. Part of this may be due to the librarian's somewhat dull delivery, but the book is also a bit wordy for the age group."}, {"userName": "Anna", "userReviewDate": "Apr 01, 2013", "userURL": "http://www.goodreads.com/user/show/7408452-anna", "userReview": "Wasn't extremely interesting for students, but has information that can be pulled out for comprehension. Images are water colors, but dull for 1st grade. I think this would be good for 3rd grade."}], "description": "In 1620 an English ship called the Mayflower landed on the shores inhabited by the Pokanoket people, and it was Squanto who welcomed the newcomers and taught them how to survive in the rugged land they called Plymouth. He showed them how to plant corn, beans, and squash, and how to hunt and fish. And when a good harvest was gathered in the fall, the two peoples feasted together in the spirit of peace and brotherhood.\tAlmost four hundred years later, the tradition continues. . . .", "title": "Squanto's Journey: The Story of the First Thanksgiving", "url": "http://www.goodreads.com/book/show/1206364.Squanto_s_Journey", "average": 3.84, "cover": "http://d.gr-assets.com/books/1348803470l/1206364.jpg", "reviews": 40, "authors": [{"url": "http://www.goodreads.com/author/show/15337.Joseph_Bruchac", "name": "Joseph Bruchac"}, {"url": "http://www.goodreads.com/author/show/966241.Greg_Shed", "name": "Greg Shed"}], "outlinks": ["http://www.goodreads.com/book/show/962499.1621", "http://www.goodreads.com/book/show/203179.It_s_Thanksgiving", "http://www.goodreads.com/book/show/537036.Thank_You_Sarah", "http://www.goodreads.com/book/show/652180.Going_Home", "http://www.goodreads.com/book/show/4821.If_You_Sailed_On_The_Mayflower", "http://www.goodreads.com/book/show/1043474.Thanksgiving_Is_for_Giving_Thanks", "http://www.goodreads.com/book/show/1080455.Squanto_and_the_Miracle_of_Thanksgiving", "http://www.goodreads.com/book/show/343804.Thanks_for_Thanksgiving", "http://www.goodreads.com/book/show/1357471.The_Thanksgiving_Story", "http://www.goodreads.com/book/show/1688185.One_Little_Two_Little_Three_Little_Pilgrims", "http://www.goodreads.com/book/show/252747.The_Night_Before_Thanksgiving", "http://www.goodreads.com/book/show/580207.My_Diary_from_Here_to_There_Mi_diario_de_aqu_hasta_all_", "http://www.goodreads.com/book/show/1673293.Franklin_s_Thanksgiving", "http://www.goodreads.com/book/show/2061657.Turk_and_Runt", "http://www.goodreads.com/book/show/1004012.Freedom_on_the_Menu", "http://www.goodreads.com/book/show/3875427-over-the-river-and-through-the-wood", "http://www.goodreads.com/book/show/68786.Sam_and_the_Lucky_Money", "http://www.goodreads.com/book/show/818534.Molly_s_Pilgrim", "http://www.goodreads.com/book/show/175395.Code_Talker", "http://www.goodreads.com/book/show/670080.Skeleton_Man", "http://www.goodreads.com/book/show/8873458-dragon-castle", "http://www.goodreads.com/book/show/11345765-wolf-mark", "http://www.goodreads.com/book/show/264775.Sacajawea"]}