{"ratings": 695, "userreviews": [{"userName": "GoldGato", "userReviewDate": "Feb 05, 2012", "userURL": "http://www.goodreads.com/user/show/6401606-goldgato", "userReview": "I must have been a geek. Not sure if I was a Trekker or a Trekkie (could never figure those out), but I must have been a geek. This book of black-and-white illustrative drawings of all things Star Trek was a find back in the day. By then, Star Trek had long been in the rerun stage, but we all thought it was a new show. Geeks.It is funny, however, as I peruse this little gem now to see that the Smartphone, Bluetooth, and Pneumatic Needles represent what was then science fiction. Nowadays, I like to walk around with the Bluetooth in my ear saying, \"Hailing frequencies open, Captain.\" Yup. Geeks.Book Season = Summer"}, {"userName": "Kevinalbee", "userReviewDate": "Aug 20, 2008", "userURL": "http://www.goodreads.com/user/show/1434049-kevinalbee", "userReview": "It is not a story but it lend the science fiction eye to the gagetry of star trek.  Fun to read and examine I remember many arguments in my adolesence about whether the decriptors had any basis in even posiblity.If the purpose of a book is to provide entertainment and provoke thought this book does it well."}, {"userName": "Cindy", "userReviewDate": "Jul 22, 2008", "userURL": "http://www.goodreads.com/user/show/1250042-cindy", "userReview": "Well, I never actually read this book, but to me it was worth mentioning because of its importance in the life of my son.  He discovered Star Trek during his elementary school years, and it would become an obsession.  That and computers and video games defined his geekdom; he is a self-described nerd to this day and proud of it.  This book inspired countless technical diagrams and schematics; he drew space ships, space stations, modules for space ships and space stations.  His art, while imaginative, had the look and detail of engineering schematics\u2014and this book was his inspiration.  We've had several copies of this book, and I have one in my closet signed by Jame Doohan, who played Montgomery Scott or Scotty, the inimitable engineer, who autographed it for me at the Pacific Science Center after the movie \"Generations\" premiered.  My son  told me he expects to inherit this book."}, {"userName": "Craig a.k.a Meatstack", "userReviewDate": "Mar 06, 2011", "userURL": "http://www.goodreads.com/user/show/3625579-craig-a-k-a-meatstack", "userReview": "Found this while going through a box of old books, and laughed out loud. Not something you \"read\" per-say, but a series of drawings and schematics on Star Trek equipment. I remember sitting in my room as a kid and looking at this for ages, thinking that I could build myself a tricorder...after all, the plans where right here!  There are little X's beside the ship roster, an artifact of using the book to create the names of ships for some now-forgotten game. Of asking my mother and grandmother to make a uniform for me, because the pattern was right there in the book.  I'll hand this off to my kids when they get a little older, and hopefully they too will consider the improvements that could be made to the space stations, or put their own little marks beside the ship names that they like."}, {"userName": "Jason Rogers", "userReviewDate": "Jan 11, 2015", "userURL": "http://www.goodreads.com/user/show/16188191-jason-rogers", "userReview": "This book is awesome. Blueprints to all the gadgets, flags, treaties, everything. Such a great little book."}, {"userName": "Darrell", "userReviewDate": "May 12, 2014", "userURL": "http://www.goodreads.com/user/show/28141089-darrell", "userReview": "Fantastic resource for its time, by the incomparable Franz Joseph"}, {"userName": "R.", "userReviewDate": "May 14, 2008", "userURL": "http://www.goodreads.com/user/show/184928-r", "userReview": "I'm not a Trekkie; I don't know why I checked this out of the library (1985ish), other than the schematic drawings of the starship, Enterprise.  And I'd completely forgotten it until a used copy popped up in a local bookshop.  Also, hey: great excuse to post a songlink to one of R.E.M.'s lesser known fanclub-only Christmas singles...I've got some stuff that would tranquilize an active volcano... http://www.youtube.com/watch?v=pqstoT..."}, {"userName": "Daniel Kukwa", "userReviewDate": "May 12, 2012", "userURL": "http://www.goodreads.com/user/show/3885089-daniel-kukwa", "userReview": "The first and most famous SF/Fantasy tech manual ever.  Even though much of its continuity points have been over-written in the span of 40-plus years, this is still a gorgeous & details collection of designs...right now to the uniforms and the furniture on board a Federation starship during Captain Kirk's time.  \"Sumptuous\" is the best word to describe this wonderful work."}, {"userName": "Glenn", "userReviewDate": "May 18, 2009", "userURL": "http://www.goodreads.com/user/show/1715505-glenn", "userReview": "No, this is not great reading. Yes, it is somewhat inaccurate. But for a span of my teenage years, this book and I were inseparable. Those kids in \"Galaxy Quest\" who had the blueprints of the  NSEA Protector committed to memory? That all started with this book, and with the equally invaluable Star Trek Blueprints by the same author."}, {"userName": "Drew", "userReviewDate": "Jun 10, 2013", "userURL": "http://www.goodreads.com/user/show/1752430-drew", "userReview": "I loved this book as a kid.  I poured over ship designs, uniforms and other classic items from the original Star Trek.  You couldn't love the show without loving this book."}, {"userName": "Fredrick Danysh", "userReviewDate": "Jun 08, 2013", "userURL": "http://www.goodreads.com/user/show/5651679-fredrick-danysh", "userReview": "Based on the popular television show and the movies, this book presents of what the USS Enterprise look like to the creators of the Star Trek trend."}, {"userName": "Ian", "userReviewDate": "Sep 23, 2011", "userURL": "http://www.goodreads.com/user/show/5629998-ian", "userReview": "If memory serves I purchased the original when visiting Melbourne on a school holiday trip. Obsessed over this for years. So cool."}, {"userName": "Rick", "userReviewDate": "Nov 02, 2013", "userURL": "http://www.goodreads.com/user/show/7318052-rick", "userReview": "Most of it is very dry but there is some good information hidden away here and there. Some of the schematics almost put me to sleep."}, {"userName": "Curtiss", "userReviewDate": "Aug 13, 2009", "userURL": "http://www.goodreads.com/user/show/1012909-curtiss", "userReview": "A tour de force illustrated guide to the ships, equipment, and uniforms used by Star Fleet personnel."}, {"userName": "thegift", "userReviewDate": "Sep 21, 2010", "userURL": "http://www.goodreads.com/user/show/3403278-thegift", "userReview": "here is a piece of memory. it reminds me of a simpler time. before adolescence and cynicism."}, {"userName": "Michael Baker", "userReviewDate": "Nov 06, 2009", "userURL": "http://www.goodreads.com/user/show/2883272-michael-baker", "userReview": "This is very entertaining, and the depth and detail was fantastic."}, {"userName": "Tag", "userReviewDate": "Apr 23, 2011", "userURL": "http://www.goodreads.com/user/show/4678629-tag", "userReview": "The Star Trek geek manual, I've had mine since the 70's!"}, {"userName": "Dustin", "userReviewDate": "Aug 29, 2013", "userURL": "http://www.goodreads.com/user/show/6263263-dustin", "userReview": "While extremely fanfic-y this is still a fun read."}, {"userName": "Thepaganpuzzler", "userReviewDate": "Feb 17, 2010", "userURL": "http://www.goodreads.com/user/show/3301401-thepaganpuzzler", "userReview": "Actually, it's the first edition, 1975 copy that I own"}, {"userName": "Ross", "userReviewDate": "Mar 01, 2009", "userURL": "http://www.goodreads.com/user/show/1053258-ross", "userReview": "Another must have for fans of the Original Series"}, {"userName": "C.F. II", "userReviewDate": "Dec 18, 2012", "userURL": "http://www.goodreads.com/user/show/6207722-c-f-ii", "userReview": "Read it in 1977, and loved it."}, {"userName": "John", "userReviewDate": "Jun 03, 2010", "userURL": "http://www.goodreads.com/user/show/1939376-john", "userReview": "It Was Very Detailed."}, {"userName": "Dada Vinci", "userReviewDate": "Dec 02, 2010", "userURL": "http://www.goodreads.com/user/show/3870369-dada-vinci", "userReview": "Hahahah"}], "description": "This is the one, the only, the complete Star Fleet Technical Manual with everything you'll ever want to know about day-to-day life on the Enterprise. With architectural designs of the Enterprise, headquarters, detailed drawings of the weapons and equipment, official patterns for men's and women's uniforms, maps of orbit patterns and so much more, all your practical questions will finally be answered.", "title": "Star Trek Star Fleet Technical Manual", "url": "http://www.goodreads.com/book/show/1314223.Star_Trek_Star_Fleet_Technical_Manual", "average": 4.04, "cover": "http://d.gr-assets.com/books/1182696886l/1314223.jpg", "reviews": 23, "authors": [{"url": "http://www.goodreads.com/author/show/2960790.Franz_Joseph", "name": "Franz Joseph"}], "outlinks": ["http://www.goodreads.com/book/show/1314225.Star_Trek", "http://www.goodreads.com/book/show/6545750-star-trek", "http://www.goodreads.com/book/show/1314225.Star_Trek", "http://www.goodreads.com/book/show/1314225.Star_Trek", "http://www.goodreads.com/book/show/1314225.Star_Trek", "http://www.goodreads.com/book/show/146129.Star_Trek_The_Next_Generation", "http://www.goodreads.com/book/show/667247.Star_Trek_Mr_Scott_s_Guide_to_the_Enterprise", "http://www.goodreads.com/book/show/131621.The_Star_Trek_Encyclopedia", "http://www.goodreads.com/book/show/299484.The_Star_Trek", "http://www.goodreads.com/book/show/77759.The_Making_Of_Star_Trek", "http://www.goodreads.com/book/show/811739.Star_Trek_Compendium_Rev_Ed", "http://www.goodreads.com/book/show/66141.Star_Trek_Star_Charts", "http://www.goodreads.com/book/show/217678.The_Klingon_Dictionary", "http://www.goodreads.com/book/show/77102.The_World_of_Star_Trek", "http://www.goodreads.com/book/show/103184.Deep_Space_Nine_Companion", "http://www.goodreads.com/book/show/77011.The_Nitpicker_s_Guide_for_Next_Generation_Trekkers", "http://www.goodreads.com/book/show/76749.Star_Trek_3", "http://www.goodreads.com/book/show/217668.Final_Frontier", "http://www.goodreads.com/book/show/1378285.Where_No_One_Has_Gone_Before", "http://www.goodreads.com/book/show/1078437.Star_Trek_IV", "http://www.goodreads.com/book/show/6707226-star-trek-blueprints", "http://www.goodreads.com/book/show/22432506-star-trek", "http://www.goodreads.com/book/show/22327360-star-trek-star-fleet-technical-manual-tm", "http://www.goodreads.com/book/show/7279431-meine-liebe-gute-freundin", "http://www.goodreads.com/book/show/4380988-jugend-tageb-cher-franz-josephs-1843-1848"]}