{"ratings": 619, "userreviews": [{"userName": "Nicole~", "userReviewDate": "Dec 07, 2014", "userURL": "http://www.goodreads.com/user/show/20071931-nicole", "userReview": "These were light short stories mixed with Japanese and Chinese myth: fundamentals I generally find enjoyable but, in this version, poorly presented in a disconnected flow by prefacing each tale with the origins of the myth, historical background and synopses."}, {"userName": "Lindu Pindu", "userReviewDate": "Feb 10, 2011", "userURL": "http://www.goodreads.com/user/show/1344121-lindu-pindu", "userReview": "If you've seen Mizoguchi's Ugetsu then you know not to expect horror stories from this collection. But hey haven't you seen all those Asian horror flicks?, you'll ask. That's scary stuff! Yes, but the way they scare you is they get under your skin and then grow aliens in your brain. These are a bit more subtle. Symbolic, atmospheric and rooted in tradition, the stories won't give you nightmares if you read them before bedtime, just a twinge that there's a world out there beyond the touchable."}, {"userName": "Darcy Conroy", "userReviewDate": "Apr 21, 2011", "userURL": "http://www.goodreads.com/user/show/3603875-darcy-conroy", "userReview": "I enjoyed Akinari's Tales of Moonlight and Rain - eventually. Unfortunately, the translator's introduction is long and gives the impression that one simply will not possibly be able to understand or enjoy the tales unless one is a scholar of Japanese history and literature - if that's not bad enough, the intro also contains spoilers! This is a great shame because, while of course one will get more out of them if one has read the same texts as the author and has in mind the same history as readers of the day, they are perfectly accessible stories which can be enjoyed for their own sake. If I may be so bold, I'd like to suggest a different order in which to read this book.1)skip the book introduction and the introduction to each tale and go straight to the tales themselves (marked by a dark moon and a large, illustrated first letter) and read them for pure enjoyment, first. The footnotes that the translator supplies relate to notes at the end of each tale (not the notes at the bottom of the pages which are essentially language notes) and they provide plenty of information, if not a little too much, for pure enjoyment. 2)AFTER you have read each tale, read the translator's introduction to each one, they will give you historical notes etc... which will shed a little more light on what you've just read but will also make more sense to you after you've read the tale, and you'll also avoid spoilers. 3)After THAT, if you want to know more about the author and the place of the Tales in Japanese literature, read the introduction and the bibliography and throw yourself into an academic frenzy!If you do enjoy the tales, then look for the works of Lafcadio Hearn :)"}, {"userName": "Aimen", "userReviewDate": "Jul 28, 2014", "userURL": "http://www.goodreads.com/user/show/22523784-aimen", "userReview": "A very creepy set of stories that have a weird cultural insight to them. If you like strange tales that give a sense of Japanese background, then hey, maybe this is for you. I'll add more to this review once I have time, but I would recommend to anyone who likes a creepy tale."}, {"userName": "Taro Shijuukara", "userReviewDate": "Apr 29, 2013", "userURL": "http://www.goodreads.com/user/show/3838350-taro-shijuukara", "userReview": "It might be a 20th (wait, we're in the 21st now aren't we?) century lens looking at these tales, but though they were mighty interesting tales, the climaxes felt too soon, the story too elaborated. I feel like maybe I was just expecting a twist ending to come last minute. Again, 21st century.But they are richly interesting tales, if you are into eastern culture. Very strong references to Chinese literature and history, but really this is pretty much the equivalent of English literature evoking the Greeks.The title (original Japanese being almost identical) really hits on the head the atmosphere of these stories. Maybe it's even best to read it on a moonlit, but lightly rainy evening. If that contradiction even can make sense.Also. Everything is being blamed on foxes (kitsune), but I just want to get this one thing straight: In not a single tale was a single fox, or fox-succubus to blame for a single character's misfortunes or discomforts. Oni yes, kitsune no. The one where the actual Spirit of Money comes out to chat one was downright odd.The first two tales [and a few bits of others] were mixed together to form the absolutely fascinating 1953 movie of the same name (\u96e8\u6708\u7269\u8a9e - Ugetsu Monogatari, or simply Ugestu) by Kenji Mizoguchi, essentially considered by some to be the greatest film Japan every produced. I really enjoyed the film and suggest fans of the book watch the film and visa versa."}, {"userName": "Asma Fedosia", "userReviewDate": "Apr 23, 2012", "userURL": "http://www.goodreads.com/user/show/2338568-asma-fedosia", "userReview": "The introduction makes note that a different translator might arrange the nine stories in a different order. In Chambers's translation, \"Shiramine\"=White Peak comes first, set in autumn 1168 with the character Saigy\u014d a Buddhist monk and Sutoku the ghost of New Retired Emperor. Reading the story, one comes across Buddhist beliefs and Confucian virtues as well as the Chinese zodiac. \"The Chrysanthemum Vow\" involves the friendship between the Confucian scholar Samon and the samurai S\u014demon. Evident is the Confucian love of learning. \"The Reed-Choked House\" adapts two Japanese classics, The Tale of Genji and Essays in Idleness: The Tsurezuregusa of Kenko. Notable in the story is the historical background and the peasants' association with court poetry. \"The Carp of My Dreams\" is delightful when the reader imagines a man's making an underwater journey around Lake Biwa as a golden carp. A character's journey/\"going on the road\"/travel (=michiyuki) is in several of these nine stories. Known by a completely different title in another translation, \"The Owl of the Three Jewels\" means something not obvious explained in the notes. The characters are the merchant Muzen, the ghost poet J\u014dha, and the other ghostly spirits of historical people. In the summer of 1616, Muzen climbs the steep mountain to Japan's holiest place, Mount K\u014dya's temple complex. There he is witness to a strange event, from which he'd rather be unobserved. \"The Kibitsu Cauldron\" involves how a rice-cauldron's oracle plays out in the marriage of Sh\u014dtaro and Isora.  In \"A Serpent Lust\", the characters are Toyoo a studious son of a fisherman and Manago a serpent demon disguised as a beautiful woman, who brings trouble on Toyoo. The imagery of Manago as a gigantic snake with poisonous vapors and with a girth as wide as a doorway is memorable. \"The Blue Hood\" takes place in the monastery Daich\u016bji and in the neighboring village between 1471-1472. The abbot turns cannibalistic after a young companion dies. At the end the monastery undergoes a change from the Shingon school of Buddhism of K\u014dbo Daishi to the S\u014dto school. Quote, \n  ...there are countless examples, from the past down to the present, of those who, led astray by the karmic obstacles of lust and wrong thoughts, reveal their original forms and give vent to their resentments, or turn into demons or serpents to take retribution.\nInteresting, too, are two Buddhist characteristics, i.e., the appreciation of nature's beauty in mountains and streams and the buddha-nature (=the potential for enlightenment) in every person. \"On Poverty and Wealth\" is a conversation between a samurai and a spirit of gold on an autumn night between 1593 and 1595. The spirit believes that people have misunderstood the virtue of gold as they have misunderstood the art of wealth, which is not based upon karma or heaven. Rather wealth is obtained by frugality, constrained spending, and hard work."}, {"userName": "Meghan Fidler", "userReviewDate": "Sep 20, 2011", "userURL": "http://www.goodreads.com/user/show/6163539-meghan-fidler", "userReview": "Ugetsu Monogatari \u96e8\u6708\u7269\u8a9e (Tales of Moonlight and Rain) is a collection of ghostly folktales from Edo Japan. It was first published in 1776, and was adapted from Chinese ghost stories. It became famous in the West through Kenji Mizoguchi's 1953 film by the same title, which focuses on a single narrative[from Aaji go yado (The House Amid the Thickets)] within the collection of 9 stories.   The are a number of stories which would terrify government officials of the period, and I suggest these for those that are interested in political life of Tokugawa Japan. Shiramine (white peak) are Buppousou (Bird of Paradise) examples of these stories.   Monks also feature a prominent role in the supernatural, and apparently their ascetic dietary practices make food a main theme in these stories. As such, the Buddhist narratives include a monk who was almost dinner for a Vice-governor, Muou no rigyo (The carp that came into my dreams), and a monk who sees a boy so cute he could eat him... with zombie-like consequences, Aozukin (The blue hood).    Being influenced by Chinese writing, of course women are also a focus of potential-evil ghosts. I'll spare you my inflammatory commentary, and just say that Kibitsu no kama (the Caldron of Kibitsu) and Jasei no in (The Lust of the White Serpent) leave me pleased that I am alive now. Sometimes nostalgia is just misplaced.   The most interesting story was the last one, and it is terrifying in its own way: I'm nodding at you, oh self-declared anti-capitalists. Get your hands on Himpuku-ron (Wealth and Poverty)."}, {"userName": "Jenny (Reading Envy)", "userReviewDate": "Apr 22, 2012", "userURL": "http://www.goodreads.com/user/show/68030-jenny-reading-envy", "userReview": "I ended up reading the Hamada translation of these tales, originally published by Columbia in 1972.  After adding the introduction and understanding the complete mastery demonstrated in the creation of the original in Japanese, I'm not sure I could ever get the same experience in an English translation.That said, I enjoyed the blend of folklore, religion, and the supernatural. The demon-snake-woman was the most memorable character, and the frequent use of buildings and people who could transform into practically anything meant nothing was limited. I need to understand more about how the various elements of religion and spirituality worked together in this era in Japan."}, {"userName": "Chris", "userReviewDate": "Oct 09, 2014", "userURL": "http://www.goodreads.com/user/show/11889175-chris", "userReview": "Because of the stilted and formal style these 18th century tales are written in, I would say most of them are probably 2 star stories. That being said, the ones which are quite good, the first and second to last one (both involving rapacious ghost monsters of former humans to some degree) are strong enough to tick the average up.What it is really most interesting at doing is showing the social attitudes towards both history and present by a writer in the middle of the Tokugawa era."}, {"userName": "Erika", "userReviewDate": "Sep 15, 2014", "userURL": "http://www.goodreads.com/user/show/4532400-erika", "userReview": "If you expect a bunch of eerie ghost stories hold your horses and move over to Lafcadio Hearn 'cause those are not the type of stories you're going to get here. There is indeed a remarkable involvement of the supernatural in the stories but on a spiritual sense, linked to moral standards and religious beliefs (karma, reincarnation, past lives and such). Also, be ready to go through 10+ footnotes on every short story, most of them related to clarifying locations and nobility/military ranks or quotations to other famous Japanese or Chinese works. Oh, and there\u2019s a good amount of (somewhat cryptic) Japanese poetry involved that will keep you guessing if you actually got the story right.One thing I liked about this compilation is the unusual development of the stories. Perhaps it\u2019s got something to do with these stories being so extremely distant from current narrative standards that you can\u2019t guess so easily what\u2019s going to happen on the story. I enjoyed reading this and it actually felt too short, which surprised me \u2018cause I expected such an ancient work to be quite hard to read and understand. I would recommend it to people already familiar with classic Japanese texts and an interest in political and moral dissertations."}, {"userName": "Florafox", "userReviewDate": "Nov 13, 2013", "userURL": "http://www.goodreads.com/user/show/7631644-florafox", "userReview": "The preface was helpful in giving information that would have.been present in the cultural lexicon of contemporary readers of the work, it was, however, so dry that I thought I would never make it to the actual text. thankfully it turned out to be worth slogging through the academic mire. The stories themselves were beautiful, poignant and had the sense of timelessness that is the mark of great literature."}, {"userName": "Kenny", "userReviewDate": "Apr 06, 2014", "userURL": "http://www.goodreads.com/user/show/7669379-kenny", "userReview": "This was a tough read for me. I'm not the biggest fan of horror, and was expecting horror/ghost stories, but even then it seemed to fail me.It is an interesting book of folk tales, and seemed more like a series of moral sermons. While it is quite an interesting view of old Japanese culture, with a bit of philosophy and Aesop-like instruction, it just wasn't my cup of tea."}, {"userName": "Dominique Lamssies", "userReviewDate": "Jul 31, 2014", "userURL": "http://www.goodreads.com/user/show/33147876-dominique-lamssies", "userReview": "This is a beautiful, carefully created edition of one of the ultimate classics of Japanese supernatural literature.  People expecting scares should steer clear, these stories are from the 18th century and will not be scary in any way shape or form to a westerner in the 21st century.  However, it is the perfect example of what the Japanese do with horror:  Convey the miseries and joys of life in a way that doesn't have to adhere to societal rules so it can express humanity.  The Japanese have always been better as using horror to explore human life than westerners (not saying that all Japanese horror does, they have as much bad horror as the rest of us).A treat for any Japanophile."}, {"userName": "John", "userReviewDate": "Apr 23, 2008", "userURL": "http://www.goodreads.com/user/show/740334-john", "userReview": "ghosts is triflin"}, {"userName": "Madalina", "userReviewDate": "Jan 02, 2011", "userURL": "http://www.goodreads.com/user/show/1843780-madalina", "userReview": "At first I tought this book a little simple for it has been recomended as a horror anthology and in our days it has nothing on the Goosebumps series, but that's really being too superficial. As a rule, every soundly acclaimed old book that has been reccomended to me has bored me at some point or the other - my eyes start jumping between the lines and I may stare at the same page for minutes trying to read... fluently. On this point my expectations were happily erroneous for the writing style and the dynamic of the stories were very similar to those of children's tales, quite alluring, in fact.All the stories play quite masterfully on the subject human weakness, which I had always considered most unnapealing, and other themes that belong to the asian philosophy, that I have yet to accept, mainly because it's so very different. As a side note if one ever tries to escape a vengeful spirit that has one in its grasp one has only to faint. The method seems quite reliable as the stories go, perhaps because the spirits are temporarily appalled at the lack of backbone of their respective targets. Some stories contain comments that may not be particularly pleasing to women in general, like \"But these stories are all of women; I have never heard one of a man. It is, after all, because of their perverse nature that women turn into shameless demons.\" (warms one's heart doesn't it) and I believe that those to can be written of as strange asian beliefs. The recurring theme of homosexual relations is unpleasing. Considering the society I grew up in it is difficult to accept and one can hardly be expected to be pleased to find oneself suddenly repulsed by a trivial thing while immersed in reading.(those bizarre asians). I liked Shiramine, \"The Kibitsu Cauldron\" and \"The Blue Hood\" a lot, mainly because they had original themes. I find it hard to pick a favourite as all the stories in this anthology are very different so to compare them is a trifle hard.The bibliography and all the references were really useful in understanding the story but I found myself feeling that perhaps there was much more lost in the translation than usual and I would like to reread it in japonese as soon as I finish mastering the writing(kanji, damn them)."}, {"userName": "Suzanne", "userReviewDate": "Apr 24, 2013", "userURL": "http://www.goodreads.com/user/show/4117491-suzanne", "userReview": "No sooner had he opened the door of the bedroom than the serpent thrust out its head toward the priest. It filled the entire space as the door opened. Glittering whiter than the whitest snowdrift, its eyes like mirrors, its horns like the branches of a large tree, it opened its three-foot-wide mouth, spat out its crimson-colored tongue, and looked as though it would swallow the priest in a mouthful.\"Oh, how terrible!\" cried the priest.Yes, that's exactly how I would respond, hehe.... And that kind of sums of the reading experience. There are some wonderful descriptions in these stories, but the dialogue feels unrealistic and the narrative style hasn't aged well. There's a lot more telling than showing, it's encumbered with long expository sections of dialogue, etc. These stories are very old (written in the 1700's) and are translated, too, so I should probably just feel lucky that I have access to them.  It is pretty cool to see a lot of the same plot \"twists\" and Gothic elements that are still common today in a completely different cultural context."}, {"userName": "Tiago", "userReviewDate": "Feb 14, 2011", "userURL": "http://www.goodreads.com/user/show/3203659-tiago", "userReview": "Este \u00abContos da Chuva e da Lua\u00bb \u00e9 um livro escrito h\u00e1 mais de duzentos e quarenta anos, no tempo do Jap\u00e3o imperial, por um senhor letrado de nome Ueda Akinari. Na verdade, chama-se Akinari Ueda, mas como os japoneses por vezes t\u00eam este h\u00e1bito de trocar a ordem de nome pr\u00f3prio e apelido, ficou conhecido desta forma. O livro \u00e9 constitu\u00eddo por uma s\u00e9rie de nove contos, cada um deles escrito com um estilo ligeiramente diferente, e inovador para a \u00e9poca. O fio que os une? A tem\u00e1tica? Todos t\u00eam em comum a presen\u00e7a do sobrenatural, que em quase todos os casos se manifesta na forma de uma apari\u00e7\u00e3o fantasmag\u00f3rica a meio da noite, quando a chuva se afasta e d\u00e1 lugar ao brilho do luar. Da\u00ed o t\u00edtulo do livro.Agora a forma como estas apari\u00e7\u00f5es se manifestam, as hist\u00f3rias por tr\u00e1s, o porqu\u00ea da sua apari\u00e7\u00e3o; isso \u00e9 que vai variando. E depois temos contos que se debru\u00e7am mais para a tem\u00e1tica da Hist\u00f3ria do Jap\u00e3o; temos um que reflecte filosoficamente sobre a tem\u00e1tica da riqueza e da cobi\u00e7a; e outros que se refugiam em tem\u00e1ticas mais dom\u00e9sticas - amizades, casamentos, etc. Mas n\u00e3o s\u00f3. Temos ainda, por exemplo, um caso de metaformose. E mais n\u00e3o adianto.Ueda Akinari tem um estilo interessante e pr\u00f3prio. Claro que, sendo um cl\u00e1ssico, n\u00e3o se consegue desviar de alguns c\u00e2nones existentes na literatura. H\u00e1, contudo, uma particularidade - \u00e9 que este padr\u00e3o cl\u00e1ssico \u00e9 assente por completo no oriente, nos valores orientais, nos mitos chineses e nip\u00f3nicos. Neste aspecto, as notas da edi\u00e7\u00e3o portuguesa da Editorial Estampa foram muito importantes, na ajuda para a compreens\u00e3o de cada conto - sublinham pormenores que d\u00e3o mais sentido a cada hist\u00f3ria, explicam a simbologia de determinados objectos da hist\u00f3ria. E, dessa forma, tudo se torna mais claro.Quando ao aspecto do 'terror', ou 'horror', andava h\u00e1 algum tempo \u00e0 procura de um livro deste g\u00e9nero, por curiosidade. Ele est\u00e1 presente, de facto, mas na maioria dos contos n\u00e3o tem como verdadeira inten\u00e7\u00e3o perturbar o leitor - serve mais de aviso e correc\u00e7\u00e3o da moralidade. Com a excepc\u00e7\u00e3o de um conto, em que me senti verdadeiramente perturbado: \u00abA Caldeira de Kibitsu\u00bb. \u00c9 uma hist\u00f3ria de vingan\u00e7a, que me fez arrepiar por diversos momentos. Principalmente porque o tipo de escrita permite visualizar bem as imagens, nas descri\u00e7\u00f5es. J\u00e1 os di\u00e1logos, podem parecer-nos algo artificiais, por constitu\u00edrem longas unidades de discurso, com respostas ainda mais compridas. Mas, a\u00ed est\u00e1, \u00e9 a componente cl\u00e1ssica do livro.Dando agora uma volta ao assunto, passando pelo porqu\u00ea de ter lido este livro, cito uma frase da tradutora do autor japon\u00eas Haruki Murakami numa entrevista que deu: \u00abEste livro \u201cContos da Lua e da Chuva\u201d, de Ueda Akinari, \u00e9 muito caro ao Murakami, que de vez em quando regressa a ele; e aquele mundo dos fantasmas presente na obra dele tem que ver com este universo que aqui est\u00e1.\u00bb. Ora sendo Haruki Murakami o meu autor de elei\u00e7\u00e3o, tive curiosidade em partir para uma obra que lhe inspirara a criar o imagin\u00e1rio fantasmag\u00f3rico da sua obra. E descobri, de facto, alguns pontos de conex\u00e3o. Escusado ser\u00e1 dizer que achei entusiasmante explorar este \"ponto de partida\".Resumindo, \u00e9 um livro interessante de ser lido. N\u00e3o o aconselho, talvez, a qualquer pessoa. Quem j\u00e1 leu alguma obra oriental talvez esteja melhor preparado - caso contr\u00e1rio talvez possa ser um choque. Depois, n\u00e3o se esque\u00e7am que estamos perante uma obra cl\u00e1ssica, e deve-se dar um desconto nesse aspecto. No entanto, \u00e9 de uma leitura que achei entusiasmante, e com um conte\u00fado digno de explora\u00e7\u00e3o. Gostei muito.Contos Preferidos: \u00abA Casa nos Canaviais\u00bb, \u00abCarpas, como em Sonhos\u00bb e \u00abA Caldeira de Kibitsu\u00bb."}, {"userName": "Erik-Silver", "userReviewDate": "Nov 05, 2013", "userURL": "http://www.goodreads.com/user/show/23665090-erik-silver", "userReview": "\"Is it not said in the Songs that brothers might quarrel at home but must defend against insults from outside?\"\"The world is a sacred vessel. The truth is that one who greedily tries to seize it will fail.\"\"When you resorted to wayward methods and brought chaos to the world instead of spreading virtue and harmony, even those who loved you until yesterday suddenly became wrathful enemies today, you were unable to attain your goal, you received an unprecedented punishment, and you turned to dust in this remote province.\"\"...and in the autumn of that year I left the world myself; but the flames of my resentment still blazed undiminished, and I became the Great King of Evil, the master of more than three hundred. When my followers see happiness in others, they turn it to calamity; seeing the realm at peace, they incite turmoil.\"\"Staring at the royal figure in this light, Saigyo saw a face as red as though blood had been poured over it; a tangle of knee-length hair; angry, glaring eyes; and feverish, painful breathing. The robe was brown and hideously stained with soot; the nails on the hands and feet had grown as long as an animal\u2019s claws: he had exactly the aspect of the King of Evil himself, appalling and dreadful\"So metal it hurts."}, {"userName": "Remy", "userReviewDate": "Nov 19, 2013", "userURL": "http://www.goodreads.com/user/show/15132712-remy", "userReview": "[Also, I have to wonder if I was in the minority when I hoped the giant serpent would get her man; in Akinari's time or mine. (hide spoiler)]"}, {"userName": "Loren Dushku", "userReviewDate": "Sep 26, 2013", "userURL": "http://www.goodreads.com/user/show/19573193-loren-dushku", "userReview": "Questo libro contiene nove storie di fantasmi e demoni, che sono elementi fondamentali della cultura giapponese, raccontate per esprimere quello che l'autore chiamava \"mondo fluttuante\".Il titolo ci \u00e8 giustificato proprio dall'autore, Ueda Akinari, nell'introduzione all'opera egli dice, infatti: \"In una notte della tarda primavera, [...], finisco di scrivere quest'opera accanto alla mia finestra, mente, cessata la pioggia, \u00e8 apparsa la luna appena velata; perci\u00f2 nell'affidarla al tipografo, la intitolo Racconti di pioggia e di luna.\".Anche se prende spunto da alcune storie cinesi, queste vengono modificate ed adattate alla cultura giapponese, tra cui ricordiamo \"La casa tra gli sterpi\" narrata parzialmente e con mix ad altre storie nel film su citato. Continua su: http://loren-ilmondodilory.blogspot.i..."}, {"userName": "Katherine", "userReviewDate": "Feb 21, 2013", "userURL": "http://www.goodreads.com/user/show/8244197-katherine", "userReview": "Ueda Akinara\u2019s Ugetsu Monogatari (Tales of Moonlight and Rain) is a collection of nine short stories, each containing supernatural and otherworldly elements.  The tales were written in the 18th century, although many are set during an earlier time in Japanese history.Basically the tales are interesting if you like Japanese history or literature.  The tales are never \u201cscary\u201d, and sometimes the supernatural elements are a bit tame \u2013 they are used more for morality fables or to comment on history or Japanese society.The edition I have is invaluable for understanding the tales.  It is the Cambridge U Press edition edited by Anthony Chambers and in addition to the tales themselves it includes background on Ueda, Japanese history, and the literary foundations for the tales.  The introductions really helped my understanding of the tales."}, {"userName": "Mircalla64 (free Liu Xiaobo)", "userReviewDate": "Mar 03, 2013", "userURL": "http://www.goodreads.com/user/show/9446989-mircalla64-free-liu-xiaobo", "userReview": "Racconti eterei come la pioggia...ispirati alla tradizione cinese questi Ugetsu monogatari hanno per\u00f2  l'impronta del Mondo Fluttuante, sono sofisticati, ma mai appesantiti dalla morale confuciana tipica del racconto cineseil sovrannaturale \u00e8 intessuto nella trama del racconto, parallelo alla visione reale, i protagonisti non inarcano nemmeno un sopracciglio  appena si accorgono di essersi intrattenuti con uno spettro, e il lettore non pu\u00f2 che adeguarsi...nel complesso una piacevolissima lettura, adatta alle notti d'inverno, quelle in cui la pioggia batte sui vetri e il camino crea ombre sulla parete...*il film tratto da questi racconti \u00e8 ancora molto piacevole, nonostante il tempo passato http://www.imdb.com/title/tt0046478/?..."}, {"userName": "Mariana", "userReviewDate": "Sep 04, 2014", "userURL": "http://www.goodreads.com/user/show/16176892-mariana", "userReview": "You can learn a lot about Japanese history reading these \"ghost tales\". The translator added A LOT of useful notes in case you're interested in that subject, otherwise you can just enjoy these creepy folk tales."}, {"userName": "James Eckman", "userReviewDate": "Nov 05, 2014", "userURL": "http://www.goodreads.com/user/show/29609954-james-eckman", "userReview": "Some fantasy and horror stories by the Japan's Edgar Allan Poe. Nice to read them once, it's a quick read. Inspiration for several films."}, {"userName": "\u00ceshta", "userReviewDate": "Jun 22, 2013", "userURL": "http://www.goodreads.com/user/show/5685611-shta", "userReview": "Nove bellissimi racconti di spettri e demoni rielaborati con grande originalit\u00e0. L'appuntamento dei Crisantemi, il Cappuccio Blu e la Passione del Serpente sono i miei preferiti.\u00ab Non far crescere mai nel tuo giardino i salici che mettono germogli verdi all'arrivo della primavera. Non legarti a una persona dal cuore volubile. I salici crescono subito, ma non resistono al primo soffio del vento d'autunno; le persone volubili si legano con facilit\u00e0, ma se ne vanno presto, e se i salici rinnovano il colore a ogni primavera, una persona infedele non far\u00e0 pi\u00f9 ritorno. \u00bb"}, {"userName": "Fantastisk Fiktion", "userReviewDate": "Jul 27, 2014", "userURL": "http://www.goodreads.com/user/show/5637338-fantastisk-fiktion", "userReview": "http://fantastiskfiktion.wordpress.co..."}, {"userName": "Amy", "userReviewDate": "Oct 21, 2012", "userURL": "http://www.goodreads.com/user/show/15387-amy", "userReview": "I thought I would find this to be quite gruesome, but it's like many old gothic tales - a spiritual or supernatural phenomena that is meant to unsettle more than startle or \"thrill\".  It's set up academically, with setting, characters, history, etc described.  Some of the short stories I really enjoyed, but a good number I found to be a bit dull.  Regardless, it was a fascinating trip into Japanese writing.  One would likely enjoy or appreciate this more if they had a stronger education in Japanese history and culture (where mine is mostly based on Japanese pop culture)."}, {"userName": "Brian", "userReviewDate": "May 01, 2014", "userURL": "http://www.goodreads.com/user/show/24416030-brian", "userReview": "Read \"The Chrysanthemum Vow\" at some point..."}, {"userName": "Steve", "userReviewDate": "Jun 17, 2013", "userURL": "http://www.goodreads.com/user/show/9133683-steve", "userReview": "Herein lie nine classic ghost tales from classical Japan. Unfortunately, these stories are slow moving but very beautiful. I recommend this book only to big fans of Japanese culture - fan s of Twilight will be very disappointed. If attending a tea ceremony and admiring the moon appeal to you, then you may really enjoy this very romantic look at samurai Nippon. You can skip the first 50 pages and commentary pages if you don't mind missing the full scholarly perspective."}, {"userName": "Chris", "userReviewDate": "Jul 05, 2013", "userURL": "http://www.goodreads.com/user/show/10306732-chris", "userReview": "truly an excellent translation. chambers provides lucid, in-depth, and copious footnotes about the text and its place in japanese literature.not only that, but akinari's stories are still great reads today. going into this book, i was more a fan of mid-heian and early-to-mid 20th century japanese literature. but now i'm a huge fan of something in-between. :) i enjoyed the references to genji, heike, and the man'yoshu poems. makes me want to re-read all those."}], "description": "First published in 1776, the nine gothic tales in this collection are Japan's finest and most celebrated examples of the literature of the occult. They subtly merge the world of reason with the realm of the uncanny and exemplify the period's fascination with the strange and the grotesque. They were also the inspiration for Mizoguchi Kenji's brilliant 1953 film \"Ugetsu.\"The title \"Ugetsu monogatari\" (literally \"rain-moon tales\") alludes to the belief that mysterious beings appear on cloudy, rainy nights and in mornings with a lingering moon. In \"Shiramine,\" the vengeful ghost of the former emperor Sutoku reassumes the role of king; in \"The Chrysanthemum Vow,\" a faithful revenant fulfills a promise; \"The Kibitsu Cauldron\" tells a tale of spirit possession; and in \"The Carp of My Dreams,\" a man straddles the boundaries between human and animal and between the waking world and the world of dreams. The remaining stories feature demons, fiends, goblins, strange dreams, and other manifestations beyond all logic and common sense.The eerie beauty of this masterpiece owes to Akinari's masterful combination of words and phrases from Japanese classics with creatures from Chinese and Japanese fiction and lore. Along with \"The Tale of Genji\" and \"The Tales of the Heike,\" \"Tales of Moonlight and Rain\" has become a timeless work of great significance. This new translation, by a noted translator and scholar, skillfully maintains the allure and complexity of Akinari's original prose.", "title": "Tales of Moonlight and Rain", "url": "http://www.goodreads.com/book/show/237118.Tales_of_Moonlight_and_Rain", "average": 3.95, "cover": "http://d.gr-assets.com/books/1348973002l/237118.jpg", "reviews": 44, "authors": [{"url": "http://www.goodreads.com/author/show/7303145.Ueda_Akinari", "name": "Ueda Akinari"}, {"url": "http://www.goodreads.com/author/show/98298.Anthony_H_Chambers", "name": "Anthony H. Chambers"}], "outlinks": ["http://www.goodreads.com/book/show/9780173-racconti-di-pioggia-e-di-luna", "http://www.goodreads.com/book/show/2686122-ugetsu-monogatari", "http://www.goodreads.com/book/show/1846856.Contes_De_Pluie_Et_De_Lune", "http://www.goodreads.com/book/show/7042.The_Tale_of_Genji", "http://www.goodreads.com/book/show/321596.Essays_in_Idleness__The_Tsurezuregusa_of_Kenko", "http://www.goodreads.com/book/show/1119400.Ugetsu_Monogatari", "http://www.goodreads.com/book/show/9798830-la-luna-de-las-lluvias", "http://www.goodreads.com/book/show/10267636-contos-da-chuva-e-da-lua", "http://www.goodreads.com/book/show/9780173-racconti-di-pioggia-e-di-luna", "http://www.goodreads.com/book/show/9780173-racconti-di-pioggia-e-di-luna", "http://www.goodreads.com/book/show/9780173-racconti-di-pioggia-e-di-luna", "http://www.goodreads.com/book/show/765949.Japanese_Gothic_Tales", "http://www.goodreads.com/book/show/91540.Kwaidan", "http://www.goodreads.com/book/show/196150.Japanese_Tales_of_Mystery_Imagination", "http://www.goodreads.com/book/show/876637.Kappa", "http://www.goodreads.com/book/show/143440.The_Wild_Geese", "http://www.goodreads.com/book/show/194739.Blue_Bamboo", "http://www.goodreads.com/book/show/62773.The_Three_Cornered_World", "http://www.goodreads.com/book/show/609492.The_Tale_of_the_Bamboo_Cutter", "http://www.goodreads.com/book/show/14031.Palm_of_the_Hand_Stories", "http://www.goodreads.com/book/show/1146863.The_Paper_Door_and_Other_Stories_by_Shiga_Naoya", "http://www.goodreads.com/book/show/547334.Masks", "http://www.goodreads.com/book/show/34463.Seven_Japanese_Tales", "http://www.goodreads.com/book/show/6949682-the-stories-of-ibis", "http://www.goodreads.com/book/show/289991.Black_Rain", "http://www.goodreads.com/book/show/292336.Five_Women_Who_Loved_Love", "http://www.goodreads.com/book/show/971986.The_Oxford_Book_of_Japanese_Short_Stories", "http://www.goodreads.com/book/show/201271.Naoko", "http://www.goodreads.com/book/show/1200593.The_Confessions_of_Lady_Nij_", "http://www.goodreads.com/book/show/9717993-racconti-della-pioggia-di-primavera", "http://www.goodreads.com/book/show/723429.Ugetsu_Monogatari_Harusame_Monogatari", "http://www.goodreads.com/book/show/4722537-literatura-fantastica-de-terror-oriente-antiguo", "http://www.goodreads.com/book/show/22554701-la-maison-dans-les-roseaux", "http://www.goodreads.com/book/show/13556041-the-house-in-the-thicket"]}