{"ratings": 187, "userreviews": [{"userName": "Martin", "userReviewDate": "Dec 05, 2013", "userURL": "http://www.goodreads.com/user/show/18513599-martin", "userReview": "Tuhle knihu jsem m\u011bl \u010d\u00edst, kdy\u017e mi bylo 17. No co u\u017e. Nikdy nen\u00ed pozd\u011b a jsem r\u00e1d, \u017ee jsem ji na\u0161el."}, {"userName": "Lubo\u0161", "userReviewDate": "Jan 28, 2013", "userURL": "http://www.goodreads.com/user/show/16037775-lubo", "userReview": "-----citace----To se rozum\u00ed, ten zotro\u010den\u00fd u\u010ditel nem\u011bl u d\u011bt\u00ed mnoho autority; to\u017e je \u0159ezal a \u0159ezal \u2013 to byl jeho hlavn\u00ed v\u00fdchovn\u00fd prost\u0159edek. Otrok m\u00e1 v\u017edycky metody otrok\u00e1\u0159e a mst\u00ed se, kde m\u016f\u017ee. Te\u010f si vemte, jak\u00fd pokrok u\u017e je dne\u0161n\u00ed \u0161kola; ale je\u0161t\u011b mnoho se d\u00e1 na n\u00ed reformovat, aby vychov\u00e1vala samostatn\u00e9 a sebev\u011bdom\u00e9 lidi, lidi s kur\u00e1\u017e\u00ed do \u017eivota. Reforma \u0161koly je pr\u00e1v\u011b tak\u00e9 reformou u\u010ditele, u\u010ditel\u016f; to znamen\u00e1 zvy\u0161ovat jejich soci\u00e1ln\u00ed \u00farove\u0148 i vzd\u011bl\u00e1n\u00ed. Dnes u\u017e se u\u010ditel\u00e9 sami dom\u00e1haj\u00ed toho, aby m\u011bli vzd\u011bl\u00e1n\u00ed vysoko\u0161kolsk\u00e9; to\u017e to by se m\u011blo vyzkou\u0161et, jak\u00fd pom\u011br by m\u011bl takov\u00fd u\u010ditel akademik k d\u011btem. Hlavn\u00ed v\u011bc je: m\u00edt d\u011bti r\u00e1d, um\u011bt se vmyslit a vc\u00edtit do jejich du\u0161evn\u00edho \u017eivota, kter\u00fd je sp\u00ed\u0161 konkr\u00e9tn\u00ed a obrazn\u00fd ne\u017e abstraktn\u011b v\u011bdeck\u00fd; vyu\u010dovat n\u00e1zorn\u011b, p\u0159ip\u00ednat pou\u010dov\u00e1n\u00ed k tomu, co d\u011bti konkr\u00e9tn\u011b vid\u00ed ve sv\u00e9m okol\u00ed; a vyu\u010dov\u00e1n\u00ed co mo\u017en\u00e1 individualizovat. V\u016fbec na \u0161kolu, na v\u00fdchovu a na vyu\u010dov\u00e1n\u00ed by se m\u011blo mnohem v\u00edc myslet\u2026 a taky d\u00e1vat mnohem v\u00edc prost\u0159edk\u016f ne\u017e dosud. V\u00fdvoj \u0161koly, v tom je v\u00fdvoj demokracie....\u0159\u00edk\u00e1 se, \u017ee dobr\u00e1 \u0161kola u\u0161et\u0159\u00ed pen\u00edze za krimin\u00e1l, \u0161pit\u00e1l a chudobinec.\u010c\u00edm kluk bude, o tom nerozhoduj\u00ed tak vlohy, jako sp\u00ed\u0161 ta nejbli\u017e\u0161\u00ed p\u0159\u00edle\u017eitost.Takov\u00fd novope\u010den\u00fd vzd\u011blanec nechce j\u00edt na mal\u00e9 m\u011bsto nebo na venkov, \u017ee pr\u00fd tam kulturn\u011b zapadne a zakrn\u00ed. Ve skute\u010dnosti je pohodln\u00fd; dovede b\u00fdt kulturn\u011b \u017eiv, jenom kdy\u017e m\u00e1 k tomu svou kav\u00e1rnu a ty um\u011bl\u00e9 stimulanty. Pr\u00e1vem ukazujete na b\u00e1sn\u00edka B\u0159ezinu; moudrost a vzd\u011bl\u00e1n\u00ed je v\u011bc ducha a ne v\u011bc nahodil\u00e9ho okol\u00ed. Lev je lvem i v kleci, nestane se oslem....bez vz\u00e1jemn\u00e9ho pochopen\u00ed, bez tolerance nen\u00ed svobody.Lamanskij mi \u0159ekl rovnou, \u017ee Rusov\u00e9 maj\u00ed z\u00e1jem jen o Slovany pravoslavn\u00e9, nejv\u00fd\u0161e je\u0161t\u011b o Slov\u00e1ky, proto\u017ee jsou stejn\u011b naivn\u00ed jako rusk\u00fd bo\u017e\u00ed lid; n\u00e1s \u010cechy, jako liber\u00e1ly a z\u00e1padn\u00edky, by nechali j\u00edt k \u010dertu.J\u00e1 nem\u00e1m r\u00e1d pr\u00e1zdn\u00e9 mluven\u00ed o slovanstv\u00ed, jako nem\u00e1m r\u00e1d vlasten\u010den\u00ed. Pros\u00edm v\u00e1s, kolikpak z na\u0161ich slavjanofil\u016f dovede aspo\u0148 \u010d\u00edst rusky, polsky, srbsky? Stejn\u011b tak jako ti lid\u00e9, co maj\u00ed pln\u00e1 \u00fasta, \u017ee jsme n\u00e1rod Hus\u016fv: kdo z nich pro\u010detl aspo\u0148 kousek Husa, a nejen Husa, aspo\u0148 jednu knihu bratrsk\u00e9 reformace? A na\u010d to mluven\u00ed: norm\u00e1ln\u00ed \u010dlov\u011bk nevytrubuje do sv\u011bta, \u017ee miluje sv\u00e9 rodi\u010de, svou \u017eenu, sv\u00e9 d\u011bti; to se rozum\u00ed samo sebou. Kdy\u017e miluje\u0161 svou vlast, nemus\u00ed\u0161 o tom mluvit, ale ud\u011blej n\u011bco kloudn\u00e9ho; o nic jin\u00e9ho nejde.St\u00e1l jsem proti Kocourkovu a Hulv\u00e1tovu a politiku jsem \u017e\u00e1dal rozumnou a poctivou. V tom smyslu jsem \u0159ekl, \u017ee ani samostatnost n\u00e1s nespas\u00ed....hladov\u00ed poj\u00eddaj\u00ed syt\u00e9, \u0159\u00edk\u00e1 se.\u010clov\u011bk mnoho vydr\u017e\u00ed, v\u0161ecko, m\u00e1-li c\u00edl a kdy\u017e se jednou odhodlal, \u017ee za n\u00edm p\u016fjde st\u016fj co st\u016fj a doopravdy. Opravdovost \u2013 to je tajemstv\u00ed sv\u011bta a \u017eivota, to je sv\u00e1tost n\u00e1bo\u017eensk\u00e1 a mravn\u00ed.J\u00e1 v\u00e1m \u0159eknu, n\u00e1\u0161 \u010dlov\u011bk je dobr\u00fd voj\u00e1k, kdy\u017e je v boji; pak je state\u010dn\u00fd a chytr\u00fd jako m\u00e1lokdo. Um\u00ed se dostat z ka\u017ed\u00e9 \u0161lamastiky; ale kdy\u017e v n\u00ed nen\u00ed, tedy do n\u00ed vhrkne s\u00e1m. Neum\u00ed v\u017edycky vytrvat a selh\u00e1v\u00e1, kdy\u017e nem\u00e1 co d\u011blat; to bylo p\u0159ed Sibi\u0159\u00ed a na konci sibi\u0159sk\u00e9 kampan\u011b zas.Voj\u00e1ci, stejn\u011b jako d\u011bti, pot\u0159ebuj\u00ed spravedlivosti, p\u0159\u00edmosti, otev\u0159enosti; proto\u017ee musej\u00ed poslouchat a\u017e na smrt, mus\u00ed jim ten, koho poslouchaj\u00ed, opravdu a bez pokrytectv\u00ed imponovat. I ty vojensk\u00e9 par\u00e1dy jsou sp\u00ed\u0161 pro voj\u00e1ky samotn\u00e9 ne\u017e pro jejich velitele. M\u00e1m voj\u00e1ky r\u00e1d, i kdy\u017e nem\u00e1m r\u00e1d v\u00e1lku.V Americe pr\u00e1ce fyzick\u00e1 se cen\u00ed v\u00edce ne\u017e u n\u00e1s; americk\u00fd \u0161tudent jde o pr\u00e1zdnin\u00e1ch skl\u00edzet obil\u00ed nebo d\u011blat \u010d\u00ed\u0161n\u00edka; u n\u00e1s se vzd\u011bl\u00e1n\u00ed \u0161kolsk\u00e9 a zejm\u00e9na akademick\u00e9 skoro p\u0159ece\u0148uje. Americk\u00fd d\u011bln\u00edk je proti na\u0161emu voln\u011bj\u0161\u00ed a m\u00e1 sv\u016fj elbow-room; je-li \u0161ikovn\u00fd, m\u00e1 svou fordku a bungalov \u2013 proto tam nen\u00ed socialismu v na\u0161em smyslu.Budoucnost je v tom, \u017ee se Evropa vyrovn\u00e1 Americe a Amerika Evrop\u011b.Pravda, m\u011bnit \u00fastavu je v\u011bc choulostiv\u00e1; m\u00e1me p\u0159ece p\u0159\u00edklad Ameriky: tam od vyd\u00e1n\u00ed \u00fastavy 1787 bylo za sto \u010dty\u0159icet let p\u0159ijato jen devaten\u00e1ct oprav, t\u0159eba\u017ee bylo pod\u00e1no p\u0159es dva tis\u00edce n\u00e1vrh\u016f. A ty opravy jsou vlastn\u011b dopl\u0148ky \u2013 nap\u0159\u00edklad volebn\u00ed pr\u00e1vo \u017een; p\u016fvodn\u00ed text z\u016fst\u00e1v\u00e1 v platnosti.T\u011b\u017ek\u00e1 byla pro mne ot\u00e1zka trestu smrti; st\u00e1lo m\u011b mnoho noc\u00ed, kdy\u017e jsem m\u011bl podepisovat trest smrti, a dni, kdy jsem to u\u010dinil, m\u00e1m ve sv\u00e9m kalend\u00e1\u0159i poznamen\u00e1ny \u010dern\u00fdm k\u0159\u00ed\u017ekem.Pod\u00edvejte se na ten star\u00fd dub; pr\u00fd je mu dev\u011bt set let, ale jak je siln\u00fd, kolik je v n\u011bm \u017eivota! Ta velikost ani to st\u00e1\u0159\u00ed mu nebr\u00e1n\u00ed vyr\u00e1\u017eet v nov\u00e9 list\u00ed ani kv\u00e9st. \u010clov\u011bk by m\u011bl st\u00e1rnout podobn\u011b.M\u011b\u0159\u00edme \u017eivot p\u0159\u00edli\u0161 jednostrann\u011b: podle jeho d\u00e9lky, a ne podle jeho velikosti. Mysl\u00edme v\u00edc na to, jak \u017eivot prodlou\u017eit, ne\u017e na to, jak jej opravdu naplnit. Mnoho lid\u00ed se boj\u00ed smrti, ale ned\u011blaj\u00ed si nic z toho, \u017ee oni sami a tolik jin\u00fdch \u017eij\u00ed de facto jenom polo\u017eivotem, bez obsahu, bez l\u00e1sky, bez radosti.Nezn\u00e1m hor\u0161\u00ed malomyslnost, ne\u017e je to dne\u0161n\u00ed pov\u00edd\u00e1n\u00ed o z\u00e1niku evropsk\u00e9 kultury. Zajde-li, to\u017e jenom v kultu\u0159e sv\u011btov\u00e9.\u017daluje se na politick\u00e9 strany. Pr\u00e1vem, pokud ty strany hov\u011bj\u00ed stranick\u00e9mu sobectv\u00ed. Ale strany p\u0159ece nejsou a nemohou b\u00fdti jin\u00e9 ne\u017e pr\u016fm\u011br jejich voli\u010d\u016f, ten zase z\u00e1vis\u00ed na tisku a ob\u010dansk\u00e9 v\u00fdchov\u011b \u2013 po\u0159\u00e1d ten probl\u00e9m veden\u00ed! Jedno mus\u00edme na stran\u00e1ch \u017e\u00e1dat st\u00e1le a st\u00e1le: aby za sv\u00e9 poslance a p\u0159edstavitele vyb\u00edraly slu\u0161n\u00e9, politicky schopn\u00e9 a vzd\u011blan\u00e9 mu\u017ee a \u017eeny. Pro mne je politika a demokracie v\u011bc nesm\u00edrn\u011b v\u00e1\u017en\u00e1: pr\u00e1ce, \u0159ekl bych, pro ty nejlep\u0161\u00ed a nejvybran\u011bj\u0161\u00ed lidi.chyb\u00ed n\u00e1m rom\u00e1n a drama. Na poezii sta\u010d\u00ed \u017eivot osobn\u00ed; rom\u00e1n a drama p\u0159edpokl\u00e1daj\u00ed nashrom\u00e1\u017ed\u011bnou zku\u0161enost generac\u00ed; rom\u00e1ny jsou d\u00edlo cel\u00e9ho stolet\u00ed.v\u011bd\u011bl jsem, \u017ee lid\u00e9 utla\u010den\u00ed, nesvobodn\u00ed, porobou deformovan\u00ed stanou se ne lehko a ne obratem ruky svobodn\u00fdmi i duchem. Proto tolik lid\u00ed u n\u00e1s st\u00e1t neguje i dnes \u2013 ned\u016fv\u011brou, odporem proti st\u00e1tn\u00ed administrativ\u011b, \u0161patn\u00fdm pom\u011brem k cel\u00fdm vrstv\u00e1m spoluob\u010dan\u016f \u2013 \u0159e\u010deno drasticky: jsou je\u0161t\u011b lid\u00e9, kte\u0159\u00ed dr\u017e\u00ed palec sp\u00ed\u0161 zlod\u011bjovi ne\u017e policajtovi. Na\u0161i lid\u00e9 maj\u00ed tradici vlasteneckou, pravda, ale mnohdy z\u016fstali p\u0159\u00edli\u0161 nest\u00e1tn\u00ed, protist\u00e1tn\u00ed, a\u017e anarchi\u010dt\u00ed; neuv\u011bdomuj\u00ed si, \u017ee to je stav star\u00e9ho raku\u0161\u00e1ctv\u00ed. Odrakou\u0161t\u011bt, to znamen\u00e1 z\u00edskat smysl pro st\u00e1t a st\u00e1tnost, pro st\u00e1tnost demokratickou.novin\u00e1\u0159 mnoho nezpytuje a nek\u00e1\u017ee, ale hled\u00ed p\u0159in\u00e9st pokud mo\u017eno p\u0159\u00edmou informaci: rad\u011bji povrchn\u00ed informaci ne\u017e hlubokomysln\u00fd dohad.mnoho \u010d\u00edst neznamen\u00e1 hltat knihy, n\u00fdbr\u017e dob\u0159e si p\u0159e\u010d\u00edst p\u00e1r t\u011bch nejlep\u0161\u00edch. Mnoho prohovo\u0159it neznamen\u00e1 nad\u011blat mnoho \u0159e\u010d\u00ed, n\u00fdbr\u017e m\u00e1lo slovy dostat se k j\u00e1dru v\u011bci. Mnoho \u017e\u00edt nen\u00ed honit se za mnoh\u00fdm, n\u00fdbr\u017e \u017e\u00edt pomalu a siln\u011b.dop\u0159edu.,Je\u0161t\u011b dvacet t\u0159icet let. To u\u017e tu bude nov\u00e1 generace. narozen\u00e1 na svobod\u011b \u2013 Pane, ta u\u017e si tu svobodu ned\u00e1 vz\u00edt. Aji ti druz\u00ed do t\u00e9 doby poznaj\u00ed, \u017ee k n\u011b\u010demu jsme a \u017ee se na n\u00e1s mohou spolehnout \u2013 Jen t\u011bch dvacet t\u0159icet let si ten st\u00e1t je\u0161t\u011b udr\u017eet!\u201d \u201cJenom se udr\u017eet?\u201d nam\u00edtal prezident\u016fv spole\u010dn\u00edk. \u201cNen\u00ed to trochu m\u00e1lo?\u201d \u201cNen\u00ed,\u201d \u0159ekl Star\u00fd p\u00e1n rozhodn\u011b.,Je\u0161t\u011b to budeme m\u00edt t\u011b\u017ek\u00e9, o jej!\u201ddemokracie sice znamen\u00e1 rovnost p\u0159ed z\u00e1konem, ale neznamen\u00e1 a nikdy nebude znamenat, \u017ee by v\u0161ichni lid\u00e9 m\u011bli stejn\u00fd ve\u0159ejn\u00fd vliv a stejnou odpov\u011bdnost."}, {"userName": "Piotr", "userReviewDate": "Nov 03, 2014", "userURL": "http://www.goodreads.com/user/show/17723641-piotr", "userReview": "Somehow I'm disappointed really ... Most interesting times in TGM life, crucial for his own country, my country, the whole Europe ... just slightly touched! All of a sudden, our Hero leaves Moscow and after a month on the Trans-Siberian Rail, ends up in Vladyvostok, then with light speed crosses two oceans, becomes Father Founder of Czechoslovakia ... to tell his story to Capek. But ... I'm one of those Poles who got immediately \"Havel for Wawel\" idea. Czechs had enormous luck to have such Figures leading their country - Masaryk, Benes, Havel ... Now it's clear that it was enough to follow one simple example - TGM. With his own strong moral standing, his unbelievable backround, education, diligence ... he became a Person, a real Statesman. Reading about those formative years is simply illuminating.A must read no matter the words I begun with."}, {"userName": "Bra", "userReviewDate": "Jan 05, 2014", "userURL": "http://www.goodreads.com/user/show/5124411-bra", "userReview": "zauj\u00edmav\u00e9 \u010d\u00edtanie (posledn\u00fa \u010das\u0165- filozofick\u00e9 n\u00e1zory som nestihol). Prekvapivo otvoren\u00fd a rozumn\u00fd t\u00f3n od T.G.M., \u010dakal som sk\u00f4r pokus o apote\u00f3zu. P\u00e1r vec\u00ed \u010do mi utkvelo:- \u0160tef\u00e1nik ho volal otecko a st\u00e1le ho chcel bozk\u00e1va\u0165 a chyta\u0165, to sa mu pr\u00edli\u0161 nep\u00e1\u010dilo-ner\u00e1d vystupoval na verejnosti, \u0165a\u017eko nadvazoval priate\u013estvo - c\u00edtil sa sk\u00f4r sociol\u00f3gom ako filozofom, ale tak\u00e9 prof. miesto neotv\u00e1rali- na \u010desk\u00fa literat\u00faru sa pozeral po na\u010d\u00edtan\u00ed svetovej, tak\u017ee bol dos\u0165 kritick\u00fd a nemal ju pr\u00edli\u0161 v \u00facte- tolstoj bol poz\u00e9r- nie\u010do o tom \u017ee mal\u00fd n\u00e1rod sa mus\u00ed uk\u00e1za\u0165 hrdinskej\u0161ie ako ve\u013ek\u00fd (vtedy asi Bene\u0161 nepo\u010d\u00faval- 39, 48)Ktor\u00fd n\u00e1\u0161 s\u00fa\u010dasn\u00fd politik by vedel nap\u00edsa\u0165 na desiatky str\u00e1n n\u00e1zory na knihy ktor\u00e9 \u010d\u00edtal"}, {"userName": "T\u00e1\u0148a Sedl\u00e1kov\u00e1", "userReviewDate": "Dec 22, 2014", "userURL": "http://www.goodreads.com/user/show/36504949-t-a-sedl-kov", "userReview": "prie\u010dny prierez pln\u00fdm \u017eivotom. in\u0161piroval, odvahu dodal, tie\u017e otvoril priestory, o ktor\u00fdch som si z r\u00f4znych d\u00f4vodov myslela, \u017ee s\u00fa mi pozatvoren\u00e9. \u010fal\u0161\u00ed z t\u00fdch \u013eudsk\u00fdch pr\u00edbehov, ktor\u00fd redukuje v slovn\u00edku nepotrebne vysok\u00fa frekvenciu slovn\u00e9ho spojenia \"to sa ned\u00e1\". no a dnes, po ceste brezovou pod bradlom domov, som u\u017e tie\u017e vedela o piko\u0161ke, \u017ee sa milan tom\u00e1\u0161a pri ich stretnut\u00ed \u010dasto kr\u00e1t jemu nepr\u00edjemne dot\u00fdkal. (podobne ako ke\u010f sa s vami stretne zn\u00e1my, ktor\u00ed absolvoval v\u00fdcvik virginie satirovej:) niekedy ma znepokojuje a mrz\u00ed, \u017ee nedok\u00e1\u017eem rozpozna\u0165, ktor\u00e9 pohyby a my\u0161lienky druh\u00fdch okolo m\u0148a s\u00fa iba vypo\u010d\u00edtan\u00e9. pokorne formulovan\u00fdm slov\u00e1m a opatrn\u00fdm, ale rozhodn\u00fdm \u010dinom tohto \u010dloveka ver\u00edm."}, {"userName": "Hana Moualla", "userReviewDate": "Jan 23, 2012", "userURL": "http://www.goodreads.com/user/show/7501564-hana-moualla", "userReview": "Read and reviewed (this in Czech language), do not know much about translation quality, but would love to suggest to readers who are trying to understand European history or Czechoslovakia history itself. Our first president was a philosoph and very charismatic politic. The one who should not be forgotten."}, {"userName": "Zuzana", "userReviewDate": "Mar 26, 2012", "userURL": "http://www.goodreads.com/user/show/8160695-zuzana", "userReview": "\u010c\u00e1st z Masrykova d\u011btstv\u00ed a ml\u00e1d\u00ed byla velmi zaj\u00edmav\u00e1 a \u010dtiv\u00e1. \u010c\u00edm vzd\u011blan\u011bj\u0161\u00ed a zku\u0161en\u011bj\u0161\u00ed v\u0161ak TGM byl, t\u00edm v\u00edce se projevovaly moje neznalosti a kniha se tak postupn\u011b stala ne\u010ditelnou (resp. nesrozumitelnou), co\u017e samoz\u0159ejm\u011b nen\u00ed chyba p\u00e1n\u016f Masaryka a \u010capka..."}, {"userName": "Jan Cerny", "userReviewDate": "Jan 25, 2011", "userURL": "http://www.goodreads.com/user/show/4811416-jan-cerny", "userReview": "Velmi pou\u010dn\u00e9 d\u00edlo o \u0161irok\u00e9m pohledu na sv\u011bt na\u0161eho prvn\u00edho prezidenta. Obecn\u00e9 mor\u00e1ln\u00ed rady se daj\u00ed ve v\u011bt\u0161in\u011b p\u0159\u00edpad\u016f aplikovat i v sou\u010dasnosti. \u0160koda jen, \u017ee jsem \u010detl vyd\u00e1n\u00ed z roku 1969, v budoucnu zkus\u00edm sehnat origin\u00e1l z roku 1935."}, {"userName": "Tom\u00e1\u0161 Falt\u00edn", "userReviewDate": "Aug 19, 2014", "userURL": "http://www.goodreads.com/user/show/23691906-tom-falt-n", "userReview": "P\u0159e\u010detl jsem pouze prvni \u010d\u00e1st-biografii, kter\u00e1 byla v\u00fdborn\u00e1. Druhou \u010d\u00e1st, kter\u00e1 se zab\u00fdvala filosofi\u00ed, byla pro m\u011b t\u011b\u017eko straviteln\u00e1 a ani jsem ji nedo\u010detl."}, {"userName": "David", "userReviewDate": "Apr 07, 2013", "userURL": "http://www.goodreads.com/user/show/8861673-david", "userReview": "Kniha pro ka\u017ed\u00e9ho, koho zaj\u00edm\u00e1 historie, st\u00e1t, vlastenectv\u00ed stejn\u011b, jako aktu\u00e1ln\u00ed d\u011bn\u00ed - proto\u017ee pro jeho pochopen\u00ed je nezbytn\u00e9 zn\u00e1t historizuj\u00edc\u00ed v\u00fdvoj."}, {"userName": "Jim Talbott", "userReviewDate": "Jul 11, 2012", "userURL": "http://www.goodreads.com/user/show/3049017-jim-talbott", "userReview": "Fast paced and enjoyable to read the perspective of a President intellectual, liberal humanist..."}, {"userName": "Jaroslav Urban", "userReviewDate": "Sep 01, 2013", "userURL": "http://www.goodreads.com/user/show/14478949-jaroslav-urban", "userReview": "Povinnost pro ka\u017ed\u00e9ho."}], "description": "Never have two such important world figures collaborated in a biography: Tom\u00e1\u0161 Garrigue Masaryk (1850\u20131937), the original philosopher-president who founded Czechoslovakia in 1918, and Karel Capek (1890\u20131938), the leading Czech writer of the time. Capek interviewed Masaryk over a number of years and produced a single narrative that tells Masaryk's incredible story in a voice as ordinary yet magical as the best of Capek's fictional characters. The result is a biographical work like no other, in form or in content.", "title": "Talks With T. G. Masaryk", "url": "http://www.goodreads.com/book/show/636408.Talks_With_T_G_Masaryk", "average": 4.3, "cover": "http://d.gr-assets.com/books/1328862213l/636408.jpg", "reviews": 12, "authors": [{"url": "http://www.goodreads.com/author/show/439723.Karel_apek", "name": "Karel \u010capek"}, {"url": "http://www.goodreads.com/author/show/66349.Michael_Henry_Heim", "name": "Michael Henry Heim"}], "outlinks": ["http://www.goodreads.com/book/show/10315964-hovory-s-tgm", "http://www.goodreads.com/book/show/17666815-hovory-s-t-g-masarykem", "http://www.goodreads.com/book/show/8202671-talks-with-t-g-masaryk", "http://www.goodreads.com/book/show/13636544-gespr-che-mit-masaryk", "http://www.goodreads.com/book/show/17666815-hovory-s-t-g-masarykem", "http://www.goodreads.com/book/show/10315964-hovory-s-tgm", "http://www.goodreads.com/book/show/10315964-hovory-s-tgm", "http://www.goodreads.com/book/show/10315964-hovory-s-tgm", "http://www.goodreads.com/book/show/17666815-hovory-s-t-g-masarykem", "http://www.goodreads.com/book/show/4389347-z-hada-hlavolamu", "http://www.goodreads.com/book/show/6556212-romeo-julie-a-tma", "http://www.goodreads.com/book/show/3055089-kytice", "http://www.goodreads.com/book/show/725311.Mr_Theodore_Mundstock", "http://www.goodreads.com/book/show/2916396-d-m-o-tis-ci-patrech", "http://www.goodreads.com/book/show/3506110-summer-of-caprice", "http://www.goodreads.com/book/show/237609.Prague_Tales", "http://www.goodreads.com/book/show/6717821-star-eck-b-je-a-pov-sti", "http://www.goodreads.com/book/show/4617643-slavnosti-sn-enek", "http://www.goodreads.com/book/show/4796846-bylo-n-s-p-t", "http://www.goodreads.com/book/show/1724928.Saturnin", "http://www.goodreads.com/book/show/4211144-labyrint-sv-ta-a-r-j-srdce", "http://www.goodreads.com/book/show/725268.May", "http://www.goodreads.com/book/show/6509700-t-k-hodina", "http://www.goodreads.com/book/show/6699778-div-b-ra", "http://www.goodreads.com/book/show/13005889-vyhn-n-gerty-schnirch", "http://www.goodreads.com/book/show/4617242-krysa", "http://www.goodreads.com/book/show/1686102.Audience", "http://www.goodreads.com/book/show/816440.War_with_the_Newts", "http://www.goodreads.com/book/show/436562.R_U_R_", "http://www.goodreads.com/book/show/6710247-the-white-disease", "http://www.goodreads.com/book/show/6202231-d-e-ka-ili-ivot-t-n-te", "http://www.goodreads.com/book/show/33409.Tales_from_Two_Pockets"]}