{"ratings": 2098, "userreviews": [{"userName": "Weathervane", "userReviewDate": "Dec 15, 2008", "userURL": "http://www.goodreads.com/user/show/1197500-weathervane", "userReview": "An atrocious mess.Jordan Blake and his sister Nicole live in California, and they're sick of the good weather. Their dad is a photographer who is easily distressed by Jordan's weak pranks.Their dad goes to Alaska to search for the abominable snowman, and he figures it'd be a good idea to take his kids along with him.Well, surprise, it wasn't.Basically there's no way I can describe how truly terrible this book is without going into the ending, and I'm not going to do that. But rest assured that it makes no sense whatsoever. Not even in the kind-of-funny absurd way Goosebumps sometimes manages to pull off. It's rather sad, because it easily could've gone in another direction."}, {"userName": "Isabel Orama", "userReviewDate": "Dec 06, 2014", "userURL": "http://www.goodreads.com/user/show/13309185-isabel-orama", "userReview": "The book that I read today was about two siblings named Jordan and Nicole Blake. They both live in Pasadena, California with their dad. Their mom lives with out them because their dad and mom got divorced. Jordan, Nicole, and their dad are tired of the heat. They have never seen snow before and are hoping to see it some day. One hot day, their father told them that he has to go to Alaska to find the abominable snowman for his research. Since the babysitter is busy and their mom has work to attend to, Jordan and Nicole have to go with their father. They both are excited to finally see snow and how it feels. When they reach Alaska, they have a tour guide named Arthur that is supposed to take them to an abandoned cabin where the abominable snowman has been seen. Arthur warns them that it's to dangerous to take any chances, but their father needs the pictures of the abominable snowman. It takes 10 miles to reach their destination by foot. When they finally arrived, they where really tired. Some nights, they have been hearing noises coming from the mountain top every night. But then one night, Arthur decides to abandon Jordan, and Nicole when there dad was out looking for the monster. Arthur takes all the food, supplies, and the huskies that where supposed to carry their luggage. Jordan and Nicole decide to go after Arthur, but then a snow storm strikes and they get lost. They both try to search for the cabin until they find the abominable snowman instead. The snowman was sleeping, so Jordan and Nicole decided to run. They both find a small brown dot far away from the mountain and then found out that it was the cabin. So they both ran, until Jordan accidentally sneezes and the snowman wakes up. They both run as fast as they can, until they reached the cabin. Jordan and Nicole hid themselves behind the stove in the cabin, until the door opens. They both realize that their dad is the one that opened the door. Strangely, the abominable snowman disappeared. Nicole and Jordan tell their dad what they have found and their dad wants to see if they are telling the truth, so he wants them to lead him where the snowman is located. When they reach the cave, they find the abominable snowman in an ice barrier. Their dad is startled and starts to take picture of it. Then, he decides to carry the all the way back to California. So, he uses his Walkie talkie to communicate with the pilot of the plane that brought them to Alaska.When they went back to California, they tell their friends all about their adventure. When their friends don't believe them, Jordan and Nicole show them the frozen abominable snowman. When they all reached the basement where the abominable snowman is kept, they find nothing. Jordan and Nicole are shocked and told their dad what had happened. He wasn't  mad, because he had pictures of the snowman. But when he went to find the pictures, they where gone and he remembered that he had left them in the plane. The end"}, {"userName": "Asher", "userReviewDate": "Jan 19, 2010", "userURL": "http://www.goodreads.com/user/show/2760580-asher", "userReview": "THis book is interesting if you like a scary comedy. these kids go to alaska and its odd beacaues theyve never seen snow.i think thats odd that they have never seen snow when they live in the united states. it made me wonder, where do they go for there vacations. it is an odd book because of the fact that theres an abominable snowman. and then the fact that they have to goo search for it is even funnier."}, {"userName": "Bimmies", "userReviewDate": "Dec 23, 2014", "userURL": "http://www.goodreads.com/user/show/32605193-bimmies", "userReview": "The premises of this book were nice: from the first few pages it's clear the story is setting itself up to be a Goosebumps retelling of King Kong. However, when it comes to the development, it all falls apart: keeping the total length of the book in consideration, the characters spend too much time in Alaska, causing the conclusion back in Pasadena to feel rushed. In particular, the events in the closing chapters of the story feel insipid, uninspired and are extremely disappointing.The writing and characters are what you'd typically expect from a Goosebumps story: I can appreciate them, but after a few books they start getting repetitive and feeling a bit \u201csamey\u201d, especially when it comes to sibling rivalries.In conclusion, what could have been an interesting story falls completely flat on the plot elements that would have actually mattered."}, {"userName": "Summer", "userReviewDate": "Jul 30, 2014", "userURL": "http://www.goodreads.com/user/show/5736679-summer", "userReview": "Yeah, I'm another one of those adults taking a trip down memory lane. I loved checking out the Goosebumps books at my elementary school. I credit this series as being one that got me really into reading.So, does it stand up to the test of time? This one doesn't really. It has some nice well-rounded (albeit, cliche too) characters and a plot with some potential. The writing isn't bad for its time, but feels dated a couple decades later. I'm not the first to say that the title and the cover art are misleading. The book doesn't take place in Pasadena CA (which would be a great campy horror by itself) - it takes place in Alaska. The plot was straight-forward but fell apart at the end into a convoluted mess. Still a fun romp for kids though."}, {"userName": "Molly", "userReviewDate": "Nov 11, 2012", "userURL": "http://www.goodreads.com/user/show/9236500-molly", "userReview": "The entire series is corny, silly, far from scary, and bordering on stupid. But it's ADDICTIVE. It's a genuinely amusing series. Good for kicking back and relaxing."}, {"userName": "Cristina Boncea", "userReviewDate": "Jul 24, 2014", "userURL": "http://www.goodreads.com/user/show/5484880-cristina-boncea", "userReview": "E vorba despre Jordan \u0219i sora lui Nicole, care au 12 ani \u0219i locuiesc \u00een Pasadena. P\u0103rin\u021bii lor sunt divor\u021ba\u021bi \u0219i tat\u0103l lor este fotograf. Acesta prime\u0219te slujba de a fotografia Teribilul om de z\u0103pad\u0103 din Alaska (s\u0103-i zicem simplu TOZ). Cei trei merg acolo \u0219i stau la o caban\u0103, ghida\u021bi de Arthur care are o sanie cu c\u00e2ini. Acesta e foarte speriat de TOZ \u0219i \u00eei las\u0103 balt\u0103 plec\u00e2nd cu trei dintre c\u00e2ini. Jordan \u0219i Nicole se r\u0103t\u0103cesc \u00eencerc\u00e2nd s\u0103-l opreasc\u0103 \u0219i ajung fix \u00een pe\u0219tera TOZ-ului. TOZ \u00eei ridic\u0103 pe am\u00e2ndoi \u0219i le d\u0103 drumul c\u00e2nd ajung afar\u0103. Jordan \u0219i Nicole ajung \u00eenapoi la caban\u0103 la tat\u0103l lor \u0219i acesta merge \u00eenc\u0103 o dat\u0103 cu ei \u00een pe\u0219ter\u0103 pentru a-i face poze monstrului, care st\u0103 \u00eenghe\u021bat pe perete. Ace\u0219tia \u00eel pun \u00eentr-un geamantan mare \u0219i se \u00eentorc \u00een Pasadena. C\u00e2nd Jordan scoate doi bulg\u0103ri de z\u0103pad\u0103 pe care-i luase ca amintire iar Nicole \u00eei arunc\u0103 \u00een prietena lor, Lauren, tot ce ating bulg\u0103rii se transform\u0103 \u00een ghea\u021b\u0103 ce nu se tope\u0219te nici la temperatura de 40 de grade. Lauren reu\u0219e\u0219te s-o \u00eenghe\u021be pe Nicole \u0219i Jordan e nevoit s\u0103-l trezeasc\u0103 pe TOZ din geamantan pentru a o dezghe\u021ba. Asta e exact ceea ce TOZ face, inclusiv pentru peluz\u0103, dup\u0103 care o \u0219terge din cauza c\u0103ldurii. Cei trei pun ceilal\u021bi bulg\u0103ri din geamantan \u00eentr-o pung\u0103 pe care o \u00eengroap\u0103 pe un teren viran de peste strad\u0103 dar gemenii Kara \u0219i Kyle \u00eei dezgroap\u0103 \u0219i \u00eencep s\u0103 se bat\u0103 cu ei. Aici se termin\u0103 cartea \u0219i nu e nimic altceva ce nu am spus. 120 de pagini. Scurt \u0219i la obiect. A\u0219a cum trebuie s\u0103 fie o carte horror (nu neap\u0103rat scurt\u0103). Nu sunt alte personaje. Sau descrieri. E din punctul de vedere al lui Jordan. C\u0103r\u021bile Goosebumps mi s-au m\u0103rut mereu foarte cool. Am citit-o pe asta (recitit\u0103 defapt) dup\u0103 ceva vreme. Am citit multe altele \u0219i \u0219tiu c\u0103 mi-au pl\u0103cut. Asta nu e nici pe departe cea mai bun\u0103 dar trebuie s\u0103 recunoa\u0219tem c\u0103 e o poveste cool. \u0218i finalul. C\u0103r\u021bile Goosebumps mereu au finaluri cool din c\u00e2te-mi amintesc. Chiar vreau s\u0103 am toat\u0103 seria."}, {"userName": "Julia Brumfield", "userReviewDate": "Oct 05, 2013", "userURL": "http://www.goodreads.com/user/show/23785775-julia-brumfield", "userReview": "Ghoosebumps as I mentioned before in another review has never been really my cup of tea but this one seemed to be somewhat interesting with the cover picture (again the cover picture doesn't even closely resembles what happens in the book). Stine kept his characters basic - the ever-present squabbling sister and brother (is this a Stine basic?), the ever-occupied parent and the wish for something to do since the kids are bored. There really isn't much personality put into the characters so it's hard to relate with them when you are reading the book. The story follows along the fact that they are bored and hot so they have nothing much to do. They whine at the arrangements their dad makes while he goes on his job outings and the last time around he has no choice but to take them to Alaska where he is hunting the Abominable Snowman (this truly doesn't make sense as this creature is only found in Asia and not Alaska - creative licensing). From there the kids like usual end up not listening to their dad, get themselves into trouble and then get others into trouble. The story is quick to read, the words are easy to follow and there aren't much surprise to the book.  The only thing that R.L. Stine did seem to keep n rhythm with is that he has a surprise ending that isn't really an ending. If you are in for a quick read and something without much meat this may be a good book for you. And just keep plenty of trail mix around you....."}, {"userName": "David Santos", "userReviewDate": "Nov 02, 2011", "userURL": "http://www.goodreads.com/user/show/5738922-david-santos", "userReview": "I have to take off points, because of the ending and we never learn about what happened to the \"Snowman\" after his escape. I hate it whens stories end just like that. The story looked promising. We had a guide that hated the kids (which we never read what happened to him either!)and that's always fun because it makes you believe he is up to something bad. I love snow, so I don't mind reading about it, but there was so much left out of this book there was almost no point in writing it. Its an unsolved mystery, except this wasn't  mystery. Also the book says the \"snowman\" is about a head taller than the boy, yet on the cover he is almost the height of the street light.Told through male first person. An easy read, but too much was left in the air to actually enjoy it. See, it was hat lame I couldn't even think of anything funny to say!"}, {"userName": "Kayla Mcminn", "userReviewDate": "Jan 01, 2015", "userURL": "http://www.goodreads.com/user/show/38006070-kayla-mcminn", "userReview": "Read the goosebumps books and collected them at 10. I use to love them as they were a simple easy read, read multiple books a day.R.L.Stine was my favourite author and I am currently reading his new book 'Red Rain' some years later. Such great childrens books."}, {"userName": "Tracey", "userReviewDate": "Sep 09, 2014", "userURL": "http://www.goodreads.com/user/show/5907530-tracey", "userReview": "So what the hell was going on with the snowman? Was he an animal or did he used to be human? Why did he love trail mix so much? Why was he so helpful with the kids? And where the hell did he go when he ran off in Pasadena? My guess is that he's dead from overheating since R.L. Stine didn't bother to give me a proper ending."}, {"userName": "\u0623\u062d\u0645\u062f \u0627\u0644\u0646\u0627\u063a\u064a", "userReviewDate": "Mar 04, 2014", "userURL": "http://www.goodreads.com/user/show/19458613", "userReview": "[\u0647\u0631\u0648\u0628 \u0622\u0631\u062b\u0631..\u0644\u064a\u0647 \u0622\u0631\u062b\u0631 \u0633\u0627\u0628 \u0643\u0644\u0628 \u0648\u0627\u062d\u062f..\u0644\u064a\u0647 \u0631\u062c\u0644 \u0627\u0644\u062c\u0644\u064a\u062f \u0633\u0627\u0628\u0647\u0645..\u0627\u062e\u062a\u0641\u0627\u0621 \u0627\u0644\u0635\u0648\u0631..\u0633\u062e\u0627\u0641\u0629 \u0643\u0627\u0631\u0644\u0627 \u0648\u0643\u0627\u064a\u0644 3:) (hide spoiler)]"}, {"userName": "Haaley Lawley", "userReviewDate": "May 08, 2014", "userURL": "http://www.goodreads.com/user/show/24458169-haaley-lawley", "userReview": "I absolutely love R.L. Stine. He is such a wonderful author. The books are always silly and have you on the edge of your seat."}, {"userName": "Sahil Soni", "userReviewDate": "Jan 09, 2015", "userURL": "http://www.goodreads.com/user/show/38645924-sahil-soni", "userReview": "it's a god book"}, {"userName": "Yuri Chan", "userReviewDate": "Jul 21, 2014", "userURL": "http://www.goodreads.com/user/show/33246012-yuri-chan", "userReview": "This was dumb."}, {"userName": "Glenn", "userReviewDate": "Oct 16, 2013", "userURL": "http://www.goodreads.com/user/show/22061359-glenn", "userReview": "Currently rereading my original Goosebumps collectionI iked this one until R. L. Stine ruined the ending by changing the plot and making it about 'magic snow'. I wanted more of the snowman! Also, this cover is fairy misleading. This book is not about The Abominable Snowman wreaking havoc across California. Not an entirely bad book, but  could've focused more on the plot with the snowman.Read from October 15, 2013 - October 15, 2013"}, {"userName": "Michaella Kraeva", "userReviewDate": "Jun 10, 2014", "userURL": "http://www.goodreads.com/user/show/28139856-michaella-kraeva", "userReview": "It got cute... at the end"}, {"userName": "Spencer 11-12", "userReviewDate": "May 21, 2012", "userURL": "http://www.goodreads.com/user/show/6277020-spencer-11-12", "userReview": "In my opinion this book was decent.First of all its around 100 pages so there isn't much room for detail.Second,the story skipped around a lot.In one paragraph they were transporting something and in the next paragraph it was already there.Lastly,the story overall was pretty good and there was a lot of suspence at the end of each chapter.On a scale from 1 to 100 I give it a 65."}, {"userName": "Victoria Angelone", "userReviewDate": "Jan 13, 2014", "userURL": "http://www.goodreads.com/user/show/10171327-victoria-angelone", "userReview": "Another favorite Goosebumps book!!!"}, {"userName": "Patrick", "userReviewDate": "Nov 02, 2009", "userURL": "http://www.goodreads.com/user/show/1996773-patrick", "userReview": "Goosebumps.  This is the series that kept me reading through my childhood.  More than any other series, Goosebumps kept me interested in reading, and R.L. Stein is a wonderful children's writer.  I applaud his efforts, and can't express enough my gratitude for the series."}, {"userName": "Dillon", "userReviewDate": "Nov 19, 2009", "userURL": "http://www.goodreads.com/user/show/2760561-dillon", "userReview": "this is a great book for anybody that likes excitement and suspense that keeps you on the edge of your seat.  i really enjoyed this book and i think anyone that reads it will to.  i would suggest this book to anyone that can read. thats how good it is."}, {"userName": "Drucilla", "userReviewDate": "Jun 05, 2012", "userURL": "http://www.goodreads.com/user/show/5476796-drucilla", "userReview": "[the magic snow/pictures been explained (hide spoiler)]"}, {"userName": "Brittany Perry", "userReviewDate": "Jun 19, 2013", "userURL": "http://www.goodreads.com/user/show/17997310-brittany-perry", "userReview": "Loved that the snowman was nice. The snowballs were the real evil. Should have had a different title I think since the snow balls were the real danger. I think it is amazing how he always leaves readers hanging at the end."}, {"userName": "Jennifer", "userReviewDate": "Mar 28, 2012", "userURL": "http://www.goodreads.com/user/show/5181917-jennifer", "userReview": "Best thing: the teddy bear prank.I thought picking up Goosebumps after all these years would be fun, but I'm really disappointed. I'm tired of these nonsense cliffhangers."}, {"userName": "Hawkeye", "userReviewDate": "Nov 09, 2008", "userURL": "http://www.goodreads.com/user/show/1693179-hawkeye", "userReview": "this book is about a kid who's dad takes a buisness trip to alaska. while he's there, there's an abominable snowman attacking the town that he's in."}, {"userName": "Padmashree Rajagopalan", "userReviewDate": "May 24, 2013", "userURL": "http://www.goodreads.com/user/show/12160162-padmashree-rajagopalan", "userReview": "It was cool to read it because they had come to explore about a abominable snowman from California to a \"cold place!\" I could relate it to me..!"}, {"userName": "Alysha DeSha\u00e9", "userReviewDate": "Mar 28, 2013", "userURL": "http://www.goodreads.com/user/show/4896879-alysha-desha", "userReview": ":-D  California has an Abominable Snowman?  I bet he and his magic snow causes cancer just like everything else in their state does!!"}, {"userName": "Srinidhi.R Srinidhi.R", "userReviewDate": "Jun 27, 2011", "userURL": "http://www.goodreads.com/user/show/2030278-srinidhi-r-srinidhi-r", "userReview": "I liked the story upto the middle.was thrilling for some time and slowly the story loses to keep up to the pace..funny ending!!"}, {"userName": "Tasha  A.", "userReviewDate": "Aug 13, 2013", "userURL": "http://www.goodreads.com/user/show/16065539-tasha-a", "userReview": "The first Goosebumps I read. The one that made me addicted. I should say thanks to my aunt. (this is a pretty random review)"}, {"userName": "esther", "userReviewDate": "Jun 15, 2013", "userURL": "http://www.goodreads.com/user/show/19332323-esther", "userReview": "One of the first Goosebumps i ever read. It was quite intresting. Not that scary though. Enjoyable nonetheless"}], "description": "Jordan and his sister live in hot Pasadena, and just for once they'd like a real winter with real snow. Then their dad offers to take them to Alaska. But there's a catch. Dad wants to photograph the Abominable Snowman, but he's not camera-friendly.", "title": "The Abominable Snowman of Pasadena\n      \n          (Goosebumps #38)", "url": "http://www.goodreads.com/book/show/320100.The_Abominable_Snowman_of_Pasadena", "average": 3.4, "cover": "http://d.gr-assets.com/books/1389156249l/320100.jpg", "reviews": 49, "authors": [{"url": "http://www.goodreads.com/author/show/13730.R_L_Stine", "name": "R.L. Stine"}], "outlinks": ["http://www.goodreads.com/book/show/125604.El_Abominable_hombre_de_las_nieves_en_Pasadena_Escalofr_os_34_", "http://www.goodreads.com/book/show/9766712-il-mostro-delle-nevi-a-pasadena", "http://www.goodreads.com/book/show/22807940-teribilul-om-de-zapada-din-pasadena", "http://www.goodreads.com/book/show/402462.Monster_Blood", "http://www.goodreads.com/book/show/363406.The_Decision", "http://www.goodreads.com/book/show/1855936.Return_of_the_Mummy", "http://www.goodreads.com/book/show/363428.Bruce_Coville_s_Book_of_Ghosts", "http://www.goodreads.com/book/show/1192783.The_Girl_Who_Cried_Monster", "http://www.goodreads.com/book/show/125553.Welcome_to_Dead_House", "http://www.goodreads.com/book/show/125542.Stay_Out_of_the_Basement", "http://www.goodreads.com/book/show/176284.Monster_Blood", "http://www.goodreads.com/book/show/125662.Say_Cheese_and_Die_", "http://www.goodreads.com/book/show/125601.The_Curse_of_the_Mummy_s_Tomb", "http://www.goodreads.com/book/show/125562.Let_s_Get_Invisible_", "http://www.goodreads.com/book/show/125564.Night_of_the_Living_Dummy", "http://www.goodreads.com/book/show/125581.The_Girl_Who_Cried_Monster", "http://www.goodreads.com/book/show/125538.Welcome_to_Camp_Nightmare", "http://www.goodreads.com/book/show/125549.The_Ghost_Next_Door", "http://www.goodreads.com/book/show/125553.Welcome_to_Dead_House", "http://www.goodreads.com/book/show/125564.Night_of_the_Living_Dummy", "http://www.goodreads.com/book/show/125662.Say_Cheese_and_Die_", "http://www.goodreads.com/book/show/308540.The_Haunted_Mask", "http://www.goodreads.com/book/show/125540.One_Day_at_Horrorland"]}