{"ratings": 834, "userreviews": [{"userName": "Larry Bassett", "userReviewDate": "Sep 17, 2011", "userURL": "http://www.goodreads.com/user/show/3816725-larry-bassett", "userReview": "If Giovanni is a new name to you, she is worth reading. The book begins in her angry Black Power days but she moves from the political to the personal over the years. But you never forget that she is Black. She is proud to be Black and angry and distressed with the discrimination faced by Blacks for so long. You will find the words Black, colored, Negro and nigger throughout, each with their own meaning . Her work is sensitizing and informing. There is also humor and attitude. She portrays herself as a person who will tell you what she thinks and her work seems to bear that out.The 25 page Introduction and Chronology to The Collected Poetry of Nikki Giovanni is a presentation of the poet Nikki Giovanni for those like me who have only recently heard of her.To read through this volume of Giovanni\u2019s poetry is indeed to read \u201cthe story\u201d of the last thirty years (note: 1968 - 1998)of American life, as that life has been lived, observed, and reflected about by a racially conscious Black woman. I give  The Collected Poetry of Nikki Giovanni four stars. It was both fun and thought provoking. If I was going to recommend just one of her books, it would be Cotton Candy on a Rainy Day. I liked just about every poem in that book. But this collection gives you six for the price of one. It is almost totally free verse with the smallest amount of rhyming. The Collection contains all the poetry from her six major books during the 1968 to 1998 time period including Cotton Candy. The book also includes a good deal of biographical and descriptive material that is great for the uninitiated reader. This book is a teacher. It helps you learn. It offers some guidance. Don\u2019t get to page 74 like me before realizing that there are 70 pages of notes about many of the poems at the back of the book. The notes don\u2019t tell you what the poems mean but what some of the references mean. Since I lived through that time, I knew many of the references but there was other descriptive information in the notes. They made the poems more meaningful and readable for me, especially if I read the notes before reading the poem. The back of the book contains a good deal of additional information about Giovanni. Thanks to whoever put this book together. It is an excellent learning package. For me, it would be an excellent model for all books of poetry.The poetry is often based on current events so some knowledge of the era when Giovanni is writing is useful, but if you were not born yet, the notes at the back of the book are great. Many of us did live through that time; Giovanni was born in 1943 so is three years older than I am. The book was published in 2003 and represents the collection of the poet\u2019s work from 1968 through 1998.Taken from the Introduction written by Virginia C. Fowler in 1995: Giovanni does not believe \u2026  that the poet \u2026 has visionary powers beyond those of people who are not poets or writers. She also denies the power of poetry to change the world, as she has stated, \u201cI don\u2019t think that writers ever changed the mind of anybody. I think we always preach to the saved.\u201d When you read the poetry, you may not agree. I cannot really tell since I am one of the \u201csaved\u201d.  Is a poet always accurate about the impact of her work?To paraphrase Ms. Fowler, Giovanni believes that aesthetic value emerges from and is dependent on moral values and that the poet writes not from experience but from empathy. (That is about is deep as I can wade with my limited knowledge about how poetry happens! But I wanted to throw that in for the one expert who may read this to see what the common person gets.)Some of Giovanni\u2019s poetry takes a new form: Published in 1983, Those Who Ride the Night Winds marks Giovanni\u2019s innovation of a new \u201clineless\u201d poetic form in which word groups are separated from each other by ellipses rather than line breaks. I have never experienced that format so it took some getting used to and emphasized that what Giovanni writes is often a narrative. Worth checking out if you consider yourself a poetry person.Nikki Giovanni\u2019s poetry is meant to be read out loud. And I found it enjoyable to read it out loud to myself. I also looked for some sources of her talking and reading her poems. I found some on youtube.Talking about Rosa Parks, Harry Potter and poetry: http://www.youtube.com/watch?v=Efhxc4...Nikki Giovanni gives her very funny opinion on Bill Cosby: http://www.youtube.com/watch?v=bo9UaH...An interview: http://www.youtube.com/watch?v=EPndtZ...And there are more. Try reading some out loud to yourself. You might find that you are pretty good at it. Here\u2019s one to try right now:\nRevolutionary Dreamsi used to dream militantdreams of takingover america to showthese white folks how it should bedone i used to dream radical dreamsof blowing everyone away with my perceptive powersof correct analysisi even used to think i\u2019d be the oneto stop the riot and negotiate the peacethen i awoke and dugthat if i dreamed naturaldreams of being a naturalwoman doing what a womandoes when she\u2019s naturali would have a revolution\nNikki Giovanni is a poet and reading her poetry and voicing her mind she becomes an actor. She has quite an in person presence. Her poetry is in the oral tradition so benefits from being spoken. Some could be lyrics to a song. She has a sharp mind and is blunt to share it. She is available on CD and DVD as well as in print."}, {"userName": "Nathan", "userReviewDate": "Oct 11, 2011", "userURL": "http://www.goodreads.com/user/show/1064644-nathan", "userReview": "Nikki Giovanni has always seemed to me to be the quintessential modern poet: her social concerns reflect the ubiquitous tensions of her time, her more introspective work is solidly in the tradition of modern navel gazers. For anyone who likes that oeuvre, this will be delightful. I found it tiresome. Giovanni's themes are worthwhile, of course, and none of my dislike of her poetry stems from her honest and relevant reflections on the issues of race and womanhood.It stems from her voice, not what she says with it. This collection showcases every free verse cliche I've ever seen and detested: lower-case \"I\" for no reason, random spaces for some ill-defined emphasis. I used to write pages of this stuff as an angsty teenager, and while the thematic content of Giovanni's work is undoubtedly more significant, I don't think her technical ability is all that removed from every other sensitive artist-wannabe with feelings, an  over-affection for the space bar and an antipathy for the caps-lock.Of course, you could point out Giovanni's popularity as some kind of justification for her art. That's fine; different people like different things, and apparently, a lot of people like this stuff. But I think that's because this stuff appeals to the broader audience, because it demands so little of the reader. The forms aren't complicated or technically sophisticated, the themes are universally respected already. There's nothing to rub up against, nothing to grow from.This is poetry as most people like it; I'm not, in this case, most people."}, {"userName": "Christina", "userReviewDate": "Apr 14, 2011", "userURL": "http://www.goodreads.com/user/show/55783-christina", "userReview": "Really enjoying seeing the evolution of this famous poet, whom I got to meet recently. Wonderful poems about all sorts of topics from politics and history to love and family. Great voice, such a treasure. I really appreciated the notes in the back of the volume that explained who some of the poems were dedicated to and  gave historical background for many of the events that Giovanni referenced."}, {"userName": "Sala Bim", "userReviewDate": "Nov 22, 2014", "userURL": "http://www.goodreads.com/user/show/4875307-sala-bim", "userReview": "I met Ms. Giovanni at a national conference once and she was kind enough to autograph my copy of this book for me. Amazingly prolific, frank, and insightful woman, and this wonderful and deft collection of her poetry justly reflects that. Inspiring!"}, {"userName": "Nicole George", "userReviewDate": "Sep 17, 2009", "userURL": "http://www.goodreads.com/user/show/2542740-nicole-george", "userReview": "One of my favorite poets of all time. Don't just think because she has a cool name ;) The Real Miss Nikki G"}, {"userName": "Jamila Abdulrashid", "userReviewDate": "Jul 16, 2014", "userURL": "http://www.goodreads.com/user/show/33126073-jamila-abdulrashid", "userReview": "This collection of poetry is a historical timeline of the Black Arts Movement of the 1960\u2019s.  Its lyrical content speaks to the conscience of a culture deeply rooted in revolution.  It tells the notable struggle of a nation divided by civil rights.  \u201cThe source of my work has always been black Americans.  I am absolutely fascinated by what we are, and how we have conducted our business more than three hundred years in America.\u201d  (Giovanni, 2007).  This is a great book for teachers of humanities to use with students as it covers both English Language Arts and history. Highly recommend."}, {"userName": "Amanda ", "userReviewDate": "May 08, 2009", "userURL": "http://www.goodreads.com/user/show/1451145-amanda", "userReview": "Quite possible my favorite poetry book of all time. Nikki Giovanni is amazing."}, {"userName": "Pam Gary", "userReviewDate": "Sep 21, 2012", "userURL": "http://www.goodreads.com/user/show/4268832-pam-gary", "userReview": "She tells it like it is.  Her choice and arrangement of words is superb."}, {"userName": "Jason", "userReviewDate": "Aug 31, 2011", "userURL": "http://www.goodreads.com/user/show/2414788-jason", "userReview": "Woah! My first experience with an NG poem was \"Knoxville, Tennessee,\" a lighthearted descriptive poem. I had no idea she was a part of the black power movement. Many of the poems in this collection channel her frustrations and observations about the civil rights movement. After a while, a lot of those poems started to sound the same to me.To me, where Giovanni shines is when she writes her imagism poems and her sweet love poems. Many of these poems have already been anthologized in textbooks for middle school and high school.My favorites:You Came, TooI'm Not LonelyKnoxville, Tennessee (imagism)For TeresaHousecleaning (which features a zinger of an ending)Kidnap Poetry (metapoetry)Winter Poem (cute and fun with good line breaks)The World Is Not a Pleasant Place to be (imagism)Poem (For Anna H and Alfreda D) (creative word choice)Communication (similes)AgeHabitsChoices (great ending)Woman (feminist)Make Up (repeated use of word; double meaning)A Poem of Friendship (sweet)ResignationI Wrote a Good Omelet (love poem)You Were Gone"}, {"userName": "Cheri", "userReviewDate": "Jun 28, 2010", "userURL": "http://www.goodreads.com/user/show/248089-cheri", "userReview": "This selected works collection was my first introduction to Giovanni's poetry. When I began reading it, I wasn't really getting into it. I appreciated the significance of her early work in the context of the era it was written, but the pieces themselves from that time period are so vitriolic and focused on putting down all white people it seems that that is all they accomplish - being angry and pejorative; the form and the message are not very artful. What I loved about this selection, though, is that it spans her career (at least until the year of publication), so you get to see her work mature and improve. And, in the preface, a nice chronology of her life is provided, so you can understand her poems in the context of historical events and her personal life events too. As I progressed through the book, I found myself really enjoying the poems more and more. I'd love to hear her read some day."}, {"userName": "Tiffany", "userReviewDate": "Apr 30, 2009", "userURL": "http://www.goodreads.com/user/show/1940314-tiffany", "userReview": "I am a little biased about some of the poetry in this volume. As a teenage \"poet\" I was introduced to Nikki's work, being black, being female, it was almost important for me, with all those traits to read her as a writer. I liked \"My House\" and another one whose name escapes me (it's been 16 years). And all of those poems are included in this volume, but since the poems from the books I just mentioned were given to me by my Aunt, the Black Revolutionary (wouldn't know it by looking at her but she was in the 70's) and I was 15 when they were passed down, I'm sort of less than objective when reading her other ones, but I've always liked Nikki's style."}, {"userName": "Charmaine", "userReviewDate": "Aug 13, 2014", "userURL": "http://www.goodreads.com/user/show/16020008-charmaine", "userReview": "Great book of poetry I loved the poems she wrote to honor Rosa Parks, Tupac, Betty Shabazz and the Million Man March."}, {"userName": "Terrell", "userReviewDate": "Feb 03, 2008", "userURL": "http://www.goodreads.com/user/show/868547-terrell", "userReview": "Within these pages one gets acquainted with one of our most influential poets ever. The poems here span thirty years from the 1960\u2019s Black Arts Movement, through the civil right movement to the present mother. Giovanni\u2019s work is refreshing, partly because she doesn\u2019t write about her black experience with the fierceness that is often associated with blacks whom participated in the Civil Rights Movement. It is refreshing to read works that touch on the subject of race, by a black who seemingly doesn\u2019t have any stored anger from that time in her life."}, {"userName": "Hector", "userReviewDate": "Feb 01, 2008", "userURL": "http://www.goodreads.com/user/show/862444-hector", "userReview": "It is a good book but contains some poetry even I wouldn't publish.  This is the first of her books that have I read and probably the last.  I feel she is a bit overrated and probably dated.  Many of these people from academia get published simply because they teach at a major university.  Some of our greatest writers, like Walt Whitman, didn't have much formal education.  Whitman left school at the age of twelve.  I believe that if you want to read great poetry, often you must look for those people who have lived on the fringes of society."}, {"userName": "Troy", "userReviewDate": "Jan 09, 2015", "userURL": "http://www.goodreads.com/user/show/215116-troy", "userReview": "Nikki Giovanni is that aunt who knows things, who you love to visit because she gets you, and will tell you things that you remember, and understand years later in a poof of clarity. I've loved her poetry and prose for years, and I bought this while browsing the bookstore and no one had told me that she had a book out. Sure, it's missing some of her later work, particularly the Virginia Tech stuff, and the cutoff of 1998 is...weird, but this is a great compendium of the stuff she was writing to establish herself as a grand poet."}, {"userName": "Michelle Cristiani", "userReviewDate": "Feb 28, 2014", "userURL": "http://www.goodreads.com/user/show/1135369-michelle-cristiani", "userReview": "Honest, straightforward, genuine."}, {"userName": "Maddy", "userReviewDate": "Nov 12, 2011", "userURL": "http://www.goodreads.com/user/show/597386-maddy", "userReview": "The specific poems I particularly liked:I'm Not LonelyFor TommyAloneMaster Charge: BluesLegaciesWinter PoemA Certain Peace[Untitled] (page 163. \"There is a hunger\")Poem (page 181 thinning hair) The Way I FeelIntrospectionChoicesThe Beep Beep PoemSpaceMake UpWinterBeing and NothingnessThat DayCharting the Night WindsThe Poem on the Assassination of Robert F. KennedyFlying Underground (not a fan of the ellipses poems except this one)ResignationWild FlowersBut Since You Finally Asked"}, {"userName": "Essence Michelle", "userReviewDate": "Mar 22, 2009", "userURL": "http://www.goodreads.com/user/show/1689079-essence-michelle", "userReview": "This book may possibly be one of my new favorites! Not only because in my personal opinion, Nikki Giovanni is one of the greatest poets ever, but because her words are filled with the most anger and joy and rhythm that can go into words. Also, i always enjoy her awareness of race but never separation of races. It takes a lot to put your soul into a poem and after reading this collection of about three hundred, I fell as if i was not once deprived of anything she had to offer."}, {"userName": "jill", "userReviewDate": "Feb 12, 2009", "userURL": "http://www.goodreads.com/user/show/275015-jill", "userReview": "I don't like all of Nikki Giovanni's poetry, but there are certain pieces that are great. I got my copy signed at a reading Giovanni did at the library my mom works at.  There was a woman in line behind me to meet Giovanni who found her favorite poem in the world in my copy of the collected poems to show me.  So I ripped out that page and gave it to her to get signed.  I recopied that poem into the back of my book, so I still have it;  I wonder what that lady did with her copy."}, {"userName": "Yasmin", "userReviewDate": "May 15, 2013", "userURL": "http://www.goodreads.com/user/show/1759473-yasmin", "userReview": "An amazing poet, this is my first book of poems by Nikki Giovanni.  From 1968 to 1998 the poems are still bursting with freshness and vitality 15 years later from the last section of poems.   I'm so very glad I picked up this book from the library and look forward very much to adding her poetry books to my library.  Truly she has become a favourite poet of mine."}, {"userName": "Drew Hoffman", "userReviewDate": "Mar 06, 2014", "userURL": "http://www.goodreads.com/user/show/15432184-drew-hoffman", "userReview": "\"The Collected Poetry, 1968-1998\" is a fine representation of a life lived as a revolutionary. Giovanni's potent voice shows off its range here, from the anger and frustration of her early work to the more mellowly elegaic later poems-- the poet's personal evolution is acid-etched and beautiful, the song of a true rebel."}, {"userName": "sydney", "userReviewDate": "Mar 17, 2008", "userURL": "http://www.goodreads.com/user/show/74932-sydney", "userReview": "Nikki Giovanni is amazing.  Her poems bite.  I didn't like the section where the poems had ellipses instead of line breaks.  My brain couldn't handle it.  This is a great book to keep lying around and open up when you need a jolt of inspiration."}, {"userName": "Jennifer", "userReviewDate": "Sep 02, 2014", "userURL": "http://www.goodreads.com/user/show/83139-jennifer", "userReview": "Andrew bought this lovely book for me for Christmas one year. Such an overwhelming block of Nikki all at once! I really must read this again, but slower. Maybe one collection at a time so that they might be more distinct in my mind."}, {"userName": "Mariana", "userReviewDate": "Jul 20, 2009", "userURL": "http://www.goodreads.com/user/show/1725318-mariana", "userReview": "Nikki Giovanni gave a reading on July 3 when I was at Virginia Tech for a Quaker Gathering and I met her.  Her poetry is angry, wise and inspired.  This book chronicles thirty key years of U.S. history."}, {"userName": "Shequitta Kelly", "userReviewDate": "Dec 02, 2007", "userURL": "http://www.goodreads.com/user/show/622851-shequitta-kelly", "userReview": "Nice Poetry. This is a good book to just thumb throught while your riding the train, waiting in the doctor's office, eating lunch etc. Pick it up and put it on your coffee table."}, {"userName": "Denise Lajimodiere", "userReviewDate": "Sep 16, 2007", "userURL": "http://www.goodreads.com/user/show/350653-denise-lajimodiere", "userReview": "I was mesmerized by the powerfull poem she wrote and read just a day or two after the shootings at Virginia Tech, where she teaches as a Distinguished Professor of English."}, {"userName": "Melika", "userReviewDate": "Jun 22, 2010", "userURL": "http://www.goodreads.com/user/show/879623-melika", "userReview": "I love Nikki's style. She steps outside of the box.I have read many of her poems in this book, but there are still many more to read.It has been great so far."}, {"userName": "RUSA CODES", "userReviewDate": "Feb 24, 2011", "userURL": "http://www.goodreads.com/user/show/5000734-rusa-codes", "userReview": "This was one of the 2005 RUSA Notable Books winners. For the complete list, go to http://www.ala.org/ala/mgrps/divs/rus..."}, {"userName": "Dena", "userReviewDate": "May 05, 2012", "userURL": "http://www.goodreads.com/user/show/5838450-dena", "userReview": "Excellent, broken up into segments that flow smoothly into each other. Anyone who truly appreciates the work of Nikki Giovanni will enjoy this book."}, {"userName": "Mary", "userReviewDate": "Jun 01, 2010", "userURL": "http://www.goodreads.com/user/show/3236152-mary", "userReview": "A beautiful collection of poetry from a wonderful woman.  My favorite is Ego Trippin' but she has so many amazing poems!"}], "description": "This omnibus covers Nikki Giovanni's complete work of poetry from 1967\u20131983. THE COLLECTED POETRY OF NIKKI GIOVANNI will include the complete volumes of five adult books of poetry: Black Feeling Black Talk/Black Judgement, My House, The Women and the Men, Cotton Candy on a Rainy Day, and Those Who Ride the Night Winds.Nikki self\u2013published her first book Black Feeling, Black Talk/BlackJudgement in 1969, selling 10,000 copies; William Morrow published in 1970. Know for its iconic revolutionary phrases, it is heralded as one of the most important volumes of modern African\u2013American poetry and is considered the seminal volume of Nikki's body of work.My House (Morrow 1972) marks a new dimension in tone and philosphy\u2013\u2013This is Giovanni's first foray into the autobiographical.In The Women and the Men (Morrow 1975), Nikki displays her compassion for the people, things and places she has encountered\u2013\u2013She reveres the ordinary and is in search of the extraordinary.Cotton Candy on a Rainy Day (Morrow 1978) is one of the most poignant and introspective of all Giovanni's collections. These poems chronicle the drastic change that took place during the 1970s\u2013\u2013when the dreams of the Civil Rights era seemed to have evaporated.Those Who Ride the Night Winds (Morrow 1983) is devoted to \"the day trippers and midnight cowboys,\" the ones who have devoted their lives to pushing the limits of the human condition and shattered the constraints of the stautus quo.", "title": "The Collected Poetry, 1968-1998", "url": "http://www.goodreads.com/book/show/39102.The_Collected_Poetry_1968_1998", "average": 4.39, "cover": "http://d.gr-assets.com/books/1410131782l/39102.jpg", "reviews": 41, "authors": [{"url": "http://www.goodreads.com/author/show/22050.Nikki_Giovanni", "name": "Nikki Giovanni"}, {"url": "http://www.goodreads.com/author/show/79406.Virginia_C_Fowler", "name": "Virginia C. Fowler"}], "outlinks": ["http://www.goodreads.com/book/show/1130483.The_Collected_Poetry_of_Nikki_Giovanni", "http://www.goodreads.com/book/show/7365230-the-collected-poetry-of-nikki-giovanni", "http://www.goodreads.com/book/show/22203555-the-collected-poetry-of-nikki-giovanni", "http://www.goodreads.com/book/show/10161970-the-collected-poetry-of-nikki-giovanni", "http://www.goodreads.com/book/show/10161970.The_Collected_Poetry_of_Nikki_Giovanni", "http://www.goodreads.com/book/show/275130.Cotton_Candy_on_a_Rainy_Day", "http://www.goodreads.com/book/show/1117047.Those_Who_Ride_the_Night_Winds", "http://www.goodreads.com/book/show/1130483.The_Collected_Poetry_of_Nikki_Giovanni", "http://www.goodreads.com/book/show/1130483.The_Collected_Poetry_of_Nikki_Giovanni", "http://www.goodreads.com/book/show/1130483.The_Collected_Poetry_of_Nikki_Giovanni", "http://www.goodreads.com/book/show/1130483.The_Collected_Poetry_of_Nikki_Giovanni", "http://www.goodreads.com/book/show/380188.Shake_Loose_My_Skin", "http://www.goodreads.com/book/show/647526.The_Moments_the_Minutes_the_Hours", "http://www.goodreads.com/book/show/323230.Home_Girls", "http://www.goodreads.com/book/show/40969.Absolute_Trust_in_the_Goodness_of_the_Earth", "http://www.goodreads.com/book/show/13591815-the-collected-poems-of-lucille-clifton-1965-2010", "http://www.goodreads.com/book/show/620693.The_Black_Poets", "http://www.goodreads.com/book/show/9258089-head-off-split", "http://www.goodreads.com/book/show/673936.Daughter", "http://www.goodreads.com/book/show/9444.The_Complete_Collected_Poems", "http://www.goodreads.com/book/show/225750.Selected_Poems", "http://www.goodreads.com/book/show/354284.Black_Girl_in_Paris", "http://www.goodreads.com/book/show/188044.Directed_by_Desire", "http://www.goodreads.com/book/show/712511.The_Black_Notebooks", "http://www.goodreads.com/book/show/51415.Daughters_of_the_Dust_Op_111", "http://www.goodreads.com/book/show/503257.Daddy_Was_a_Number_Runner", "http://www.goodreads.com/book/show/353602.Words_of_Fire", "http://www.goodreads.com/book/show/331181.Ugly_Ways", "http://www.goodreads.com/book/show/39106.Rosa", "http://www.goodreads.com/book/show/39105.Love_Poems", "http://www.goodreads.com/book/show/275130.Cotton_Candy_on_a_Rainy_Day", "http://www.goodreads.com/book/show/5643221-bicycles"]}