{"ratings": 619, "userreviews": [{"userName": "Daniel", "userReviewDate": "Jul 20, 2010", "userURL": "http://www.goodreads.com/user/show/3984815-daniel", "userReview": "This is the 3rd book from Anonymous, aka The Bourbon Kid.  If you\u2019ve not read any of the other books by Anonymous you\u2019re in luck as this one is set prior to the first two books, \u2018The Book With No Name\u2019 and \u2018The Eye Of The Moon\u2019, so you can still re-read those without much being spoiled in this one.  Back to this book and it features a few of the characters from the other novels, namely Sanchez, Elvis, The Mystic Lady and of course The Bourbon Kid himself, who are all in an area known as the Devil\u2019s Graveyard one Halloween for the \u2018Back From The Dead\u2019 singing contest.Like the other books there\u2019s a few pop culture references to look out for and plenty of moments where you\u2019ll find yourself laughing out loud.  Sanchez in particular is in fine form and the \u2018Back From The Dead\u2019 contest itself provides an abundance of laughs.The blood, and of course Sanchez\u2019s \u2018homebrew\u2019, flows as much as you\u2019d expect from an Anonymous novel with plenty of people falling victim to any of the handful of killers that have been lured to the Hotel Pasadena, where the contest is held, and to the other visitors that find their way to the contest as it draws to a close.  I finished it quite quickly, despite trying to pace myself, as like the other novels by our mystery writer it is incredibly engaging and the majority of chapters, if not all, end on a cliff hanger in some form.  There\u2019s a lot going on as well and the novel generally switches between characters every chapter, further keeping the reader hooked to want to read on.Overall I\u2019d happily recommend this as worth a read, along with the previous two books if you haven\u2019t already.  Simply put it is an engaging, action packed novel with plenty of laughs that will keep you hooked right up to the final page."}, {"userName": "Rueken Endegrimm", "userReviewDate": "Dec 25, 2011", "userURL": "http://www.goodreads.com/user/show/6756784-rueken-endegrimm", "userReview": "Meine Meinung: spart euch den Kauf dieses Buches und behaltet einfach den ersten Band (vielleicht auch den zweiten) in guter Erinnerung - dieser abschlie\u00dfende Teil jedenfalls ist lediglich Geldverschwendung. Vielleicht auch, weil die Thematik nun durchgekaut. Aber auch die Dialoge - im ersten Buch noch durchaus erheiternd - sind hier nur mehr dr\u00f6ge und bar allen Lebens. Ansonsten eben das bereits bekannte \"Baller-dich-durch\"-Szenario, das leider auch keinen Schwung in die Sache bringt. Die Beschreibungen der Orte und Szenen wiederum bereiteten mir ernsthafte Kopfschmerzen: sie lesen sich wie ein verdammtes Drehbuch - es scheint, als habe sich der Herr Schreiber (ob nun Tarantino oder nicht) mehr darauf konzentriert, selbst vollkommen unerhebliche Kleinigkeiten aufzuz\u00e4hlen denn dem Leser ein wenig Freiraum f\u00fcr eigene Phantasie zu lassen ... oder die Story einfach ein wenig lebendiger zu gestalten.Wie auch die fr\u00fcheren B\u00e4nde werde ich diesen im Nachhinein noch im englischen O-Ton lesen, doch bezweifle ich, dass es etwas an meiner Meinung \u00e4ndern wird ...Kurzum: ich bin froh, dass ich es beiseite legen kann. Das erste Buch habe ich wirklich genossen, das zweite wartete mit aweng zu viel Ramontik auf, war aber immer noch lesbar.Aber das hier?\u00c4h. Nein."}, {"userName": "Steven Scaffardi", "userReviewDate": "Jun 13, 2013", "userURL": "http://www.goodreads.com/user/show/5823193-steven-scaffardi", "userReview": "Have you ever wondered what would happen if X Factor met Night of the Living Dead? Me neither, but I\u2019m sure as hell pleased that the anonymous author of The Devil\u2019s Graveyard chose to mash these two unlikely forces together!The third in the Bourbon Kid series (following The Book With No Name and The Eye of the Moon) takes a detour away from the vampire and werewolf infested city of Santa Mondega, and instead we are plonked bang in the middle of the Arizona desert at the Hotel Pasadena, which seems to be the holiday destination of choice for the undead as well as every lowlife and murderer in the country! Throw in an army of flesh-eating zombies and you have a whole different meaning to the term self-catering!Please click here to read the rest of this review:http://stevenscaffardi.blogspot.co.uk..."}, {"userName": "Zuzka", "userReviewDate": "Mar 18, 2012", "userURL": "http://www.goodreads.com/user/show/6440457-zuzka", "userReview": "Firstly, I wonder why this book is getting such bad reviews... It is not action-packed as the previous ones; but, damn, there's a reason for this! I am sure it was Anon's intention to tell us more about the Bourbon Kid. And to make it less serious, he whips out Sanchez the dork, Elvis, Mystic Lady, Invincible Angus, and the dumb judges at the X Factor meets Pop Idol show, and yes, there is a Simon Cowel paralell o-o... And of course some hilarious moments. To be honest, this books is the funniest of all three!It was funny to read about the performances of the copycats of famous singers... xD Especially Frank Sinatra and Janis Joplin.Zombies are not lame, for fuck's sake, they are not clich\u00e9d in this book, they are even depicted as smart! I mean, which zombie steals a van and drives off while blasting awful music (-cough- Tom Jones -cough-) ?! :'DAnd holy fuck, some twists here... The Bourbon Kid has a heart. Uh, what?! I was even crying while reading chapter 63... ;_; It was so touching. And I USUALLY LAUGH AT SUCH CORNY SCENES... me, such a sarcastic person! That's really some skill there!All in all, this book is maybe not the best from the quadrilogy, but it is deinitely the funniest one!"}, {"userName": "Tanja", "userReviewDate": "Jan 05, 2015", "userURL": "http://www.goodreads.com/user/show/7359604-tanja", "userReview": ">>Diese Rezension und viele mehr findet ihr auch hier: http://wort-welten.blogspot.de/ Raus aus Santa Mondega, der m\u00f6rderischsten Stadt der Welt und hinein in die W\u00fcste \u2013 das ist zumindest die Devise von Sanchez Garcia, dem \u00fcber die Stadt f\u00fcr seine Feigheit hin bekannten Barmann der Tapioca-Bar. Weil Halloween so ziemlich genau der Tag ist, an dem man in Santa Mondega noch weniger sein m\u00f6chte, als im Vorhof der H\u00f6lle, nutzt er in diesem Jahr die ihm gebotene Chance, eine bei einer Umfrage gewonnene Reise anzutreten \u2013 eine Reise mitten hinein ins Nirgendwo der W\u00fcste, wo er das Halloween-Fest in einem Luxushotel verbringen soll.Mit dieser Idee ist er durchaus nicht alleine, steigt in besagtem Hotel doch wie jedes Jahr in der Halloween-Nacht die Talentshow \u201eBack from the Dead\u201c, bei der sich Imitatoren bereits verstorbener S\u00e4nger einen Wettkampf um den ersten Platz und damit eine Million Dollar und einen Vertrag im Hotel liefern. Und wie Sanchez bald feststellen muss, kennt er bereits einen der Anw\u00e4rter auf die Million: Elvis, der coolste Profikiller \u00fcberhaupt, wenn man Sanchez glauben darf. Wer allerdings annehmen m\u00f6chte, dass der gute Elvis mit seinem Beruf allein auf weiter Flur steht, was die Bewohner des Hotels zu diesem Halloween-Fest angeht, liegt gr\u00fcndlich falsch \u2026Nach und nach trifft ein Killer nach dem anderen ein, wie es scheint. Und alle wollen scheinbar nur eins. Den Auftrag von Julius, einem Teilnehmer an der Talentshow, erf\u00fcllen. Was Julius will? Nun, dass die anderen vier Kandidaten, die insgeheim schon jetzt gemeinsam mit ihm f\u00fcr das Showfinale erw\u00e4hlt wurden, sterben. Warum, wei\u00df niemand so recht, wie es scheint. Aber als dann niemand anders als der ber\u00fcchtigte Bourbon Kid den Auftrag \u00fcbernimmt, beginnt das Morden \u2013 und endet schon sehr bald, als er sich weigert, eine Kandidatin zu t\u00f6ten, die ihn an jemanden erinnert, den er vor genau zehn Jahren verlor.Kleinkrieg unter Killern bringt Sanchez und seinen Kumpel Elvis sehr bald mitten in die W\u00fcste, wo man sie ihr eigenes Grab schaufeln l\u00e4sst. Angeblich soll Julius der verschollene dritte Apostel und das Hotel Pasadena auf einem Tor zur H\u00f6lle erbaut sein. Der Vertrag, den der Sieger der Talentshow am Ende unterschreiben wird, soll seine Seele an den Teufel verkaufen. In der W\u00fcste machen sich Hunderte Monstergestalten, oder besser Ghuls, beziehungsweise Zombies auf den Weg zum Hotel \u2013 und sie haben Hunger. Ja, genau das, was ein Massenm\u00f6rder wie der Bourbon Kid mag \u2026Nachdem mich das Anh\u00f6ren von Das Buch ohne Namen und Das Buch ohne Staben schon total gebannt hatte, konnte ich es einfach nicht l\u00e4nger abwarten, endlich auch die H\u00f6rversion von Das Buch ohne Gnade in die Finger zu bekommen und habe daher einfach zugegriffen, als das Buch so g\u00fcnstig zu haben war. Und nein, ich bereue so gar nichts. Immerhin bin ich mir sicher, dass das H\u00f6rbuch sich schon ziemlich wird anstrengen m\u00fcssen, um mit dem Buch mithalten zu k\u00f6nnen \u2013 und damit meine ich im wahrsten Sinne des Wortes das Tempo.Innerhalb von nur vierundzwanzig Stunden passiert so unbeschreiblich viel, dass man es unm\u00f6glich zusammenfassen kann, ohne dabei mit Leichtigkeit drei Seiten zu \u00fcberschreiten. 429 Seiten angef\u00fcllt mit Bourbon Kid-typischem Gemetzel, fast unertr\u00e4glicher Spannung, genialen Dialogen, herrlich viel Ironie und Witz \u2026 und einfach allem, was man sich als Leser w\u00fcnscht. Wenn man eine Schw\u00e4che f\u00fcr ausufernde Taten gewisser Bourbon trinkender Killer hat. Wenn man, wie ich, die B\u00fccher von Anonymus einfach LIEBT."}, {"userName": "Wal.li", "userReviewDate": "Aug 22, 2014", "userURL": "http://www.goodreads.com/user/show/7435241-wal-li", "userReview": "Over the RainbowZu einer ganz anderen Casting Show bricht Bourbon Kid auf. Zehn Jahre nachdem er zum Bourbon Kid geworben ist. Auf dem Weg zum \u201eBack from the Dead\u201c Festival liest er einen Michael Jackson Imitator auf, der nur deshalb am Leben bleibt, weil er den Weg kennt und zur rechten Zeit den Mund h\u00e4lt. Und auch die alten Bekannten Sanches Carcia und Annabel reisen an, sie haben bei einer Umfrage gerade einen Aufenthalt w\u00e4hrend des Festivals gewonnen. Doch was auch diese Casting Show nicht von vielen anderen unterscheidet, die Finalteilnehmer stehen schon fest. W\u00e4re da nicht ein Killer oder etwa zwei oder drei, auf jeden Fall geht es dem einen oder anderen Finalisten an den Kragen.Dieser Band ist zeitlich zwischen dem ersten und zweiten Band angesiedelt. Wenn man allerdings mit Logik versucht, festzustellen, wann in unserer Zeit der Roman spielt, sollte man das ganz schnell sein lassen, denn man bekommt einen Krampf in den Hirnwindungen, weil es irgendwie nicht passt, Lebende tot sein m\u00fcssten und Tote lebendig. Also sollte man sich einfach dem Vergn\u00fcgen der Lekt\u00fcre hingeben. Eine kleine Schwierigkeit bereitet das Buch allerdings, da sich \u201eder\u201c Sinn der Geschichte nicht so wirklich erschlie\u00dft. Es wirkt so ein wenig dahingeschrieben. Einzig die bitter-s\u00fc\u00dfe Geschichte von Dorothy gibt dem Geschehen einen Schmelz, der das Herz erbeben l\u00e4sst.F\u00fcr mich pers\u00f6nlich der bisher schw\u00e4chste Band der Reihe, aber dennoch besteht die Hoffnung, dass sich eventuell durch die Lekt\u00fcre des vierten und soweit ich wei\u00df bisher letzten Bandes noch einiges erschlie\u00dft.3,5 Sterne"}, {"userName": "Regine", "userReviewDate": "Apr 10, 2014", "userURL": "http://www.goodreads.com/user/show/20122524-regine", "userReview": "This author never fails to amuse and entertain me! I could never go wrong with this author, ever!Devil's Graveyard, being the 3rd book, is set on events that had happened between the 1st and 2nd book of the Bourbon Kid series. However, it's still best to read it in order, after reading books 1 & 2, because it does contain some minor spoiler for book 2.The book was really well written that it had me wishing there were more pages. The ending to it was such a blast as how this certain 'Anonymous' has always done in his other 2 Bourbon Kid books. The randomness that came all together is just awesome! MUST READ!If you're up for some totally random bull s*** (in a really good way), then give this book a read! The only thing you'd regret is not having another book from the author at the ready."}, {"userName": "Annie", "userReviewDate": "Oct 29, 2012", "userURL": "http://www.goodreads.com/user/show/3234003-annie", "userReview": "Une vraie d\u00e9ception ce troisi\u00e8me tome. Des blagues faciles et des encha\u00eenements stupides plut\u00f4t qu'un tout coh\u00e9rent. Clairement, ce livre a \u00e9t\u00e9 publi\u00e9 pour les int\u00e9r\u00eats financiers de la maison d'\u00e9dition. Au point de vue int\u00e9r\u00eat litt\u00e9raire, c'est tr\u00e8s faible."}, {"userName": "Eve", "userReviewDate": "Jan 09, 2010", "userURL": "http://www.goodreads.com/user/show/921083-eve", "userReview": "Can't wait for this! Out in June 2010..."}, {"userName": "Dani", "userReviewDate": "Dec 30, 2014", "userURL": "http://www.goodreads.com/user/show/5107140-dani", "userReview": "[\u00bfQue un personaje es un Apostol? \u00bf\u00a1Qu\u00e9!? (hide spoiler)]"}, {"userName": "Charmaine", "userReviewDate": "Aug 01, 2010", "userURL": "http://www.goodreads.com/user/show/1894488-charmaine", "userReview": "As a fan of the first 2 books, I must say I feel a bit damp from being rained on by this book. The third novel by the author known as anonymous is based in the devil's graveyard, an area of desert with hoards of the evil un dead, the devil, an x-factor mock up and the gates of Hell trembling to open up and spew it's load over the hotel Pasadena.This is set in the past, before the 2nd book http://www.goodreads.com/book/show/36... the eye of the moon and features well known faves from the 1st and 2nd book such as Sanchez, The Bourbon Kid, Elvis and the Mystic Lady it also has a whole new cast as well (which seems pretty obvious since most of the characters are dead) plucking from the dead famous Dusty Springfield, Kurt Cobain, Michael Jackson, Johnny Cash and James Brown etc.There is no flash forward to The Eye of The Moon's aftermath. Indeed it does not feature anything from any of the books except impotent character padding. This story as I read it, does not tie in with the other 2 books as seamlessly as they do with each other. It's non-germane storyline left me feeling baffled. The back from the dead singing competition (where people impersonate the late and great) brings new blood to the scene. There is more background information on Elvis and the Bourbon Kid etc, new portrayal of the characters, although it's just not enough this book feel flimsy. It does have it moments, but I didn't voraciously tear through the pages at break neck speed trying to read it like I did with the other books. If you are a fan of the anonymous I wouldn't rush out to read this one like I did!Who knows, maybe anonymous has a grand plan to tie it all in eventually....?THE END (perhaps...)"}, {"userName": "Frankiehunter", "userReviewDate": "Aug 24, 2011", "userURL": "http://www.goodreads.com/user/show/4853604-frankiehunter", "userReview": "Sorry Anonymous, but that was really not your best one...Lets say it like that: \"The book with no name\" was great - bloody, funny, exciting.\"The eye of the moon\" was good - very bloody, a bit funny, but interesting because you learn more about my beloved Bourbon Kid.\"The devil's graveyard\" was worse - the story was lame, a bit like: oh man, we had vampires, werewolves and mummies hmm... what's next - ohh, we hadn't zombies right now, so lets try this!Sorry, but that was not your best idea! It was not as exciting as the eye of the moon and as smart as the book with no name.So, why three stars?Because I really, really love the Bourbon Kid, he was the only one, why I kept reading. This guy is so fantastic! The best ever hooded killer and assassin (I think only Durzo Blint from the Nightangel Trilogy written by Brent Weeks could beat him =) )Would I recommend it?Yes and no - If you don't mind a lame story and much blood and gore and if you love the Bourbon Kid as I do, than I can recommend it, if all this things don't count for, than leave it on the shelf!"}, {"userName": "Effy Weasley", "userReviewDate": "Jul 07, 2013", "userURL": "http://www.goodreads.com/user/show/4618761-effy-weasley", "userReview": "as much as i loved the first two books i didn't really like the third one.first of all it's pretty confusing because you start reading and sudden annabel de frugyn shows up - although she died in the first book. after about four chapters there is one tiny sentences - that could easily be overseen - that makes it possible to deduce that this books takes place several years before the first one. the story itself is pretty boring - the whole book takes place in one evening with that back-from-the-dead casting-show... it's just like reading america's got talent instead of watching it.the first two books i read pretty quickly, i couldn't put them down, the story was funny and interesting. but this book didn't have the 'flow' the other two had - some passages were just so dull, i had to force myself to read them.what i missed the most is the humour. two first two books were full of funny remarks and references and i was roaring with laughter while reading them. but in the third book the author reduced himself to just making fun of sanchez - all the freakin time. and after about 10 comments on sanchez' stupidity or corpulence it just isn't funny anymore.all in all a pretty disappointing read. and that's a real shame because the first two books were one of the most funniest books i have ever read."}, {"userName": "Susan Mann", "userReviewDate": "May 23, 2011", "userURL": "http://www.goodreads.com/user/show/3713188-susan-mann", "userReview": "This is the third in the series following The Book with No Name and the Eye of the Moon. I found the pace in this book a lot slower than the previous ones and the story line a great deal tamer. There was less violence but what violence was there was much more focused on individuals rather than the indiscriminate killing found in the previous novels.The setting was different this time although some of the characters were the same e.g. Sanchez, Elvis the Bourbon Kid. The killing was mainly the contestants in a talent contest, a T.V. talent show pop idol meets the X factor. The title of the contest was the return of the dead. Some of the acts were copy cats and others had returned from the dead. The contestants were being murdered one by one. Depending on who won the contest either a deal would be done with the devil or the hotel Pasadena were the contest was held would fall into hell.Throughout this the Bourbon kid did what he does best and kills without remorse, but for the first time there is a chink in his armour as he shows he has a heart by not killing a contestant who reminded him of the girl he met ten years ago. Of course it wouldn't be a book by anonymous without the appearance of the undead to reeked havoc in the end. The murders as usual are described in detail but I still felt it was not as graphic as the first two novels. It is however the funniest and most violent of them all.The last sentence leaves it open for the return of The Bourbon Kid. Please, oh please release a fourth novel.As with all of The Book With No Name books, this one does not fail to disappoint. It is entertaining and different from anything else out there. Anonymous is one of the most original and exciting writers out there. Whoever he or she is...."}, {"userName": "Alytha", "userReviewDate": "Feb 04, 2012", "userURL": "http://www.goodreads.com/user/show/7363625-alytha", "userReview": "The Devil's Graveyard is the third of the \"Bourbon Kid\" books by some Anonymous guy. (would be interesting to find out who he is. How many contemporary anonymous authors of fiction are there nowadays?)It's set in the Devil's Graveyard (duh), a tiny place somewhere in a desert in North America, containing mainly a diner and a huge hotel. Every Halloween, the hotel hosts the Back from the dead contest, a competition for singers covering dead stars, where the winner gets a million dollars and a contract as a singer at the hotel.This year though, there's going to be some problems, as there's far too many hitmen around, some shady characters, zombies, and a deal with the devil.I remember quite liking the first 2 books in the series, because they contained an unexpected amount of complex plot between the graphic and rather extreme violence. In this one, though, the plot is rather paper-thin, and mostly an excuse for lots of splatter. What there is in terms of plot also takes a long time to get going, it's mainly hitmen hunting eachother and their targets. Once there is some plot, it's not really resolved ot explained either.(Spoilers: why has nobody ever noticed that every year, hundreds of people disappear there? Why don't the singers ever notice that none of the previous winners are ever seen again? Why did it take Jacko years to get there? etc...)It reads like a script to one of Tarantino's less good movies. The pacing is pretty fast, and it keeps you reading, and the Bourbon Kid, although he's an uttery psychopath, is kinda endearing. But still, it has all the brain-nutritional value of the literary equivalent of a McD hamburger.In conclusion, it's a decent read if you like splatter movies, but left me a bit disappointed. And now I should dig out the other 2 books and reread them.6/10"}, {"userName": "Naty Flor", "userReviewDate": "Dec 12, 2013", "userURL": "http://www.goodreads.com/user/show/23772718-naty-flor", "userReview": "It was a good book, but I think that it wasn\u00b4t as great as the other in this series. The plot happens all in one day and it tryes to tell the stories of the characters and doesn\u00b4t focus too much on the action. Nevertheless, I think that Anonymous did a good job telling a story of the past related to the first books. I really enjoyed reading it and I hope you do as well :DP. S.: I love Kid Bourbon, he\u00b4s such a bad-ass but he still cares for some people. He shows his feelings in a weird way and I like that.<3Fue un buen libro, pero no creo que fuera tan genial como los otros dos de la saga. La trama transcurre todo en un solo d\u00eda y trata de contar las historias personales de los personajes, as\u00ed que no se centra mucho en la acci\u00f3n. Sin embargo, creo que el autor (An\u00f3nimo) hizo un buen trabajo contando la historia en un pasado, con relaci\u00f3n a los primeros dos libros. Disfrut\u00e9 realmente esta lectura y espero que ustedes tambi\u00e9n :DP. D.: Amo a Kid Bourbon, \u00e9l es el gran bad-ass pero tambi\u00e9n tiene su lado sensible y se preocupa por algunos. Demuestra sus sentimientos en una manera extra\u00f1a. ESO ME ENCANTA <3"}, {"userName": "Malef", "userReviewDate": "Jan 10, 2014", "userURL": "http://www.goodreads.com/user/show/19481671-malef", "userReview": "Le cimeti\u00e8re du diable est le troisi\u00e8me volume de la sage du Bourbon Kid. J'ai d\u00e9couvert cette s\u00e9rie avec cet \u00e9pisode par hasard au gr\u00e9 de fouille dans les rayons d'une librairie alors que je cherchais de nouvelles choses \u00e0 me mettre sous la dent (ou sous l'oeil plus exactement).Pour ceux qui comme moi, n'ont pas eu le plaisir (encore) de suivre les aventures du Bourbon Kid depuis le premier volet, ce n'est pas un probl\u00e8me, car chronologiquement l'histoire du Cimeti\u00e8re du Diable est ant\u00e9rieure au premier tome de le saga.Cet \u00e9pisode de l'auteur anonyme nous plonge, pour le plus grand plaisir des fans du genre, dans un univers de violence, de meurtres, de culture rock et blues Am\u00e9ricaine, d'un concours de chant r\u00e9unissant des sosies de chanteurs d\u00e9c\u00e9d\u00e9s , de zombies sortant des terres par centaine le soir d'halloween, de courses poursuites et de fusillade, le tout mix\u00e9 \u00e0 la sauce d'un grand Tarantino sous la trame du c\u00e9l\u00e8bre \"Faust\" et du g\u00e9nialissime film \" The Cross Road\".Un road movie sanguinolent, teint\u00e9 d'humour noir, digne d'un \"Une Nuit en Enfer\"! Je conseille vivement!"}, {"userName": "LuCioLe", "userReviewDate": "Aug 06, 2013", "userURL": "http://www.goodreads.com/user/show/22863902-luciole", "userReview": "On ne peut pas dire que ce troisi\u00e8me livre soit mauvais mais je l\u2019ai tout bonnement moins aim\u00e9 que les deux premiers ! J\u2019ai \u00e9t\u00e9 moins tenue en haleine et j\u2019avoue avoir eu du mal du coup \u00e0 le finir et \u00e0 rentrer \u00e0 100% dedans contrairement aux deux premiers. C\u2019est dommage car il est toujours aussi bien \u00e9crit et le sc\u00e9nario toujours aussi bien trouv\u00e9 mais j\u2019ai trouv\u00e9 qu\u2019il manquait quelque chose qui l\u2019aurait rendu plus passionnant ! On s\u2019attache peut-\u00eatre un peu plus \u00e0 certains personnages que dans les autres livres mais \u00e7a ne permets pas de s\u2019y accrocher.Au final on a pas beaucoup de surprises, on se doute un peu de comment \u00e7a va finir ou presque et du coup on est pas sur l\u2019attente de ce qui se pourrait se passer mais bon c\u2019est quand m\u00eame avec plaisir que je lirais le quatri\u00e8me livre des aventures du Bourbon Kid !"}, {"userName": "Carolina", "userReviewDate": "Jan 06, 2014", "userURL": "http://www.goodreads.com/user/show/14433717-carolina", "userReview": "tercero de la serie bourbon kid, narra los hechos sucedidos 3 a\u00f1os antes del primer libro,pero no debe leerse antes que ellos( contiene muchos spoilers).Fue entretenido, con todo lo que y me habia gustado anteriormente, es decir, sangre,violencia y muchos personajes.Sin duda lo que mas disfrute fue el volver a leer sobre algunos personajes que en la linea del tiempo actual ya estan muerto. Sin embargo este libro no aporta nada a la serie, te da cierta informaci\u00f3n adicional y une algunos hechos pero nada vital o importante.*Primer libro leido durante la marat\u00f3n de bout of books*"}, {"userName": "Jackie", "userReviewDate": "Feb 12, 2014", "userURL": "http://www.goodreads.com/user/show/9696830-jackie", "userReview": "This series is my guilty pleasure - mad, bad & dangerous. Probably won't win any literary awards but great fun."}, {"userName": "Sarah", "userReviewDate": "Nov 28, 2013", "userURL": "http://www.goodreads.com/user/show/24719738-sarah", "userReview": "X-factor meets zombie uprising! With a whole host of weird and wonderful characters including Elvis; Dorothy from the Wizard of Oz and a Janis Joplin impersonator with severe tourettes, it leaves you alternately wishing some will fight their way out of the zombie horde that descend from the desert outside and praying that some will be eaten slowly and painfully, they are just that awful!  A page-turning, hilarious must-read.  Sit back and enjoy the ride!"}, {"userName": "Jen Kimber", "userReviewDate": "May 31, 2014", "userURL": "http://www.goodreads.com/user/show/20118996-jen-kimber", "userReview": "I LOVE these books. They were recommended to me by my manager. Today I finished the 3rd one and past the recommendation on"}, {"userName": "Weenie", "userReviewDate": "Nov 29, 2013", "userURL": "http://www.goodreads.com/user/show/3551600-weenie", "userReview": "Enjoyed this book, some laugh-out loud bits and the parallels to 'X-Factor' and Simon Cowell were funny.Sanchez, such a low life but a funny character!For some reason, I think I would have enjoyed it more had there been less from the Bourbon Kid's point of view - would have preferred to have kept him more mysterious.Lots of bullets and blood, not quite as sharp as the previous two but a good read nonetheless."}, {"userName": "Minty-chan~", "userReviewDate": "Mar 08, 2013", "userURL": "http://www.goodreads.com/user/show/7525879-minty-chan", "userReview": "During this book i encountered many intersting, likeable characters, with their weird quirks - the bourbon kid and his peculiar weakness for dorothys - jacko and his cool mysterius aura - elvis who's the king of cool...yeh i really liked this book - which actually came as a suprise since i thought it would be really mundane - rather it was full of action, gore, swearing and a dash of sexuality...."}, {"userName": "Carine", "userReviewDate": "Mar 02, 2012", "userURL": "http://www.goodreads.com/user/show/394129-carine", "userReview": "Troisi\u00e8me et dernier tome(?) de cette s\u00e9rie du Bourbon Kid. Roman beaucoup moins violent que le deuxi\u00e8me. En fait, je l'ai m\u00eame trouv\u00e9 plut\u00f4t dr\u00f4le! Et c'est ce pas tous les jours que se produisent sur une m\u00eame sc\u00e8ne Janis Joplin, Jimmy Hendrix, Elvis Presley, Freddy Mercury, Judy Garland et bien d'autres... Au fait, mais o\u00f9 est pass\u00e9 l'Oeil de la lune? Pas un seul mot \u00e0 ce sujet dans les 400+ pages?"}, {"userName": "Cheryl", "userReviewDate": "Aug 22, 2012", "userURL": "http://www.goodreads.com/user/show/2189213-cheryl", "userReview": "I have read several other reviews that stated this book wasn't as good as it's predecessors, however as I haven't read either of them I can only comment on what I thought of this as a stand alone book and I have to say I really enjoyed it, I'm going to go and find the first two books in this series and read them because apparently they're far better than this one so I should love them."}, {"userName": "Maria", "userReviewDate": "Jul 13, 2014", "userURL": "http://www.goodreads.com/user/show/4581136-maria", "userReview": "I really wanted to give this book more than three stars however this was not possible. I've been a long time fan of the Bourbon Kid books and jumped for joy when i found out that there was a third book. I was dissapointed though as this book wasn't nearly as actionpacked or good as any of the others. Not a bad book but just didn't live up to my expectations."}, {"userName": "France", "userReviewDate": "Jan 05, 2012", "userURL": "http://www.goodreads.com/user/show/5899262-france", "userReview": "Pas ce \u00e0 quoi je m'attendais. Si j'ai trouv\u00e9 le d\u00e9but p\u00e9nible, par la suite, j'ai \u00e9t\u00e9 conquise par l'histoire. J'ai appr\u00e9ci\u00e9 l'humour noir de ce roman, mais pas la traduction, trop argotique fran\u00e7aise pour la nord-am\u00e9ricaine francophone que je suis. \u00c7a me donne alors vraiment le go\u00fbt de lire ce genre de roman dans sa langue originale."}, {"userName": "Matt", "userReviewDate": "Mar 22, 2013", "userURL": "http://www.goodreads.com/user/show/10704313-matt", "userReview": "As ever the bourbon kid series never fails to be action packed, thrilling, gruesome and at times down right hilarious. The book does not however follow on from the last one which was a suprise but some of the main characters feature with the addition of some good ones too. Well worth a read only took me 5 days."}, {"userName": "Alex Bergonzini", "userReviewDate": "May 26, 2014", "userURL": "http://www.goodreads.com/user/show/24464700-alex-bergonzini", "userReview": "El m\u00e1s humano de la saga, donde se abre paso a un mayor desarrollo de los personajes en decrimento de la velocidad de la acci\u00f3n. Continua enlazando las historias y sus consecuencias y aunque el humor decrece en este libro, continua bien presente sin desmerecer su cantidad. a por el cuarto y \u00faltimo!"}], "description": "In the third installment in Anonymous's popular series which began with The Book with No Name and continued with The Eye of the Moon, the Bourbon Kid returns\u00a0for more vengeance, this time on the contestants of a television talent contest\u00a0The Devil\u2019s Graveyard is an area of desert. Its only habitations are a small roadside gas station, and a giant hotel, where the final of the Back from the Dead singing competition is held, in which contestants compete by impersonating dead stars. Except that someone is killing them off . . . and there are other killers out there, too\u2014not to mention zombies. Featuring characters from The Book with No Name and The Eye of the Moon, this is a show where anything goes and anyone can enter. Even the judges aren't quite what they seem. Sanchez, Elvis, the Mystic Lady, a whole bunch of dead rock stars and, of course, the Bourbon Kid are headed to the Hotel Pasadena for what is quite literally the most cutthroat reality show there's ever been. Dreams will be crushed, deals will be made, and blood will be spilled. The latest book is a rip-roaring addition to the series by the author with no name, which is guaranteed to be every bit as gory, fast-paced, and adrenaline pumping as the previous novels. It's Tarantino meets Pop Idol in a sensationally blood-streaked adventure that takes the tale of the Bourbon Kid to new and even creepier heights.", "title": "The Devil's Graveyard\n      \n          (Bourbon Kid #3)", "url": "http://www.goodreads.com/book/show/7527588-the-devil-s-graveyard", "average": 3.9, "cover": "http://d.gr-assets.com/books/1328729600l/7527588.jpg", "reviews": 58, "authors": [{"url": "http://www.goodreads.com/author/show/5158478.Anonymous", "name": "Anonymous"}], "outlinks": ["http://www.goodreads.com/book/show/9999742-das-buch-ohne-gnade", "http://www.goodreads.com/book/show/10879259-le-cimeti-re-du-diable", "http://www.goodreads.com/book/show/10428557-el-cementerio-del-diablo", "http://www.goodreads.com/book/show/17341046-das-buch-ohne-gnade", "http://www.goodreads.com/book/show/9999742-das-buch-ohne-gnade", "http://www.goodreads.com/book/show/9999742-das-buch-ohne-gnade", "http://www.goodreads.com/book/show/9999742-das-buch-ohne-gnade", "http://www.goodreads.com/book/show/10428557-el-cementerio-del-diablo", "http://www.goodreads.com/book/show/3636515.The_Eye_of_the_Moon", "http://www.goodreads.com/book/show/3636515.The_Eye_of_the_Moon", "http://www.goodreads.com/book/show/3636515.The_Eye_of_the_Moon", "http://www.goodreads.com/book/show/3636515.The_Eye_of_the_Moon", "http://www.goodreads.com/book/show/10879259-le-cimeti-re-du-diable", "http://www.goodreads.com/book/show/10879259-le-cimeti-re-du-diable", "http://www.goodreads.com/book/show/10428557-el-cementerio-del-diablo", "http://www.goodreads.com/book/show/10879259-le-cimeti-re-du-diable", "http://www.goodreads.com/book/show/10879259-le-cimeti-re-du-diable", "http://www.goodreads.com/book/show/10428557-el-cementerio-del-diablo", "http://www.goodreads.com/book/show/925959.Demonkeeper", "http://www.goodreads.com/book/show/13494498-another-3rd-period", "http://www.goodreads.com/book/show/394014.The_Lady_in_the_Car_with_Glasses_and_a_Gun", "http://www.goodreads.com/book/show/13625087-oneiros", "http://www.goodreads.com/book/show/216217.The_Last_Motel", "http://www.goodreads.com/book/show/103108.The_Cain_Saga_Volume_2", "http://www.goodreads.com/book/show/1634379.Mordmethoden", "http://www.goodreads.com/book/show/3197122-vampire-s-portrait-volume-1", "http://www.goodreads.com/book/show/10134257-jacob", "http://www.goodreads.com/book/show/67934.The_Traveler", "http://www.goodreads.com/book/show/1654995.Out_of_Time", "http://www.goodreads.com/book/show/2859131-wie-scheep-gaat", "http://www.goodreads.com/book/show/326097.Art_of_the_Twentieth_Century", "http://www.goodreads.com/book/show/97291.M_rchenmonds_Kinder", "http://www.goodreads.com/book/show/2805916-amokspiel", "http://www.goodreads.com/book/show/430917.Prince_of_Lost_Places", "http://www.goodreads.com/book/show/1385222.The_Stolen", "http://www.goodreads.com/book/show/59266.The_Leap", "http://www.goodreads.com/book/show/1039041.The_Book_With_No_Name", "http://www.goodreads.com/book/show/3636515-the-eye-of-the-moon", "http://www.goodreads.com/book/show/15778081-the-book-of-death", "http://www.goodreads.com/book/show/1923820.Holy_Bible", "http://www.goodreads.com/book/show/93101.The_Arabian_Nights", "http://www.goodreads.com/book/show/280111.Holy_Bible", "http://www.goodreads.com/book/show/19351.The_Epic_of_Gilgamesh", "http://www.goodreads.com/book/show/646462.The_Quran"]}