{"ratings": 561, "userreviews": [{"userName": "John Yelverton", "userReviewDate": "Jan 02, 2012", "userURL": "http://www.goodreads.com/user/show/5928256-john-yelverton", "userReview": "I would just sit and stare at the pictures in this book for hours.  A must have for young boys."}, {"userName": "Josiah", "userReviewDate": "Nov 03, 2010", "userURL": "http://www.goodreads.com/user/show/1914201-josiah", "userReview": "It's nice to see that Little Golden Books continue to be published, especially earlier titles like this one that are so different in style from the picture books that see publication today. The Fire Engine Book allows the youngest children a look into what firemen actually do on a call, but without being at all frightening; no people are seen inside of the burning building, and the personal belongings that the fireman save from inside the place are humorous.  I like reading nice, old-fashioned books like this one, books that haven't lost any of their value no matter how long ago they were published. The Fire Engine Book is very simple, without a real narrative, but I enjoyed it. I'd give it one and a half stars."}, {"userName": "Brianna Crall", "userReviewDate": "Jun 18, 2014", "userURL": "http://www.goodreads.com/user/show/18624105-brianna-crall", "userReview": "Zane enjoyed the story about fire trucks."}, {"userName": "Bruce M", "userReviewDate": "Feb 08, 2014", "userURL": "http://www.goodreads.com/user/show/5730646-bruce-m", "userReview": "Charlotte was really enjoying having this read to her.  She was hardly fidgety at all.Myself, I really enjoyed the illustrations.  They have that classic cartoon feel that you can really only get from kids books that are from the 50s and 60s.The text is simple single sentences on each page, with lots of onomatopoeia.  I think that tomorrow I'll see if Charlotte wants to tackle it by herself.  She seemed like she would have no trouble with any of the words.  I think this one is a good one for any early reader."}, {"userName": "Scott", "userReviewDate": "Dec 04, 2008", "userURL": "http://www.goodreads.com/user/show/1689786-scott", "userReview": "This was my favorite book when I was about 4. I had it memorized, so when my Mom read it to me, I would say the words with her. I keep this one on the coffee table in my therapy office as a book that is good for beginning readers. When there are behavioral problems with a child, one thing that sometimes suffers is the parent-child bond, because like in a couple relationship, the ratio of positive to negative interactions is critical to developing a stable and satisfying relationship. I emphasize increasing postive interactions, such as one-on-one time, that can include reading, to help balance the positive-to-negative ratio (I recommend 5-to-1, the same ratio that is critical to a marriage surviving, according to John Gottman's research). In therapy, I have the parent and child do some positive reading time together to model what this is like and troubleshoot any issues that can interfere with this relationship-nurturing activity, then have them go home and do it. I recommend at least 30 minutes per day, each day, while behavior problems are still heavy, which can decrease to a few times per week as things improve. This one-on-one time should not be behavior-contingent: the child shouldn't be able to lose it because of misbehavior."}, {"userName": "Tommy Novak", "userReviewDate": "Feb 03, 2014", "userURL": "http://www.goodreads.com/user/show/28336864-tommy-novak", "userReview": "I listed this book because it was officially the FIRST book I learned how to read. It is written very simply with single sentence lines on each page such as: \"Clang clang goes the bell.\" At the age of five, I was able to hone my fluency and basic reading skills with this book. The story isn't complex, and the illustrations aren't jaw-dropping, but this book will always have a special place in my heart."}, {"userName": "Janie Hoskins stansel", "userReviewDate": "Jul 20, 2014", "userURL": "http://www.goodreads.com/user/show/20536911-janie-hoskins-stansel", "userReview": "ClassicGood old fashioned reading. In some ways, it's a little dated. I had to explain some of the old fashioned terms for the different trucks and equipment. The illustrations are great. I think it would be better in the print version because the illustrations are so small while reading the text. then you have to click to make them big enough to enjoy."}, {"userName": "Karen", "userReviewDate": "Aug 13, 2014", "userURL": "http://www.goodreads.com/user/show/12001280-karen", "userReview": "I bought this book for three reasons:1.  Tibor Gergely's illustrations, 2.  Fire Engines, and3.  The pretty gold spine.My five-year-old son loves this book for three reasons:1.   Tibor Gergely's illustrations, 2.   Fire Engines, and3.   The pretty gold spine. I love this book for one reason:  My son loves it."}, {"userName": "Emerson", "userReviewDate": "Jan 01, 2013", "userURL": "http://www.goodreads.com/user/show/4296279-emerson", "userReview": "A Christmas gift from Grandma. He loves it. On Christmas eve, Uncle Jimmy explained to Emerson how the pumper truck interacts with the other truck. Also, on a recent episode of Pawn Starts, mommy learned about why engines were called \"Hook and Ladders\". Apparently FDNY would pull down burning buildings by grappling on to the building's hook in order to spare the adjacent buildings. This Little Golden Book--written in 1050--captures all these elements and makes for a very exciting read for a young fire truck enthusiast! Emerson demanded a re-reading of this book 3 times this morning. With only one or two sentences per page, but with very exciting drawings, this made for an easy task. A classic."}, {"userName": "Bill", "userReviewDate": "Sep 20, 2007", "userURL": "http://www.goodreads.com/user/show/238306-bill", "userReview": "Not a Little Golden Book I ever actually had growing up, but I picked this one up for the kiddo because A.) it looked fun; and B.) it was one of the few on the shelf at Waldenbooks that wasn't a Disney tie-in.  I'm glad I did, because this is a really fun little book, and it's easy to see why they chose to label this a \"Little Golden Book Classic\" and put it up next to the likes of the Poky Little Puppy and Tuffy the Tugboat.  A nice, easy-to-read-along-with story, and some of the best illustration I've seen in a kids' book from any era in quite a while - cartoony, but with a real sense of craft, almost New Yorker or Saturday Evening Post worthy, actually.  Definitely worth picking up."}, {"userName": "Angela Alcorn", "userReviewDate": "Jun 21, 2014", "userURL": "http://www.goodreads.com/user/show/1840813-angela-alcorn", "userReview": "All the exciting stuff toddlers need to know about fire engines."}, {"userName": "Mckinley", "userReviewDate": "Jun 12, 2014", "userURL": "http://www.goodreads.com/user/show/4176715-mckinley", "userReview": "What firefighters do."}, {"userName": "Kirei", "userReviewDate": "Apr 18, 2008", "userURL": "http://www.goodreads.com/user/show/431775-kirei", "userReview": "This classic book is nice, except it may be a little too classic for today's modern child.  Absolutely none of the fire fighters are female, and none of the firefighters or other characters are any color but white.  Plus it shows them braving the fire to save....things?  (A cello, a bicycle and a clock are pictured, and also a dog.)  A little strange."}, {"userName": "Leandra Cate", "userReviewDate": "Apr 16, 2013", "userURL": "http://www.goodreads.com/user/show/2476344-leandra-cate", "userReview": "My 1 year old loves this book and in a way I do, too.  Great illustrations, punchy and animated text.  But, you know, old school - fire MEN definnitely not fire FIGHTERS and it has said firemen jumping into a blazing building to save bicycles and cuckoo clocks, which seems unlikely.  Still, a classic."}, {"userName": "Roxanne", "userReviewDate": "Aug 18, 2013", "userURL": "http://www.goodreads.com/user/show/134743-roxanne", "userReview": "I like reading this book to my daughter, and she likes the brightly colored pictures. The only odd thing to me is how all the firemen look alike - considering this book was written in the 1950s, I wasn't expecting ethnic diversity, but these guys could all be brothers! Overall, though, excellent book."}, {"userName": "Robert", "userReviewDate": "Jun 03, 2012", "userURL": "http://www.goodreads.com/user/show/1661541-robert", "userReview": "What a nice little book!  Sure, probably a bit dated, but nothing wrong with that.There's very good use of onomatopoeia throughout.  The images are wonderful and show firefighters doing the work.  My boy loves firefighting.  This is right up his alley."}, {"userName": "Jade Saleem", "userReviewDate": "Sep 16, 2010", "userURL": "http://www.goodreads.com/user/show/4193170-jade-saleem", "userReview": "This book is about a fire truck. Take a ride on the fire truck to learn the occupation of firefighters. This book also has words in it that communicate sounds. Great read aloud for children."}, {"userName": "Sheila Read", "userReviewDate": "Jun 21, 2013", "userURL": "http://www.goodreads.com/user/show/13726227-sheila-read", "userReview": "I have had this book when I was a kid of course it got pass down to my other relatives. Of course now when I get kid books I will look for a kid or place to put them at."}, {"userName": "Cindi", "userReviewDate": "Dec 29, 2008", "userURL": "http://www.goodreads.com/user/show/984194-cindi", "userReview": "The pictures in this book were very engaging as they were large and colorful.  The text wasn't quite as fun as other fire engine books I've read lately!"}, {"userName": "Sharper1", "userReviewDate": "Nov 02, 2011", "userURL": "http://www.goodreads.com/user/show/5685784-sharper1", "userReview": "LOOOOOOOVE this Golden Book!!!! Checked it out from the library to read to my storytime kiddos. It even SMELLS like an old Golden Book! In love with it!"}, {"userName": "Kelsey Nauert", "userReviewDate": "Nov 17, 2011", "userURL": "http://www.goodreads.com/user/show/6169052-kelsey-nauert", "userReview": "An old book about fire stations, but is still relevant today. You can talk about fire safety and the importance of firemen."}, {"userName": "Leila", "userReviewDate": "Aug 14, 2007", "userURL": "http://www.goodreads.com/user/show/221973-leila", "userReview": "Jemmy's fave. Strange how all the firemen look EXACTLY like brothers, and like their names should be Sven, Thor, etc...."}, {"userName": "Christa", "userReviewDate": "Sep 29, 2010", "userURL": "http://www.goodreads.com/user/show/247110-christa", "userReview": "My son loves this book. I thought he might find the pictures of the fire scary, but it doesnt seem to bother him."}, {"userName": "Evan", "userReviewDate": "Jul 30, 2009", "userURL": "http://www.goodreads.com/user/show/2426549-evan", "userReview": "I liked it.  I liked the part where the firemen saved the day.  Fireman rock! And the are AWESOME!"}, {"userName": "August Maclauchlan", "userReviewDate": "Sep 12, 2012", "userURL": "http://www.goodreads.com/user/show/7725339-august-maclauchlan", "userReview": "Very old... Interesting to explain the old names of fire trucks to my 5 year old! We like it!"}, {"userName": "Ashley", "userReviewDate": "Nov 25, 2012", "userURL": "http://www.goodreads.com/user/show/12306845-ashley", "userReview": "Picture Book 43  An easy read and would be a great read along when trying to teach kids to read."}, {"userName": "Elyce", "userReviewDate": "Jun 26, 2013", "userURL": "http://www.goodreads.com/user/show/3146295-elyce", "userReview": "Another book that would be good for a child interested in that specific topic, but not much else."}, {"userName": "Jennifer", "userReviewDate": "Aug 02, 2008", "userURL": "http://www.goodreads.com/user/show/1391012-jennifer", "userReview": "I love the illustrations. This was one of Nathaniel's first favorite books."}, {"userName": "Michelle", "userReviewDate": "Mar 11, 2013", "userURL": "http://www.goodreads.com/user/show/1790327-michelle", "userReview": "Cute classic story about a fire truck and its fire-fighters."}, {"userName": "Jaime Contreras", "userReviewDate": "Jul 30, 2013", "userURL": "http://www.goodreads.com/user/show/5557725-jaime-contreras", "userReview": "This is one of my son's favorite books.  The drawings are quite good."}], "description": "Children will feel as though they are riding the big red fire engines and hearing the \"clang, clang\" of the bell! Large-scale, active pictures will transport young readers to the scene where they'll see brave firemen connect hoses and save the day. A Little Golden Book Classic!", "title": "The Fire Engine Book", "url": "http://www.goodreads.com/book/show/801885.The_Fire_Engine_Book", "average": 4.05, "cover": "http://d.gr-assets.com/books/1377634249l/801885.jpg", "reviews": 36, "authors": [{"url": "http://www.goodreads.com/author/show/222918.Tibor_Gergely", "name": "Tibor Gergely"}], "outlinks": ["http://www.goodreads.com/book/show/7251206-the-fire-engine-book", "http://www.goodreads.com/book/show/13146496-the-fire-engine-book", "http://www.goodreads.com/book/show/11171525-fire-engines", "http://www.goodreads.com/book/show/11171525-fire-engines", "http://www.goodreads.com/book/show/13146496-the-fire-engine-book", "http://www.goodreads.com/book/show/11171525-fire-engines", "http://www.goodreads.com/book/show/313335.Richard_Scarry_s_Cars_and_Trucks_from_A_to_Z", "http://www.goodreads.com/book/show/1438436.The_Jolly_Barnyard", "http://www.goodreads.com/book/show/409279.The_Happy_Man_and_His_Dump_Truck", "http://www.goodreads.com/book/show/1632250.Baby_Animals", "http://www.goodreads.com/book/show/988123.Tootle", "http://www.goodreads.com/book/show/1282161.We_Like_Kindergarten", "http://www.goodreads.com/book/show/1734663.Mother_Goose", "http://www.goodreads.com/book/show/662784.Seven_Little_Postmen", "http://www.goodreads.com/book/show/616650.Prayers_for_Children", "http://www.goodreads.com/book/show/964667.Trucks_Board_Book", "http://www.goodreads.com/book/show/1835316.Little_Mommy", "http://www.goodreads.com/book/show/728479.The_Berenstain_Bears_and_the_Big_Road_Race", "http://www.goodreads.com/book/show/2322209.101_Dalmatians", "http://www.goodreads.com/book/show/967455.Buffalo_Bill", "http://www.goodreads.com/book/show/124032.My_Big_Truck_Book", "http://www.goodreads.com/book/show/42278.I_Can_Fly", "http://www.goodreads.com/book/show/1304540.Disney_s_Aladdin", "http://www.goodreads.com/book/show/392336.Busy_Day_Busy_People", "http://www.goodreads.com/book/show/576851.Great_Big_Book_of_Bedtime_Stories", "http://www.goodreads.com/book/show/7740611-a-year-in-the-city", "http://www.goodreads.com/book/show/11930511-emily-s-moo", "http://www.goodreads.com/book/show/13486557-the-golden-story-treasury"]}