{"ratings": 406, "userreviews": [{"userName": "Suzanne", "userReviewDate": "Jun 07, 2008", "userURL": "http://www.goodreads.com/user/show/888138-suzanne", "userReview": "This is supposed to be the story of the first domesticated dog.  It takes place in the Pleistocene age where wooly mammoths etc roam the Earth.  Kip, a young boy, is on his way home to his cave when he is befriended by a paleowolf (soon to be known as a dog) who follows him.  They become best friends.  The illustrations by Jan Brett are detailed and fantastic."}, {"userName": "I Heart Corgis", "userReviewDate": "Nov 20, 2012", "userURL": "http://www.goodreads.com/user/show/12534753-i-heart-corgis", "userReview": "Grade/interest level: PreK-2nd gradeLexile level: 490LGenre: Historical fictionMain Characters: Kip the cave boy and PaleowolfSetting: Earth in the days of PleistocenePOV: omniscientIn this story, a little cave boy named Kip is going for a walk.  During his walk, the author introduces us to animals that lived during the days of the Pleistocene.  Kip stopped to eat on a rock and along came a Paleowolf.  Kip wouldn\u2019t share his food with the wolf.  Paleowolf followed kip home, and the whole way and big scary animals kept jumping out trying to eat kip.  Paleowolf warned kip of danger and saved his life every time.  Kip told Paleowolf that if he promised to always look over him, he would always share his food from then on.  He gave Paleowolf a collar and named him \u201cDog.\u201dThis is a good book to use in the classroom in a unit on friendship, because not all friends are people.  The book would also be a good read aloud in a unit on cave men and the early history of humans.  It\u2019s better for younger kids as a fun little read aloud because you\u2019d want to explain to students what the animals are that Kip is bumping into."}, {"userName": "Rosa Cline", "userReviewDate": "Aug 07, 2014", "userURL": "http://www.goodreads.com/user/show/27718966-rosa-cline", "userReview": "Jan Brett is very quickly becoming a favorite author to my 2 year old granddaughter and I! You can't hardly go wrong with one of her books... from the beautiful illustrations to the story themselves!This story goes back in time to the dinosaur time and a little boy just like a modern day little boy out wandering around doing what they do most...exploring their world. And a 'wolf' comes and takes care of him and they become friends just like boys(or girls) do now...   Very nice book!"}, {"userName": "Tiffany Jolly", "userReviewDate": "Jul 12, 2012", "userURL": "http://www.goodreads.com/user/show/10906488-tiffany-jolly", "userReview": "The First DogFiction: Children\u2019s Folktale                                                               Dogs, dependability Brett, Jan. The First Dog. Illus by Jan Brett. The Trumpet Club, 1988, unp, primary.In The First Dog, Kip a young boy is saved from animals like a bear, saber-tooth cat and a woolly rino because his friend Paleowolf the wolf because he has a strong sense of smell, fine ears and quick eyes. The majority of the text is from a third person\u2019s point of view, with portions where Kip is in the first person. The use of the narration creates a style that is easy to read and sets an intense tone, which young readers will enjoy going through the adventures.   Activity: Discuss with student\u2019s the differences between a dogs sense of smell and a humans. So how did the wolf help Kip? Have students then create their own version of another situation. What else did the wolf smell that helped the boy? Have the students draw a picture and write their version."}, {"userName": "Linda Lipko", "userReviewDate": "Jan 06, 2014", "userURL": "http://www.goodreads.com/user/show/1544522-linda-lipko", "userReview": "While not one of my favorite of her books, still, I could not help but enjoy and remain in awe of the talent of this incredible writer and illustrator.Set in prehistoric times, this is the tale of the adventure of Kip the cave boy who while traveling home, is followed by a Paleowolf who travels with him and saves him from danger. In search of food, the Paleowolf patiently waits until the boy will share. Finally, knowing how many times he is saved, he shares and calls his friend dog.The drawings are creative as always."}, {"userName": "Kelly", "userReviewDate": "Oct 28, 2010", "userURL": "http://www.goodreads.com/user/show/2276205-kelly", "userReview": "Cute children's book--a fictionalized retelling of the domestication of dogs. A friend of mine read The First Dog to her grandson on a camping trip, and the rest of us started listening in. It cracked us up that the human protagonist was \"Kip the Cave Boy,\" since there was a Kip among our party! Basically, the story is about how Kip the Cave Boy doesn't want to share his food with a friendly wolf, but after the wolf alerts Kip to danger several times, the two of them strike a deal. We all joked that the story was obviously put out by a doggie PR firm, since the dog is always right and the boy agrees to share all of his food with him. ;) My dog would like me to honor that contract. Especially with bacon."}, {"userName": "Lisa", "userReviewDate": "Jan 07, 2015", "userURL": "http://www.goodreads.com/user/show/22581398-lisa", "userReview": "Great picture book to teach young children about prehistoric man and the domestication of dogs."}, {"userName": "Candice", "userReviewDate": "Jan 24, 2011", "userURL": "http://www.goodreads.com/user/show/189647-candice", "userReview": "A story about how the first dog came to be.  Lots of big words (Pleistocene occurs on the first page), which I love because I think it stretches a child's vocabulary.  A wolf tags along after cave boy Kip because he smells his lunch of wooly rhino rib bones.  The wolf can smell better, hear better, and see better (especially in the dark) than the boy, and the story gives examples of what the wolf can smell, see and hear.  The wolf saves the boy's life a number of times and the boy agrees they will be partners from now on.  Beautiful illustrations, and a good story for dog lovers."}, {"userName": "Dawn Roberts", "userReviewDate": "Aug 29, 2014", "userURL": "http://www.goodreads.com/user/show/6276441-dawn-roberts", "userReview": "Love Brett's artwork. A nice intro for kids to prehistoric cultures."}, {"userName": "Matthew", "userReviewDate": "Oct 31, 2010", "userURL": "http://www.goodreads.com/user/show/4258480-matthew", "userReview": "No matter how the writing is, a Jan Brett book is sure to please with its illustrations. This book is certainly no exception but it also has the good writing to back it up! A wonderful story about the prehistoric ice age and the first domestication of animals. This would be an excellent introduction and cross curriculum piece for science, anthropology, or history themes for younger readers. As all of Ms. Brett's books are, this would also be a great art tie in due to the border work on each page inspired by Pleistocene art from ancient humans."}, {"userName": "Chelsea Einheuser", "userReviewDate": "Apr 13, 2014", "userURL": "http://www.goodreads.com/user/show/10512669-chelsea-einheuser", "userReview": "Brett captures the ice age era very beautifully. I love her illustrative details."}, {"userName": "Roxanne", "userReviewDate": "Sep 28, 2012", "userURL": "http://www.goodreads.com/user/show/5933455-roxanne", "userReview": "We enjoyed this book for several reasons. First, we have a dog, and our family has talked several times about how dogs became domesticated. So it was kind of cool to read a book all about this topic! Second, although I sort of doubt the accuracy of this book, it is a clever story that illustrates why prehistoric man might have come to want or need dogs/wolves and why wolves/dogs might have been drawn to man. Third, kids love Jan Brett books. The pictures are gorgeous. :)"}, {"userName": "Alice", "userReviewDate": "Dec 26, 2014", "userURL": "http://www.goodreads.com/user/show/5756197-alice", "userReview": "3.5 Stars   I like Jan Brett, I do not love her stuff. I think it is way too cluttered and too much!  However I did enjoy this one. I like that it takes us back in time to something unique.  How did the first human domesticated the first wolf into a dog! Dog meaning \"one who wags tail\" Today has been a day of dog books...hum! I think the universe is trying to tell me something!"}, {"userName": "Joe", "userReviewDate": "Jun 25, 2012", "userURL": "http://www.goodreads.com/user/show/867955-joe", "userReview": "I'm a big fan of Jan Brett for her richly detailed drawings.  The text of the story is always just a starting point, with the pictures adding so much to talk about.  Reading this with my grandson - again and again, always with a sense of wonder and discovery - we talked about friendship and wooly rhinos and what it's like to gnaw on barbecued bones.  Dogs.  Saber-toothed cats.  This is our favorite of all Jan Brett books."}, {"userName": "Dolly", "userReviewDate": "Sep 20, 2009", "userURL": "http://www.goodreads.com/user/show/1019021-dolly", "userReview": "This is a beautifully illustrated book about the first domesticated dog, indeed a wolf.  Though fictional in nature, the book has a lot of details that appear genuine for the Ice Age period -- the way the boy dresses, how he eats, the animals that he hunts as well as is hunted by, the dangers he experiences, etc.  As always, Jan Brett produces a wonderful tale that is told as much by her illustrations as by her words."}, {"userName": "Sandie", "userReviewDate": "May 25, 2011", "userURL": "http://www.goodreads.com/user/show/2353720-sandie", "userReview": "I really enjoy Jan Brett's books.  The artwork is always beautiful and the stories are cute.  This one was no exception.  I wasn't as enthralled with the ending as I have been in some of her other books but its a cute story about dog and man first met and befriended each other.  The one part of the book I didn't care for was actually our human character.  I thought he was kind of a little prehistoric brat!"}, {"userName": "Mrs. Downs", "userReviewDate": "Jul 26, 2012", "userURL": "http://www.goodreads.com/user/show/8746592-mrs-downs", "userReview": "GR Level: LElementary: E BREI love Jan Brett books.  She is one of my all time favorites, not just because of her writing, but her illustrations are AMAZING!!!!  This book is a little different then the other books she is known for.  Find out how the first dog came to be domesticated."}, {"userName": "Kelsey Black", "userReviewDate": "Feb 26, 2014", "userURL": "http://www.goodreads.com/user/show/27939764-kelsey-black", "userReview": "This is a good book talking about the history of dogs. This book is good for grades 1st-3rd."}, {"userName": "Kira Richardson", "userReviewDate": "May 05, 2010", "userURL": "http://www.goodreads.com/user/show/3149943-kira-richardson", "userReview": "The book has very nice detailed pictures, the story takes place in prehistoric times when mammoths were around. This would be a good book to read for a history unit. I think that student would really enjoy the story and this would make a great book for a large group read aloud."}, {"userName": "Kyle Greenberg", "userReviewDate": "Oct 08, 2013", "userURL": "http://www.goodreads.com/user/show/23639570-kyle-greenberg", "userReview": "This book is set way back in time when a boy from long ago discovered the first dog. Children learning about pre-historical times would benefit from reading this book because they can put themselves into the adventure the young boy did when the \"First Dog\" was discovered."}, {"userName": "Erica", "userReviewDate": "Jul 26, 2012", "userURL": "http://www.goodreads.com/user/show/1190118-erica", "userReview": "I love Jan Brett books.  She is one of my all time favorites, not just because of her writing, but her illustrations are AMAZING!!!!  This book is a little different then the other books she is known for.  Find out how the first dog came to be domesticated."}, {"userName": "Rebecca Dean", "userReviewDate": "Sep 26, 2011", "userURL": "http://www.goodreads.com/user/show/6191302-rebecca-dean", "userReview": "This is a great book with many life learned lessons in it. Eventhough the boy never shared his food the dog always warned him each time danger was near. Eventually the boy becomes grateful and befriends the dog."}, {"userName": "Miriam", "userReviewDate": "Dec 21, 2012", "userURL": "http://www.goodreads.com/user/show/14672662-miriam", "userReview": "Well-imagined and better written than most picture books of its vintage. Perhaps not the most convincing story I've ever read, but its heart is firmly in the right place."}, {"userName": "Grace Carey", "userReviewDate": "Jan 16, 2013", "userURL": "http://www.goodreads.com/user/show/16243693-grace-carey", "userReview": "This book was very interesting. It teaches important cultural lessons to students. I think that it would work pretty well for a read-aloud."}, {"userName": "Teri", "userReviewDate": "Sep 12, 2011", "userURL": "http://www.goodreads.com/user/show/260471-teri", "userReview": "Excellent prehistory picture book!  The animals the boy encounters are true to the time period--and the story is engaging.  Great!"}, {"userName": "Amanda Elliott Smith", "userReviewDate": "Oct 25, 2013", "userURL": "http://www.goodreads.com/user/show/24853942-amanda-elliott-smith", "userReview": "This was my absolute favorite book in kindergarten! I would check it again and again! I can't believe I found it."}, {"userName": "Kristina", "userReviewDate": "Apr 10, 2013", "userURL": "http://www.goodreads.com/user/show/15549906-kristina", "userReview": "We love anything written/illustrated by Jan Brett. This is a fun view of how dog became mans best friend."}, {"userName": "Theresa", "userReviewDate": "Jan 11, 2015", "userURL": "http://www.goodreads.com/user/show/5860019-theresa", "userReview": "The first dog by Jan Brett is a great children's story about how animals became friends of humans"}, {"userName": "Rachel Chandler", "userReviewDate": "Sep 11, 2013", "userURL": "http://www.goodreads.com/user/show/23484983-rachel-chandler", "userReview": "This is a cute story about a boy and the first dog. This could supplement a history lesson."}, {"userName": "Theresa", "userReviewDate": "Oct 19, 2013", "userURL": "http://www.goodreads.com/user/show/5860019-theresa", "userReview": "a great children's story about how animals became friends of humans"}], "description": "Jan Brett\u2019s popular tale of adventure in prehistoric times is now a big book!", "title": "The First Dog", "url": "http://www.goodreads.com/book/show/196968.The_First_Dog", "average": 3.97, "cover": "http://d.gr-assets.com/books/1172603798l/196968.jpg", "reviews": 36, "authors": [{"url": "http://www.goodreads.com/author/show/16325.Jan_Brett", "name": "Jan Brett"}], "outlinks": ["http://www.goodreads.com/book/show/8066189-the-first-dog", "http://www.goodreads.com/book/show/264766.Little_Grunt_and_the_Big_Egg", "http://www.goodreads.com/book/show/118079.Archaeologists_Dig_for_Clues", "http://www.goodreads.com/book/show/375991.The_Mother_s_Day_Mice", "http://www.goodreads.com/book/show/748602.The_Bicycle_Man", "http://www.goodreads.com/book/show/1688606.The_Last_Quest_of_Gilgamesh", "http://www.goodreads.com/book/show/836724.Zomo_the_Rabbit", "http://www.goodreads.com/book/show/74143.The_Egyptian_Cinderella", "http://www.goodreads.com/book/show/8154061-me-and-you", "http://www.goodreads.com/book/show/364590.Miss_Bindergarten_Stays_Home_From_Kindergarten", "http://www.goodreads.com/book/show/1014950.A_Girl_and_Her_Gator", "http://www.goodreads.com/book/show/873279.The_Trojan_Horse", "http://www.goodreads.com/book/show/133613.Bat_Loves_the_Night", "http://www.goodreads.com/book/show/378162.Sheep_in_a_Shop", "http://www.goodreads.com/book/show/85857.Katie_and_the_Mona_Lisa", "http://www.goodreads.com/book/show/1371962.Mini_Mia_and_Her_Darling_Uncle", "http://www.goodreads.com/book/show/324528.Marguerite_Makes_a_Book", "http://www.goodreads.com/book/show/2040624.Tico_and_the_Golden_Wings", "http://www.goodreads.com/book/show/99077.Gingerbread_Baby", "http://www.goodreads.com/book/show/150985.Town_Mouse_Country_Mouse"]}