{"ratings": 333, "userreviews": [{"userName": "Kaetlyn", "userReviewDate": "Apr 01, 2014", "userURL": "http://www.goodreads.com/user/show/25143890-kaetlyn", "userReview": "HENRY, JESSIE, VIOLET, and BENNY go to a guide dog school and a man is trying to steal a dog. Her name is Ginger. She's a beautiful and good for a guide dog. Then a girl is going to buy Ginger. The man steals Ginger. And they get her back. I like that Anna gets ti keep Giner."}, {"userName": "Jamie Leeper", "userReviewDate": "Jul 23, 2011", "userURL": "http://www.goodreads.com/user/show/2849243-jamie-leeper", "userReview": "I am 52 years old and usually read adult books. Recently I have been getting some young peoples books too. They are easy to read and very enjoyable. I love the Boxcar Children mysteries. In this story the kids go for a week to visit a dog training school where they train dogs for the blind. There is a shadow moving outside at night and they see it from their window. A mystery needing to be solved. Very good book!"}, {"userName": "Kirei", "userReviewDate": "Mar 18, 2012", "userURL": "http://www.goodreads.com/user/show/431775-kirei", "userReview": "This is the best Boxcar Children Mystery book that I have read so far.At the beginning, there is a bit about seeing eye dogs.  I already knew the stuff, but it was new to my son.Next is the mystery.  In all the Boxcar books I have previously read, the mystery is quite easy to figure out, but the mystery in this particular book is more difficult to solve."}, {"userName": "Maggie", "userReviewDate": "Feb 05, 2010", "userURL": "http://www.goodreads.com/user/show/1390604-maggie", "userReview": "I wish I had a dog like Ginger.  She's a really good dog and I was so glad that she wasn't stolen.  I really love all of Gertrude Chandler Warner's books (The Box Car Children books) because whenever I start one, I always really want to finish them.  They're always such good books."}, {"userName": "Laura Smith", "userReviewDate": "May 08, 2012", "userURL": "http://www.goodreads.com/user/show/4512733-laura-smith", "userReview": "The Boxcar Children set a great example of working together, sharing and doing the right thing. This installment in the beloved series also sheds light on the seeing impaired and the incredible animals trained to help them navigate their lives without sight."}, {"userName": "\"Mayra loves yall\" ", "userReviewDate": "Jun 28, 2011", "userURL": "http://www.goodreads.com/user/show/3786308-mayra-loves-yall", "userReview": "well it was okay i gess i wont read a book like that again!!"}, {"userName": "Laura", "userReviewDate": "Aug 22, 2009", "userURL": "http://www.goodreads.com/user/show/2485300-laura", "userReview": "great when ur little"}, {"userName": "Partridge Public", "userReviewDate": "Sep 25, 2007", "userURL": "http://www.goodreads.com/user/show/300399-partridge-public", "userReview": "WArner,  Gertrude C.      PB"}], "description": "The Boxcar Children are invited to spend a week at the Greenfield Guide Dog school.Book Details:  Format: Paperback \n   Publication Date: 1/1/1996 \n   Pages: 128 \n   Reading Level: Age 7 and Up", "title": "The Guide Dog Mystery\n      \n          (The Boxcar Children #53)", "url": "http://www.goodreads.com/book/show/607758.The_Guide_Dog_Mystery", "average": 3.87, "cover": "http://d.gr-assets.com/books/1347424186l/607758.jpg", "reviews": 8, "authors": [{"url": "http://www.goodreads.com/author/show/10665.Gertrude_Chandler_Warner", "name": "Gertrude Chandler Warner"}, {"url": "http://www.goodreads.com/author/show/101406.Charles_Tang", "name": "Charles Tang"}], "outlinks": ["http://www.goodreads.com/book/show/18915643-the-guide-dog-mystery", "http://www.goodreads.com/book/show/15304543-the-guide-dog-mystery", "http://www.goodreads.com/book/show/1060915.Kidnapped_by_River_Rats", "http://www.goodreads.com/book/show/3249090-race-against-time", "http://www.goodreads.com/book/show/347518.The_Killer_Bear", "http://www.goodreads.com/book/show/19430.Santa_Claus_Doesn_t_Mop_Floors", "http://www.goodreads.com/book/show/518600.Help_I_m_Trapped_In_Obedience_School", "http://www.goodreads.com/book/show/8693691-encyclopedia-brown-and-the-case-of-the-secret-ufos", "http://www.goodreads.com/book/show/1258024.Nate_the_Great_and_the_Phony_Clue", "http://www.goodreads.com/book/show/2161802.The_Ninth_Nugget", "http://www.goodreads.com/book/show/478351.Santa_Paws", "http://www.goodreads.com/book/show/93818.The_Bird_s_Christmas_Carol", "http://www.goodreads.com/book/show/2044692.The_Prince_and_the_Pooch", "http://www.goodreads.com/book/show/127137.Song_of_the_Gargoyle", "http://www.goodreads.com/book/show/297249.The_Boxcar_Children", "http://www.goodreads.com/book/show/156809.Surprise_Island", "http://www.goodreads.com/book/show/156813.Mystery_Ranch", "http://www.goodreads.com/book/show/182372.Mountain_Top_Mystery", "http://www.goodreads.com/book/show/156810.Schoolhouse_Mystery", "http://www.goodreads.com/book/show/297249.The_Boxcar_Children", "http://www.goodreads.com/book/show/156809.Surprise_Island", "http://www.goodreads.com/book/show/93380.The_Boxcar_Children_1_4", "http://www.goodreads.com/book/show/156813.Mystery_Ranch"]}