{"ratings": 220, "userreviews": [{"userName": "Graziano", "userReviewDate": "Aug 29, 2014", "userURL": "http://www.goodreads.com/user/show/4122654-graziano", "userReview": "\"Shut your eyes, Jamie. Now think of Windy Hill and tell me what you see.\"\"I see a big house on a high hill,\" he said, \"where the wind comes in from the sea.\"\"And it's night and there are trees all around,\" she said. \"There's tall grass in the yard. An old man is creeping through the grass - \" (8-9)\"Windy Hill is not haunted. We can be sure of that already,\" said professor Carver. \"If something mysterious happens here, it still won't mean there's a ghost in the house.A strange sound might be the wind. A strange sight might be someone playing a joke.\" (18)"}, {"userName": "C.", "userReviewDate": "Feb 10, 2013", "userURL": "http://www.goodreads.com/user/show/10501026-c", "userReview": "Published ahead of my time, \"The Ghost Of Windy Hill\" has remained among my possessions since I was about 7.  Having transitioned to \"Nancy Drew\", Laura Ingalls Wilder, and V.C Andrews a few years thereafter;  I\u2019m puzzled by 20 year-olds sticking to 'young adult' material!  I must have been enchanted with the paranormal so long ago, memories of how this story went faded and I\u2019ve enjoyed experiencing it again.  The late Clyde Robert Bulla divulged information succinctly.  He used no literary whimsy to fill pages.  Moments of family interaction, environmental description, and contact with external characters directly impact the plot.  The length is accessible for children but all of the action it contains was made to count.Set in 1851 but never feeling old for an instant, a Mr. Giddings bought his dream property in the village of his youth;  Windy Hill.  Too uncomfortable there, Mrs. Giddings begs him to consult a professor Carver about a haunted house he once visited.  If he could stand to stay at Windy Hill for a month, she might be willing to return.  Lorna, Jamie, and Mrs. Carver are thrilled to exchange the city for a summer in the gorgeous tower house and forest, with plentiful rural amenities.This isn't a deep-seeded ghost encounter, nor is there time to build suspense.  But something about Clyde\u2019s protagonists makes you savour any mild adventure they embark upon.  It is fun to watch Lorna and Jamie explore the house and acreage a bit and the remarkably eccentric neighbour, Miss Miggie, adds the most flavour of all.  If there is any atmospheric spooky tone;  it comes from the ink drawings of Don Bolognese.  They are like no other illustrations and ooze into the mind like psychiatric 'Rorschach inkblots'.  This is an excellent book for a youth to read."}, {"userName": "Miriam", "userReviewDate": "Jul 23, 2010", "userURL": "http://www.goodreads.com/user/show/237469-miriam", "userReview": "Professor Carver once lived in a supposedly haunted house as a favor to the owner, a friend, to show that there was nothing to be frightened of. Now a stranger asks him to do it again. Initially reluctant, the Professor agrees and takes his wife and two children on a vacation from Boston to the countryside. The story focuses on Lorna and Jamie as they enjoy having their own rooms, explore the woods, meet some odd neighbors, and bake. Gentle and not at all frightening, this is an easy, comforting read suitable for all ages. The story is not the most memorable, but it is interesting enough, and I liked the positive relationship of the siblings and parents, who all get along and treat one another respectfully and sensitively. It is supposedly to be set in 1851 but feels later."}, {"userName": "Oh My Bookness", "userReviewDate": "May 10, 2014", "userURL": "http://www.goodreads.com/user/show/5891236-oh-my-bookness", "userReview": "Book Review:By:Brittany PerezOh My BooknessDate: May 10,2014The \"Ghost Of Windy Hill\", by Clyde Robert Bulla, illustrated by Don Bolognese is a presentation of the Weekly Reader Books. Weekly Reader Books offers book clubs for children, from pre-school to young adult. The Weekly Readers Children Book Club started in 1928 but most may remember it from the 50's, if they had a child themselves or were in grade school. The Weekly Children's Book Club seized to exist as an independent publication in 2012 to merge with new owner Scholastic News, primarily due to market pressures to create digital editions as well decreasing school budgets. My weekly Reader covered themes in current events in older grade levels. They also create workbooks, literary centers and picture books for younger grades. Now taken over by Scholastic Reading Club you will need to enter a \"class activation code\" that will allow you to access the club or you may be provided with a unique URL by your child's teacher.When the \"Ghost Of Windy Hill\" came out, copyrighted 1968, I was neither old enough to know about the club, actually not even born yet! When I got old enough to be part of something like this my school used Scholastic, and it was not called the Weekly Readers Club anymore.  I came delightfully across this in a donation which all proceeds go to a program there helping to raise money. With obvious wear and tear to the book, down the spine and across the cover and aged yellow fragile pages! You can tell the book was loved and read many of times before. Aged with those yellow pages, the paper so fragile you need to be careful it didn't tear. It was a fragile book looking for a new loving home with a gentle touch and extra care, still ready to be read at least a few more times before retiring. I myself needed to find out what made this book so special and worth reading with such diligence. So I give to you my review and thoughts on the \"Ghost Of Windy Hill\" by Clyde Robert Bulla with traditional fine art style with a watercolor overlay, done by Don  Bolognese.The Ghost Of Windy Hill is about a family, the Carvers, made up of Professor Carver, wife (Mrs. Carver) and his two children Jamie and Lorana. The Carvers receive a visit from a mysterious guest, Mr. Giddings. Taking place in the year 1851, not to scary, or funny, but it's full of surprises around every chapter. The book is about a haunted house on Windy Hill, because of a breeze that is always consistent upon the hill and is always slightly cooler than the rest of the area.  This very location will become known as Windy Hill.  Professor Carver received a mysterious request from Mr. Giddings and his wife because of stories they were told about Professor Carvers bravery of when he lived in a house with his family, that was claimed to be \"haunted\", he stayed in there on a bet. The stories that were told of his bravery is he \"scared the ghost away\" by just living in the house, but according to Mr. Carver the house was not haunted it was just an old house and those who asked had a over active imagination. Mr. Giddings and his wife were more than positive that there house is \"haunted\", beyond a doubt. But is Windy Hill Haunted? Anything is possible....A tale that is not scary, funny, still makes for a good read. It's the adventure that captivates like any good ghost story."}, {"userName": "Jamie", "userReviewDate": "Jun 04, 2009", "userURL": "http://www.goodreads.com/user/show/1123594-jamie", "userReview": "My mother got this for me as a child and this started my love of mysteries and suspense. Years and years later, she found it in a box and sent it me. I gingerly pulled it from the package and read it sitting on my floor right there and then. It's just wonderful! Thanks, Mom!"}, {"userName": "Melissa Davis", "userReviewDate": "Feb 13, 2010", "userURL": "http://www.goodreads.com/user/show/174897-melissa-davis", "userReview": "honestly, this book may be horrible, but it was my 1st chapter book that I read in one day. I was in 3rd or 4th grade maybe and I loved it then, so it deserves an honorable mention."}, {"userName": "Randi", "userReviewDate": "Mar 31, 2012", "userURL": "http://www.goodreads.com/user/show/4738461-randi", "userReview": "I read this as a child and found myself getting it from the library often. This is what got me hooked on the kind of books I mainly read now."}, {"userName": "Laura", "userReviewDate": "Jun 17, 2014", "userURL": "http://www.goodreads.com/user/show/2511187-laura", "userReview": "Jamie and Lorna\u2019s father, Professor Carver, has quite the reputation it seems. Here, this man, Mr. Giddings, whom none of them has ever seen before, is begging him to come and see whether Mr. Giddings house is haunted by a ghost! Professor Carver repudiates the notion of ghosts but reluctantly agrees to live at Windy Hill for the summer since it means so much to Mr. Giddings.Lorna and Jamie are excited to go along and enchanted with Windy Hill. They are certain that there is no ghost \u2013 and they witness none during the first part of their stay. But then, suddenly, strange things start to happen\u2026Discussion.I was worried that this book would dissolve into the same old yada-yada harmless-ghost-returned-to-right-a-wrong junk. Instead, Professor Carver and his children demonstrate a stalwart disbelief in ghosts and, by the end of the story they have proved that Windy Hill, at least, is ghost-free.The family has great relationships within itself \u2013 the children get along famously and interact well with their parents. They are caring to other people, too \u2013 they show kindness to the beggar boy, Bruno whom they meet when they move to Windy Hill, and treat him as an equal rather than an inferior.Conclusion. A good read.Visit The Blithering Bookster to read more reviews!www.blitheringbookster.com"}, {"userName": "Raja99", "userReviewDate": "Nov 30, 2014", "userURL": "http://www.goodreads.com/user/show/350774-raja99", "userReview": "Finished at lunch at Patriot Steakhouse.  This feels to me like a typical, and not outstanding, short (84 pages) children's book. It's amusing and has some good touches, but a lot is elided, especially the characterization.Finished well before 2104-11-30 13:38 EDT."}, {"userName": "Lisa", "userReviewDate": "Apr 06, 2014", "userURL": "http://www.goodreads.com/user/show/2051394-lisa", "userReview": "This was my very first Ghost story I ever read and it was the instigator to my love for all things paranormal."}, {"userName": "Damara", "userReviewDate": "Oct 12, 2011", "userURL": "http://www.goodreads.com/user/show/307757-damara", "userReview": "Nice, simple kids book with a good story. I have been trying to find a book from when I was a kid, about which I remember almost nothing (a big old stone house, wind, a candle, a mystery, I think by the ocean) so I've started a couple books thinking they could be that book. They weren't. This one wasn't either, but I finished it anyway. In contrast to another one I had just tried reading, I really appreciated how this was written simply, but well. It respects kids through the characters it portrays and by not offending the intelligence of young readers."}, {"userName": "April Cheek", "userReviewDate": "Oct 05, 2014", "userURL": "http://www.goodreads.com/user/show/1268317-april-cheek", "userReview": "This was the first real book that I ever read ..."}, {"userName": "Michelle", "userReviewDate": "Sep 13, 2014", "userURL": "http://www.goodreads.com/user/show/2855826-michelle", "userReview": "One of my favorite books in elementary school."}, {"userName": "Cynthia Egbert", "userReviewDate": "Jan 16, 2014", "userURL": "http://www.goodreads.com/user/show/1299007-cynthia-egbert", "userReview": "This was my first chapter book as a wee child. I was frustrated by it then and that has not changed. Seviah wanted me to read a book aloud to her (love that my kids still like me to read to them). So, I chose this one so that we had something with a bit more meat than just a picture book. The ending is not what I wanted as a kid and Seviah was also frustrated by it. But then, I am a sucker for a good ghost story and this is not a good ghost story. That being said, it is still a very sweet story that makes me smile so it still gets three stars."}, {"userName": "Liz", "userReviewDate": "Jun 04, 2013", "userURL": "http://www.goodreads.com/user/show/12838903-liz", "userReview": "This is a semi-spooky children's book about 2 kids and their parents who stay in a supposedly haunted house to prove that there are no ghosts in it.  During the month that they stay, the children make a friend and several discoveries.  I enjoyed the simplicity, suspense, and fast pace of this book.  After reading it, I discovered that Clyde Robert Bulla wrote \"Ghost Town Treasure\", another children's book that I enjoyed."}, {"userName": "Josiah", "userReviewDate": "Apr 05, 2009", "userURL": "http://www.goodreads.com/user/show/1914201-josiah", "userReview": "The sweet touch of Clyde Robert Bulla's writing graces the pages of this book as poigantly as in all of his short, heartwarming stories, and I feel privileged to read them. I'm always tempted to give his books more stars than I probably should, because I love them so much, but I think that this is a fair rating. Perhaps two and a half stars? I really like this book, and would recommend it to anyone that asked."}, {"userName": "Michele", "userReviewDate": "Oct 18, 2012", "userURL": "http://www.goodreads.com/user/show/6809291-michele", "userReview": "I found this in a box of books I had saved.  My daughter thought it looked interesting so she read it and was asking me about it.  I couldn't remember what it was about so I read it again.  so nice to read a book that isn't about robots, vampires or cheerleaders and geared for the 9-11 age.  She is enjoying it immensely."}, {"userName": "Lynda", "userReviewDate": "Oct 09, 2009", "userURL": "http://www.goodreads.com/user/show/799237-lynda", "userReview": "Another book that was read to us in school. I never remembered the title, but always remembered the story and tracked down a copy years later on E-bay through pure luck. The spooky tale of a family who moves into a haunted house and is forced to solve a mystery. I loved it!"}, {"userName": "Len Lira", "userReviewDate": "Jul 07, 2013", "userURL": "http://www.goodreads.com/user/show/21985381-len-lira", "userReview": "This was the very first chapter book I read. Iust have been 9 or 10. At the time. It was a scary read. Taught me to not assume the worse from first look. Lead to my penchant for Steven King novels as a teenager."}, {"userName": "Marcia", "userReviewDate": "Jun 18, 2009", "userURL": "http://www.goodreads.com/user/show/1171131-marcia", "userReview": "Just read this with my 3rd grade book club. It feels a little dated, and wasn't as scary as they had hoped. The idea of a child being mistreated was so foreign to them they couldn't really grasp it."}, {"userName": "Ryara Toft", "userReviewDate": "May 01, 2008", "userURL": "http://www.goodreads.com/user/show/952824-ryara-toft", "userReview": "I read it in 1 hour, it was more like a 3rd grade chapter book! But the story was cute and I loved Miss Miggie! So you people out there need to read it!"}, {"userName": "Suzi", "userReviewDate": "Jul 15, 2011", "userURL": "http://www.goodreads.com/user/show/2729349-suzi", "userReview": "Cute book. Great imagery. A good choice for an intermediate reader because it's not too hard to understand but still keeps them guessing."}, {"userName": "Patty", "userReviewDate": "Oct 05, 2012", "userURL": "http://www.goodreads.com/user/show/11277530-patty", "userReview": "I remember my second grade teacher reading this book to us at the end of the day.....I loved it then and still think its good...."}, {"userName": "Kristen Marincic Hiestermann", "userReviewDate": "May 03, 2013", "userURL": "http://www.goodreads.com/user/show/1298110-kristen-marincic-hiestermann", "userReview": "It was a good story until the end.  The ending just wasn't really developed and came off weak. But it is a kid's book..."}, {"userName": "Ayashe", "userReviewDate": "Aug 13, 2014", "userURL": "http://www.goodreads.com/user/show/2582122-ayashe", "userReview": "So boring...I would have given this book 1 star even if I were about 9 years old. The story was horribly lame."}, {"userName": "Lisa", "userReviewDate": "Nov 05, 2011", "userURL": "http://www.goodreads.com/user/show/402706-lisa", "userReview": "Fun (and just a little bit spooky) October read. We were all a little disappointed with the anti-climactic ending."}, {"userName": "Kinzie", "userReviewDate": "Nov 24, 2010", "userURL": "http://www.goodreads.com/user/show/2550145-kinzie", "userReview": "I loved this book. I read it at least ten times in Elementary School. My absolute favorite!"}, {"userName": "Kellie", "userReviewDate": "Oct 17, 2011", "userURL": "http://www.goodreads.com/user/show/400086-kellie", "userReview": "This was the absolute perfect read aloud kid ghost story - super fun for October and Fall!!"}, {"userName": "Leela4", "userReviewDate": "Jul 30, 2009", "userURL": "http://www.goodreads.com/user/show/2574621-leela4", "userReview": "Historical mystery. Written toward young children, but perfectly enjoyable for adults."}, {"userName": "Shana", "userReviewDate": "Jan 05, 2013", "userURL": "http://www.goodreads.com/user/show/8086347-shana", "userReview": "Reread this as it was a childhood favorite. Shared it with my daughter."}], "description": "Some people think the house on Windy Hill is haunted. Lorna and Jamie aren't so sure they believe in ghosts. So how can they explain the mysterious sounds of knocking, running steps, and tinkling bells?LCCN: 68-11059", "title": "The Ghost of Windy Hill", "url": "http://www.goodreads.com/book/show/3299387-the-ghost-of-windy-hill", "average": 3.74, "cover": "http://d.gr-assets.com/books/1210579195l/3299387.jpg", "reviews": 37, "authors": [{"url": "http://www.goodreads.com/author/show/18203.Clyde_Robert_Bulla", "name": "Clyde Robert Bulla"}, {"url": "http://www.goodreads.com/author/show/232485.Don_Bolognese", "name": "Don Bolognese"}], "outlinks": ["http://www.goodreads.com/book/show/143743.The_Ghost_of_Windy_Hill", "http://www.goodreads.com/book/show/143734.The_Ghost_of_Windy_Hill", "http://www.goodreads.com/book/show/143748.The_Ghost_Of_Windy_Hill", "http://www.goodreads.com/book/show/143743.The_Ghost_of_Windy_Hill", "http://www.goodreads.com/book/show/143743.The_Ghost_of_Windy_Hill", "http://www.goodreads.com/book/show/143743.The_Ghost_of_Windy_Hill", "http://www.goodreads.com/book/show/143743.The_Ghost_of_Windy_Hill", "http://www.goodreads.com/book/show/143743.The_Ghost_of_Windy_Hill", "http://www.goodreads.com/book/show/143743.The_Ghost_of_Windy_Hill", "http://www.goodreads.com/book/show/143743.The_Ghost_of_Windy_Hill", "http://www.goodreads.com/book/show/143743.The_Ghost_of_Windy_Hill", "http://www.goodreads.com/book/show/143743.The_Ghost_of_Windy_Hill", "http://www.goodreads.com/book/show/143743.The_Ghost_of_Windy_Hill", "http://www.goodreads.com/book/show/143743.The_Ghost_of_Windy_Hill", "http://www.goodreads.com/book/show/143743.The_Ghost_of_Windy_Hill", "http://www.goodreads.com/book/show/143743.The_Ghost_of_Windy_Hill", "http://www.goodreads.com/book/show/143743.The_Ghost_of_Windy_Hill", "http://www.goodreads.com/book/show/143743.The_Ghost_of_Windy_Hill", "http://www.goodreads.com/book/show/143734.The_Ghost_of_Windy_Hill", "http://www.goodreads.com/book/show/143743.The_Ghost_of_Windy_Hill", "http://www.goodreads.com/book/show/143743.The_Ghost_of_Windy_Hill", "http://www.goodreads.com/book/show/143743.The_Ghost_of_Windy_Hill", "http://www.goodreads.com/book/show/143743.The_Ghost_of_Windy_Hill", "http://www.goodreads.com/book/show/143734.The_Ghost_of_Windy_Hill", "http://www.goodreads.com/book/show/143743.The_Ghost_of_Windy_Hill", "http://www.goodreads.com/book/show/1430189.Ghost_Class", "http://www.goodreads.com/book/show/291465.Encyclopedia_Brown_Sets_The_Pace", "http://www.goodreads.com/book/show/284072.The_Mystery_of_the_Monster_Movie", "http://www.goodreads.com/book/show/290495.Aloha_Baby_sitters_", "http://www.goodreads.com/book/show/2201472.Mogo_the_Third_Warthog", "http://www.goodreads.com/book/show/229847.The_Pink_Motel", "http://www.goodreads.com/book/show/977183.Aliens_Don_t_Carve_Jack_O_Lanterns", "http://www.goodreads.com/book/show/180589.The_Mopwater_Files", "http://www.goodreads.com/book/show/2598484-cat-in-the-crypt", "http://www.goodreads.com/book/show/865774.Haunted_Animals", "http://www.goodreads.com/book/show/1085806.Sweet_Miss_Honeywell_s_Revenge", "http://www.goodreads.com/book/show/1129721.Who_Killed_Harlowe_Thrombey_", "http://www.goodreads.com/book/show/865745.Still_More_Tales_to_Give_You_Goosebumps", "http://www.goodreads.com/book/show/372655.Wynken_Blynken_And_Nod", "http://www.goodreads.com/book/show/656454.Little_Mouse_On_Prairie", "http://www.goodreads.com/book/show/9594175-the-great-big-book-of-families", "http://www.goodreads.com/book/show/5835627-the-frogs-and-toads-all-sang", "http://www.goodreads.com/book/show/13559812-the-worst-princess", "http://www.goodreads.com/book/show/925166.Squanto_Friend_Of_The_Pilgrims", "http://www.goodreads.com/book/show/573572.The_Sword_in_the_Tree", "http://www.goodreads.com/book/show/945210.A_Lion_to_Guard_Us", "http://www.goodreads.com/book/show/661342.Pocahontas_And_The_Strangers", "http://www.goodreads.com/book/show/785522.The_Chalk_Box_Kid"]}