{"ratings": 146, "userreviews": [{"userName": "Tracy E. Hieatt", "userReviewDate": "Nov 27, 2012", "userURL": "http://www.goodreads.com/user/show/5649654-tracy-e-hieatt", "userReview": "I really wanted to like these. Tried to get into them. The topics are important, but it's the highly metaphorical language that gets in the way. I really can't follow what's going on. It's apparent Lourde had big ideas about issues that affected her life, I just can't experience them in the poems because of the metaphorical barrier. The only times where I can glimpse are in the poems that are more straightforward with sparser use of metaphor, which begins about halfway through until the end. The beginning is completely lost on me."}, {"userName": "Andrea", "userReviewDate": "May 07, 2008", "userURL": "http://www.goodreads.com/user/show/79652-andrea", "userReview": "I really like the way Lorde combines elegies for her parents, herself, and her friends with larger elegies for political atrocities. A nice melding of the personal and the political, although I have to admit (reluctantly) to preferring the personal in this collection."}, {"userName": "Satia", "userReviewDate": "Aug 04, 2009", "userURL": "http://www.goodreads.com/user/show/353677-satia", "userReview": "Technically, this is a reread.  I read this ages ago and wanted to reread it because I remembered that I liked it but not why.  Now I remember.  It's Lorde, herself.  http://satia.blogspot.com/2009/08/mar..."}, {"userName": "Jean Marie Angelo", "userReviewDate": "Oct 16, 2013", "userURL": "http://www.goodreads.com/user/show/4993852-jean-marie-angelo", "userReview": "Read this during the year of Stonewall 25. Her final volume of poems. Sorry she is gone."}, {"userName": "Corinne Blackmer", "userReviewDate": "Jan 08, 2010", "userURL": "http://www.goodreads.com/user/show/1887769-corinne-blackmer", "userReview": "read"}], "description": "This collection, 39 poems written between 1987 and 1992, is the final volume by \"a major American poet whose concerns are international, and whose words have left their mark on many lives, in the words of Adrienne Rich. Audre Lorde (1934-1992) was the author of ten volumes of poetry and five works of prose. She was named New York State Poet in 1991; her other honors include the Manhattan Borough President s Award for Excellence in the Arts. The Marvelous Arithmetics of Distance was nominated for a National Book Critics Circle Award in 1994.\"", "title": "The Marvelous Arithmetics of Distance: Poems, 1987-1992", "url": "http://www.goodreads.com/book/show/469023.The_Marvelous_Arithmetics_of_Distance", "average": 4.17, "cover": "http://d.gr-assets.com/books/1347603385l/469023.jpg", "reviews": 5, "authors": [{"url": "http://www.goodreads.com/author/show/18486.Audre_Lorde", "name": "Audre Lorde"}], "outlinks": ["http://www.goodreads.com/book/show/797465.Dark_Fields_of_the_Republic", "http://www.goodreads.com/book/show/8122927-hard-times-require-furious-dancing", "http://www.goodreads.com/book/show/69158.This_Time", "http://www.goodreads.com/book/show/271453.Imagine_the_Angels_of_Bread", "http://www.goodreads.com/book/show/260825.The_Last_Time_I_Saw_Amelia_Earhart", "http://www.goodreads.com/book/show/839520.The_Art_of_the_Lathe", "http://www.goodreads.com/book/show/61204.Neon_Vernacular", "http://www.goodreads.com/book/show/538842.The_Women_Who_Hate_Me_Poetry_1980_1990", "http://www.goodreads.com/book/show/380189.Like_the_Singing_Coming_Off_the_Drums", "http://www.goodreads.com/book/show/2246677.Human_Dark_with_Sugar", "http://www.goodreads.com/book/show/6122045-speak-low", "http://www.goodreads.com/book/show/393727.Against_Forgetting", "http://www.goodreads.com/book/show/108114.Open_Me_Carefully", "http://www.goodreads.com/book/show/5289373-breaking-poems", "http://www.goodreads.com/book/show/125219.Geography_III", "http://www.goodreads.com/book/show/607270.Blessing_the_Boats", "http://www.goodreads.com/book/show/508702.Teeth", "http://www.goodreads.com/book/show/491316.Fuel", "http://www.goodreads.com/book/show/395220.Zami", "http://www.goodreads.com/book/show/32951.Sister_Outsider", "http://www.goodreads.com/book/show/50680.The_Collected_Poems", "http://www.goodreads.com/book/show/50682.The_Cancer_Journals", "http://www.goodreads.com/book/show/50684.The_Black_Unicorn"]}