{"ratings": 3153, "userreviews": [{"userName": "Guadalupe Sanchez", "userReviewDate": "Dec 09, 2014", "userURL": "http://www.goodreads.com/user/show/34612629-guadalupe-sanchez", "userReview": "30.\tThe new baby by Mayer Mercer Genre:\tfiction, children\u2019s literature \tReading level:age 3 and up\tFormat: good The new baby is a book about the little critter that is super excited for the new baby at his home. So he tries doing things with his baby sister that makes him upset and sad because his baby sister doesn\u2019t laugh at his funny jokes or pays attention at his stories. He then asks his mother what he can do to make his baby sister happy. His mother tells him to play with her rattle or rock her in her crib so she can fall asleep. The little critter then notices his baby sister is special. The picture illustrations are cute and enjoyable because the characters are different to other books. As I was reading the story I was smiling because it was nice seeing the picture illustrations relating to the text in the book. Since I was able to visualize how the little critter felt throughout the whole story. This book can be used in the classroom to teach students how delicate babies are."}, {"userName": "Alexandria", "userReviewDate": "Apr 29, 2014", "userURL": "http://www.goodreads.com/user/show/30348192-alexandria", "userReview": "This book is about a little boy who is getting a new sister. He at first tries to do things like play with toys, read her comic books and tries to play games and gets frustrated that she doesn\u2019t do anything back with him. He slowly learns that you cuddle, hold and love little babies and by the end of the book he loves taking her on walks to show her off to all of his friends. Bringing home a new baby is tough for little children and this book shows the true struggles that older siblings would experience. It allows children to see that what they are feeling is normal and that a baby is not like a normal young child."}, {"userName": "Lauren Edgar", "userReviewDate": "Nov 09, 2011", "userURL": "http://www.goodreads.com/user/show/6168251-lauren-edgar", "userReview": "I choose this book out of all the preparing for a new baby books because it is with a character that is already familiar to so many children. The well loved little critter gets a new baby sister. My favorite thing about this book is it isn't perfect from the start. Little critter tried reading to the new baby she doesn't listen, he tries making funny faces and she cries, he doesn't know what to do with the new baby and is having trouble dealing with it. But finally he finds what he can do with a baby and learns how to be a big brother! I don't have children of my own but I have watched families for years who have gone through this multiple times, they actually have this book and from what I viewed it was a great contribution to the situation. It is a hard change for a child especially if they are use to being the only one and I think it is important that this book shows that it can be hard, and you can cry, but also shows what great and fun things you can do when the baby comes and how cool it will be to be a big brother or sister."}, {"userName": "Russell", "userReviewDate": "Jul 17, 2014", "userURL": "http://www.goodreads.com/user/show/16904648-russell", "userReview": "I wonder what the gestational process of these little critters is like. The father doesn't bother explaining to his son that he's got a sister coming until the day she arrives?Despite this, a truly adorable book with a positive message that isn't too preachy or belittling for children with new younger siblings."}, {"userName": "Jessica", "userReviewDate": "Apr 26, 2014", "userURL": "http://www.goodreads.com/user/show/22735559-jessica", "userReview": "This book helped my daughter understand that babies can't do a lot of things that she can do, but it also showed her things that she can do with a baby. This is a good book for children who are being introduced to babies."}, {"userName": "Jourdan Aanenson", "userReviewDate": "Mar 04, 2010", "userURL": "http://www.goodreads.com/user/show/3251953-jourdan-aanenson", "userReview": "This is a loving story of a family getting a new baby and how the older brother is going to adjust to the new little one in the story.The Title page is a picture of the baby and her older brother and their mother. It gives the reader a glimpse of what the new family is going to look like the pages are simple. This is a beginning reader book simply because of the use of the white backgrounds and the simple pages. There are a few borders on the pages with a simple white black line. The lines in the children hair is strait with a slight curl. Both children have the same hair and this shows the relationship between siblings."}, {"userName": "Trish", "userReviewDate": "Jul 30, 2014", "userURL": "http://www.goodreads.com/user/show/5280364-trish", "userReview": "Good story about a new sibling coming into the family.  A big brother has a new sister and has to learn how to treat the baby."}, {"userName": "Casey Anderson", "userReviewDate": "Mar 26, 2012", "userURL": "http://www.goodreads.com/user/show/7458592-casey-anderson", "userReview": "This would be a great book to read to young children who will be having a new baby brother or sister. It shows how the child may want to play with their own toys with the new baby but then the child soon learns that babies need different type of attention. Activity Extension: Have show and tell where children can bring in a picture of their baby brother or sister and tell the class about him/her and what they do to help take care of the baby. If the child doesnt have a baby brother or sister, they would bring in a favorite toy or doll or stuffed animal, to tell about it and how the care for that toy."}, {"userName": "Danielle Butler", "userReviewDate": "Aug 28, 2013", "userURL": "http://www.goodreads.com/user/show/23321946-danielle-butler", "userReview": "In this story, Little Critter seems to be getting discouraged because the new baby does not laugh at his joke or play with him. After some time, he figures out activities he can do with the baby. This would be a great book to introduce to a class if one of the students is expecting a sibling. This book opens up conversation to what it will be like having a new baby in the house and what to expect out of the new baby. I believe this book would raise many questions for the children which could be discussed to make the child feel more at ease and ready for the new babies arrival."}, {"userName": "Sarah", "userReviewDate": "Jul 16, 2014", "userURL": "http://www.goodreads.com/user/show/489172-sarah", "userReview": "My two-year-old was a big fan of this book after his little sister was born."}, {"userName": "Connie", "userReviewDate": "Aug 31, 2008", "userURL": "http://www.goodreads.com/user/show/1167376-connie", "userReview": "This book was clearly written in a different time. Apparently, the only warning that Little Critter had that he was getting a new sister was on the *day she came home*. That's not realistic to how most children today are raised!It does show a normal, if somewhat idealized reaction to a new baby - Little Critter can't show her his favorite toys, but he *can* let her pull his finger.I was a little disappointed to see the presumably newborn baby left alone in a crib with a bottle - my nieces were always held when fed."}, {"userName": "Meghan Hunt", "userReviewDate": "Feb 12, 2013", "userURL": "http://www.goodreads.com/user/show/5049569-meghan-hunt", "userReview": "A little boy finds out that his family is bringing home a new baby sister for him. He gets out all of his favorite toys to share with her, but when she arrives she has no interest in them. He struggles to find what you can actually do with a new baby. He soon realizes that there are lots of things they can do like make her laugh by tickling her tummy, cuddling, and playing with a rattle. He soon becomes very proud of his baby sister.Great book for kids that are getting a new sibling."}, {"userName": "jacky", "userReviewDate": "May 23, 2011", "userURL": "http://www.goodreads.com/user/show/42679-jacky", "userReview": "This has been a favorite baby prep book for me so far, though Natalie didn't react too much.  I guess her Critter phase is over for the time being.  Anyway, it gives a pretty realistic view of how a toddler would react to a new baby.  At first, Critter is excited and wants to play.  Then, he is let down by the crying and smelliness.  But, in the end he starts to see the things he can do with the baby and think about the future.  Its a nice blend of emotions, all of which are realistic."}, {"userName": "Sabrina Henry", "userReviewDate": "Jun 20, 2010", "userURL": "http://www.goodreads.com/user/show/3878343-sabrina-henry", "userReview": "This book is about a family getting ready for a new baby. The older brother learned new things to do with his sibling. It is a friendly book for big sisters and brothers. It had some good illustrations of things about a new baby. I didn't like the overall presentation of the illustrations, but the messages were beautiful! This is a memorable keepsake book for families."}, {"userName": "Melanie", "userReviewDate": "Jul 29, 2008", "userURL": "http://www.goodreads.com/user/show/1375441-melanie", "userReview": "We got this book as a way to help introduce a new sibling in our home. I liked that it emphasized things you CAN do with a baby and the overall positive change it is for Little Critter (the older sibling).  It also gently explains how babies may not be interested in the same things a toddler (like Little Critter) may be interested in."}, {"userName": "Amy Olson", "userReviewDate": "Apr 04, 2011", "userURL": "http://www.goodreads.com/user/show/4837901-amy-olson", "userReview": "The New Baby can be used in the classroom to touch on the subject of new siblings. Students that have recently had or are going to have a new baby can relate to this text and would open up a dialogue in the classroom where they can talk about changes happening and how to adjust to these changes."}, {"userName": "Savannah", "userReviewDate": "Jan 19, 2014", "userURL": "http://www.goodreads.com/user/show/7699294-savannah", "userReview": "A great book to introduce older children to a new sibling."}, {"userName": "Kelsi Holman", "userReviewDate": "Apr 22, 2012", "userURL": "http://www.goodreads.com/user/show/7474301-kelsi-holman", "userReview": "The New Baby is great for parents who are expecting another child. It can really help the existing child better prepare for a new baby in the house. It is part of the Little Critter series and so many children already know who this character is."}, {"userName": "Gala", "userReviewDate": "Feb 04, 2012", "userURL": "http://www.goodreads.com/user/show/7390877-gala", "userReview": "Critter did not understand that a new baby can not do the things that he can do. Some children can prepare for the new arrival by reading this book so that they will have an understanding of what to expect. I like this story for children."}, {"userName": "Margaret", "userReviewDate": "Jul 09, 2012", "userURL": "http://www.goodreads.com/user/show/226769-margaret", "userReview": "We love these new baby books and this one AppleBlossom picked out herself at the used bookstore. Loving Little Critter and his antics.  When askedthe other day what her favorite book was it was a Little Critter Firehouse field trip one!"}, {"userName": "Meagan", "userReviewDate": "Sep 20, 2013", "userURL": "http://www.goodreads.com/user/show/1464600-meagan", "userReview": "I remember reading this one as a child!  It's a classic in my books, and one that helps that new older sibling understand that new babies can't do everything, but that they can share in the things that the new baby can do!"}, {"userName": "Hope Johnson", "userReviewDate": "Apr 08, 2011", "userURL": "http://www.goodreads.com/user/show/4831545-hope-johnson", "userReview": "This is a wonderful book if you know a student in your house is going to have a new baby brother/ or sister in their family. It teaches them what they can expect and how lucky they are to have a new sibling."}, {"userName": "Brittnee", "userReviewDate": "Apr 20, 2011", "userURL": "http://www.goodreads.com/user/show/4866507-brittnee", "userReview": "A cute and sweet story that fosters conversation about having a new baby join the family. For children it would be great to read if they are expecting to have a baby brother or sister soon!"}, {"userName": "Miley the Book Junkie Reads . . .", "userReviewDate": "Aug 02, 2014", "userURL": "http://www.goodreads.com/user/show/7377888-miley-the-book-junkie-reads", "userReview": "We read this to out youngest child with each new addition of the last three children.  They seem to like it some.  Mainly when they are allowed to rub my tummy during the reading."}, {"userName": "Josiah", "userReviewDate": "Apr 25, 2009", "userURL": "http://www.goodreads.com/user/show/1914201-josiah", "userReview": "This book is better than I expected. It handles the arrival of a new baby very nicely, and includes some very real, warm moments. One of Mercer Mayer's best stories, I would say."}, {"userName": "Cat", "userReviewDate": "Apr 22, 2010", "userURL": "http://www.goodreads.com/user/show/3485748-cat", "userReview": "I adore these books, even though they're for children. When I worked in a book store, and was in charge of the children's section, having to read these books was no hardship."}, {"userName": "Pam", "userReviewDate": "Jan 03, 2014", "userURL": "http://www.goodreads.com/user/show/3273625-pam", "userReview": "Good one."}, {"userName": "Karey", "userReviewDate": "Oct 13, 2008", "userURL": "http://www.goodreads.com/user/show/424383-karey", "userReview": "This was a great book to read to my two children when I was expecting our third child. They loved it, and it helped them to start talking about things they wanted to know."}, {"userName": "Lauren", "userReviewDate": "Apr 26, 2012", "userURL": "http://www.goodreads.com/user/show/3002364-lauren", "userReview": "This book is great for children especially when they learn to start reading.  It teaches great morals and ideals for everyone to have and great general life lessons."}, {"userName": "Modboy", "userReviewDate": "Apr 16, 2011", "userURL": "http://www.goodreads.com/user/show/3990409-modboy", "userReview": "Sweet story that fosters conversation about having a new baby join the family.  For young children -- this one is not plot driven like Mayer's best tales."}], "description": "The new baby takes some getting used to, but she's worth it.", "title": "The New Baby\n      \n          (Little Critter)", "url": "http://www.goodreads.com/book/show/228135.The_New_Baby", "average": 4.12, "cover": "http://d.gr-assets.com/books/1388193706l/228135.jpg", "reviews": 42, "authors": [{"url": "http://www.goodreads.com/author/show/692.Mercer_Mayer", "name": "Mercer Mayer"}], "outlinks": ["http://www.goodreads.com/book/show/10233921-new-baby", "http://www.goodreads.com/book/show/514346.The_Berenstain_Bears_Get_in_a_Fight", "http://www.goodreads.com/book/show/65215.I_m_a_Big_Brother", "http://www.goodreads.com/book/show/488898.What_s_Wrong_Little_Pookie_", "http://www.goodreads.com/book/show/110598.Zack_s_Alligator", "http://www.goodreads.com/book/show/386234.Just_for_You", "http://www.goodreads.com/book/show/239388.Just_Me_and_My_Dad", "http://www.goodreads.com/book/show/109522.All_by_Myself", "http://www.goodreads.com/book/show/386421.I_Was_So_Mad", "http://www.goodreads.com/book/show/921651.Just_Go_to_Bed", "http://www.goodreads.com/book/show/821018.Just_Grandma_and_Me", "http://www.goodreads.com/book/show/633709.Just_Grandpa_and_Me", "http://www.goodreads.com/book/show/1342091.Me_Too_", "http://www.goodreads.com/book/show/995907.Merry_Christmas_Mom_and_Dad", "http://www.goodreads.com/book/show/953584.When_I_Get_Bigger", "http://www.goodreads.com/book/show/921651.Just_Go_to_Bed", "http://www.goodreads.com/book/show/386234.Just_for_You", "http://www.goodreads.com/book/show/239388.Just_Me_and_My_Dad", "http://www.goodreads.com/book/show/386421.I_Was_So_Mad", "http://www.goodreads.com/book/show/760205.There_s_a_Nightmare_in_My_Closet"]}