{"ratings": 1196, "userreviews": [{"userName": "Muna", "userReviewDate": "Jul 12, 2008", "userURL": "http://www.goodreads.com/user/show/803559-muna", "userReview": "Once, in a royal fit of frustration, I jumped up on the bed in the middle of night, the mattress balanced precariously on stolen cinder blocks, and yelled: Just put me on a boat in the middle of the ocean with one gallon of water and one box of biscuits and let me die there and then I'll tell you what life is like. My boyfriend was speechless. And half asleep.Stephen Crane, as a young journalist, was actually stranded in a boat in the middle of the sea, and this is the true story of that. He made it home, married a beautiful girl, and died of TB  at the age of 29. I'm 29."}, {"userName": "Teresa", "userReviewDate": "May 20, 2014", "userURL": "http://www.goodreads.com/user/show/541416-teresa", "userReview": "I liked this story a lot more than I thought I would.  The more I read of Crane, the more I like his style -- and wonder what else he might have produced if he hadn't died so young.  This story fits in with the Crane poem:A man said to the universe:\"Sir, I exist!\"\"However,\" replied the universe,\"The fact has not created in meA sense of obligation.\"In \"The Open Boat\" the cadence of his words when the boat is on the water evoked the rising and falling of the rough waves that rock the open boat."}, {"userName": "Alyssa", "userReviewDate": "Apr 27, 2007", "userURL": "http://www.goodreads.com/user/show/35839-alyssa", "userReview": "I was impressed with Crane's ability to write so fully and beautifully in a short story. The battle between the natural world and mankind and our apparent helplessness. Naturalism..."}, {"userName": "Ricks Eric ", "userReviewDate": "May 17, 2009", "userURL": "http://www.goodreads.com/user/show/2320250-ricks-eric", "userReview": "The Open Boat is an intriguing short story by Stephen Crane that recognizes man's relationship to nature. This story portrays nature in sharp contrast to the romanticism of early American Romantic writers, who viewed nature as there nurturing mother. In many ways this story can be read as an allegory of mans loss of innocence due to the harsh reality of a changing world. This loss of innocence is portrayed as the men in the boat ship there view of nature from a romantic view to that a realist view. Written at the height of the Guided age in America this story provides great commentary to the then accepted views of social darwinism. This is by far once of the best short stories I have ever read."}, {"userName": "Jess", "userReviewDate": "Jan 25, 2014", "userURL": "http://www.goodreads.com/user/show/4643578-jess", "userReview": "I very much enjoyed these stories, and they were much funnier than I anticipated they would be--I'm unfamiliar with Crane's works besides the book.  While I enjoyed the titular story and the longer novella (\"Maggie: A Girl of the Streets\"), my favorite story was definitely \"The Blue Hotel.\"  I've never read a realistic short story so packed with tension, and it gave me the chills.\"Maggie: A Girl of the Streets\"This was definitely the most depressing of the stories, but also the wittiest--and we get to see a rather disgusting, hypocritical, drunken family of horrible people that mimes contemporary dysfunctional families in a very eerie way.\"The Open Boat\"This is the sort of story where there is a lot of action going on (the waves, the land-spotting, the swimming), yet the things we love best are the characters and how the interact with each other.\"The Bride Comes to Yellow Sky\"Probably my least favorite of the volume, just because it started quite strong and then fizzled out.  For a very short piece, it went in so many different directions, and I just sort of lost interest.  The ending is quite funny, though.\"The Blue Hotel\"This story surprised me with how weird it was and the sort of direction it went it--it has sort of a claustrophobic, eerie, something-bad-is-coming feeling to it, and it boils slow until the somber ending.  The best non-horror horror story I've read in a long time."}, {"userName": "Jamie", "userReviewDate": "May 27, 2013", "userURL": "http://www.goodreads.com/user/show/51089-jamie", "userReview": "\u201cWhen it occurs to a man that nature does not regard him as important, and that she feels she would not maim the universe by disposing of him, he at first wishes to throw bricks at the temple, and he hates deeply the fact that there are no bricks and no temples.\u201d\u201cThe Open Boat.\u201d What a fantastic little story."}, {"userName": "Emily", "userReviewDate": "Sep 29, 2008", "userURL": "http://www.goodreads.com/user/show/30729-emily", "userReview": "Am I still 16?  No.  Do I still love Naturalism and the whole idea of the individual powerless to the forces of nature and science?  Apparently, yes.  (My students thought \"Open Boat\" was repetitive and boring.  For shame!  Where is their angst?)"}, {"userName": "Lizette", "userReviewDate": "Aug 06, 2007", "userURL": "http://www.goodreads.com/user/show/139986-lizette", "userReview": "This book contains 4 short stories. Maggie: a Girl of the streets, which is good. Then The Open Boat, also good. The Bride Comes to Yellow Sky, which is my favorite. And The Blue Hotel, which I don't remember much of."}, {"userName": "Andrea", "userReviewDate": "Jun 01, 2007", "userURL": "http://www.goodreads.com/user/show/95438-andrea", "userReview": "Clear, crisp prose that doesn't turn sparse.  Nature's brutality head-on.  There is something about this stuff that I love, and it's somewhere between the words."}, {"userName": "Lori", "userReviewDate": "Dec 11, 2009", "userURL": "http://www.goodreads.com/user/show/1230817-lori", "userReview": "Stephen Crane is the man.  He writes some of the best sentences ever.  And then puts those awesome sentences together to write stories.  Jealous!!"}, {"userName": "Elise", "userReviewDate": "Sep 29, 2007", "userURL": "http://www.goodreads.com/user/show/234979-elise", "userReview": "\"The Open Boat\" is great. Some funny dialogue. I liked it much better than \"Maggie: A Girl of the Streets.\""}, {"userName": "Stuart Lindberg", "userReviewDate": "Dec 28, 2010", "userURL": "http://www.goodreads.com/user/show/4700463-stuart-lindberg", "userReview": "I'm a sucker for a good short story, there are several here."}, {"userName": "Seth Augenstein", "userReviewDate": "May 21, 2010", "userURL": "http://www.goodreads.com/user/show/693244-seth-augenstein", "userReview": "Hit and miss. When on, it's the best."}, {"userName": "Mark Noce", "userReviewDate": "Oct 22, 2009", "userURL": "http://www.goodreads.com/user/show/2864321-mark-noce", "userReview": "Great short-stories."}, {"userName": "Teri", "userReviewDate": "Sep 08, 2009", "userURL": "http://www.goodreads.com/user/show/1979455-teri", "userReview": "adventure"}, {"userName": "Bill S.", "userReviewDate": "Aug 05, 2014", "userURL": "http://www.goodreads.com/user/show/10593421-bill-s", "userReview": "Crane's most celebrated short stories.    \"The Open Boat\" was the best.   It really is not proper to say that this is a tale of man vs. nature as the correspondent comes to realize that nature is indifferent to the fate of man.   It is neither intentionally hostile nor helpful.   I thought Crane was even arguing against the law of nature by having the oilman -- the strongest of the four -- drown, while having the injured captain survive.  Or, perhaps  I read too much into this since this it was the oilman who died in Crane's real-life experience.  I credit Crane with being one of the few writers who quotes a poem written by another to make a point effectively.   Only in his desperate condition does the correspondent find sympathy with the dying French legionnaire of the poem.   What had been abstract had now become reality and only now could he find true affinity with another human's suffering.  The other theme here is that under situations of extreme stress and threat humans bond.   The correspondent feels closer to these three men than any other and felt that the comradeship \"was the best experience of his life.\"            \"The Blue Hotel\" - On the one hand I thought the story flawed because the actions of the Swede swung from one extreme to another.    I did not find his character believable.   On the other hand, I found the overall message of the story to be thought provoking.    \"Every sin is the result of a collaboration\" has led me to wonder if \"every sin\" is appropriate or \"most sins\" or \"many sins.\"  I would disagree with Crane not including the Swede as one of the culprits in his own murder.   I agree that it is unjust that we oftentimes hold only the final perpetrator responsible when the actions of many often lead to evil.  Scully is so concerned about he reputation of his business that he gets the Swede drunk to get him to stay and then allows the fight to happen to protect the family honor; Johnny cheats at the card game; the easterner knows he cheated but says nothing, the cowboy eggs on Johnny and does not intervene to stop the fight and then the gambler kills the Swede.  But lets not forget that the Swede should take responsibility for participating in a fight over a card game that did not even involve money and then assaulting the gambler.\"The Bride Comes to Yellow Sky\" - was subtle.    At first read I found it just a clever plot twist at the end.    Only upon reflection did it occur to me that the bride represented civilization coming to the town of \"Yellow Sky.\"    This is why the alcoholic gunslinger acts like a \"creature allowed a glimpse of another world\" at the mere mention of the word \"married\" and \"in the presence of this foreign condition he was a simple child of the earlier plains.   He refuses to shoot and \"placing both weapons in their holsters, he went away.\"  His agreement with the Sheriff that \"it's all off now\" represents the ending of the wild west."}, {"userName": "Kathryn", "userReviewDate": "Sep 04, 2013", "userURL": "http://www.goodreads.com/user/show/7576606-kathryn", "userReview": "[the Oiler's death, since he was the most diligent of them all... (hide spoiler)]"}, {"userName": "Bob", "userReviewDate": "Jul 19, 2012", "userURL": "http://www.goodreads.com/user/show/10952281-bob", "userReview": "The Open Boat is another of Stephen Crane's terrific short stories. It's interesting to note that Crane had a way way of telling a story with total disregard for the time period. Many of his stories could be 1880 or 1930. He was also known for his use of pluralism in many of his stories. For example, so close to shore they can see people waving but not close enough to be saved. Crane died in 1900 at the age of 28. It is said that he had great influence on Hemmingway, and was friends with HG Wells and Joseph Conrad. Having grown up in Asbury Park, N.J. he precedes Bruce Springsteen as Asbury Park's first Rock Star!"}, {"userName": "Gloria", "userReviewDate": "Jul 30, 2011", "userURL": "http://www.goodreads.com/user/show/2124093-gloria", "userReview": "I cannot fully fathom how a young man can craft such prose.  To take 4 utterly different stories, milieus, characters, and even overall feelings surrounding those tales ... it amazes me.  Crane's descriptions leave you missing nothing, yet aren't bogged down by superfluous words.My only complaints?There were only 4 stories.  I wanted more. And the fact that he died at the age of 28.  A veritable George Gershwin of the literary world.  How much more could he have written..."}, {"userName": "Jennifer M. Hartsock", "userReviewDate": "Apr 08, 2011", "userURL": "http://www.goodreads.com/user/show/5240771-jennifer-m-hartsock", "userReview": "This is another story that I couldn\u2019t follow along very well. I liked the imagery as I have in most of these stories, but the style of writing confused me a bit. It is a good example of theme however because it has a message: it conveys the message of working together to overcome struggle.Fighting against the sea seems to be impossible to these men, yet realize that in order to survive; they have to comfort one another. This is the theme of the story."}, {"userName": "Ahmed Amine", "userReviewDate": "Aug 12, 2013", "userURL": "http://www.goodreads.com/user/show/21844334-ahmed-amine", "userReview": "very powerful story. Crane succeeded to make us live every single moment of the story. my mind was rocking as was the open boat when facing waves. the writer discusses here the weakness of the humankind when facing mother nature. this weakness overshadows our self esteem and importance and makes us feel we are just an atom in this universe and we do not make a difference in this world."}, {"userName": "Margaretmcmillan", "userReviewDate": "Aug 29, 2011", "userURL": "http://www.goodreads.com/user/show/5655736-margaretmcmillan", "userReview": "It was fitting to read this book on the way to St. George Island, Florida. Equally fitting, that after we read it, we spent most of our evenings there watching 'Shark Week.' I've always had a harder time enjoying Stephen Crane, but I really seized on to this short story. I have plans to read the Blue Hotel next."}, {"userName": "Sarah", "userReviewDate": "Dec 28, 2013", "userURL": "http://www.goodreads.com/user/show/3800939-sarah", "userReview": "Each story rated as follows:Maggie: A Girl of the Streets--5 starsThe Open Boat-- 3 starsThe Bride Comes to Yellow Sky--3 starsBlue Hotel--4 starsStephen Crane is a visceral, brilliant writer who tells plotted, cutting stories with detailed and poetic prose. There's no way not to love him."}, {"userName": "Jake Berlin", "userReviewDate": "Dec 22, 2013", "userURL": "http://www.goodreads.com/user/show/5416028-jake-berlin", "userReview": "crane is an excellent crafter of stories, with a keen sense for what to include and what to omit. he's also a master of both dialogue and dialect -- the latter of which can be incredibly irritating in the wrong hands, but  shines on the page in crane's able ones."}, {"userName": "Robbie Manson", "userReviewDate": "Jul 22, 2013", "userURL": "http://www.goodreads.com/user/show/7228341-robbie-manson", "userReview": "The Open Boat is one of the best short stories I've read. Crane was obviously a major influence on Hemingway. Brilliant.I actually didn't read this edition but rather a free download from Project Gutenberg"}, {"userName": "Scott Stirling", "userReviewDate": "Jul 05, 2013", "userURL": "http://www.goodreads.com/user/show/20259454-scott-stirling", "userReview": "Some good some not as good. One about the Texan sheriff and gunslinger is memorable 20 years after reading this."}, {"userName": "Cameron", "userReviewDate": "Aug 07, 2009", "userURL": "http://www.goodreads.com/user/show/1593477-cameron", "userReview": "Epic yet simple story about a group of men struggling to make it to shore in a small boat on rough seas."}, {"userName": "Ebookwormy", "userReviewDate": "Sep 23, 2008", "userURL": "http://www.goodreads.com/user/show/1005834-ebookwormy", "userReview": "\"The Open Boat\" is Carp-500"}, {"userName": "Julie", "userReviewDate": "Aug 01, 2007", "userURL": "http://www.goodreads.com/user/show/182447-julie", "userReview": "The Open Boat, March, 2002"}, {"userName": "Cassandra", "userReviewDate": "Sep 02, 2009", "userURL": "http://www.goodreads.com/user/show/2694028-cassandra", "userReview": "Read, \"The Open Boat\""}], "description": "Four\u00a0prized selections by one of America's greatest writers: \"The Open Boat,\" based on a harrowing incident in the author's life: the 1897 sinking of a ship on which he was a passenger; \"The Blue Hotel\" and \"The Bride Comes to Yellow Sky,\" reflecting Crane's early travels in Mexico and the American Southwest; and the novella Maggie: A Girl of the Streets, a galvanizing portrait of life in the slums of New York City.", "title": "The Open Boat and Other Stories", "url": "http://www.goodreads.com/book/show/179073.The_Open_Boat_and_Other_Stories", "average": 3.77, "cover": "http://d.gr-assets.com/books/1328868365l/179073.jpg", "reviews": 31, "authors": [{"url": "http://www.goodreads.com/author/show/19879.Stephen_Crane", "name": "Stephen Crane"}], "outlinks": ["http://www.goodreads.com/book/show/8436652-open-boat-and-other-tales-of-adventure", "http://www.goodreads.com/book/show/12406668-the-open-boat-and-other-stories", "http://www.goodreads.com/book/show/20282952-the-open-boat-and-other-stories", "http://www.goodreads.com/book/show/10429986-the-open-boat-and-other-stories", "http://www.goodreads.com/book/show/1564832.Far_Away_and_Long_Ago", "http://www.goodreads.com/book/show/199009.The_Oxford_Book_of_English_Verse", "http://www.goodreads.com/book/show/16205.Daisy_Miller_and_Other_Stories", "http://www.goodreads.com/book/show/636429.A_Pair_of_Silk_Stockings_and_Other_Short_Stories", "http://www.goodreads.com/book/show/18528265-strange-fruit-volume-i", "http://www.goodreads.com/book/show/174198.The_Country_of_the_Pointed_Firs_and_Other_Stories", "http://www.goodreads.com/book/show/5167161-a-r-n-n-derinli-i", "http://www.goodreads.com/book/show/17675127-hum", "http://www.goodreads.com/book/show/7241927-forest-gate", "http://www.goodreads.com/book/show/17724775-deadpool-killustrated", "http://www.goodreads.com/book/show/28333.Papa_You_re_Crazy", "http://www.goodreads.com/book/show/33575.Some_of_Tim_s_Stories", "http://www.goodreads.com/book/show/296462.White_Jacket_or_the_World_on_a_Man_of_War", "http://www.goodreads.com/book/show/1719525.The_Outcasts_of_Poker_Flat", "http://www.goodreads.com/book/show/40016.Young_Goodman_Brown_and_Other_Short_Stories", "http://www.goodreads.com/book/show/144896.The_Enormous_Room", "http://www.goodreads.com/book/show/35220.The_Red_Badge_of_Courage", "http://www.goodreads.com/book/show/2918374-the-red-badge-of-courage-and-selected-short-fiction", "http://www.goodreads.com/book/show/208977.Maggie", "http://www.goodreads.com/book/show/40209.Maggie"]}