{"ratings": 355, "userreviews": [{"userName": "Qt", "userReviewDate": "Jun 27, 2008", "userURL": "http://www.goodreads.com/user/show/447538-qt", "userReview": "A whimsically light-hearted read--still quite enjoyable and fun! The Pink Motel and all its \"odd\" guests sounds like a delightful place to visit, and the activities Kirby and Bitsy (the two main protagonists) take part in seem like good fun. Whether tracking a pair of gangsters or being treated to goodies from an artist's hamper, their adventures are always fun and humorous."}, {"userName": "Marisa", "userReviewDate": "Jul 14, 2007", "userURL": "http://www.goodreads.com/user/show/17582-marisa", "userReview": "One of my favorite books when I first started reading chapter books as a child.  The cover on my copy is pink (though rather grubby, as it first belonged to my mother and her siblings)."}, {"userName": "Mk619", "userReviewDate": "Jul 27, 2009", "userURL": "http://www.goodreads.com/user/show/2546042-mk619", "userReview": "This was my favorite book as a child, and my brother recently reminded me of it.  It's about a family from Minnesota who inherits a pink motel in Florida. Since it was written in 1959, the motel is a series of pink stucco cottages with spanish tile roofs... very vintage mid-century. I've just re-read it -- thank heaven for Amazon Marketplace -- and loved it just as much. Its language is a little archaic, but in a good way. And the story holds up well.The Pink Motel attracts all kinds of odd types, and the children in the book are always having adventures, and believable adventures at that.But there's something magic about the motel and the book. It's a great read."}, {"userName": "Beth", "userReviewDate": "Dec 04, 2009", "userURL": "http://www.goodreads.com/user/show/532226-beth", "userReview": "I last read this maybe 30 years ago and couldn't have told you a thing about the plot so I decided to read it again. I had lots of \"Oh, yeah!\" moments.... \"Oh, yeah, a family from Minnesota inherits a Florida motel,\" \"Oh, yeah, the lady and her little show dogs stay at the motel,\" \"Oh, yeah, there are gangsters and alligators and a mystery.\" It was sweet and I liked it. When I'm 70 and have forgotten it again, maybe I'll read it all over."}, {"userName": "Bob Cipolla", "userReviewDate": "Sep 06, 2013", "userURL": "http://www.goodreads.com/user/show/11511265-bob-cipolla", "userReview": "I vividly remember Mrs. Hannah, my 4th grade teacher and one of my all-time favs, (1969), reading this book to us.  I can still hear her voice and the \"crinkle\" that the pages made as she turned them.  I wish I could remember the content of the story more clearly ... Think I might have to see if there is a Kindle edition and revisit the past!!!  This has to be a 5-Star book if I can still remember it after all this time!!!"}, {"userName": "Wendy", "userReviewDate": "Jul 10, 2014", "userURL": "http://www.goodreads.com/user/show/378822-wendy", "userReview": "Very cute, a little surreal, more like Baby Island than Family Sabbatical. Honestly, could have done without the magical realism elements, like the Mary Poppins character--because beaches and coconuts and alligators and kids running wild are magical enough on their own--but it was fine. I think this is the third book I've read where a family inherits a motel from a distant relative, which is odd... well, one might have been purchased, but same basic plot... anyway, surely this is the grand-daddy. I would have liked to read it in a proper old edition instead of a new paperback, because that would have made it all seem more magical. I thought the little boy Big was written to be African American--there's a slight dialect and some cultural markers--and I see that he is, on the paperback cover. But I wondered whether that was more explicit in the original edition, and some dated elements might have been removed."}, {"userName": "Helen", "userReviewDate": "Jun 07, 2009", "userURL": "http://www.goodreads.com/user/show/2378558-helen", "userReview": "I have the original hardcover copy of the 1960 edition.  I loved this book as a child in elmentary school.  I wanted to inherit a pink motel and go to Florida so I could meet all these interesting people.  What a great introduction to the world of mystery solving.  I have read it over and over."}, {"userName": "Susann", "userReviewDate": "Aug 09, 2009", "userURL": "http://www.goodreads.com/user/show/959531-susann", "userReview": "Cute story that didn't change my life but did make me yearn for a trip to a less-developed Florida of 50 years ago, with pink motels and coconut shell filing systems.Bought at Willard's Emporium in Mankato."}, {"userName": "Beth", "userReviewDate": "Jan 15, 2013", "userURL": "http://www.goodreads.com/user/show/4063913-beth", "userReview": "In which the Mellons inherit Great-Uncle Hiram's pink motel and adventures ensue. As Cousin Rose says: \"It's a real bright pink, a speaking pink, as you might say. And whether because of the color or because Uncle Hiram was a rather unusual person, it attracted the most unusual guests.\"Oh yes. The Pink Motel is hilarity from start to finish, peppered with sly asides and running gags. Everyone and everything is slightly overdrawn, a bit exaggerated, larger than life - but they fit the pink, pink, pink motel. Carol Ryrie Brink didn't only write Caddie Woodlawn; good as it is, that's the book she wrote that I reread least."}, {"userName": "Texasworm", "userReviewDate": "Oct 25, 2009", "userURL": "http://www.goodreads.com/user/show/2877380-texasworm", "userReview": "This was my absolute favorite book as a child.  I loved checking the book out at our public library and school library.  I so envied Kirby and the fun and adventures he had when his family visited the motel.  I still recall the book and it's wonderful, pink cover ... and, I'm 50!  Wish I had that hardcover book in my collection.  I do have the paperback, but it's not quite the same."}, {"userName": "Martha", "userReviewDate": "May 06, 2009", "userURL": "http://www.goodreads.com/user/show/749808-martha", "userReview": "This was one of my top 5 favorite books as a child. It's not in print anymore, as far as I can tell, but if you ever see a copy you should read it. It's not the most dramatic plot ever written, but it's such a sweet story and the characters are endearing. I highly recommend for children and adults alike."}, {"userName": "Liz", "userReviewDate": "Nov 24, 2008", "userURL": "http://www.goodreads.com/user/show/1746656-liz", "userReview": "The first book I always checked out at the library when I moved to a new town, growing up.  Just knowing it was there made me feel like this place was \"home\"."}, {"userName": "Audrey", "userReviewDate": "Feb 27, 2013", "userURL": "http://www.goodreads.com/user/show/5436039-audrey", "userReview": "This was another delightful gem from Carol Ryrie Brink. There is a little mystery, but it is a pretty obvious one. The main draw of the story is the cast of loveably eccentric characters and the authentic interactions between the children. I thought it was clever how all the guests' names had something to do with their respective personalities. I don't quite understand why the guests came every year at that particular time, though. There are some plot holes and predictable parts to the story, but it isn't meant to be an overly complex book. It's just a light, fun, diverting read that I imagine kids will love. Despite the plot occurring during Christmas break, this book feels summery because it takes place on the beach in Florida."}, {"userName": "Phyllis", "userReviewDate": "Apr 03, 2007", "userURL": "http://www.goodreads.com/user/show/30726-phyllis", "userReview": "Growing up I loved this book handed down to me from my mother, who got it in her Weekly Reader Book Club subscription in the 50s...it's sort of a Patrick Dennis style read for children. I might be overstating things, but I truly believe it has a great message about the joys of being a nonconformist--no small feat for a kid's book written in 1959. Plus there's some magical realism for kids in the form of an amazing bohemian painter crone who is probably a witch. But unfortunately, it hasn't aged well. Although they are intelligent, kind, and resourceful, the black characters speak in a stilted patois, so I'd be uncomfortable recommending this book for kids."}, {"userName": "Cynthia", "userReviewDate": "Jun 30, 2014", "userURL": "http://www.goodreads.com/user/show/3793206-cynthia", "userReview": "One of my favorite books when I was a child. My school had the original pink hardcover and I read it many times over."}, {"userName": "Melissa", "userReviewDate": "Sep 16, 2014", "userURL": "http://www.goodreads.com/user/show/721595-melissa", "userReview": "Kids' book--family inherits a pink motel, meet lots of quirky characters."}, {"userName": "Amanda", "userReviewDate": "Jul 18, 2007", "userURL": "http://www.goodreads.com/user/show/62202-amanda", "userReview": "This was a book of my mother's and she read it to me when I was little. It's a great mystery about these children whose father inherits a motel and they go down to Florida to run it. The motel is pink and has an unusual guest list, including some unsavory criminals. I have read this numerous times and recommend it to people regardless of age if you're looking for a fun, quick read. My favorite part was definately the pen that wrote in code."}, {"userName": "SmarterLilac", "userReviewDate": "Dec 18, 2012", "userURL": "http://www.goodreads.com/user/show/2025000-smarterlilac", "userReview": "Not\n to be confused with The Pink Hotel, (which has a '50s publication date, but which is a distinctly adult novel) this was one of the first 'real' books I learned how to read, and I read it several times in first and second grade.  It did not feel dated to me at that time, despite the fact that it had been published a full twenty five years previous.  Good, family friendly reading."}, {"userName": "Cheryl", "userReviewDate": "Oct 20, 2012", "userURL": "http://www.goodreads.com/user/show/3498889-cheryl", "userReview": "Reminded me of Chitty Chitty Bang Bang in that it was a nice story about both kids' and adult friendships & that the setting is important & that it's both a nice story and a mystery story w/ gangsters.  I would have read it several times if my childhood library had had it."}, {"userName": "Emily", "userReviewDate": "Dec 19, 2008", "userURL": "http://www.goodreads.com/user/show/71231-emily", "userReview": "I picked this up at the library book sale a couple years ago and finally got around to it. It was delightful, although nothing made strict logical sense. I loved the characters' quirky names and the adventures that Kirby, Bitty, and Big have at the bright pink motel they inherited from their bizarre but wonderful great-uncle Hiram."}, {"userName": "Roberta", "userReviewDate": "Apr 23, 2009", "userURL": "http://www.goodreads.com/user/show/304453-roberta", "userReview": "This book inspired me to want to write one myself and even though I never followed through I have very fond memories of this one.  It's a good story about all kinds of different people who learn how to get along, accept each other, and understand their differences.  A sweet little story with eccentric characters."}, {"userName": "Dona", "userReviewDate": "Jul 28, 2014", "userURL": "http://www.goodreads.com/user/show/2299170-dona", "userReview": "reading again July 2014My sister and I read this book often when we were young girls. I think it is probably the book that jump started our love of mysteries. I found a first edition copy for my sister, but read it before sending to her. I love it just as much today as I did decades ago."}, {"userName": "Carie", "userReviewDate": "Jul 05, 2012", "userURL": "http://www.goodreads.com/user/show/682833-carie", "userReview": "I read this book with my eight year old daughter.  This is a sweet story published in 1959.  It reads with all the charm of a vintage book for kids: characters with names like Bitsy and Kirby, innocent hijinks, and a bit of a mystery, all wrapped up with good message.  We both loved reading it."}, {"userName": "Carolyn Burch", "userReviewDate": "Jul 28, 2012", "userURL": "http://www.goodreads.com/user/show/11361856-carolyn-burch", "userReview": "I recently reread this one, it's been a favorite one since an elementary teacher read it aloud. I love the illustrations as well as the very positive and charming storyline. I'm thinking about a quilt making project dedicated to this book. Definitely a wonderful book to share."}, {"userName": "Laura", "userReviewDate": "May 18, 2010", "userURL": "http://www.goodreads.com/user/show/1889014-laura", "userReview": "This is a great book for kids.  I loved it as a girl & my 8-year-old son loves it too -- there are so many great characters.  Alligators!  Gangsters!  A magician!  Very very valuable dogs!  And a mysterious pen ... the list goes on.  Wonderful novel."}, {"userName": "Gina", "userReviewDate": "Dec 28, 2014", "userURL": "http://www.goodreads.com/user/show/1536659-gina", "userReview": "I brought this book with me on one elementary school summer vacation...because it's a vacation story.  :)  As a result, I found the plan to be very exciting.  If I remember correctly, this is the book that made coconuts sound amazing.  I now know better..."}, {"userName": "NC", "userReviewDate": "Aug 09, 2013", "userURL": "http://www.goodreads.com/user/show/6879879-nc", "userReview": "This was a fun book. The first title the Vintage Book Circle read. This book group is reading books that we remember from our childhood. We enjoy seeing how they hold up over the years. Very funny, cute, very pink!"}, {"userName": "Karin", "userReviewDate": "Oct 20, 2012", "userURL": "http://www.goodreads.com/user/show/2450888-karin", "userReview": "i remember reading this book and thinking it was weird. Obviously i didn't get the non-conformist message!  maybe i should read it again!I just remember that the motel was pink and not very profitable."}, {"userName": "Suzy", "userReviewDate": "Jul 06, 2012", "userURL": "http://www.goodreads.com/user/show/1278234-suzy", "userReview": "I read this book probably 50 times when I was a kid, and it never failed to delight me. I love how it shows a different Florida -- a pre-DisneyWorld Florida, actually -- that is quirky and picturesque."}, {"userName": "Sandra Levine", "userReviewDate": "Aug 18, 2013", "userURL": "http://www.goodreads.com/user/show/1819240-sandra-levine", "userReview": "This is a book I loved as a child but it made me really hate my name. Still very good read. I realize as an adult that Sandra redeems herself as the book progresses.  Something I missed as a kid."}], "description": "The moment Kirby and Bitsy arrive with their parents at their newly inherited motel in Florida, they know it's an unusual place. First of all, it's pink. Not just regular pink, but pink, pink, PINK!Then there's the roster of regular guests: an artist from Greenwich Village, a magician from The World, and a carpenter form Nobody Knows.It's the perfect combination for adventure - from mysterious messages to alligator hunting, dognapping, and Great-Granduncle Hiram's rumored secret treasure. The action at the Pink Motel never stops!", "title": "The Pink Motel", "url": "http://www.goodreads.com/book/show/229847.The_Pink_Motel", "average": 4.19, "cover": "http://d.gr-assets.com/books/1387744656l/229847.jpg", "reviews": 61, "authors": [{"url": "http://www.goodreads.com/author/show/5325.Carol_Ryrie_Brink", "name": "Carol Ryrie Brink"}, {"url": "http://www.goodreads.com/author/show/97839.Sheila_Greenwald", "name": "Sheila Greenwald"}], "outlinks": ["http://www.goodreads.com/book/show/3932603.Chitty_Chitty_Bang_Bang", "http://www.goodreads.com/book/show/547853.Return_to_Gone_Away", "http://www.goodreads.com/book/show/1768858.No_Children_No_Pets", "http://www.goodreads.com/book/show/278603.Mystery_on_the_Isle_of_Skye", "http://www.goodreads.com/book/show/8808.The_Adventures_of_Jimmy_Skunk", "http://www.goodreads.com/book/show/527748.Stowaway_to_the_Mushroom_Planet", "http://www.goodreads.com/book/show/1649017.Thee_Hannah_", "http://www.goodreads.com/book/show/347151.Understood_Betsy", "http://www.goodreads.com/book/show/752923.The_Adventures_of_Paddy_the_Beaver", "http://www.goodreads.com/book/show/312080.Magic_or_Not_", "http://www.goodreads.com/book/show/2099423.How_Spider_Saved_Halloween", "http://www.goodreads.com/book/show/375950.Henry_Reed_s_Journey", "http://www.goodreads.com/book/show/1112665.Shadow_Castle", "http://www.goodreads.com/book/show/2047603.The_Tales_of_Olga_Da_Polga", "http://www.goodreads.com/book/show/1127086.The_Magic_Summer", "http://www.goodreads.com/book/show/727364.Danny_Dunn_and_the_Anti_Gravity_Paint", "http://www.goodreads.com/book/show/1196021.The_Kitchen_Madonna", "http://www.goodreads.com/book/show/143743.The_Ghost_of_Windy_Hill", "http://www.goodreads.com/book/show/205821.Caddie_Woodlawn", "http://www.goodreads.com/book/show/205823.Caddie_Woodlawn_s_Family", "http://www.goodreads.com/book/show/7932.Baby_Island", "http://www.goodreads.com/book/show/1763142.Two_Are_Better_Than_One", "http://www.goodreads.com/book/show/7938.Winter_Cottage"]}