{"ratings": 186, "userreviews": [{"userName": "Matt", "userReviewDate": "Feb 22, 2013", "userURL": "http://www.goodreads.com/user/show/1479345-matt", "userReview": "I'm a fan of puzzle books anyway and he makes fun of the puzzle tropes, making them impossible, (\"Unfortunately, this maze cannot be solved at this time.\") very difficult, (\"List all of the countries in Africa in alphabetical order.  Do not get any wrong.\") or stunningly easy (one of the mazes is more of a single path).  The answers are fun because they all encapsulate hopelessness and despair, but in a funny way that one has come to expect from the series."}, {"userName": "Eyehavenofilter ", "userReviewDate": "Apr 26, 2013", "userURL": "http://www.goodreads.com/user/show/7577191-eyehavenofilter", "userReview": "Love puzzles and mazes and this is a terrific book of all kinds of mind bending exercises to keep ya'll busy for weeks. I highly recommend it for anyone that loves a challenge or 20!"}, {"userName": "Kristin", "userReviewDate": "Dec 02, 2009", "userURL": "http://www.goodreads.com/user/show/179003-kristin", "userReview": "Lemony Snicket companion to the series about the Baudelaire orphans. Hilarious and perplexing. The author is a sometime-member of The Magnetic Fields, by the way."}, {"userName": "Runa", "userReviewDate": "Dec 20, 2013", "userURL": "http://www.goodreads.com/user/show/38005-runa", "userReview": "I thought this would be one of those annoying movie tie-in things that focuses more on advertising the movie than anything else, but it actually was a pretty cool read!  There's that classic Snicket humor and the book legitimately felt like an extra peek into the series.  There's no new information, but it's still funny, and the puzzles are ones that can be enjoyed at any age.  Pleasantly surprised!"}, {"userName": "Meadow", "userReviewDate": "Dec 15, 2008", "userURL": "http://www.goodreads.com/user/show/688991-meadow", "userReview": "It was deffinitally mind boggling. I got stumped more then once, that's for sure. but a wonderul book. You will get it more if you read the series first."}, {"userName": "J.C.", "userReviewDate": "Aug 08, 2011", "userURL": "http://www.goodreads.com/user/show/4929593-j-c", "userReview": "These puzzles, crafts, and recipes are absolutely  hilarious!!!!"}, {"userName": "Primadonna", "userReviewDate": "Aug 02, 2007", "userURL": "http://www.goodreads.com/user/show/87942-primadonna", "userReview": "Truly bothersome. I find most of the riddles annoying."}, {"userName": "Miik", "userReviewDate": "Feb 15, 2012", "userURL": "http://www.goodreads.com/user/show/1139772-miik", "userReview": "Hilarious"}], "description": "Within the pages of this novel, readers will discover one of the books upon which the movie Lemony Snicket's A Series of Unfortunate Events is based. This book tells an unhappy tale about three very unlucky children who, despite being likable, lead lives that are doomed.", "title": "The Puzzling Puzzles: Bothersome Games Will Bother Some People\n      \n          (A Series of Unfortunate Events)", "url": "http://www.goodreads.com/book/show/80679.The_Puzzling_Puzzles", "average": 3.81, "cover": "http://d.gr-assets.com/books/1387715437l/80679.jpg", "reviews": 8, "authors": [{"url": "http://www.goodreads.com/author/show/36746.Lemony_Snicket", "name": "Lemony Snicket"}, {"url": "http://www.goodreads.com/author/show/3882906.Biff_Nussbaum", "name": "Biff Nussbaum"}], "outlinks": ["http://www.goodreads.com/book/show/1059641.Lemony_Snicket_s_A_Series_Of_Unfortunate_Events", "http://www.goodreads.com/book/show/1951533.A_Series_of_Unfortunate_Events", "http://www.goodreads.com/book/show/131120.The_Truth_Behind_A_Series_of_Unfortunate_Events", "http://www.goodreads.com/book/show/96779.The_Simpsons_One_Step_Beyond_Forever", "http://www.goodreads.com/book/show/518600.Help_I_m_Trapped_In_Obedience_School", "http://www.goodreads.com/book/show/66141.Star_Trek_Star_Charts", "http://www.goodreads.com/book/show/216560.Devil_World", "http://www.goodreads.com/book/show/21630.World_Without_End", "http://www.goodreads.com/book/show/151144.Stargate_Atlantis", "http://www.goodreads.com/book/show/224828.The_Science_Book", "http://www.goodreads.com/book/show/216901.The_Romulan_Stratagem", "http://www.goodreads.com/book/show/1195598.Hamster_Hotel", "http://www.goodreads.com/book/show/634977.Midnight_in_the_Dollhouse", "http://www.goodreads.com/book/show/914651.Helen_Keller", "http://www.goodreads.com/book/show/1973342.Numerical_Analysis", "http://www.goodreads.com/book/show/585623.An_Introduction_to_the_Theory_of_Numbers", "http://www.goodreads.com/book/show/3699632-dubious-deeds", "http://www.goodreads.com/book/show/205506.Schaum_s_Outline_of_Linear_Algebra", "http://www.goodreads.com/book/show/600071.Gamma", "http://www.goodreads.com/book/show/328647.Calculus_On_Manifolds", "http://www.goodreads.com/book/show/78411.The_Bad_Beginning", "http://www.goodreads.com/book/show/78418.The_Reptile_Room", "http://www.goodreads.com/book/show/438492.The_Wide_Window", "http://www.goodreads.com/book/show/65119.The_Miserable_Mill", "http://www.goodreads.com/book/show/131123.The_Austere_Academy", "http://www.goodreads.com/book/show/172327.The_Ersatz_Elevator", "http://www.goodreads.com/book/show/150037.The_Vile_Village", "http://www.goodreads.com/book/show/65118.The_Hostile_Hospital", "http://www.goodreads.com/book/show/324277.The_Carnivorous_Carnival", "http://www.goodreads.com/book/show/297792.The_Slippery_Slope", "http://www.goodreads.com/book/show/78411.The_Bad_Beginning", "http://www.goodreads.com/book/show/78418.The_Reptile_Room", "http://www.goodreads.com/book/show/438492.The_Wide_Window", "http://www.goodreads.com/book/show/131123.The_Austere_Academy", "http://www.goodreads.com/book/show/65119.The_Miserable_Mill"]}