{"ratings": 645, "userreviews": [{"userName": "Breauna Hale", "userReviewDate": "Oct 27, 2014", "userURL": "http://www.goodreads.com/user/show/36357007-breauna-hale", "userReview": "This book is a collection of African american folk tales. It tells the tales of many slaves from the past. this gives children a look into the life back then in a fun and imaginative way. These folktales are a way of teaching children about history through make believe stories. These stories relate to my cultural group because they are folk tales about he African american people. The genre of this book is folktale. It is developmentally appropriate for the upper elementary grades to read on their own and may even be able to be used in kindergarten and first because of the uniqueness of the stories. The pictures help students to better grasp the concepts that the folk tales are discussing.I had some debate about if this is a quality children's book initially, but seeing as their are stories, understandable language, realistic characters, and illustration, I think that this could qualify as a quality children's book."}, {"userName": "Arnetha", "userReviewDate": "Feb 27, 2014", "userURL": "http://www.goodreads.com/user/show/5398614-arnetha", "userReview": "African FolktalesThe book I bought came with a CD & is narrated by the author & James Earl Jones, everything comes alive when you listen and read along; so dramatic! I would recommend buying this book with the CD. The voice may be a little scary for younger children, because of Earl Jones deep voice when telling some of the stories. The illustrations are beautiful and powerful.  The book has numerous characters from Bruh Rabbit, Little 8 John, and Bruh Alligator. The story evokes strength of people to find magic, wonder and spirituality in a time during oppression. The lesson from each story will stay with your children/adults forever. At the end of each story is a brief history of the story, its origin and other fact that help the story to become more real and personal. Even as an adult I really enjoyed the history of each story."}, {"userName": "Jade", "userReviewDate": "Feb 26, 2014", "userURL": "http://www.goodreads.com/user/show/11895690-jade", "userReview": "The picture book The People Could Fly by Virginia Hamilton is an African American folktale about the magic that some believed allowed people to fly.  The story begins with people in Africa who have the magical ability to fly with their shiny black wings.  Soon, their once peaceful village, is turned upside down when slave-traders capture them.  They are forced to shed their wings to board the slave ship.  Quickly, they forgot all about their magic and instead endured the hardships of being slaves. Beautiful illustrations by Leo and Diane Dillon accompany the tale, compliment the message, and provide the reader with the impression of fluidity.  At the end of the story, Virginia Hamilton provides a brief note about the folktale and what it meant symbolically to African Americans."}, {"userName": "Leane", "userReviewDate": "Jan 17, 2011", "userURL": "http://www.goodreads.com/user/show/3567142-leane", "userReview": "The People Could Fly is a collection of 24 African American folktales compiled by Virginia Hamilton.  The tales are separated into different categories: animal tales; tales of the real, extravagent, and fanciful; tales of the supernatural; and slave tales of freedom.  Each story includes beautiful black and white illustrations by Leo and Diane Dillon, who illustrated such books as Why Mosquitos Buzz in People's Ears.  At the end of each story, Virginia Hamilton provides a brief bit about where the folktale originated and what it meant symbolically to African Americans.  Most of the stories were told by slaves brought to the U.S. from Africa.I definitely recommend using this book along with the CD that is included in the back.  James Earl Jones and Virginia Hamilton take turns reading 11 of the tales aloud.  Some instrumentals are included to add to the overall effect.  Both Jones and Hamilton are great storytellers.  Teachers and librarians can use this collection and the CD in their classrooms when studying African American folktales and culture.  Children will find the stories interesting and enjoyable, especially when read aloud.  Pick and choose which stories you would like to listen to.  Most of the stories are very short, so you can read multiple stories from different categories.  I personally enjoyed listening to a few of the stories and listening to the language.  Some of it, especially the tales told in modified Gullah, may be hard to comprehend for younger children, but it's still something worth listening to."}, {"userName": "The Young Book Collector", "userReviewDate": "Jan 30, 2013", "userURL": "http://www.goodreads.com/user/show/7549969-the-young-book-collector", "userReview": "The story features a group of individuals in Africa, who have the magical ability to fly with their shiny black wings. But their once peaceful village gets turned upside down when slave-traders capture them, leaving them to shed their wings to get into the slave ship, almost like losing a part of their identity by doing so. These winged-folk soon forgot all about their magic, enduring the hardships of being slaves. And even though the younger descendants forgot, one man didn't. Toby. Outside was a field-hands slave, Sarah, who was picking cotton while carrying her baby on her back. But soon the baby started to cry, annoying the overseer-driver who cracked his whip for Sarah to move faster. Rushing to her side was Toby, her father, who said the magic rituals and soon she stared to fly. Toby then makes his way to everyone who once had wings, chanting the magical spell, reviving \"his\" kin, leaving the plantation with joy. But there were some elements in the story that really baffled the sh*t out of me! For one, as they were being captured why didn't they fly away? They did have wings after all. Also, towards the end, why did Toby leave the other slaves behind, the ones who couldn't fly? That was more than fu*ked up, I would be so sad if someone didn't help me from being a slave. And Toby didn\u2019t even come back for them. Talk about selfish! But other than that, Leo and Diane did a good job with the illustration, and even though I didn't like some parts of it, I still think it\u2019s worth reading."}, {"userName": "Nikki", "userReviewDate": "Jan 22, 2013", "userURL": "http://www.goodreads.com/user/show/336953-nikki", "userReview": "I decided to get and read this book because the title and book cover intrigued me, gave me chills of a sort.This book of tales is divided into 4 sections: Animal Tales, Tales of the Real, Extravagant and Fanciful, Tales of the Supernatural, and Slave Tales of Freedom. I thought the whole book would have been the last section but I'm actually glad it was more varied. For the first two sections, there is a lot of crossover between those tales--the characters and tropes-- and some from my own country (in the West Indies); in fact, some are identical in telling style and dialect. It was the title tale I was looking forward to as I began reading, but at the end of it all, my favorite stories ended up being:- Bruh Alligator Meets Trouble- The Two Johns- The Peculiar Such Thing- Better Wait Till Martin ComesOverall, I appreciated the glimpse of the virtual fireside story-time from long, long ago, while aching for those very real people who were trapped by slavery, unable to fly."}, {"userName": "Tracey", "userReviewDate": "Oct 30, 2014", "userURL": "http://www.goodreads.com/user/show/418708-tracey", "userReview": "audio production of expertly curated folktales. The intermittent music between stories was not optimal for my drifting-off-to-sleep purposes, but the collection itself is solid, with explanatory notes of historical significance after each. Recommended."}, {"userName": "Lars Guthrie", "userReviewDate": "Jan 16, 2008", "userURL": "http://www.goodreads.com/user/show/757602-lars-guthrie", "userReview": "A classic...should be in any comprehensive children's library.  The only reason I'm not going five stars is because like any anthology, there were some stories that I was bowled over by, and some that left me thinking, \"So what?\"  One fascinating discovery: \"The Two Johns,\" whose origin Hamilton ascribes to a \"black Portugese tale...from Lousiana, Puerto Rico, the Bahamas, and the Philippines\" is almost EXACTLY the same as Hans Christian Andersen's \"Little Claus and Big Claus,\" which Diana Crone Frank and Jeffrey Frank include in their wonderful 2003 collection.  They say it is \"based on a folktale,\" is \"uncharacteristically crude for Andersen\" and \"comes across like a modern cartoon.\" That's why I like it...me with my low-brow taste."}, {"userName": "NSAndrew Liebergen", "userReviewDate": "Oct 22, 2009", "userURL": "http://www.goodreads.com/user/show/2750253-nsandrew-liebergen", "userReview": "Once upon a time, in a land far away...These stories have journeyed far -- over mountains, deserts, and oceans -- carried by wind, passed on to us by our ancestors. Now they have found their way to you.A sly fox, a bird of a thousand colors, a magical set of bagpipes, and an audacious young girl...A mixture of popular tales and literary lore, this anthology celebrates Hispanic culture and its many roots -- Indigenous, African, Arab, Hebrew, and Spanish.F. Isabel Campoy and Alma Flor Ada have retold twelve beloved stories that embody the lively spirit and the rich heritage of Latino people.The work of four leasing Latino artists and illustrators highlights this unforgettable collection."}, {"userName": "Tracy", "userReviewDate": "May 07, 2008", "userURL": "http://www.goodreads.com/user/show/702681-tracy", "userReview": "Virginia Hamilton retells these folktales using dialects from the original storytellers. She has an uncanny ability to capture the essence of the dialect while retaining the text\u2019s readability. Her extensively researched end notes after each folktale reveal fascinating multicultural connections and adaptations. She demonstrates the power of storytelling traditions for bringing hope, teaching lessons, and recapturing pride among American Blacks during the nation\u2019s era of slavery and the early post-Civil War period. I wouldn't have chosen this book on my own (it was on my MFA required reading list as most of my recent books have been); however, it was truly enjoyable and enlightening."}, {"userName": "Rebecca Ann", "userReviewDate": "Jan 29, 2013", "userURL": "http://www.goodreads.com/user/show/4811272-rebecca-ann", "userReview": "Based purely on enjoyment I'd give this collection one star.  I had trouble understanding some of the dialect in writing.  Also, most of the stories don't have any kind of satisfying structure, conflict, or resolution. At least 80 percent of these are very serious and sad in a way that connects directly to reality instead of indirectly or metaphorically.  This isn't necessarily bad, but it's not something I can take in folk tales.  I understand the cultural significance of this anthology, but I wouldn't be comfortable telling them for the above reasons, and also because of the really heavy christian themes.  One thing i really enjoyed were the beautiful, grayscale illustrations."}, {"userName": "Karen", "userReviewDate": "Jul 08, 2014", "userURL": "http://www.goodreads.com/user/show/1797711-karen", "userReview": "I can see that the audio version is definitely the way to go with this one - the dialect would cause many of my students issues if they were reading it."}, {"userName": "Margaux", "userReviewDate": "Apr 05, 2014", "userURL": "http://www.goodreads.com/user/show/15663450-margaux", "userReview": "So beautiful. Virginia Hamilton's collection of Black American folktales covers all manner of topics and tellers, with stories for every audience. THE TEARS!"}, {"userName": "Jami", "userReviewDate": "Mar 28, 2014", "userURL": "http://www.goodreads.com/user/show/5777523-jami", "userReview": "I enjoyed these folk tales.  This book had a cd of some of the tales which was excellent.  James Earl Jones and the author did the narration and they brought these stories to life.  The written ones were also good but I agree with the author that these stories are meant to be told.  There was a summary at the end of each tale explaining the origin or cultural context of the tale which was very interesting."}, {"userName": "Richard Murray", "userReviewDate": "Oct 13, 2014", "userURL": "http://www.goodreads.com/user/show/35081673-richard-murray", "userReview": "a great compilation:) a must read,"}, {"userName": "Sarah Clark", "userReviewDate": "Apr 01, 2009", "userURL": "http://www.goodreads.com/user/show/2165454-sarah-clark", "userReview": "An old man, Toby, frees the slaves who knew to fly before coming to America by using magical words in this deeply spiritual, moving tale that harmonizes with illustrations of ascending spirits reminiscent of frescoed ceilings, a combination that can only be described as glorious.\u2022\tPotential Use: Good curriculum support for discussing tales from different cultures or for introducing the topic of slavery.\u2022\tChild Appeal: Truly awesome, magical tale is made rich and vivid with the illustrations, so much so that it seems real."}, {"userName": "Patricia Smith", "userReviewDate": "Nov 21, 2013", "userURL": "http://www.goodreads.com/user/show/23474961-patricia-smith", "userReview": "A folklore audiobook that retells tales about animals, supernaturals, slave tales of freedom to name a few. The book has won the 1986 Coretta Scott King Award for Illustrator Honor. The tales are fascinating to hear. Children would be intrigued by the tales reflecting African American culture. The book is intended for readers of all ages. The storyteller uses creative sounds and expressions to deliver the tales. I rated this audiobook 5 stars because I never heard of this book and I enjoyed the creative storytelling that was used."}, {"userName": "Tracy", "userReviewDate": "Oct 12, 2008", "userURL": "http://www.goodreads.com/user/show/1404615-tracy", "userReview": "Folklore.  CIP Summary: \"Retold Afro-American folktales of animals, fantasy, the supernatural, and the desire for freedom, born of the sorrow of slaves, but passed on in hope.\" I enjoyed a few of the tales in this book, but I thought some were hard to follow.  I especially enjoyed the one about the lion roaring \"me and myself\" until he met a man with a gun.  I think this book would be more appropriate for fourth graders and older.  I may pick or choose carefully a few stories to read aloud to younger children."}, {"userName": "Shy", "userReviewDate": "May 13, 2011", "userURL": "http://www.goodreads.com/user/show/2531516-shy", "userReview": "One of my very favorite books as a kid, reread from the neglected shelf thanks to a very favorite blogger!  From my fancy sophisticated Aunt Ann, A NY model & then TV producer who sent feminist books and hip-hop and underground tapes for Christmas and birthdays.  Looking fwd to reading Many Thousands Gone, S, too, and having these in the treasury for future littles & current nevvies.  I loved these stories & see now how they fit into self-possessed modern pedagogy, Natureshock thinking."}, {"userName": "Maurice Carlos Ruffin", "userReviewDate": "Jan 17, 2013", "userURL": "http://www.goodreads.com/user/show/4809506-maurice-carlos-ruffin", "userReview": "For anyone who wants to experience a wide variety of folktales from the diaspora, The People Could Fly is the perfect place to start. Hamilton retells tales from the African continent, the Caribbean, and the American south. Each tale is embellished by the beautiful paintings of the Dillons, husband and wife artists. Some of the stories use dialect while others don't. All of them open a window into the daily lives, fears, and hopes of people of color during the time of slavery."}, {"userName": "Sara", "userReviewDate": "Jul 27, 2009", "userURL": "http://www.goodreads.com/user/show/1783329-sara", "userReview": "It is very important to me that my kids learn about slavery! I want them to know that it is wrong to hate. This book made me cry in a good way. I think having black brothers and sister it made me cry more. Because there is still hate in this world I have seen it happen to my sisters and brothers. I want my kids to know that we are all the same and childern of our Heavenly Father. Oh and I loved the pictures."}, {"userName": "Erin Sterling", "userReviewDate": "Nov 23, 2009", "userURL": "http://www.goodreads.com/user/show/1722904-erin-sterling", "userReview": "What an amazing story of courage, slavery, and freedom! The story is that long ago, people from Africa could fly, but many of them shed their wings and forgot the magic when they got sold into slavery.  Using powerful painted illustrations of close-ups of people, the story of how the people remember to fly and free themselves is inspiring and moving and almost makes you believe people could fly."}, {"userName": "Theophilus (Theo)", "userReviewDate": "Jul 24, 2010", "userURL": "http://www.goodreads.com/user/show/1733270-theophilus-theo", "userReview": "I didn't get the audio CD with my book, but the voice of the storyteller comes through loud and clear with these tales from black American folklore. From the \"John the conquerer\" stories to the stories that slaves told each other and their children about one day flying away from their world of cruel bondage to freedom are moving. Their dreams and hopes are our dreams and hopes today. Read it!"}, {"userName": "Jamie B", "userReviewDate": "Sep 03, 2012", "userURL": "http://www.goodreads.com/user/show/1176651-jamie-b", "userReview": "My aunt bought me this book when I was a child, and it was the reason why I enjoyed writing and telling stories.  Beautifully written slave narratives told during a time when the only way to communicate or to entertain was by the act of storytelling.  The book came with a audio cassette and the tales were narrated by the eminent voice of James Earl Jones and prolific author Virginia Hamilton."}, {"userName": "Courtney", "userReviewDate": "Dec 22, 2010", "userURL": "http://www.goodreads.com/user/show/4185532-courtney", "userReview": "I really wanted to like this book, but I have to put it out there: I found this book to be profoundly disturbing.  The animal torture scenes were horrific and that Brer Rabbit is a little you know what.  I admire the historical significance, but simply cannot get on board with this one.  However, the last story \"The People Could Fly\" did bring a tear to my eye."}, {"userName": "Katie", "userReviewDate": "Apr 11, 2014", "userURL": "http://www.goodreads.com/user/show/4049357-katie", "userReview": "Well written tales!"}, {"userName": "Ashley Harmon", "userReviewDate": "Oct 31, 2012", "userURL": "http://www.goodreads.com/user/show/13591516-ashley-harmon", "userReview": "I used to read this every night before I went to bed as a child. I'm not sure who gave it to me but I love them for it!  It's filled with stories of sadness and triumph but also riddles and fun and I wore the pages out reading it over and over. I still have my copy and I hope my kids love it as much as I did."}, {"userName": "Ashlee Gibson", "userReviewDate": "Mar 31, 2011", "userURL": "http://www.goodreads.com/user/show/4837863-ashlee-gibson", "userReview": "My Mom bought this book for me when I was a little girl.  She loves Virginia Hamilton.  This story has many African American tales.  The pictures maybe a little scary, but hey I have seen worse!  Focus on the stories more than the pictures if they scare you or your little ones!  Great history lesson!"}, {"userName": "L\u00f6ki Gale", "userReviewDate": "Jul 30, 2008", "userURL": "http://www.goodreads.com/user/show/1331661-l-ki-gale", "userReview": "These were my bed time stories when I was a child.  Incredible book filled with all sorts of magic and insight into American Black culture.The author also offers a children's version, which I have purchased for friends' children.  It is never too early to start teaching about America's colorful past."}, {"userName": "Melanie Deal", "userReviewDate": "Dec 04, 2008", "userURL": "http://www.goodreads.com/user/show/1772833-melanie-deal", "userReview": "This book has old African American folktales.  They are written with accents, in other words they are not perfect english.  Some of the stories include, Brur Rabbit and Brur Fox.  I enjoyed reading these and realizing that american folktales are really a compilation of other cultures folktales."}], "description": "This collection of 24 stories that kept the African culture alive during slavery includes a 78-minute audio CD with 12 folktales narrated by the author and James Earl Jones. Illustrations.", "title": "The People Could Fly: American Black Folktales", "url": "http://www.goodreads.com/book/show/292250.The_People_Could_Fly", "average": 4.18, "cover": "http://d.gr-assets.com/books/1173462229l/292250.jpg", "reviews": 74, "authors": [{"url": "http://www.goodreads.com/author/show/24588.Virginia_Hamilton", "name": "Virginia Hamilton"}, {"url": "http://www.goodreads.com/author/show/135088.Leo_Dillon", "name": "Leo Dillon"}, {"url": "http://www.goodreads.com/author/show/236648.Diane_Dillon", "name": "Diane Dillon"}, {"url": "http://www.goodreads.com/author/show/83801.James_Earl_Jones", "name": "James Earl Jones"}], "outlinks": ["http://www.goodreads.com/book/show/10765356-the-people-could-fly", "http://www.goodreads.com/book/show/14453590-the-people-could-fly", "http://www.goodreads.com/book/show/223627.Tales_of_Uncle_Remus", "http://www.goodreads.com/book/show/199623.The_Dark_Thirty", "http://www.goodreads.com/book/show/804146.Come_Away_From_the_Water_Shirley", "http://www.goodreads.com/book/show/880224.The_Tale_of_the_Mandarin_Ducks", "http://www.goodreads.com/book/show/619833.Ellington_Was_Not_a_Street", "http://www.goodreads.com/book/show/180039.Talkin_About_Bessie", "http://www.goodreads.com/book/show/1016425.Who_s_in_Rabbit_s_House_", "http://www.goodreads.com/book/show/1240904.Haunted_House", "http://www.goodreads.com/book/show/1161994.Martina_the_Beautiful_Cockroach", "http://www.goodreads.com/book/show/709979.The_Blacker_the_Berry", "http://www.goodreads.com/book/show/1362489.Beegu", "http://www.goodreads.com/book/show/622535.The_Real_Thief", "http://www.goodreads.com/book/show/836724.Zomo_the_Rabbit", "http://www.goodreads.com/book/show/270942.In_Daddy_s_Arms_I_Am_Tall", "http://www.goodreads.com/book/show/1076038.Anno_s_Journey", "http://www.goodreads.com/book/show/313788.The_Bat_Boy_and_His_Violin", "http://www.goodreads.com/book/show/7030777-sit-in", "http://www.goodreads.com/book/show/172758.Dona_Flor", "http://www.goodreads.com/book/show/69666.M_C_Higgins_the_Great", "http://www.goodreads.com/book/show/225725.The_House_of_Dies_Drear", "http://www.goodreads.com/book/show/783963.The_Girl_Who_Spun_Gold", "http://www.goodreads.com/book/show/741522.Sweet_Whispers_Brother_Rush", "http://www.goodreads.com/book/show/228030.In_the_Beginning"]}