{"ratings": 722, "userreviews": [{"userName": "Bonnie", "userReviewDate": "Jan 10, 2012", "userURL": "http://www.goodreads.com/user/show/2476018-bonnie", "userReview": "After reading 'Little Women', Carrie, Maggie, Nellie, Emma and Helen Lukens, young girls from Massachusetts, founded a home produced magazine called 'Little Things.' While the magazine produced by the March women was written in their own hand using goose quill pens, these industrious sisters managed to find a printer to build their circulation. Miss Alcott sent a letter of congratulations to the Lukens sisters. in fact her interest in this little newspaper, and it's ever growing circulation, was such that she penned a few short stories for the girls to use.  At a time when Miss Alcott's stories were commanding prices of several hundred dollars apiece, her contributions to 'Little Things' were given in gratis \"for love-- not for money\" as she stated.The individual stories are of girls who morally persevered, giving others hope and a moral compass with which to guide. This type of story was virtually unheard of during the time of Miss Alcott because children were to be seen and not heard. Giving them a voice as well as moral servitude opened the door for others to do the same."}, {"userName": "Mindy", "userReviewDate": "Jan 09, 2015", "userURL": "http://www.goodreads.com/user/show/5607439-mindy", "userReview": "A refreshing return to strong, positive morals. Just have to keep in mind that stories like this are not meant to be realistic but to teach the ideal, and then they're very appreciated. The intro (a brief history of how these stories were written for a little family newspaper like the one in Little Women) was fascinating, and I nearly cried on every page of the first and second stories because of the sweet tenderness of the little girls. What good examples to us! I want to read other Louisa May Alcott stories now and see for myself what all the fuss is about. I imagine this author will deliver well and I have a lot to learn from her."}, {"userName": "M. M. Sana", "userReviewDate": "Jul 22, 2009", "userURL": "http://www.goodreads.com/user/show/66513-m-m-sana", "userReview": "This book contains the lost short stories of Louisa May Alcott.  In the introduction Stephen W. Hines informs us that Carrie, Maggie, Nellie, Emma and Helen Luken were a big fan of Alcott's Little Women and were inspired to begin their own version of the Pickwick Portfolio called Little Things.  Unlike the characters of Little Women, the Luken sisters actually found someone to professionally print their home-produced magazine and had some well known names subscribe.  Louisa May Alcott congratulated them on their accomplishment and actually submitted her own short stories to them, \"for love- not for money,\" she wrote in her letter to the Lukens.   The Quiet Little Woman - This is the story of a girl named kind and gentle girl named Patty who lives in the orphanage. Girls as old as she is often get adopted to become servants for the house they are taken into. Patty falls dreams of being adopted by a lady, Aunt Jane, who visits the orphanage and is kind to her.  As the story progresses Aunt Jane becomes a sort of \"fairy godmother\" to Patty, who learns to make a compromise with her dream and finds happiness.Tilly's Christmas - Tilly is a poor girl who lives with her mother, but she has a kind and beautiful heart.  While talking to her two friends one day they discuss what they will be getting for Christmas.  Tilly is the only one who isn't getting anything and she is fine with that.  She comes across an ill bird and goes to help it and her friends tell her she shouldn't help someone that wouldn't do anything for her in return.  Tilly goes to the birds rescue,repeating her mother's lessons, \"do to others as you would to be done by them,\" and \"love your neighbor as yourself\". Her selfless kindness becomes sweet Chrismas story.Rosa's Tale - Miss Belinda goes to the stable after a late Chrismas dinner to visit Rosa the horse.  As the clock strikes 12AM, the hour believed to be when animals can talk, Rosa tell her tale to Miss Belinda.  The horse tells of her various owners and her adventures with them.This book is small and the three stories are about kindness to others, which is not very different from Alcott's other stories.  These christmas stories are clearly written for children, light-hearted, sweet and short."}, {"userName": "Tarissa", "userReviewDate": "Feb 02, 2010", "userURL": "http://www.goodreads.com/user/show/2630602-tarissa", "userReview": "This one book features 3 lovely Christmas stories, each penned by Louisa May Alcott.   Timid Patty is a small girl who has been adopted into a new family. Her story (entitled \"The Quiet Little Woman\") is the first one in this book.Instead of considering Patty as a daughter, the new family treats her like a servant, always making her do the extra work around the house. Patty only has one small glimmer of love around her--and it's 20 miles away. Can the Christmas spirit bring love & joy closer to home?  You'll also cherish the second tale in this book \"Tilly's Christmas\", which tells a story about the most important gifts you can give.   The third story is \"Rosa's Tale\"... where a special Christmas surprise befalls a young girl named Belinda, and a lovely bay mare.  These 3 stories make a great read for anyone who enjoys the classics, and the book would be especially splendid to have on a cold Winter day."}, {"userName": "Marcy", "userReviewDate": "Jul 25, 2008", "userURL": "http://www.goodreads.com/user/show/871853-marcy", "userReview": "This was a short, quick read book.  Louisa May Alcott's books always have tons of meaning within her pages.  These 3 short stories were very much that way, always causing me to reflect on things I can do differently, ways to improve the way I treat others.  I found myself trying to think of others that maybe I could help & encourage.  Rosa's Tale was about a talking horse, but truly not only made me think of the treatment of animals, but also the treatment of people.  Just over 100 pages, so a very quick read."}, {"userName": "Laura", "userReviewDate": "Aug 08, 2014", "userURL": "http://www.goodreads.com/user/show/2511187-laura", "userReview": "A collection of Christmas stories from renowned author, Louisa May Alcott.The Stories.The Quiet Little Woman. Patty had lived at the orphanage for as long as she could remember. She had watched other prettier, bolder girls be chosen by families to either be adopted or work as a servant. But no one has ever wanted Patty before! Oh, will she ever be chosen?Tilly\u2019s Christmas. What is that in the snow? Is it a purse? Tilly and her mother could certainly use the money for the oncoming winter. But the lump in the snow is not a purse \u2013 it\u2019s a robin! When Tilly sees that the robin is injured, she quickly forgets her own needs and instead brings the robin home to share in their scant provisions. But perhaps Tilly\u2019s selflessness will earn her family the food they need after all\u2026Rosa\u2019s Tale. The legend is that on Christmas Eve between the hours of twelve and one, dumb animals are given the gift of speech in memory of the animals who huddled near Christ\u2019s manger. Belinda knew this when she went to the stables with a present for Rosa, the horse, but she never expected to be greeted by the animal \u2013 and told her life story!Discussion.Not too long ago I reviewed Louisa May Alcott\u2019s first novel, The Inheritance. That novel was written when Louisa was seventeen and, as I mercilessly emphasized, it showed. I don\u2019t know what gap transpired between that story and the three included in this book, but there was an improvement in the style.First off let me mention that all three of these stories were set during the Christmas season. And if there\u2019s one thing that I\u2019ve noticed, it\u2019s that sentiment and nostalgia are more forgiveable when they are centered around this holiday. I\u2019m not sure exactly why, but I\u2019m guessing it\u2019s because Christmas is one of the few occasions that still evokes child-like wonder and excitement even in adults.Like I said, that\u2019s just a guess.So, these stories were still sentimental. And they were a tad bit preachy. But these things were less nauseating because \u2013 1) The characters were not so effusive or melancholy, 2) The stories took place during Christmastime when sentiment is acceptable, and 3) Because these were short stories rather than novels, so the lack of character depth was not as apparent.The last story was by far the most original in structure, although Rosa\u2019s story reminded me of Black Beauty\u2019s to a surprising degree. I have a weakness for talking horses (Mr. Revere and I), so I found Rosa\u2019s account of herself to be quite funny, although it had nothing to do with Christmas.Tilly sighingly wishes that the robin was a fairy bird that could grant her three wishes.Conclusion. Okay as a holiday read, or for those who love Louisa May Alcott\u2019s books.Visit The Blithering Bookster to read more reviews!www.blitheringbookster.com"}, {"userName": "Linda", "userReviewDate": "Dec 18, 2010", "userURL": "http://www.goodreads.com/user/show/4454774-linda", "userReview": "A small treasure of three short stories that revolve around Christmas. Tilly's Christmas was my favorite, but they are all beautiful and speak of the true spirit of Christmas."}, {"userName": "Rebecca (everyday reader)", "userReviewDate": "Dec 30, 2013", "userURL": "http://www.goodreads.com/user/show/4136009-rebecca-everyday-reader", "userReview": "Heartwarming Christmas tales. Full of miracles, magic, and love. I love it!"}, {"userName": "Katie", "userReviewDate": "Dec 05, 2010", "userURL": "http://www.goodreads.com/user/show/3600468-katie", "userReview": "Anyone approaching this book expecting to read something like Louisa May Alcott\u2019s far more famous Little Women is likely to be equally disappointed, I\u2019m afraid.  I found Little Women to be charming and hearwarming yet, although The Quiet Little Woman and Tilly\u2019s Christmas (the first two stories in the collection) follow a similar narrative trajectory of poor but worthy girls finding love, warmth and happiness through their own selfless actions, they never achieved this end and so came across as rather sanctimonious.  I think this is partly because the stories are too short to allow much character development; the March girls may be good at heart but they all have faults which make them interesting, whereas Tilly and Patty are never anything other than perfect and boring.Rosa\u2019s Tale is a better story, as it deals with a horse rather than a painfully good child and so the rather hamfisted moral message which so irritated me in the first two stories is thankfully absent.  However, it reads like a paraphrase of Black Beauty rather than an original story and feels rushed.  Having read this book, I don\u2019t think that the short story is Alcott\u2019s medium, or at least it is not one which translates very well for a modern reader with modern expections.  On the whole, I found the collection to be sweet to the point of being sickly and moralistic to the point of being trite."}, {"userName": "Dianne", "userReviewDate": "Oct 13, 2011", "userURL": "http://www.goodreads.com/user/show/3222213-dianne", "userReview": "How can you go wrong with the gentle writing of Louisa May Alcott?You can't, and as I anticipated, this little book was a joy to read. It contains three touching stories about young girls at Christmastime: The Quiet Little Woman, Tilley's Christmas and Rosa's Tale. The writing is bright and wholesome, like a breath of fresh air that makes you wish it wouldn't end just yet. I'd love to read this book aloud to a child.The stories are sweet, typical Alcott. The first is about a girl in an orphanage who longs for a family of her own, the second about a girl in a poor family who make the best of what they have for Christmas, and the third is a story based on the legend of the talking animals on Christmas Eve.The copy I have (borrowed from the library) has a red hard cover with a pretty jacket framed in gold. There are beautiful illustrations in red ink on the title pages of each story, every chapter begins with a red letter and the page numbers, located mid-way down the outside edge of each page, are trimmed in red. It's both beautiful to look at and to read, and would make a great gift for any reader, child or adult."}, {"userName": "Laura (booksnob)", "userReviewDate": "Dec 30, 2010", "userURL": "http://www.goodreads.com/user/show/769412-laura-booksnob", "userReview": "Louisa May Alcott is one of my favorite writers so when I found this volume of Holiday stories in a thrift store, I quickly grabbed it.  It is a lovely combination of three short stories that focus on the lives of teenage girls.  Each story imparts moral lessons with Christmas as the backdrop.   This is a very short volume of Louisa May Alcott's work that can easily be read in one sitting or read aloud to children.These three stories were written for a home-produced magazine called Little Things.  Little Things was produced by a group of impoverished sisters, the Luken girls, who wanted to emulate Little Women's in home family paper called The Pickwick Portfolio.   The Luken girls were very successful with their paper and amassed 1000 subscribers, at which point the paper began to be a burden and so they sold off the paper's rights.  To view the entire book review please visit Booksnob's Blog at http://www.booksnob-booksnob.blogspot..."}, {"userName": "Melissa W", "userReviewDate": "Mar 27, 2014", "userURL": "http://www.goodreads.com/user/show/309083-melissa-w", "userReview": "Originally reviewed at Jayne's Books.It was a nice light read.  Granted the book was very short and the book only took me less than 12 hours of reading time to complete, but it was still a nice diversion from the heavier books that are awaiting me.  I find it interesting that these three stories were only discovered quite recently and that Ms. Alcott took the time to pen these stories for the Lukens girls and their little publication, which was inspired by the paper that the March girls made in Little Women, even though she was a well-known author at the time of these stories and was in the midst of her own busy writing career.  The stories are quite simple and while the first two stories in the collection were more entertaining, the last story was a little confusing for the most part.  Overall it was enjoyable and a nice read."}, {"userName": "Monica", "userReviewDate": "Jul 15, 2011", "userURL": "http://www.goodreads.com/user/show/2128705-monica", "userReview": "I have not read any works by Louisa May Alcott before and found these three stories quite enchanting. This book is short stories that once appeared in a newspaper. The Quiet Little Woman is Patty's Christmas story. She is an orphan who is eager to be adopted. When she is adopted she is treated as a servant. She bonds with the aunt of the family and reveals things to her that she doesn't reveal to her adoptive family. Tilly's Christmas is the story of a poor girl Tilly and how she keeps a happy disposition by believing that you should treat others the way you would want to be treated.Rosa's Christmas is the story of a horses life told by the horse herself. When the clock strikes midnight on Christmas Eve all animals are endowed with speech for one hour. The stories are heartwarming and have morals that you don't see to often any more."}, {"userName": "Alleluialu", "userReviewDate": "Dec 02, 2011", "userURL": "http://www.goodreads.com/user/show/2463232-alleluialu", "userReview": "This book is a collection of three precious little Christmas stories by Louisa May Alcott. Louisa wrote them for five girls who began as fans but ended up dear friends of hers. The stories are perfect for the Christmas season and tell of awakening to the plight of others and being generous in order to ease their troubles. My favorite was \"Tilly's Christmas\" and told of a little girl who found an injured bird on the path and took it home to take care of. Her friends didn't think she should be she said her mother told her that she should look after her neighbors. Her care was rewarded by a Christmas Eve visitor who had heard the girls' conversation and was inspired to lighten Tilly and her mother's burden. All three stories made me feel warm and happy at the end. Just right for a chilly December night."}, {"userName": "Shelley", "userReviewDate": "Dec 10, 2008", "userURL": "http://www.goodreads.com/user/show/108756-shelley", "userReview": "Five sisters read Little Women, were inspired to start their own in-house literary paper, and wrote to LMA about it. She, in turn, wrote them a few stories to include in their paper. The stories went missing for about a century before being found and published by a Christian publishing house.The first two stories were charming and sweet, if overly moralistic. Very reminiscent of LM Montgomery's Christmas with Anne stories, complete with orphans and poverty and shining goodness reaping rewards. Didn't like the third story at all, but then, I don't like any \"animal can speak for one hour a year\" stories. But even without that, I saw zero point to its existence at all. Also didn't care for the even more overtly moralistic and smug afterword. If it was just the first two stories, it'd be four stars."}, {"userName": "Laura", "userReviewDate": "Sep 30, 2014", "userURL": "http://www.goodreads.com/user/show/22375533-laura", "userReview": "I love the story behind the three stories which were submitted by three young women and the authoredid an awesome job of melding in hs book so that the stroes are good on their own but they asoguided from one story to the next.  I could have continued reading  but threstories was all there was."}, {"userName": "Mariah", "userReviewDate": "Dec 18, 2014", "userURL": "http://www.goodreads.com/user/show/3214372-mariah", "userReview": "This was more interesting than intriguing or profound literature. These stories were once published in magazines and later discovered and re-published as a collection. They are quite simple, but still I'd recommend if you liked Little Women."}, {"userName": "Wendy", "userReviewDate": "Jul 26, 2013", "userURL": "http://www.goodreads.com/user/show/1026364-wendy", "userReview": "This is  a lovely short book with 3 stories written by Louisa May Alcott. The first 2 stories were very touching stories about the lives and hardships of 2 different girls and how their own Christmas miracles affected their lives. Both quite enjoyable stories which will bring a tear to your eyes. The third story I did not really enjoy. It is about a chance encounter between a girl, and a horse who is endowed with the power of speech for one hour at midnight on Christmas Eve. We hear the story of the horses life. I enjoyed reading the editor's notes and about the author sections in the back of the book almost as much as the stories. Overall a wonderful, sweet read well worth the couple of hours it took to read."}, {"userName": "elliereads", "userReviewDate": "Aug 31, 2014", "userURL": "http://www.goodreads.com/user/show/5016645-elliereads", "userReview": "The first story was cute.  The second story was very good, and I'd like to read it to my students come December, and the last story was dull.  So average it out, in a way, and the book earns three stars from me."}, {"userName": "Faithann", "userReviewDate": "Apr 03, 2012", "userURL": "http://www.goodreads.com/user/show/4223821-faithann", "userReview": "After reading Little Women, the Luken girls (Carrie, Maggie, Nellie, Emma, and Helen) were inpired by the March girls to start a small publication of their own, Little Things.  The Luken girls wrote to Louisa May Alcott, to which Louisa responded to them by writting a short story for their home-produced magazine.  Unlike the March girls, the Luken girls did find someone to publish their magazine, and they were able to send out subscriptions, Louisa May Alcott being one of the subscribers.  This book contains three short stories that Louisa May Alcott wrote for the Little Things magazine.  They are all short and simple stories, that do leave you with a moral lesson.  An enjoyable, and quick read."}, {"userName": "Mrs.", "userReviewDate": "Feb 17, 2011", "userURL": "http://www.goodreads.com/user/show/561070-mrs", "userReview": "November/December MSJA Book Club selection.  Louisa May Alcott's Christmas stories collected in this charming volume are old-fashioned and sentimental.  In \"The Quiet Little Woman,\" Patty, a lonely orphan, longs to find the love and sense of belonging a real family can offer.  Written for a nineteenth century girls' magazine, the somewhat saccharine holiday story seems dated and simplistic to twenty-first century readers.  The girls in the Book Club did not like Patty and they felt her problems were resolved too easily at the end of the story.  The Christmas scenes which open Alcott's classic, Little Women, are much more compelling."}, {"userName": "Tanya", "userReviewDate": "Dec 24, 2014", "userURL": "http://www.goodreads.com/user/show/30447507-tanya", "userReview": "this little collection of stories is very heartwarming and very appropriate for the holidays. I loved it!"}, {"userName": "Cris Mtz", "userReviewDate": "Dec 15, 2013", "userURL": "http://www.goodreads.com/user/show/15635745-cris-mtz", "userReview": "Esta historia literal me la encontr\u00e9 en oferta, no he encontrado otras ediciones en espa\u00f1ol m\u00e1s que la que tengo en mi estanter\u00eda. Dichos cuentos cortos, que la propia Alcott escribe a 5 chicas que se comunicaron a ella por medio de cartas y que le refieren que crearon un peri\u00f3dico familiar similar al que Jo, Meg, Beth y Amy realizaban para pasar sus momentos de ocio. Tales cuentos fueron el regalo a tan espl\u00e9ndido detalle, y que durante mucho tiempo los relatos de la peque\u00f1a mujercita quedaron en el olvido hasta que Stephen W. Hines los descubri\u00f3 en un viejo peri\u00f3dico para ni\u00f1os."}, {"userName": "Amy", "userReviewDate": "Dec 28, 2014", "userURL": "http://www.goodreads.com/user/show/5629983-amy", "userReview": "Brief but beautiful"}, {"userName": "Amy Raszipovits", "userReviewDate": "Dec 03, 2014", "userURL": "http://www.goodreads.com/user/show/27369895-amy-raszipovits", "userReview": "A quaint little read."}, {"userName": "Estella", "userReviewDate": "Nov 03, 2011", "userURL": "http://www.goodreads.com/user/show/879981-estella", "userReview": "I enjoyed re-reading this book, which is comprised of three Christmas-themed short stories written by Louisa May Alcott in the 1870's as a gift for five young girls, the Lukens  sisters, who were ardent fans of Alcott's best-selling novel, \"Little Women\".  Alcott's books, especially \"Eight Cousins\", \"Rose in Bloom\", and \"Little Women\", have been favorites of mine since childhood.  The three  stories in this book are typically Alcott, each with a strong moral message, beautifully written.  A delight!"}, {"userName": "Allison Fetch", "userReviewDate": "Dec 03, 2013", "userURL": "http://www.goodreads.com/user/show/14227409-allison-fetch", "userReview": "The first two tales in the book deserve five stars, but the last I would only rate a three. The first two, centered around an orphan and a poor girl, told beautiful tales of love and caring on Christmas. The third was very like an abbreviated Black Beauty and just didn't grab me with the same power as the other tales. I am a huge fan of this author and when I stumbled on this little volume had to pick it up. It only took about an hour and a half to read and really got me into the Christmas spirit."}, {"userName": "Musiquedevie", "userReviewDate": "Dec 16, 2013", "userURL": "http://www.goodreads.com/user/show/7690348-musiquedevie", "userReview": "A pleasant and lovely read. The first two stories were sweet (my favorite of the 3 was Tilly's Christmas) but the last one was tedious. Overall a very quick read and one that has nice life lessons. However, I could've done without the publisher's asides before and after the stories as they were quite preachy and (I know this isn't a word but...) soapbox-y. Despite his comments, this is a nice collection of lesser known stories for any fan of the great Louisa May Alcott."}, {"userName": "Cj324_2000", "userReviewDate": "Dec 18, 2014", "userURL": "http://www.goodreads.com/user/show/19096111-cj324-2000", "userReview": "Short and sweet"}, {"userName": "Cathi", "userReviewDate": "Mar 21, 2013", "userURL": "http://www.goodreads.com/user/show/3158914-cathi", "userReview": "This is a children's book, which I found at a Hallmark store and couldn't resist buying for two reasons: one, the illustrations are beautiful and charming, and two, I love Louisa May Alcott.  The story is not outstanding, but it's tender and sweet. I'm sure that this is a book I'll pass on to my daughter, Emma, because it reminds me of something she would enjoy and would want to read to her future children someday.  :)"}], "description": "Introducing a newly discovered original Christmas story from Louisa May Alcott -- the beloved author who has entertained generations of readers with Little Women, Little Men, and other enchanting tales.The Quiet Little Woman is about a lonely orphan girl named Patty, whose only desire is for a family to love her. Her tender story will warm the hearts of readers young and old alike. Two bonus stories -- Tilly's Christmas and Rosa's Tale -- are included in this exquisite edition. The message of hope and love makes this book an ideal Christmas gift, sure to become a family tradition and treasured keepsake.", "title": "The Quiet Little Woman: Tilly's Christmas, Rosa's Tale : Three Enchanting Christmas Stories", "url": "http://www.goodreads.com/book/show/17544.The_Quiet_Little_Woman", "average": 3.62, "cover": "http://d.gr-assets.com/books/1380214307l/17544.jpg", "reviews": 106, "authors": [{"url": "http://www.goodreads.com/author/show/1315.Louisa_May_Alcott", "name": "Louisa May Alcott"}, {"url": "http://www.goodreads.com/author/show/1169097.C_Michael_Dudash", "name": "C. Michael Dudash"}, {"url": "http://www.goodreads.com/author/show/5398.Stephen_W_Hines", "name": "Stephen W. Hines"}], "outlinks": ["http://www.goodreads.com/book/show/6043937-la-pequea-mujercita", "http://www.goodreads.com/book/show/6043937-la-pequea-mujercita", "http://www.goodreads.com/book/show/93786.What_Child_Is_This_", "http://www.goodreads.com/book/show/831253.The_Christmas_Promise", "http://www.goodreads.com/book/show/113012.The_Shepherd_the_Angel_and_Walter_the_Christmas_Miracle_Dog", "http://www.goodreads.com/book/show/518450.Christmas_with_Anne_and_Other_Holiday_Stories", "http://www.goodreads.com/book/show/615863.The_Christmas_Child", "http://www.goodreads.com/book/show/1093416.The_Christmas_Tree", "http://www.goodreads.com/book/show/1165753.Regency_Christmas_Wishes", "http://www.goodreads.com/book/show/1488663.The_Greatest_Gift", "http://www.goodreads.com/book/show/1194616.The_Christmas_Wish", "http://www.goodreads.com/book/show/669040.The_Christmas_Mouse", "http://www.goodreads.com/book/show/3076572-a-dog-named-christmas", "http://www.goodreads.com/book/show/1824804.A_Christmas_Dress_for_Ellen", "http://www.goodreads.com/book/show/7464703-the-spirit-of-christmas", "http://www.goodreads.com/book/show/375108.Miracle_on_34th_Street", "http://www.goodreads.com/book/show/4416180-the-paper-bag-christmas", "http://www.goodreads.com/book/show/1027298.Santa_Calls", "http://www.goodreads.com/book/show/2189838.Titus", "http://www.goodreads.com/book/show/2158376.Zanna_s_Gift", "http://www.goodreads.com/book/show/14570.Eight_Cousins", "http://www.goodreads.com/book/show/372319.Jo_s_Boys", "http://www.goodreads.com/book/show/17533.Rose_in_Bloom"]}