{"ratings": 293, "userreviews": [{"userName": "Joe Padon", "userReviewDate": "Aug 01, 2014", "userURL": "http://www.goodreads.com/user/show/33421938-joe-padon", "userReview": "Munsch, R. (2005). The Sand Castle Contest. Toronto, ON: Scholastic.Matthew\u2019s family is taking a vacation to the beach. As they are about to leave, Matthew suggests they get a dog for the trip. His father denied his request and they set off on their journey. As they reached the beach, Matthew noticed a sand castle and a sand dog. When he found out it was for a sand castle contest for a bathtub full of ice cream, Matthew set out to build the best sand castle on the beach. The problem was that his castle was so good, none of the judges actually believed it was real.  After they found out his castle was made out of sand, Matthew won the grand prize and the girl he shared his winnings with shared her expertise on making a sand dog.Resouce Links 6/1/05This book can show the importance of dispositions in action and self-assessment strategies."}, {"userName": "Slayermel", "userReviewDate": "Feb 19, 2010", "userURL": "http://www.goodreads.com/user/show/731885-slayermel", "userReview": "This is the story of Matthew who goes on a trip with his family and enters a sand castle building contest on the Beach.  Matthew Builds an amazingly realistic Sandcastle house and has a very hard time convincing the judges of the contest that the house is made of sand, and is not actually a real house.  Why do grownups not listen? :0)Now if only Matthew could build a sand dog to take homeThis is a very cute story; I love how frustrated Matthew gets with the judges.  He reminded me so much of a couple of the children in my class when they get frustrated with their parents. LOL"}, {"userName": "Aleece", "userReviewDate": "Aug 12, 2013", "userURL": "http://www.goodreads.com/user/show/4500965-aleece", "userReview": "Matthew enters a sand castle building competition and builds a sand \"house\" however when the judges come by they believe it is a real house and in order to prove that it is made out of sand he has to destroy it.  Kalita also made a dog out of sand that acted like a real dog.  While this book takes place in a realistic setting there is no sense that there should be magic there so it made it a little unbelievable and just an ok book."}, {"userName": "Bree", "userReviewDate": "Dec 12, 2014", "userURL": "http://www.goodreads.com/user/show/8681894-bree", "userReview": "Notes:kids couldn't decide if it was magic sand or notenjoyed reading this one several times"}, {"userName": "Dolly", "userReviewDate": "Feb 01, 2009", "userURL": "http://www.goodreads.com/user/show/1019021-dolly", "userReview": "Cute story about a boy who wants to bring everything on a camping trip, especially a dog that he doesn't yet own.  He enters a sand castle contest and builds a realistic house and wins a prize, but knows that his friend, who made a dog out of sand, is a genius.  Odd, but a cute story for children.  And the illustrations are fun, too."}, {"userName": "Jillian", "userReviewDate": "Jun 15, 2011", "userURL": "http://www.goodreads.com/user/show/1994786-jillian", "userReview": "Really, really odd.  The story just goes on and on with no point.  Weird and the pictures are bright but almost as odd as the stories.  Not our favorite but we're still thankful to our kiddo's preschool teacher for giving it to him as a out-for-the-summer book.  :)"}, {"userName": "Shaley Dunn", "userReviewDate": "Feb 02, 2012", "userURL": "http://www.goodreads.com/user/show/7370963-shaley-dunn", "userReview": "This book is very cute.  The boy starts to build sand castles for a contest.  The judges end up thinking that the sand castle he built was a real house.  I love it because this boy set his mind to something and didnt give up."}, {"userName": "Cindi", "userReviewDate": "Jan 12, 2009", "userURL": "http://www.goodreads.com/user/show/984194-cindi", "userReview": "This was a silly, disjointed story that didn't have much purpose at all.  Don't bother!  I'm not even going to read it to my kids.  My oldest son read it and said it was strange too."}, {"userName": "Ashley", "userReviewDate": "Apr 20, 2013", "userURL": "http://www.goodreads.com/user/show/15405972-ashley", "userReview": "A good story of friendship, of creative thinking, of imagination, and of sharing. Great for young readers who love Munsch, and whose parents like to choose books with lots of great morals!"}, {"userName": "Child960801", "userReviewDate": "Jun 17, 2013", "userURL": "http://www.goodreads.com/user/show/4817364-child960801", "userReview": "A story about a boy who builds a sand house for the sand contest that is so realistic the judges won't believe it isn't real."}, {"userName": "Lala Estrella", "userReviewDate": "Nov 21, 2013", "userURL": "http://www.goodreads.com/user/show/24290111-lala-estrella", "userReview": "Read this book at work one day. The story of Matthew and his sandhouse was very cute! I also love the illustrations."}, {"userName": "Kate", "userReviewDate": "Mar 01, 2013", "userURL": "http://www.goodreads.com/user/show/9541649-kate", "userReview": "Ok, kind of fun leading in to summer. A bit odd but in a way that may work for the more whimsical children."}, {"userName": "Veronica", "userReviewDate": "Jun 23, 2011", "userURL": "http://www.goodreads.com/user/show/3254251-veronica", "userReview": "My niece really liked this book (she's 6) but this book was just weird with no real point."}, {"userName": "Devin", "userReviewDate": "Jul 12, 2011", "userURL": "http://www.goodreads.com/user/show/5465771-devin", "userReview": "A short book that was a gift from my teacher. Pretty funny."}, {"userName": "Liz", "userReviewDate": "Nov 16, 2008", "userURL": "http://www.goodreads.com/user/show/704984-liz", "userReview": "I think I would've really enjoyed this one as a child."}, {"userName": "Tanya", "userReviewDate": "May 05, 2013", "userURL": "http://www.goodreads.com/user/show/8332023-tanya", "userReview": "Imagination gone wild."}, {"userName": "Horace Mann Family Reading Challenge", "userReviewDate": "Feb 13, 2012", "userURL": "http://www.goodreads.com/user/show/7326947-horace-mann-family-reading-challenge", "userReview": "It's so fun to read. T.R."}, {"userName": "Mark Nenadov", "userReviewDate": "Nov 14, 2012", "userURL": "http://www.goodreads.com/user/show/4015564-mark-nenadov", "userReview": "Excellent."}, {"userName": "PWRL", "userReviewDate": "Jul 05, 2013", "userURL": "http://www.goodreads.com/user/show/4579023-pwrl", "userReview": "SM"}], "description": "Bestselling team Robert Munsch and Michael Martchenko create another wacky adventure about a boy named Matthew who makes a sandcastle so real, that everyWhile on vacation. Matthew is excited to take part in the local sandcastle contest. The winner gets a bathtub filled with ice cream!But Matthew is just too good at building sand castles. The judges all think the house he builds, complete with sand chairs, a sand refrigerator, and sand food is real! He has to prove that it's all just a big pile of sand so he can win that ice cream!", "title": "The Sandcastle Contest", "url": "http://www.goodreads.com/book/show/139208.The_Sandcastle_Contest", "average": 3.83, "cover": "http://d.gr-assets.com/books/1328867000l/139208.jpg", "reviews": 19, "authors": [{"url": "http://www.goodreads.com/author/show/6039100.Robert_Munsch", "name": "Robert Munsch"}, {"url": "http://www.goodreads.com/author/show/92963.Michael_Martchenko", "name": "Michael Martchenko"}], "outlinks": ["http://www.goodreads.com/book/show/13718774-j-ai-un-beau-chateau", "http://www.goodreads.com/book/show/1078968.Franklin_Fibs", "http://www.goodreads.com/book/show/2490980.There_Was_An_Old_Lady_Who_Swallowed_A_Shell_", "http://www.goodreads.com/book/show/1021698.The_Balloon_Tree", "http://www.goodreads.com/book/show/1755694.You_Think_It_s_Easy_Being_the_Tooth_Fairy_", "http://www.goodreads.com/book/show/1513688.Red_Is_Best", "http://www.goodreads.com/book/show/970693.Froggy_s_Day_With_Dad", "http://www.goodreads.com/book/show/254840.Little_Quack_s_Hide_and_Seek", "http://www.goodreads.com/book/show/1218966.Stella_Queen_of_the_Snow", "http://www.goodreads.com/book/show/262173.Alphabet_Mystery", "http://www.goodreads.com/book/show/74820.The_Day_It_Rained_Hearts", "http://www.goodreads.com/book/show/602842.Mrs_McNosh_and_the_Great_Big_Squash", "http://www.goodreads.com/book/show/970908.This_is_the_House_that_Jack_Built", "http://www.goodreads.com/book/show/532171.Curious_George_and_the_Dinosaur", "http://www.goodreads.com/book/show/114291.It_s_Mine_", "http://www.goodreads.com/book/show/302321.The_Rain_Came_Down", "http://www.goodreads.com/book/show/8572071-the-spooky-wheels-on-the-bus", "http://www.goodreads.com/book/show/1116733.Clifford_s_First_Halloween", "http://www.goodreads.com/book/show/401785.The_Night_Before_Summer_Vacation", "http://www.goodreads.com/book/show/310259.Love_You_Forever", "http://www.goodreads.com/book/show/240130.The_Paper_Bag_Princess", "http://www.goodreads.com/book/show/285740.Stephanie_s_Ponytail", "http://www.goodreads.com/book/show/285792.Thomas_Snowsuit", "http://www.goodreads.com/book/show/201434.Purple_Green_and_Yellow"]}