{"ratings": 10132, "userreviews": [{"userName": "Rowena", "userReviewDate": "Oct 11, 2013", "userURL": "http://www.goodreads.com/user/show/2990642-rowena", "userReview": "\u201cLong will we remember pain, but the pain itself, as it was at that point of intensity that made us feel as if we must die of it, eventually vanishes. Our memory of it becomes its only trace. Walls remain. They grow moss. They are difficult barriers to cross, to get to others, to get to closed-down parts of ourselves.\u201d  - Alice Walker, The Temple of my FamiliarIt\u2019s quite an intimidating feat to review this book. The Temple of my Familiar is such a rich, multi-layered story, the kind that you can ruminate on days after you\u2019ve finished reading it, as I\u2019m doing now. To me, this book is more than a story, it\u2019s an education and it\u2019s also a challenge. Walker educates by giving us facts and opinions on literature, race, gender, feminism among other topics. It challenges our preconceptions while offering alternative worldviews in areas such as race, religion, patriarchy and the like. As it\u2019s Walker, it\u2019s only expected that political statements are made. In this case, one of the most profound ones was the \u201cwhitewashing\u201d of history due to the impact of colonialism.  African playwright Abajeralasezeola's critique of colonialism is emphatic:  \"Clean out your ears: THE WHITE MAN IS STILL HERE. Even when he leaves, he is not gone.\"   I found that powerful as a reminder that Africa and other places are still under the scourge of colonialism, albeit modern day colonialism. If this weren't the case, we would know our history. Walker posits that we are barred from knowing our ancient selves, from being who we  truly are, from being because of this blockage . We have lost the connection: \u201cYou cannot curse a part without damning the whole. That is why Mother Africa, cursed by all her children, black, white, and in between, is dying today, and, after her, death will come to every other part of the globe.\u201d The characters in the book were memorable. Miss Lissie was the most interesting to me, being a woman who had been reincarnated several times and had fascinating past lives. Following closely behind in the intrigue category was Miss Fannie, who was constantly falling in love with spirits.I think this book is for everyone but there are passages that I believe will speak more strongly to women. For example, this line by Miss Lissie said  \u201cBut what I refused to give up was my essence; nor could I. For it was simply this: I did not share their vision of reality, but have, and cherish my own.\u201d At the very least, everyone should read The Gospel According to Shug: http://www.fantasymaps.com/stuff/shug..."}, {"userName": "Leah", "userReviewDate": "Jul 02, 2008", "userURL": "http://www.goodreads.com/user/show/1293927-leah", "userReview": "Alice Walker is reputedly one of the most well-known, yet most difficult post-modern authors to read, and The Temple of My Familiar makes both of these reputations known. Why is it difficult? In an effort to present life, and I mean life as in the history of man (and other creatures) in this world throughout time, there's no doubt that the result of this feat would be a difficult read. Walker's novel travels in a non-linear way through time, covering South America, North America, Africa, and England, among others. With such an all-encompassing focus on \"human\" history, Walker can focus neither on one time period or one character. Walker achieves this by use of a different ordering principle than we normally use to recognize time, i.e., past lives. She takes fantastic liberties with the presentation of the past and human origins, telling a matriarchal creation story where the men attempt the emulate the perfect art form of female childbirth and pregnancy. Walker also presents an arboreal past that is possibly an evolutionary history, and the most utopic of all the worlds in the novel.With these stories and multi-faceted characters, Walker communicates that in every other person, there is a piece of ourselves and our histories, that from within one person, our entire past exists. She communicates the Jungian philosophy of the collective unconscious being connected back through time and culture in significant ways. It is with this that one of the characters, Mary Jane, claims that \"we all touch each other's lives in ways we can't begin to imagine.\"Such off-the-wall stories and complicated concepts add to the difficulty of the read while at the same time encouraging the readers to swallow a world that is so unlike their \"normal\" ones. This world of magic realism, an art form perfected by Walker and fellow writer, Toni Morrison, is one that makes for a refreshing and engrossing read. The characters are unforgettable, the historical and visual backdrops breathtaking. Names like Carlotta, Fanny, Hal, Lulu, Suwelo, and Lissie will forever remain portraits of amazing people that live in my mind beyond Walker's intricate telling.Suwelo himself speaks of the \"rare people...[who are:] connected directly with life and not with its reflection.\" It is this ultimate person that I believe Walker wants to present, create and/or reach with the readers of this story. With this, Walker's confusing journey becomes almost a dramatization of how she feels the universe itself works."}, {"userName": "Zanna", "userReviewDate": "Oct 12, 2013", "userURL": "http://www.goodreads.com/user/show/22591633-zanna", "userReview": "\"Obenjomade, clean out your ears: THE WHITE MAN IS STILL HERE. Even when he leaves, he is not gone.\"\"Obenjomade, cup your endearingly large ears: EVERYONE ALL OVER THE WORLD KNOWS EVERYTHING THERE IS TO KNOW ABOUT THE WHITE MAN. That's the essential meaning of television. BUT THEY KNOW NEXT TO NOTHING ABOUT THEMSELVES.\"\"If you tear out the tongue of another, you have a tongue in your hand for the rest of your life. You are responsible, therefore, for all that person might have said.\"Folk Memory, Matriarchy and Writing BackThrough the Black woman Lissie and the Latina/First Nation woman Zede, Walker speculates about pre-colonisation African and American societies, with anarchist and matriarchal or segregated organisations. She does this in a beautiful, poetic, magical realist style, freely imagining and reimagining myths and relationships between groups and even species. I think a number of reviewers have not understood or enjoyed this aspect of the book. I think it's about opening human possibilities into a space of folk-memory rather than a utopian future. Since kyriarchy has constructed human history we should not accept its interpretation. If myths and meta-narratives shape us, we urgently need to rewrite those that have deformed us. In particular, I love her rewriting of the Adam and Eve story to address the racism of Western Christianity and remove blame from Woman. This writing back is Walker\u2019s answer to the quote above. The White man is still here even after he has left, so we have to replace him with something. We need an antidote to his poison.Beauty and PlayI love the way Alice Walker sees the beauty in everything and always chooses the beauty, without censoring the painful truth. I love the simple values she upholds: love & care & pleasure & health & spiritual wholeness. It's so un-elitist and sensible compared to (usually really privileged) authors and their characters who are sunk in malaise and can find nothing to satisfy them in a comfortable existence. Walker's mode of description and appreciation of bodies, especially Black women's bodies, is radical because it dismantles the Whiteness, thin-ness and general hegemony of beauty. The contrast becomes explicit when a male character Suwelo describes a woman who Walker earlier described in a totally different way: his conventional description of her performance of femininity in terms of male sexuality is exactly what we expect. He reads Carlotta\u2019s high heels sexually, in contrast to Walker\u2019s earlier description of dressing up as play.Black HistoryWhen I read about the life in which Lissie was an African child/woman sold into slavery I had to slow down, I was sitting on the tube and I found myself stopping to stare into space repeatedly. The story of the nursing mothers whose babies had been taken or killed offering their milk to feed children and salve wounds is so moving. I wonder if this is true? I have never heard it before. On reading to the end of this chapter, to the part about women being raped and impregnated on the middle passage and the slavers being paid extra for pregnant women, I could not continue with the book and had to sit still on the train until I got to my stop. Although I have read about this before, Walker's folk-memory telling brought it inside me for the first time - it is inside all of us, in the sense that memory and memes inhabit us communally, and in the sense of history creating us and the circumstances of our lives: in my case, the wealth and comfort I enjoy rests on the backs of those women and men who were stolen and enslaved.Health and Environment, Colonialism and Academia I think this book, in many ways is about how to live, and Walker is obviously angry about the way Black people in particular have been cut off from health and harmony with the Earth by poverty, slavery and the theft of their lands.\u201c\u2019Like the Hopi in your country, most ancient Africans thought of the earth as a body that needs all its organs and bones and blood in order to function properly. The ore miners were forced out, the theory goes. They went north.\u2019 \u2018Yes,\u2019 said Fanny, frowning, \u2018and unfortunately in about 1492 they continued West\u2019\u201dOne of my favourite characters in the book is Fanny Nzingha, the granddaughter of Celie, protagonist of The Colour Purple. She is involved in many serious conversations about colonialism. In a way, she is the book\u2019s criticizer, while Lissie is its source of hope and restoration. She represents the awakened, angry consciousness of injustice for me. I was happy that she found her African sister Nzingha Anne.\u201c\u2019In the United States there is the maddening illusion of freedom without substance. It\u2019s never solid, unequivocal, irrevocable. So much depends on the horrid politicians the white majority elects. Black people have the oddest feeling, I think, of forever running in place\u2019\u201dThis is an incredible book that successfully synthesises a huge wealth of ideas. It\u2019s really beyond me to do it justice in a review.Here is a post on the wonderful blog Gradient Lair which, I think, applies a Walkerian philosophy to criticise mainstream feminism."}, {"userName": "Gaijinmama", "userReviewDate": "Feb 03, 2009", "userURL": "http://www.goodreads.com/user/show/917504-gaijinmama", "userReview": "I'm ashamed to admit that this one sat on my shelves for perhaps 15 years. But clearly, there was a reason I held onto it:  it is a beautiful, magical, devastating, lyrical treat! Even though the narrative drifts like a winding river among a cast of intertwined characters, plots, and settings, somehow they are all connected. I can't recommend this book highly enough, but I must warn you to be patient. I urge you to just pick it up and go with the flow. Not all questions are answered in the end, but...well, that's reality, isn't it?  I'm sure the author would agree with me that, ultimately, all things are connected and the journey is its own goal.Best treat of all: We get to spend more time hanging out with the delightful Misses Celie and Shug from The Color Purple."}, {"userName": "Jstg00d", "userReviewDate": "Jun 25, 2008", "userURL": "http://www.goodreads.com/user/show/216658-jstg00d", "userReview": "This book was a different experience than most books.I initially was swept in by the writing. I felt like I could touch the scenes.I am actually a big narrative person, i.e. I usually like a great story line.  This did not disappoint, but it was more about the characters.  It reminded me of Grapes of Wrath in that it wasn't until I read the final chapters of the book that the story line rushed over me and revealed its excellence.Written by Alice Walker, the book explores African-American culture, but also tells a story (though not a specifically realistic story...perhaps a little more like magical realism) about the history of all mankind.  It was interesting to read a small book try to sum up the history of man and bring it back to the depth of a character and the possibilities of life.haha, I could keep going with these platitudes, but to sum it all up:  It was a unique book that successfully spoke about the big picture of life and the individual struggles of the characters at the same time."}, {"userName": "Cheryl", "userReviewDate": "Jan 25, 2009", "userURL": "http://www.goodreads.com/user/show/1275149-cheryl", "userReview": "Obviously I must be unpacking all my favorite books!  I read this in college and it changed my life, opened my eyes to some beautiful ideas and meanings about life, feminism, love, and spirituality.  There is magic, tribal wisdom, african myths, goddess worship, reincarnation, a little of everything!  It was the first time I was able to see that there is wisdom is so many faiths and beliefs and you can respect them without having to declare allegiance to them. If I did have a familiar, I believe it is either an otter or a cat!  The movie the Golden Compass touched on this subject and calls them \"daimons\" and they are the person's soul.  I think a familiar is more of a companion, but it has been a while since I have read it..."}, {"userName": "Jennie", "userReviewDate": "May 12, 2008", "userURL": "http://www.goodreads.com/user/show/1066371-jennie", "userReview": "OMG, did I ever hate this book. I loved The Color Purple, so I thought I'd like this.It jumps around like crazy and includes new characters far more often than it refers back to ones we've already met. I got so sick of trying to keep track of characters that I finally threw it down in disgust. Irritating and a waste of time."}, {"userName": "Juliana", "userReviewDate": "May 31, 2013", "userURL": "http://www.goodreads.com/user/show/8882416-juliana", "userReview": "\"In Uncle Rafe's house Suwelo always seemed to himself to be in a rather idle state of mind. His life had stopped, at least the life he thought he was building with Fanny, at he was suspended. He sometimes felt literally as if his feet did not touch upon the ground. It was a relief. And at times too, he simply thought, something that money, enough to keep you going for a while without worrying, permitted you to do. Another of the many advantages of the rich, but only if they were clever enough not to ruin this idle time by thinking about their money.\"\"But this little woman -- she was a white woman, and she had a black woman helping her -- she started to agitate on the mainland about the condition of the Island children, and pretty soon whole big boatloads of white people came to look us over. It was the first time I'd seen so many! They were in many different shapes and sizes and very healthy from having eaten our food all their lives. I didn't know this then, of course; how they had sound teeth because mine were rotted' how they could afford glasses to help them see, while my friend Eddie couldn't see beyond his nose and would never learn to heard; how they...well, you get the picture. They all had a distinct quality of being apart from real life. It was like they were on one side of a glass and were were on the other, and we could have no real impact on what happened on their side, the side of the unknown, but they could have a great deal of impact on us. And i felt that was because we were were life was. For even in our frailty, we laughed. So much was so funny to us! They could not laugh freely. Their faces were life fists. When they almost touched you, they grew confused and looked about to see what the others in the group did. We gathered in clumps, digging our bare toes into the sand, and looked at them as if they were a zoo. Only one man, short, fat, and disheveled, had come to be alive with or without us. He head for the beach out in the front of the school and took off most of his clothes, never looking at us. He took out a jar of liquid soap and started blowing bubbles. Pretty soon we were all out there with him chasing the bubbles and watching them float out into the bay.\"\"There was a period in the sixties when I passed myself off as a griot. I pretended I'd traveled to Africa and learned the stories of the diaspora straight from the old storytellers and record keepers there. I didn't have to go anywhere. I remembered quite enough of the story to tell, thank you. There was a little white woman professor who came to one of my lectures about the crossing of the Atlantic in a slave ship. She was one of those Afrophiles who was so protective of Africa that she claimed Idi Amin was framed. She got up and said \"I wish you'd try not to say \"I remember thus and so\" about your African experiences. It is claiming more than you could possible know, and besides that, it is confusing.' Well, I apologized for that. It just slipped out. I did remember everything I was talking about, though, but I new the professional way to present my experience was as if it had merely been told to me. Some people don't understand that is the nature of the eye to have seen forever, and the nature of the mind to recall anything that was ever known. Or that was the nature, I should say, until man started to put things on paper.\"On Elvis Presley: \"That in him white Americans found a reason to express their longing and appreciation for the repressed Native America and black parts of themselves. Those non-European qualities they have within them and all around them, constantly, but which they've been trained from birth to deny.\"\"On we talked into the night, listening to the crickets and appreciating the warm brilliance of the stars. People are called 'stars' not only because they shine -- with the glow of self-expression and the satisfaction this brings -- but because the qualities they exemplify are, as far as human lives are concerned, eternal.\"\"Ola says he is convinced that human beings want, above all else, to love eachother freely, regardless of tribe, and that when they're finally able to do it openly - although the true essence of the person they've focused on is camouflaged by society's dictation - there is always the telltale quality of psychic recognition -- that is to say, hysteria; the weeping of the womb.\"\"But they were all three of them rare people, Suwelo thought, for they had connected directly with life and not with its reflection; the mysteries they found themselves involved in, simply being alive and knowing each other, carried them much deeper into reality than \"society\" often permits people to get. They had found themselves born into fabulous, mysterious universe, filled with fabulous, mysterious others; they had never been distracted from the wonder of this gift. They made the most of it.\"\"They believed that all that has ever happened is stored in the memories within the human mind, or in the head granary of those who alone on earth think of what is just. The life of my people is to remember forever; each head granary is full. The life of your people is to forget; your think granaries ('museums') and not yourselves, are full. I can tell you truthfully ('eyes steady, heart calm') that meeting your people was a terrible shock (' small children running away'). Your people are most afraid of what you have been; you have no faith that you were as good as or better than what you are now. This is not our way ('path'). Not only were we as good in the beginning as we are now, but we are the same ('two grains of sand, identical')."}, {"userName": "Nicole", "userReviewDate": "Jun 09, 2007", "userURL": "http://www.goodreads.com/user/show/90072-nicole", "userReview": "is there a bookshelf called \"to re-read?\"  this is definitely one of those. and i'm not even done with it.several metaphors come to life in this book, but one scene that I see as representative of the entire novel, is where Lissie is showing Suwelo several different pictures of herself taken in one day. Except the woman in each picture is distinctly different from the next. and from the clothing you can tell that they are also different time periods. but they are all of Lissie.  Lissie explains that everyone has an infinite number of different \"selves\", and she remembers who she is in each picture. and each chapter of \"Temple of My Familiar\" is like a different picture of the same person, and this is the essence and truth about life- the interconnectedness of everything and everyone. and so many, many stories! Some interlocking, some not, some stories are of people telling a story of someone else telling a story.  one crazy story is about a trip to the natural history museum in DC and seeing an exhibit that is replicates an african village that no longer exists becaues it was destroyed by slavery and civil wars.  The narrator thinks she sees a mannequin in the display but it turns out the mannequin is an actual human being, a young woman in traditional attire who LIVES in the exhibit!  She learns that the museum \"lets\" this woman, the last of her people, live in her \"natural environment\". All day she weaves beautiful tapestries in front of an audience. Creeeeepy shit."}, {"userName": "Tiffany", "userReviewDate": "Feb 16, 2014", "userURL": "http://www.goodreads.com/user/show/5086518-tiffany", "userReview": "This book shook me. It comforted me while at the same time making me extremely uncomfortable, and at first I was upset by that. Then I thought, \"What's the use of a book if it doesn't make you challenge your own thoughts?\" It took me a good while to read all the way through because I kept stopping to chew over what it handed me, and in the end I'm not entirely sure I understood it in spite of all that ruminating. Its scope is truly phenomenal in terms of time alone, and then there are the people and their connections to one another to keep track of as part and parcel of the plot. Usually I dislike so many complicated strands, so much flipping back and forth of pages to see who was who and what and when and why. But this is different. It felt different. Reading this book is like stepping back and seeing for the first time a vast rug you've been weaving in thousands of colors and shapes, and knowing it for what it is --beautiful and grotesque and complicated and simple and new and faded-- and liking and hating what's there in front of you, both at once."}, {"userName": "Becky", "userReviewDate": "Dec 11, 2010", "userURL": "http://www.goodreads.com/user/show/2341546-becky", "userReview": "3.99 star average?  Really?  That makes The Temple of My Familiar one of the most highly rated books I've come across on Goodreads.  Way ahead of most of the 1001 books to read before you die.  Well I don't get it.  At all.  Are we all being PC?  Did we genuinely enjoy this overwrought wrangling with the ideas of feminism, \"normal\" relationships, colour and love?  I sincerely believe that to be an honest and decent person today, you have to be connected with your past, and to understand the sacrifices made by past generations so that the world is shaped the way it is.  Maybe this history was so foreign to me, that I couldn't connect?  I don't see myself as a spiritual person, and the notion of spirituality, of past lives and magical ancestors was way, way too much for me.  In fact, I was pretty offended by the suggestion throughout the book that unless you were black, female, and aware of these past incarnations, then connecting with your fellow human beings today would be somewhat difficult.  Maybe I'm not really allowed to say that, or maybe I just totally missed the point.  But this book was not inspiring, it did not change my life, it was laboured, over the top, and dull as dishwasher."}, {"userName": "Carrie", "userReviewDate": "Dec 17, 2013", "userURL": "http://www.goodreads.com/user/show/278994-carrie", "userReview": "Grateful to be in a book club that makes me read books like this one. Thanks Alison for choosing it. It is a rare gift to find a book that challenges racism, sexism, colonialism, heterosexism, stifling monogamous culture, and similar while managing to NOT be pedantic and to weave a rich narrative tapestry around its characters. A book about how all things and people are connected, it reminds me of one of my favorite quotes from The Gulag Archipelago:\u201cGradually it was disclosed to me that the line separating good and evil passes not through states, nor between classes, nor between political parties either -- but right through every human heart -- and through all human hearts. This line shifts. Inside us, it oscillates with the years. And even within hearts overwhelmed by evil, one small bridgehead of good is retained. And even in the best of all hearts, there remains ... an unuprooted small corner of evil.\""}, {"userName": "Amanda", "userReviewDate": "Jan 21, 2010", "userURL": "http://www.goodreads.com/user/show/1079063-amanda", "userReview": "I really loved this book.  I read it way back in college, as part of a literary class.  We read a book a week, and NO ONE in the class finished this book in a week (we all managed to finish all of the other books on time).  No. One!  The reason we decided upon is that it's a book to read in chunks, to mull over what you read for a bit, and then go back to it later on and read some more.  I have reread the book a few times over the years, and have always found the same to be true - that I can only read a little bit at a time.  Nevertheless, I just love this book."}, {"userName": "Betsy Curlin", "userReviewDate": "Oct 01, 2012", "userURL": "http://www.goodreads.com/user/show/5021642-betsy-curlin", "userReview": "This is one of my favorite books of all time. I did not read her first book, The Color Purple, and perhaps that is why I love this book so much. I was not influenced by the style of her earlier book. The writing is lyrical, imaginative, and intricate. I was so swept into this world that I didn't want the book to end. Just the pure beauty of the writing, along with the intricate mythology is reason enough to read this book. I need to re-read it just for the sensual experience."}, {"userName": "Jeremy Garber", "userReviewDate": "Feb 27, 2014", "userURL": "http://www.goodreads.com/user/show/5896222-jeremy-garber", "userReview": "Walker's book is a challenging read, in many aspects of 'challenge.' Walker's book follows the intertwinings of a particular family throughout all of known (and unknown) history. Through this device, Walker proposes her own alternate mythology of origin, a state of grace where humans and animals lived in peace until the formation of race and gender caused a fall into arrogance and violence. We see characters of all genders, orientations, and ethnic backgrounds struggling with survival and the difficulty of relationships. This presents the first sort of challenge: it is difficult to read stories of rape, torture, enslavement, and degradation, especially as a white male person of some privilege. But the powerful pull of Walker's writing kept me reading instead of the easy fix of putting down the book and walking away. The plainly ideological bent of the book is what presents the flip side of the challenge: Walker's insistence on her agenda is so forceful at times that it overwhelms her prose and threatens the narrative, which would again make it easy to put the book down and walk away. (Hence the three-star review rather than something higher). I would still recommend this book, difficult as it is in many ways, as a portrayal of the difficulty of human relationships when they are based on hierarchy, greed, and fear - particularly if you're one of the folks on the top side of the heap for now."}, {"userName": "Kathy Kattenburg", "userReviewDate": "Oct 09, 2014", "userURL": "http://www.goodreads.com/user/show/10268238-kathy-kattenburg", "userReview": "Alice Walker knows how to write. And her beautiful use of language is why this book gets two stars instead of one. Apart from her writing proficiency, as a novel, as a story (at least, what I assume she intended as a story), I actively disliked \"The Temple of My Familiar.\" It's not a coherent or connected narrative. It's mainly a collection of long, pretentious speeches by the various characters about racism, relationships, sex, and reincarnation. There is no plot. There is no character development. Indeed, the characters often appear to be interchangeable; it's difficult to keep straight who is speaking to whom, or what the relationship of the characters are to each other at any given moment. Normally, I would not even finish a book I disliked as much as I did this one. The only reason I slogged through to the end in this case is because it's by Alice Walker, and, especially given the fact I've never read her before, I felt I owed it to myself, and maybe to her, to read the whole thing."}, {"userName": "Lisa James", "userReviewDate": "Feb 11, 2012", "userURL": "http://www.goodreads.com/user/show/4867814-lisa-james", "userReview": "This story takes you on a journey.  It's Suwelo's journey back to take care of things after the death of his Uncle Rafe.  It's the journey of Miss Lissie over a span of thousands of years & many lifetimes.  It's the journey of Fanny in her search for herself.  It's the journey of Carlotta & Arveyda in their love, troubles, & finding each other again.  Beautifully told, & woven masterfully together, this is a story that you won't soon forget...."}, {"userName": "Ceeairrah", "userReviewDate": "Jan 11, 2012", "userURL": "http://www.goodreads.com/user/show/2370516-ceeairrah", "userReview": "I was only familiar with Alice Walker's work \"The Color Purple\" before I read this novel. The two books are on the extreme opposites of the literary spectrum. \"Temple of My Familiar\" captured my senses from the first line. I don't want to give the story line away. Read the book and find the magical elements for yourself. It truly was an amazing book."}, {"userName": "Linda Robinson", "userReviewDate": "Sep 06, 2009", "userURL": "http://www.goodreads.com/user/show/2613351-linda-robinson", "userReview": "A dream of a book. A vision. In my Top Ten. One of the best titles ever.pg. 357 Miss Lissie's dream memory as told to Suwelo:\"Just as my mother was queen because of her wisdom, experience, ability to soothe and to heal, because of her innate delicacy of thought and circumspection of action, and most of all because of her gentleness...\""}, {"userName": "Christie", "userReviewDate": "Jan 03, 2015", "userURL": "http://www.goodreads.com/user/show/1406041-christie", "userReview": "In my eyes, Alice Walker is a genius in how she represents the many facets of life. She brings light to the ways of mankind and how things changed over time and how racism is still very much alive in today's society. Only we as human beings can change it as she writes in the stories of the characters who tell of their many lives and the trials and tribulations they each had to face to achieve the peace of life they were all trying to get to. True, it was sometimes hard to read, but it opened up a spot in my mind that made me really delve into my soul and take a true look at the world around me instead of just being; it has changed my view of how I live next to nature instead of in and with it. I highly recommend this book, especially to anyone who is looking to change their views of where and how they live."}, {"userName": "Jerrica", "userReviewDate": "Jun 10, 2014", "userURL": "http://www.goodreads.com/user/show/1080121-jerrica", "userReview": "This book has given me so many feelings I'm not even sure where to start.It's considered the sequel to The Color Purple, and it's cool because it continues the stories of The Color Purple gang and their offspring, but it also sprouts off into many different directions, with dozens of characters, multiple continents, not to mention many, many, generations. Incredibly, every character, every continent, every generation, their feelings, and their themes are all perfectly and masterfully fleshed out. Unbelievable. So, recommendations. First off, read The Color Purple because it as well is a fantastic book, for both similar and strikingly different reasons. Second, own this book because you will want to scribble in it as much as possible. I got this for free from a professor so I wrote all over it. Also in true Walker style, some of the passages and sentences are so perfectly/painfully on point that underlining/circling/bracket-ing is terribly necessary. Third, go read it already because you've upset me by getting this far in my review. Are you happy now? Do you like what you've done?"}, {"userName": "Katherine", "userReviewDate": "Apr 20, 2011", "userURL": "http://www.goodreads.com/user/show/4608107-katherine", "userReview": "The images and ideas she creates still run through my imagination - like a riddle or a picture or an idea that I can just about capture, then it slips away. I think she captures the profound and complex ways we are all tied to each other, and to our history, in this beautifully written novel."}, {"userName": "Erin", "userReviewDate": "Jul 23, 2008", "userURL": "http://www.goodreads.com/user/show/1133739-erin", "userReview": "This sequel is very different from The Color Purple but worth a read.  Alice Walker writes brilliantly about the complicated dyamics of heterosexual relationships, history, and feminism.  I found her writing in this book to be both thought provoking and funny."}, {"userName": "Lenega", "userReviewDate": "Jan 31, 2009", "userURL": "http://www.goodreads.com/user/show/1966333-lenega", "userReview": "When I first finished this, I told my mom I never wanted to be more than 50 ft away from a copy of it, ever. She gave me ~8 paperback copies of it for my next birthday. It is one of my favorite gifts ever--I gave all but one of them away."}, {"userName": "Nikita T. Mitchell", "userReviewDate": "Mar 10, 2008", "userURL": "http://www.goodreads.com/user/show/74578-nikita-t-mitchell", "userReview": "had to put down because I got really busy with work stuff during my internship. Think I may have to start over when I pick it back up because it's pretty detailed. Will pick up again one day..."}, {"userName": "Lauren Reid", "userReviewDate": "Jan 03, 2015", "userURL": "http://www.goodreads.com/user/show/32459240-lauren-reid", "userReview": "I loved the way the stories were interwoven.  every connection served a purpose.  For me, who always wants the happy ending, I came away satisfied."}, {"userName": "A.H. Haar", "userReviewDate": "Dec 26, 2014", "userURL": "http://www.goodreads.com/user/show/2848357-a-h-haar", "userReview": "I don't remember the last time I loved the characters in a book the way I loved these. I am sorry to see it over."}, {"userName": "Craig", "userReviewDate": "Aug 02, 2014", "userURL": "http://www.goodreads.com/user/show/4760634-craig", "userReview": "I'm never a fan of nostalgia, of backwards-looking. Orpheus should have taught us that you never, ever turn around. But we insist on ignoring the truth, we insist on ruminating. And this book is so problematic for me in that way. History infuses all of the characters here, with the narrative structure of storytelling individual histories facilitating the intricate structure and backstory that Walker has created. But history is here to such a degree that it weighs everything down...\"wasn't yesteryear, yesteryou BETTER?\" No, in fact it wasn't. But therein lies my own hypocrisy. Look, I'm equally as guilty of this reverse tunnel vision. I wanted more of Celie and Shug...to feel what I felt in reading THE COLOR PURPLE. And that just will never happen. It's almost like the entire novel is a letter from Walker to her readers. Such expectations will make it all disappear, so don't bother being haunted by what's come before. That's where Miss Shug's GOSPEL comes in. All of her suggestions are about living in the moment and being aware of prejudice so it can be overcome, ie \"Helped are those who know.\" So seemingly esoteric, but the gravity of that simple statement sums up the novel. It's okay to be created by history, but another thing entirely to be its slave. As others have said, reviewing this is incredibly difficult. It isn't what has come before, but spiritually and phantasmagorically, it is an interesting departure from the literalness of THE COLOR PURPLE."}, {"userName": "Mary", "userReviewDate": "May 02, 2011", "userURL": "http://www.goodreads.com/user/show/3677799-mary", "userReview": "This book falls somewhere between like and love for me. I love Alice Walker, or at least what I can know of her from this incredible collection of fables, myths, hitherto unknown (to me) history, and individual's stories dredged from letters, tapes, paintings, memories, and psyches. What a mind she has! Masha'ALLAH! The characters seem archetypal, rather than real people. Most of them I didn't like, except Mr Hal (who possibly would not like me).  Everyone is consciously working on knowing themselves and realizing their purpose in life, which is commendable in real life. But most of Walker's characters exhibit a degree of selfishness that I find too pointed. Is this required to drive toward ultimate self-realization, especially when your loved ones are not at your level of consciousness. People dropped each other a lot in this book. Of course, to continue the narrative, they came back together. The emphasis on traits that move the story along may be what I am reacting toward; thus my feeling that the characters are archetypes and not real. Is there a follow-on to this book that picks up on the characters who may be in for a major adjustment in their lives when the book ends? Fanny and Arveyda seem to have resolved themselves.  What about Carlotta and Sowelo? The emotional dynamics shift dramatically in the two coupled foursome. Some make it to the finish line and some don't? Archetype or real, the unbalance bothers me.I'd also like to know more about Lissie's 'experience' of life when men lived separate from women. What's the root of that idea?"}, {"userName": "Hprince", "userReviewDate": "Dec 09, 2010", "userURL": "http://www.goodreads.com/user/show/4324326-hprince", "userReview": "In the book the Temple of My Familiar, the author Alice Walker defines the roles that men and woman have in society. She shows the aspect of power and what one will do to acquirer it. Throughout the book Walker portrays women as being a high supernatural being; a goddess. By women knowing who they are and what they are made for, the producers of life, they are feared and worshiped by men. \u201c\u2026there was also woman, and in the process of life and change she produced a being somewhat unlike herself\u201d (48). This quote shows how the author portrays woman as being the producer of life, having the ability to create a person unlike herself, male. This gives woman a sense of power, belonging, and purpose in life. \u201cThat the life that the woman produced came out of a hole at her bottom\u201d (50). This quote is important because it explains the process in which life was created by women. Women are ignorant because they think that they can produce this life on their own, not knowing the role of man in the creation of life."}], "description": "A visionary cast of characters weave together their past and present in a brilliantly intricate tapestry of tales.It is the story of the dispossessed and displaced, of peoples whose history is ancient and whose future is yet to come.  Here we meet Lissie, a woman of many pasts; Arveyda the great guitarist and his Latin American wife who has had to flee her homeland; Suwelo, the history teacher, and his former wife Fanny who has fallen in love with spirits. Hovering tantalisingly above their stories are Miss Celie and Shug, the beloved characters from THE COLOUR PURPLE.", "title": "The Temple Of My Familiar", "url": "http://www.goodreads.com/book/show/60937.The_Temple_Of_My_Familiar", "average": 4.02, "cover": "http://d.gr-assets.com/books/1170553835l/60937.jpg", "reviews": 326, "authors": [{"url": "http://www.goodreads.com/author/show/7380.Alice_Walker", "name": "Alice Walker"}], "outlinks": ["http://www.goodreads.com/book/show/13150068-the-temple-of-my-familiar", "http://www.goodreads.com/book/show/6149.Toni_Morrison", "http://www.goodreads.com/book/show/9555247-the-temple-of-my-familiar", "http://www.goodreads.com/book/show/9555247-the-temple-of-my-familiar", "http://www.goodreads.com/book/show/7876768-the-temple-of-my-familiar", "http://www.goodreads.com/book/show/33363.Mama_Day", "http://www.goodreads.com/book/show/84031.I_Love_Myself_When_I_Am_Laughing_And_Then_Again", "http://www.goodreads.com/book/show/60936.Alice_Walker", "http://www.goodreads.com/book/show/234934.Sassafrass_Cypress_and_Indigo", "http://www.goodreads.com/book/show/188235.Some_People_Some_Other_Place", "http://www.goodreads.com/book/show/130957.Singin_and_Swingin_and_Gettin_Merry_Like_Christmas", "http://www.goodreads.com/book/show/11359.Tar_Baby", "http://www.goodreads.com/book/show/250792.Ain_t_I_a_Woman", "http://www.goodreads.com/book/show/419272.When_and_Where_I_Enter", "http://www.goodreads.com/book/show/395220.Zami", "http://www.goodreads.com/book/show/38466.Wrapped_in_Rainbows", "http://www.goodreads.com/book/show/38461.Tell_Me_How_Long_the_Train_s_Been_Gone", "http://www.goodreads.com/book/show/15151.Juneteenth", "http://www.goodreads.com/book/show/157929.The_Salt_Eaters", "http://www.goodreads.com/book/show/868440.The_Blacker_the_Berry", "http://www.goodreads.com/book/show/495367.This_Bitter_Earth", "http://www.goodreads.com/book/show/11486.The_Color_Purple", "http://www.goodreads.com/book/show/60935.Possessing_the_Secret_of_Joy", "http://www.goodreads.com/book/show/60943.In_Search_of_Our_Mothers_Gardens", "http://www.goodreads.com/book/show/60944.Meridian", "http://www.goodreads.com/book/show/60969.By_The_Light_Of_My_Father_s_Smile"]}