{"ratings": 483, "userreviews": [{"userName": "Roger DeBlanck", "userReviewDate": "Jun 01, 2014", "userURL": "http://www.goodreads.com/user/show/7522543-roger-deblanck", "userReview": "Sharon Olds epitomizes a poet who unearths her life and exposes her soul, grating them clean. The honesty and candor in which she pursues her subject matter is akin to an excavation. She digs deep to locate and extract the bone and its marrow, to uncover and discover, to resurrect her life through the manifold pains she has endured and also brought upon herself. She spares no one in talking about her abuse as a child. But her poetry is not exclusively about pain. It is equally about pleasure, bliss, and love. She holds back on nothing in regard to examining what love means, whether it is parental, familial, or spousal love. Her aim is often transformative: to be for her family and children what her parents were not for her. She wants to tell her secrets in order to understand and overcome. Each of her poems, therefore, mesmerizes with how she can embody a captivating story\u2014a drama exploring the rigors and challenges of life, whether they are confronting the past, raising children, growing older, or adapting to the unpredictability of love. The language she employs is rapturous, galactic in its depth and range. In bearing and suffering everything, Sharon Olds not only confronts life, she hopes for a better one. Ultimately, her poetry is about redemption. The Unswept Room is an extraordinary collection."}, {"userName": "Kevin Fanning", "userReviewDate": "Aug 05, 2012", "userURL": "http://www.goodreads.com/user/show/178078-kevin-fanning", "userReview": "Just starting to get into Sharon Olds. Everyone I know loves her, so I am excited to read more. Things I liked here:UnknownIf you know someone / who was there, that hour, at the burial, / could you tell them--I don\u2019t know what you could tell them.Sunday NightPlaces we had been before, / no one would serve us, unless there was a young / unwarned woman, and I never warned her.The ClaspHer dark, / deeply open eyes took me / in, she knew me, in the shock of the moment / she learned me. The LearnerAnd then They are things / I would not, have learned, if he, had lived, / but I cannot, be glad, he diedPast Future ImperfectI\u2019ll think of that day, and hear us, the pair / I thought was entering fresh outskirts / of play, I\u2019ll see his tiredness / and loneliness, we had weeks leftPsalmDo not / tell me this could end. Do not tell me."}, {"userName": "Candy Burkett", "userReviewDate": "Mar 07, 2014", "userURL": "http://www.goodreads.com/user/show/28444822-candy-burkett", "userReview": "The Unveiling of Memories in The Unswept RoomA journey through the pages of Sharon Olds\u2019s book of poetry titled, The Unswept Room, reveals the narrative voice of a woman reflecting on her seemingly ordinary life. The title of the book appears to be a symbol for someone coming to terms with their past and the need to evaluate and assess past experiences in an effort to clear things up. A theme of experienced highs and lows of a woman\u2019s familial journey through life is consistently held throughout the poems. The reader travels through the chronological ordering of poems, beginning with the woman\u2019s own birth and continuing through her life experiences of childhood, abusive relationships, motherhood, menopause, a failing marriage, and the observance of her dying mother. The author skillfully conveys the narrator\u2019s tone, mood, and state of mind through the vivid, and somewhat shocking, use of language. The theme and ever changing mood of the narrator is poignantly expressed through Sharon Olds\u2019s use of vivid imagery in, The Unswept Room, which creates a powerful collection of memories and confessions through poetry by reflecting the sorrows and joys experienced in an ordinary life. The intimate moments of one woman\u2019s life is depicted through the long stream of chronological poetry revealing the joys, sorrows, and trials and tribulations experienced by the narrator. These life events and experiences are a consistent theme found throughout, The Unswept Room. In the poem, \u201cFirst Hour,\u201d the narrator experiences and describes her own birth, \u201cThat hour, I was most myself. I had shrugged my mother slowly off, I lay there taking my first breaths \u2026\u201d (7). In the poem, \u201cA Chair by the Fire,\u201d an abusive childhood memory is recalled, \u201cI could have swung myself against a wall and dislodged my pine saddle, but I sat obedient\u201d (11). A woman\u2019s life altering event is portrayed in the poem titled, \u201c491/2,\u201d which shows a middle-aged woman transitioning through menopause, \u201cNo more eggs. How can I be myself, without any eggs?\u201d (74). Olds\u2019s vivid and bold language choices sharply convey the narrator\u2019s inner voice, replaying the seemingly ordinary, yet profound events that have occurred.While the highs and lows, which revolve around a woman and her progression through life, remains constant, the mood of the narrator is ever changing. An example of the extreme shifts in mood can be seen in two poems titled, \u201cFirst weeks\u201d and \u201cThe Tending.\u201d A joyous mood takes form in, \u201cFirst Weeks,\u201d as the narrator experiences seeing her newborn daughter\u2019s smiling face, \u201cWhen she smiled at me, delicate rictus like a birth-pain coming, I fell in love, I became human\u201d (40). A much darker and somber mood appears in the poem, \u201cThe Tending,\u201d which portrays the thoughts of a woman who was adopted as a child and begins to wonder about the babies who were aborted, and who never had a chance at life. In the poem, the narrator imagines being a gardener caring for the graves of the aborted, \u201cSo I tend them, I hate for them to remain thankless. I do not sing to them \u2026\u201d (113). The mood throughout the poetry book changes constantly with each new memory that the narrator recalls and explores. The recollection of memories from the narrator evokes rapidly changing moods within the poems, which are powerfully delivered to the reader through the vivid imagery and bold language choices of Olds. An example of the use of vivid imagery can be seen in the poem, \u201cFirst Hour.\u201d The narrator gives a dramatic, and rather repulsive, description of her birth describing it as, \u201c\u2026 smelling on myself her creamy blood\u201d (7).  Another example of Olds\u2019s use of vivid imagery can be seen through her description of a graphic car accident in the poem, \u201cStill Life in Landscape.\u201d The narrator and her family comes across a car accident and describes what she sees lying on the road,  \u201c\u2026 a woman was lying on the highway, on her back, with her head curled back and tucked under her shoulders so the back of her head touched her spine ..\u201d (23). Olds\u2019s creativity with word choice has the ability to burn the image into the reader\u2019s mind. The reader can feel saddened or even sickened by the vivid images that Olds uses to describe the scene, the feelings, and the shifting moods of the narrator. Olds\u2019s poems in, The Unswept Room, are laid out in chronological order, revealing a lifelong journey of the ordinary, yet monumental moments in a woman\u2019s life. The highs and lows of birth, marriage, motherhood, menopause, and aging parents, which are experienced by the narrator, are conveyed to the reader through Olds\u2019s use of bold, intense, and shocking imagery. It is through Olds\u2019s brilliant poetic style that the genuine emotions of sorrow, happiness, remorse, and wonder are clearly exposed to the reader. Olds does not leave room for guessing, she uses language that powerfully delivers the essence of each poem\u2019s intended tone, mood, and state of mind."}, {"userName": "Megan", "userReviewDate": "Mar 01, 2009", "userURL": "http://www.goodreads.com/user/show/1380128-megan", "userReview": "Strong, swift, bold, and vulnerable - this collection stings real like stepping from a hot shower into a breezy room. Memory blurred with coping, accepting, and healing in the present moment meets loving openly in the face of emotional closures. Sharon Olds writes with middle-aged maturity mixed with youthful optimism and starry-eyed yet sober indulgence in all things body, heart, and mind."}, {"userName": "Eleanor", "userReviewDate": "Aug 31, 2010", "userURL": "http://www.goodreads.com/user/show/1220257-eleanor", "userReview": "A couple of these poems recall \"I Go Back to May 1937,\" a Sharon Olds poem I used to carry in my wallet. It's interesting to read her more recent work, which sometimes seems like an altered point of view on previous poems (the daughter is now the mother; the mother is now the mother alone; the lover is now the former lover; etc.). Here are three that stood out to me, for different reasons:Sleep SuiteTo end up in an old hotel suitewith one\u2019s nearly-grown children, who are sleeping, is a kindof Eden. The one in the second bedrests her head on two pillows \u2013 I did not know that \u2013 as she sleeps. The one on the couch, under candlewickchenille, has here and there as he turnsthe stuffed animal his sister just gave himfor his twentieth birthday. I roam in the half-dark, getting ready for bed, I stalkmy happiness. I\u2019m like someone from the pastallowed to come back, I am with our darlings,they are dreaming, safe. Perhaps it\u2019s especially likeEden since this is my native coast,it smells something like my earliest life,fog, plumeria, eucalyptus, it isbroken, the killership of my family \u2013 it is stopped within me, the complex gearthat translated its motion. When I turn out the light and liedown, I feel as if I\u2019m at the apexof a triangle, and then, with a Copernicanswerve, I feel that the apex is my daughter,and then my son, I am that background figure, thatsource figure the mother. We are not,strictly speaking, mortal. We castbeloveds into the future. I fallasleep, briefly living foreverin the room with our son and daughter.Fish OilOne midnight, I got home from work and the apartment reeked of fish, boiled in oil. All the windows were shut, and all the doors were open-up from the pan and spatula rose a thick helix of cod and olive. My husband slept. I opened the windows and shut -the doors and put the plates in the sink and oodled Palmolive all over. The next day I fishwifed to a friend, and she said Someone might live with that, and love the smell of a fry. That evening, I sought a bottle of extra-extra virgin, and a recipe for sea-filet in olive-branch juice, I filled the rooms with swirls of finny perfume like the outlines in the sand the early Christians drew, the loop meaning safety, meaning me too, I remembered my parents' frowns at any whiff of savor outside the kitchen, the Puritan shudder, in that house, at the sweet grease of life. I had come to my mate a shocked being, agog, a salt cod in his creel, girl in oil, his dish. I had not known that one could approve of someone entirely-one could wake to the pungent day, one could awake from the dream of judgment. The ReleasingThen, one late afternoon,into evening, already fullnight, when he got up, my kneestill bent and resting against the wall,I reached down for the erotic-ripping-knitting bliss of freeing myself \u2013 and touched, first, a caduceus of hairs,mine and maybe his, they felt dippedin honey-glaze, and dried, I tugged at theirhelix gently, and something crackledand something tore delectably andsomething broke like a cello stringsounding its furling. When I softly hooked anothercrystallized hawser and its split, spittingminute fresh kindling, and sparks of rosin, I sensed the entry, underneath,closing, some, and understoodthat the crinked besotted sewing-threads had beenholding the gates of the body openlike the thighs of a lolling shepherdess.Then, as I broke all the connections,for the piercing, rough music, and the pleasure, as ifcrunching a soft-shell, or stepping on a toothedleaf in thin ice dusted with frozensnow, I could sense the revealed creaturedrawing her small cloaks around heragain, as if our planet drewthe night about her to protect our sight fromtoo much beauty \u2013 first half the globe,and then the other, rests its dazzled eye."}, {"userName": "Kirsten Kinnell", "userReviewDate": "Nov 20, 2012", "userURL": "http://www.goodreads.com/user/show/124251-kirsten-kinnell", "userReview": "This is a lovely collection in many ways. It is at its best as it explores the poet's relationship with her mother and her relationship with herself as a mother and a daughter. On the downside, there is a particular image that is often repeated that I find a little, for lack of a better word, icky. And I felt the sharp, perceptive gaze that is so evident in her poems about her mother missing in the poems about her husband. This may be by design, in order to increase the reader's shock when the end of this relationship is touched on at the end of the book, to perhaps mirror the poet's surprise. However, I felt as though I hadn't known him, so I couldn't be sorry he was leaving. Nevertheless, the poem \"First Weeks\" is perhaps the most evocative of early-motherhood I have ever read:Those first weeks, I don't know if I knewhow to love our daughter. Her face looked crushed,crumpled with worry--and not evendespair, but just depression, a look ofendurance. The skin of her face was finelywrinkled, there were wisps of hair on her ears,she looked a little like a squirrel, suspicious,tranced. And smallish, 6.13,wizened--she looked as if she were wincingaway from me without moving. The firstmoment I had seen her, my glasses off,in the delivery room, a blur of blood,and blue skin, and limbs, I had known her,upside down, and they righted her, and therecame that faint, almost sexual, wail, and herwhole body flushed rose.When I saw her next, she was bound in cotton,someone else had cleaned her, wipedthe inside of my body off herand combed her hair in narrow scaryplough-lines. she was ten days early,sleepy, the breast so engorged it stood out nearlyeven with the nipple, her lips would so much asapproach it, it would hiss and spray.In two days we took her home, she shriekedand whimpered, like a dream of a burn victim,and when she was quiet, she would lie there and peer, not quiteanxiously. I didn't blame her,she'd been born to my mother's daughter. I would kneeland gaze at her, and pity her.All day I nursed her, all night I walked her,and napped, and nursed, and walked her. And then,one day, she looked at me, as ifshe knew me. She lay along my forearm, fed, andgazed at me as if remembering me,as if she had known me, and liked me, and was gettingher memory back. When she smiled at me, delicate rictus like a birth-pain coming,I fell in love, I became human.~Sharon Olds"}, {"userName": "Amy", "userReviewDate": "Oct 22, 2011", "userURL": "http://www.goodreads.com/user/show/931340-amy", "userReview": "I am a big fan of \"The Gold Cell\" and so it is really fantastic to see how Olds has developed in the 15 years between these two collections--it's like she has grown into this great love and I was excited by her maturation as a writer. Her depth/detail and exposed tenderness and sorrow are my draws. I love how she \"rewards\" the reader with a flip in the middle of a poem. I thought the opener was a particularly good example of this, as was the revelation about her marriage. Suddenly, my mouth fell open. She's adept at creating unease. I also love the ordering of this collection. She does a great job of transitioning and setting a tone--I felt fully prepared to be punched in the gut."}, {"userName": "Kathleen", "userReviewDate": "Oct 13, 2010", "userURL": "http://www.goodreads.com/user/show/3899868-kathleen", "userReview": "I really like Sharon Olds.  This was hard to read and very good.  Some poems I cringed and winced at.  \"Still Life in Landscape\" really does make you look at a car accident.  And imagine others.  \"The Foetus in the Voting Booth\" hangs one up in there, illegally, makes you think of all kinds of injustice, and still somehow manages not to judge, leaving that to you, the reader, man or woman.  And \"A Time of Passion\" broke my heart and inspired a blog entry.I liked The Dead and the Living and The Wellspring better, and I am now immersed on One Secret Thing, but I am very glad I read The Unswept Room, as I want to know all the work of Sharon Olds, a courageous poet."}, {"userName": "Kat", "userReviewDate": "Feb 26, 2008", "userURL": "http://www.goodreads.com/user/show/126194-kat", "userReview": "I think this book could easily pass as prose poetry or short-shorts if she took out all the line breaks.  It's all very personal, conversational, accessible.  I remember a poem toward the beginning about having a threesome in a schoolyard tree, with recurring geometry references... a lovely poem, and the geometry bit resonated for me at the time I was reading the book.  Midway through the book, though, I stopped feeling entertained by her storytelling style and decided I needed her to start telling me why I should care about these little stories.  She did not."}, {"userName": "Mary", "userReviewDate": "Oct 27, 2009", "userURL": "http://www.goodreads.com/user/show/1963669-mary", "userReview": "Sharon Olds is a new favorite poet. I love how visceral her poetry is. I feel it in my fingers and toes, as much as I experience it any other way. This book offers poems from every life stage, birth through childhood, early marriage, motherhood, coping with aging parents, the empty nest, and divorce in middle age. Her stuff is so relational...I confess that I haven't read every poem in here, but I've read the majority of them, and it's not a novel--- I'm claiming it as read today just so I don't forget to claim it at all..."}, {"userName": "Hannah", "userReviewDate": "Jul 18, 2014", "userURL": "http://www.goodreads.com/user/show/27780-hannah", "userReview": "Full of emotion. Delightful."}, {"userName": "W.B.", "userReviewDate": "Jan 20, 2008", "userURL": "http://www.goodreads.com/user/show/545392-w-b", "userReview": "A typical mix of stunners, fairly strong work and the cringeworthy, which is pretty much the Olds hallmark when it comes to her collections. Maybe this is a result of her prolificity. I'm sure some day she'll sort out the goats from the lambs and have a very strong Selected. Isn't it time...mabye it exists..oh wow, I just saw she had one as early as 2002....I wonder if that's a good culling...if that matches my favorites...she's a very good reader...no wonder she's been on the circuit so long...striking when she reads..."}, {"userName": "Diann Sullivan", "userReviewDate": "Jun 10, 2012", "userURL": "http://www.goodreads.com/user/show/7822525-diann-sullivan", "userReview": "The book held me all the way. I tried to read it slowly, as one should read poetry, but it has strong narrative tugs that keep one reading for emotional plot. A poetic short story of a long life. The poems to her husband had the most affect on me. I won't say more in case someone else wants to experience the discovery."}, {"userName": "Danielle", "userReviewDate": "Aug 13, 2013", "userURL": "http://www.goodreads.com/user/show/17603716-danielle", "userReview": "Recommend to those just getting going on their journey with poetry (like me!). Evocative, sensual, vivid. Very accessible to me: I don't read a lot of poetry and don't know much of its history. I loved that the poems went in chronological order from Old's birth to her present and most had a narrative to them."}, {"userName": "Rhonda", "userReviewDate": "Jun 18, 2013", "userURL": "http://www.goodreads.com/user/show/1135996-rhonda", "userReview": "i don't think i would have liked either her mother or her ex-husband - i know this sounds like a very superficial response to the poetry in this collection - but all the same ... maybe her poetry is \"too\" autobiographical in this regard.  i have a visceral response to the subjects of her writing."}, {"userName": "Elise", "userReviewDate": "Oct 01, 2007", "userURL": "http://www.goodreads.com/user/show/434542-elise", "userReview": "I love poetry, though I'm kind of new to exploring the vast field. Sharon Olds is someone with whom I've become acquainted only in the last year. I love the provocative and descriptive nature of her poems. I love the way she describes her beautiful relationships with her beloved husband."}, {"userName": "Mendi", "userReviewDate": "Oct 24, 2007", "userURL": "http://www.goodreads.com/user/show/236335-mendi", "userReview": "The gift-giver didn't know I liked Sharon Olds, but he saw this book and read in it and thought I would like it. I love it when someone knows what I'll like just by the words alone. Can't wait to dig in."}, {"userName": "Jessica", "userReviewDate": "Jan 09, 2011", "userURL": "http://www.goodreads.com/user/show/4775278-jessica", "userReview": "She's a great poet. This book focuses on childhood and motherhood. Olds uses great words and images, a repetitive style but it works for her. Many read as \"yes! that's a poem\" others are list-like"}, {"userName": "Kristina", "userReviewDate": "Apr 23, 2010", "userURL": "http://www.goodreads.com/user/show/1119663-kristina", "userReview": "This collection sticks to the bones.  Something primitive and masterful moves in these poems, as dancers in gauzy, loose chiffon alternately squatting and twirling across a dark stage."}, {"userName": "Cheryl", "userReviewDate": "Mar 06, 2012", "userURL": "http://www.goodreads.com/user/show/1628192-cheryl", "userReview": "She astounds me with her awareness of connections. I savored this book. I was a little afraid to pick it up because I experience her writing so intensely. Favorite: \"The Tending.\""}, {"userName": "Jill Chan", "userReviewDate": "Mar 23, 2009", "userURL": "http://www.goodreads.com/user/show/579280-jill-chan", "userReview": "I reread this book and found myself astonished by the excellent way Olds handles a complicated subject matter, with wry subversive import and natural eloquence. Great stuff!"}, {"userName": "Amber Schley Iragui", "userReviewDate": "Apr 28, 2011", "userURL": "http://www.goodreads.com/user/show/630774-amber-schley-iragui", "userReview": "Emily gave this to me at Ike's baby shower. I've just started reading it--slowly, of course. (nearly 2 years later...)Still reading, rereading. It's beautiful."}, {"userName": "Allyson", "userReviewDate": "May 14, 2012", "userURL": "http://www.goodreads.com/user/show/31764-allyson", "userReview": "Read this for Day 1 of Poems Bootcamp. I spent the day reading these poems out loud to myself. \"The Learner\" in particularly will stay with me for a long time."}, {"userName": "Rachel", "userReviewDate": "Jan 31, 2010", "userURL": "http://www.goodreads.com/user/show/634095-rachel", "userReview": "Not my favorite book of Sharon Olds' poetry. Her older stuff is a little more gut-wrenching, which is where (I think) she's at her best."}, {"userName": "Jerman", "userReviewDate": "Feb 21, 2012", "userURL": "http://www.goodreads.com/user/show/2720488-jerman", "userReview": "Very good open-mic poems. Layered, and very involved in the intimate moments of the family. Thick with themselves, and of sex."}, {"userName": "Erica Reichert", "userReviewDate": "Jun 09, 2009", "userURL": "http://www.goodreads.com/user/show/1848380-erica-reichert", "userReview": "Absolutely amazing.The Unswept Room is one of Olds' very best. A must read for lovers of contemporary American poetry."}, {"userName": "Terresa", "userReviewDate": "Oct 09, 2010", "userURL": "http://www.goodreads.com/user/show/1084356-terresa", "userReview": "Before reading this book, I had a vague appreciation for Olds.  Upon finishing this book, I have a touchstone."}, {"userName": "Michael Cress", "userReviewDate": "Dec 16, 2009", "userURL": "http://www.goodreads.com/user/show/3049697-michael-cress", "userReview": "An amazing poet; priceless humor, moving emotion, intense craft. I enjoyed this collection very much."}, {"userName": "Mike", "userReviewDate": "Dec 11, 2011", "userURL": "http://www.goodreads.com/user/show/3587956-mike", "userReview": "favorites:14  sunday night23  still life in landscape89  the shyness97  the learner"}, {"userName": "Miss Mandatory", "userReviewDate": "May 07, 2007", "userURL": "http://www.goodreads.com/user/show/78843-miss-mandatory", "userReview": "Raw, intimate, brazen, a kind of aspirant for your own self in connection with another."}], "description": "From Sharon Olds\u2014a stunning new collection of poems that project a fresh spirit, a startling energy of language and counterpoint, and a moving, elegiac tone shot through with humor.From poems that erupt out of history and childhood to those that embody the nurturing of a new generation of children and the transformative power of marital love, Sharon Olds takes risks, writing boldly of physical, emotional, and spiritual sensations that are seldom the stuff of poetry. These are poems that strike for the heart, as Sharon Olds captures our imagination with unexpected wordplay, sprung rhythms, and the disquieting revelations of ordinary life. Writing at the peak of her powers, this greatly admired poet gives us her finest collection.From the Hardcover edition.", "title": "The Unswept Room", "url": "http://www.goodreads.com/book/show/853926.The_Unswept_Room", "average": 3.98, "cover": "http://d.gr-assets.com/books/1320393437l/853926.jpg", "reviews": 41, "authors": [{"url": "http://www.goodreads.com/author/show/50090.Sharon_Olds", "name": "Sharon Olds"}], "outlinks": ["http://www.goodreads.com/book/show/906943.Behind_My_Eyes_With_CD_", "http://www.goodreads.com/book/show/604540.Kinky", "http://www.goodreads.com/book/show/607270.Blessing_the_Boats", "http://www.goodreads.com/book/show/106243.Atlantis", "http://www.goodreads.com/book/show/293068.Different_Hours", "http://www.goodreads.com/book/show/666993.After", "http://www.goodreads.com/book/show/60942.Her_Blue_Body_Everything_We_Know", "http://www.goodreads.com/book/show/59005.The_Selected_Levis", "http://www.goodreads.com/book/show/134142.Monologue_of_a_Dog", "http://www.goodreads.com/book/show/241193.Breathing_the_Water", "http://www.goodreads.com/book/show/515188.Facts_About_the_Moon", "http://www.goodreads.com/book/show/195211.The_Fact_of_a_Doorframe", "http://www.goodreads.com/book/show/6535688-the-art-of-losing", "http://www.goodreads.com/book/show/602333.Cries_of_the_Spirit", "http://www.goodreads.com/book/show/135898.A_Working_Girl_Can_t_Win", "http://www.goodreads.com/book/show/588066.Vice", "http://www.goodreads.com/book/show/835249.Ten_Poems_to_Change_Your_Life", "http://www.goodreads.com/book/show/4073016-american-hybrid", "http://www.goodreads.com/book/show/162900.The_Dead_and_the_Living", "http://www.goodreads.com/book/show/119841.The_Gold_Cell", "http://www.goodreads.com/book/show/162902.Satan_Says", "http://www.goodreads.com/book/show/13330670-stag-s-leap", "http://www.goodreads.com/book/show/162904.The_Wellspring"]}