{"ratings": 490, "userreviews": [{"userName": "CH13_Caitlin Murphy", "userReviewDate": "Feb 20, 2013", "userURL": "http://www.goodreads.com/user/show/16317572-ch13-caitlin-murphy", "userReview": "In Those Shoes by Maribeth Boelts, Jeremy struggles with a dilemma at school. All he wants are the shoes that \"everyone\" else has at school. Jeremy's Grandma tells him that they can't afford the expensive high top tennis shoes that he wants, but they can get the warm winter boots that he needs. When Jeremy's old shoes break and he is forced to wear Velcro cartoon character shoes provided by the guidance counselor, he finds out who his real friends are and what he truly needs not wants.     This book covers many categories of contemporary realistic fiction. First, a majority of the book takes place in a school. Many students will be able to relate to the pressure Jeremy feels to fit in with his peers. Second, he faces emotional challenges when other students make fun of him and he struggles with not being ale to afford the shoes. Third, it covers social diversity. Jeremy is an African American boy living with his Grandma. No other parental figures appear in the story. While it is clear that Jeremy's grandma can provide for his needs, it is also clear that they are faced with a lower socioeconomic status.      I really related to this story, especially when Jeremy found the shoes at an affordable price at the thrift store a few sizes too small. Instead of moving on without the shoes, he forced his feet in and lived with blisters just so he could fit in. His need to feel accepted by his peers is a common one felt by young students. Eventually Jeremy realizes that he can't wear the shoes without hurting himself and finds he truly has what he needs. I would recommend this book to a K -  3 classroom. It will set up a great discussion for kids on both sides of the fence: the kids who can afford everything and need to learn humility and the kids who struggle in poverty but still need to find ways to fit in."}, {"userName": "L13_Allison Safran", "userReviewDate": "Feb 14, 2013", "userURL": "http://www.goodreads.com/user/show/16304258-l13-allison-safran", "userReview": "\u201cI have dreams about those shoes. Black high-tops. Two white stripes.\u201dThose Shoes by Maribeth Boelts is a story that truly touched my heart. Those Shoes is the story of a little boy who doesn\u2019t have much money, and is feeling very jealous of everyone in his class who has a special pair of shoes. The little boy in the story really breaks down when his own shoes fall apart, and he has to visit the guidance counselor to pick out shoes from a box. The new shoes that he selects are too young, according to the boy, and many him feel even worse. When the little boy begs his grandma for new shoes, she agrees to look at the resale shop to see if they might have a pair of the shoes he desperately craves. Indeed they do! Unfortunately, they are too small. The boy buys them anyways. In the end, the little boy gives away his favorite new shoes to a boy in his classroom who is also in need of new shoes. Giving away what he adored most in the story is a touching moment for the reader, and makes the main character feel proud. This book would be useful for students of any age, because the story has so many levels. At the most elementary level, it is about a boy who can\u2019t have what he wants. However, when you look deeply into the story, the book talks about poverty, difficult decisions, jealousy, and being selfless. The voice in the story is also very strong! The grandmother\u2019s voice is very authentic feeling for the story, and I could absolutely picture another adult speaking to a child in the same way.I really enjoyed reading this book and its many purposes! It would be a great fit for reading, writing, or even character development."}, {"userName": "Nyla", "userReviewDate": "Jan 09, 2012", "userURL": "http://www.goodreads.com/user/show/5947070-nyla", "userReview": "Jeremy wants a pair of black high-top sneakers that all the boys at school have, only to find his grandma refuses to buy him some as they cannot afford them.  Things got bad at school when Jeremy shoes fell apart at school, if that\u2019s not embarrassing enough the only shoes available are sneakers with a cartoon of an animal on the side!  Jeremy tries his luck and buys sneakers at a local thrift shop even though they were small, giving him blisters. However something did come out of it when his generosity turns into friendship when he gives the shoes to another child who really needs them!The author Maribeth Boelts is a former teacher and has won several awards for her books, her message of the books shows she understands how children feel and tried to put across a message. Empathy is a big message of the book and would be great to use in a classroom. This book is clever and contains a powerful lesson about differentiating about wants and needs and not being materialistic."}, {"userName": "Barbara", "userReviewDate": "Oct 03, 2013", "userURL": "http://www.goodreads.com/user/show/1222379-barbara", "userReview": "Many young readers will relate to Jeremy's desperate desire for a pair of black and white high tops. Because they're so pricey and his grandmother must budge her money carefully, she can't afford to buy them. Jeremy watches as just about everyone in his class comes to school with those shoes. When he finally finds the shoes on sale at a thrift store, they're perfect in every way except the size. The text and illustrations, created with watercolor, pencil and ink and put together digitally, perfectly depict how quickly a fad can flood the halls of a school, and how desperately children want to be able to have what others take for granted. But it also shows that there is still kindness and generosity in the heart of child even when things don't work out quite the way he planned. This picture book provides fodder for initiating classroom conversations about fitting in, trends, and the difference in needs and wants."}, {"userName": "Jennifer", "userReviewDate": "Apr 09, 2008", "userURL": "http://www.goodreads.com/user/show/775754-jennifer", "userReview": "For anyone who's ever wanted something they can't have, like the new \"in\"-thing, Jeremy's realistic story doesn't shirk away from the complex nature of compassion.CIP:Jeremy, who longs to have the black high tops that everyone at school seems to have but his grandmother cannot afford, is excited when he sees them for sale in a thrift shop and decides to buy them even though they are the wrong size.\"A poignant, thought-provoking book.\" School Library Journal\"Whether children are on the shoe-owning or the shoe-envying side of the economic line, they can sympathize with Jeremy and rejoice in the way he eventually resolves his problem with his too-small shoes.\"Horn Book"}, {"userName": "Gayle Swift", "userReviewDate": "Jul 15, 2014", "userURL": "http://www.goodreads.com/user/show/7010468-gayle-swift", "userReview": "When A Shoe Is So Much More Than Just A ShoeBlack-high tops with two white stripes\u2014imagine them being the heart\u2019s desire for a little boy. He wants them more than anything else in the world. All the other kids in his class have the extravagant shoes. The power of peer pressure; Jeremy dreams of getting his own pair\u2014of being cool.In her picture book, Those Shoes, Maribeth Boelts captures the intensity of a child\u2019s yearning for the latest clothing fad. He\u2019s caught between the proverbial rock and a hard place. His grandma doesn\u2019t have the money for fancy shoes, only for the necessities. This hard fact does little to quell the boy\u2019s desire to join the crowd and strut in his own pair of high-tops. Instead, the Guidance Counselor notices that Jeremy needs new shoes. Unfortunately, the only pair Mr. Alfrey has available conjures laughter from his classmates not admiration. One child\u2014Antonia\u2014 doesn\u2019t join in the teasing.Grandma and Jeremy search the thrift stores for a hand-me-down pair of high-tops. After several failed attempts, luck finally runs Jeremy\u2019s way. They discover a pair. Jeremy crams his feet into the shoes and ignores the pain. He pretends the \u201ctoo-small shoes\u201d fit his \u201ctoo-big feet.\u201dJeremy has a big heart to match his big feet. He notices Antonio also needs new shoes. Jeremy also sees that his two-small high-tops would be a perfect fit for Antonio\u2019s much smaller feet. His urge to be generous plays tug of war with his love for \u201cThose Shoes.\u201d Finally, Jeremy decides to give them to the to the boy.What I liked about this story1.  It respected the intensity and genuineness of Jeremy\u2019s feelings. The reader is drawn into Jeremy\u2019s longing, his humiliation when the other kids laugh at him, his elation when he finds the coveted shoes, his desperation to make the \u201ctoo-small shoes\u201d fit his \u201ctoo-big feet,\u201d his conflicts and his resolution.2. The story highlighted the blessing of having one friend who will stand with you against the crowd.3. The story depicts multi-cultural drawings in a way that is natural. This book is not about race but it is diverse. A wide range of readers will recognize themselves in this book.4. It shows the power one child can have to make a difference and it does it in a way that feels real, not preachy or overdone."}, {"userName": "Carl", "userReviewDate": "Jun 08, 2014", "userURL": "http://www.goodreads.com/user/show/23267629-carl", "userReview": "This books gets me every time. Even though I know how it ends, re-reading it warms my heart. It takes standard picture book topics (like materialism, poverty, race, and elementary school) and turns them on their head. I suppose I should have seen how this book would end, but I didn't. I guess that says more about me than this book. I'm used to seeing picture books about African American children who live in the city and come from (what would appear to be) poverty of some sort. This one is different. Although Jeremy's family doesn't have enough money to purchase him a brand new pair of shoes, it's Antonio, a white boy, who is worse off than Jeremy. Having Jeremy share what he has with Antonio was such a refreshing twist. I'm glad this book was recommended to me because I might not have picked it up because, well, I might also be guilty of judging a book by it's cover. (Sorry!)Regardless, are the characters in this story realistic? Yes. The story appears to take place in a city and the main characters are elementary school age boys. Although Jeremy struggles with how much he wants a pair of expensive shoes, the theme of materialism is one which many can relate to. Who hasn't wanted something they can't afford? I've already given away too much of the ending, but the way the author shows Jeremy struggling with his final decision was amazing and particularly real. All students can benefit from this book. What a wonderful way of handling these topics."}, {"userName": "Courtney Dyer", "userReviewDate": "Mar 10, 2014", "userURL": "http://www.goodreads.com/user/show/27874276-courtney-dyer", "userReview": "Those Shoes is a story that balances teasing and embarrassment with kindness and generosity.  Boelts does a great job at showcasing an inner-city, interracial school scenario that deals with topics familiar to children of all ages: wants vs. needs.Jeremy, a poor boy who lives in the city with his Grandma, dreams of owning a pair of the new black high-tops with two white stripes that everyone is wearing at school.  But Grandma says \u201cThere\u2019s no room for \u2018want\u2019 around here- just \u2018need,\u2019 and what you need are new boots for winter.\u201d  After Jeremy\u2019s shoes fall apart and he is forced to wear Velcro shoes made for babies given to him by the guidance counselor, he convinces Grandma to go and look for the shoes at some of the thrift shops.  At the third shop around the corner, Jeremy finally finds a pair of those shoes, but they are too small.  He buys them anyways with his own money and after walking around in them for a few days, he is faced with a very difficult decision.For the illustrations, Jones uses a combination of autumn-toned watercolor, pencil, and ink images that have been digitally assembled.  The illustrations are expressive and go hand-in-hand with the tenderness of the story.Those Shoes is contemporary, thought-provoking, and completely relatable!  All children who have ever wanted something they couldn\u2019t have will connect to this story.  I feel it is most appropriate for children ages 6-10, however, it could be used with younger children as well.  Presented in witty fashion, it deals with deeper issues such as peer pressure, social diversity, and emotional challenges.  In the end, Jeremy\u2019s sincere gesture is sure to bring a smile to your face and warmth to your heart.  As a teacher, this book lends itself to a discussion on fitting in, fads, and differentiating between wants and needs.  It also allows for students to practice skills such as making predictions, making connections, and making inferences.  Also, having students write about their response to the story in a reader\u2019s response journal would be a great follow up activity after reading the book."}, {"userName": "Randie", "userReviewDate": "Apr 23, 2013", "userURL": "http://www.goodreads.com/user/show/3164732-randie", "userReview": "Jeremy wants \"those shoes\", if you have ever struggled financially, you know exactly what shoes he wants, expensive, new, hip, cool shoes. His grandma says they don't have room wants, just needs. So, Jeremy gets a pair of used shoes from the school counselor. He's embarrassed and sad. What happens next is powerful and offers a great message about having good character.Text and illustrations are both of high quality and help to deliver an important life lesson in a natural manner."}, {"userName": "Katelyn Kindt", "userReviewDate": "Dec 07, 2014", "userURL": "http://www.goodreads.com/user/show/34376265-katelyn-kindt", "userReview": "I absolutely love this book!  No matter where you come from or how old you are, everyone at some point in their lives wants that 'hot' item that everyone else has.  However, the tell old tale of not being able to afford that item comes up more often than not.  Jeremy, the main character, a boy who is about 8 or 9 and lives with his grandmother in their city apartment wants 'those shoes'.  He learns the different between wants and needs when his grandmother tells him that the needs new snow boots.  Eventually, Jeremy visits the cities thrift shops and find the shoes he wants, black with the white stripes, they are a little bit too small for him but he buys them for $2.50 anyway.  Not being able to wear his newly purchased shoes because they squeeze his toes a little bit too much. Will he keep the shoes even if he can't wear them?  Find out by reading this story how Jeremy gives up his want to unselfishly help a friend who is in need."}, {"userName": "Kelsey", "userReviewDate": "Nov 05, 2014", "userURL": "http://www.goodreads.com/user/show/4232859-kelsey", "userReview": "Age: Kindergarten-2nd gradeCulture: African AmericanWhen Jeremy sees all the kids wearing black high tops, he desperately wants his own pair. But, as his Grandma says, there is no room for wanting in their house, only needing so Jeremy gets a pair of black boots for the winter. But he can't stop thinking about those high tops. A real-to-life tale about a child that can't get everything he wants and how he must learn to compromise. Kindness pays off in this tale when Jeremy decides to give his pair of too-small high tops to another kid at school with run down shoes and is satisfied by the happiness of the other boy. Jeremy's generosity is genuine, not encouraged or forced upon him by an adult. Also Jeremy's poverty is not a tragic tale of woe and misery, but learning to manage his reality at an age where he can't have much of a say in it."}, {"userName": "Dolly", "userReviewDate": "Jan 18, 2014", "userURL": "http://www.goodreads.com/user/show/1019021-dolly", "userReview": "[ and that while he was happy to have helped someone out, he was mad that he was stuck with the sneakers he didn't like (hide spoiler)]"}, {"userName": "Lizzy", "userReviewDate": "Jun 25, 2014", "userURL": "http://www.goodreads.com/user/show/32529982-lizzy", "userReview": "Jeremy wants a pair of fad shoes that many students at his school have. However, his grandmother says no, that there is no room for \"want,\" but only for \"need.\" He finds a pair at a thrift shop that are too small, but wears them anyway. His sore feet teach him an important lesson of appreciating the things we have. I think this is a good book to teach children about economics, fad products, and not always getting what we want. It seems more suited for older preschool or early elementary.Theme: schoolTopic: Social studies- economics, self-skills and friendship: appreciating what you have and not having to be exactly like friends"}, {"userName": "Kara", "userReviewDate": "Jun 23, 2014", "userURL": "http://www.goodreads.com/user/show/31739286-kara", "userReview": "Jeremy has his eye set on the cool shoes that all the kids at school wear. But, when his grandmother buys him boots because he needs them and they cannot afford other shoes, he saves his money to find the cool shoes anyway. When he finally finds the shoes at a second hand store, they are too small but he buys them. At school, he notices that his friend Antonio has ripped shoes that are held together with duct tape. Antonio also has smaller feet. So, Jeremy gives those shoes to Antonio so that he can have a pair of shoes that fit\u2014and their friendship exemplifies selflessness we see in times when we barely have anything to give."}, {"userName": "Teresa", "userReviewDate": "Mar 21, 2014", "userURL": "http://www.goodreads.com/user/show/4529115-teresa", "userReview": "Every time I read this book to classes of elementary students, they are completely spellbound.  The story is so relevant to their world: the main character wants shoes that his grandma can't afford, yet almost everyone else has \"those shoes\". He's ridiculed when he receives practical replacements for his worn out pair -- they aren't the coveted shoes.I won't spoil the ending, but it's heartwarming and realistic at the same time. If you reside in the south, where there's not much snow, you might have to explain the usefulness and importance of snow boots, but otherwise add this gem to your shelf without any second thoughts."}, {"userName": "Andrew Strang", "userReviewDate": "Dec 07, 2014", "userURL": "http://www.goodreads.com/user/show/24060275-andrew-strang", "userReview": "Title: Those ShoesAuthor/Illustrator: Maribeth Boelts/Noah Z. JonesISBN: 978-0763642846Date of Publication: June 9, 2009Review: This is a great story about a kid who desperately wants the shoes that everybody else is wearing, but can't get them. The storyline of this book is one that I lot of kids from multiple different cultural backgrounds can relate to. The boy in the story deals with multiple struggles\u2014both internal and external. I'm very glad that the author wrote about this issue of the social pressure to have nice, brand new things from a child's perspective. The illustrations were rich and colorful, and the storyline is captivating, relatable, and a joy to read."}, {"userName": "Melanie", "userReviewDate": "Sep 25, 2012", "userURL": "http://www.goodreads.com/user/show/1352773-melanie", "userReview": "Jeremy really wants the snappy looking new \"it\" shoe that all the boys at school are wearing. However his grandmother informs him that there isn't any room for \"want\" in their household; only \"need.\" So Jeremy has to make do. When his shoe comes apart one day while playing the guidance counselor gives him a pair of velcro shoes with a nobody cartoon character on them. When he walks back to class everyone laughs at him with the exception of one young boy.One day his grandmother tells him that she has a little extra money set aside. So they go together to find out how much those shoes are. Of course the shoes are unbelievably expensive. But then Jeremy remembers the thrift shops! His grandmother visit 3 thrift stores and finally Jeremy sees a pair! But when he sits down to try them on, they're too small. His grandmother says she won't spend good money on shoes that don't fit. So Jeremy buys too-small shoes with his own money.Over the next few days Jeremy wears the shoes hoping they will \"stretch out.\" Of course they don't. So on Monday when Jeremy goes back to school he wears the velcro shoes. During the day he notices that Anthony's shoes are coming apart and that his feet are smaller than his. He struggles with the thought, tries to ignore his conscience but in the end he knows the right thing to do. The following day he leaves the shoes on Anthony's doorstep.A fabulous story of sharing and generosity. And it's great to see a grandparent/granchild family setting when so many of our families are this combination now."}, {"userName": "Allison", "userReviewDate": "Apr 09, 2012", "userURL": "http://www.goodreads.com/user/show/7769911-allison", "userReview": "Jeremy wants the same new pair of shoes that everyone in his class has, but Grandma cannot afford them when he already needs a new pair of winter boots.  When his shoes break, the principal gives him a pair and he gets made fun of by all of his classmates, except Antonio.  Desperate for those shoes, Jeremy and Grandma go from thrift store to thrift store, finally finding a too small pair of those shoes, which Jeremy buys with his own money.  They are so small, though, that he cannot even wear them.  Later, when he sees that Antonio has ripped shoes too, he decides to leave them on his friend\u2019s doorstep.  The next day, Antonio is, gratefully, wearing his new shoes, and, lucky for Jeremy, it snows and he gets to wear his new boots that no one else has had before. This story, featuring cartoonish illustrations, has the subtle implications of class and poverty issues in addition to the themes friendship and giving.  Jeremy shows readers that friendship involves giving to and sharing with others."}, {"userName": "Avery Maxwell", "userReviewDate": "Jan 24, 2013", "userURL": "http://www.goodreads.com/user/show/16508751-avery-maxwell", "userReview": "I had this book read to me in a class in college and I thought that it was a beautifully written and illustrated book. I thought that a child wanting a specific pair of shoes and would do anything to get them was a great idea that most children can relate to. When I was growing up, there were definitely things that I wanted that all my friends had and my parents would not buy me; for example, a cell phone. I would beg and plead but with no luck convincing my parents. The original thing about this book was that the story did not end when the boy finally received the cool shoes that he had been dreaming about. The shoes were too small and they hurt his feet to walk around in them but he bought them anyway. When he realized that a friend of his had smaller feet than him he fought with himself back and forth whether or not to give away his shoes to the one kid who didn't laugh at him when he had to wear old shoes. At the end of the book, he gave the shoes to someone who could use them and it honestly almost made me cry. Usually children's books end happily with the child getting what he or she wanted but in this story it taught kids to give to those who might be less fortunate than they. I thought that it was a magnificent ending to an already great story and I think this is by far one of my favorite modern children's books."}, {"userName": "Mandy Scheuren", "userReviewDate": "Apr 27, 2010", "userURL": "http://www.goodreads.com/user/show/3248759-mandy-scheuren", "userReview": "Marideth Boelts expresses a young boy\u2019s feelings on the shoes of his dreams.  Unfortunately Jeremy\u2019s grandma tells him they have no money for shoes that he just \u201cwants\u201d.  His grandma told him he needed snow boots and there is no room for wants around their house, just needs.  All his friends begin to come to school in the shoes of his dreams, black high-tops with two white stripes.  Jeremy\u2019s shoes fall apart during recess so his guidance counselor gives him a pair of shoes out of a box donated to their school.  Jeremy hated them; they had an animal on them from a cartoon along with Velcro.  His grandma agrees to go to a thrift shop to find Jeremy new shoes.  Jeremy finds the shoes he has dreamed of; however they are too small.  He buys them anyway hoping his feet would somehow shrink.  Jeremy meets Antonio, a kid at recess.  Antonio needed shoes because his were falling apart.  Jeremy lets Antonio have his \u201cdream shoes\u201d since Antonio\u2019s feet fit into them.  When it is time for recess and the students need to wear snow boots, Jeremy is now more excited for his snow boots that no one else has!"}, {"userName": "Aimee", "userReviewDate": "Oct 29, 2013", "userURL": "http://www.goodreads.com/user/show/16213702-aimee", "userReview": "This is a book that small children up to high school kids would all love.  It's the story of young boy living in a more poverty stricken neighborhood, who wants a pair of black hightops with 2 white stripes. All the kids in his school have these shoes, but after his own shoes fall apart he is embarrassed by the velcro shoes the school counselor gives him. The whole class makes fun of him, except for one boy. I'm not going to tell you what happens, but it's a must have. This would be a great book for kids of all ages, especially kids who live in inner city neighborhoods. The text to self connections they would have with this book are HUGE. Every kid knows what it's like to desire a pair of shoes like the main character in this book does.  My teacher read this book, then showed us the video \"Wings\" by Macklemore. If you have a group of kids, high school or otherwise, you are trying to reach, this will do it. After the book and video, print out blank copies of Nike shoes and have the students design their ideal shoe. A great book and a great lesson."}, {"userName": "Ellen", "userReviewDate": "Apr 16, 2013", "userURL": "http://www.goodreads.com/user/show/17218819-ellen", "userReview": "Every child dreams of getting the new toy, game or shoe that comes into style. Unfortunately not everyone can afford to get these new gadgets. This is what happens to Jeremy; all he wanted was a pair of black high-top shoes with white strips on them. It was all he could dream about. One day he able to buy these pairs of shoes, but then after interacting with his classmate Antonio, he realizes the the difference between want and need. This is a story about the difference between \"want\" and \"need.\" Many children today are unable to distinguish when they really need something and when they just want something. The reason I had selected this book was because it teaches children that they do not need to acquire every new item that comes out, especially if they do not have any use for the item. Instead of letting it go to waste, give the item away to someone else who would really need them. After reading this story, children can reflect on items at home that they can give away to others who would really need it- this could be clothes, shoes, food and even books. This book could help segue into a class project on giving back to the community or the less fortunate."}, {"userName": "Alyssa Fortna", "userReviewDate": "Oct 21, 2014", "userURL": "http://www.goodreads.com/user/show/34365037-alyssa-fortna", "userReview": "This book is about a young boy named Jeremy who wants a pair of shoes that everyone at his school has. The shoes are expensive, and his grandma explains that right now he can\u2019t get what he wants, but he can get the warm winter boots that he needs. One day at school, Jeremy\u2019s old sneakers break, so he has to wear a pair of Velcro ones with cartoons on them from the guidance counselor. He quickly finds out who his true friends are during this situation, and what he really needs rather than what he wants. This book is very relatable, and would be great to use in a first through fourth grade classroom. It would be great to utilize during a discussion about needs vs. wants, money, or friendship. It would also be a good book to use during a lesson about feeling left out."}, {"userName": "Sara Abdulkarim", "userReviewDate": "Apr 16, 2012", "userURL": "http://www.goodreads.com/user/show/7655800-sara-abdulkarim", "userReview": "Those Shoes is a story about a young boy who wants a new type of shoes. However, his grandmother tells him that they do not have the means for the those shoes because they are expensive. Still, the only thing that Jeremy wants. Since he could not afford them, Jeremy was one of the only boys who did not have those pair of shoes. One day Jeremy and his grandmother visited second-hand stores and Jeremy finally found his shoes. However, there was one issue...they did not fit. So Jeremy gave the shoes to his friend, who really wanted them and who seemed to be in worse off in fiances then Jeremy. However, since winter was starting Jeremy was able to wear the new boots that no one had yet. In this story, Jeremy's grandmother supports him with his decision. When Jeremy wanted the shoes, his grandmother let him pay for them. When they did not fit, she did not tell him to take them off. She allowed him to learn from his mistakes."}, {"userName": "Katy", "userReviewDate": "Jul 30, 2014", "userURL": "http://www.goodreads.com/user/show/14822090-katy", "userReview": "Jeremy dreams of black shoes with white stripes. Just like the ones on the billboards. Just like the ones his classmates wear. But Jeremy's grandma can only afford the things he absolutely needs and those shoes are definitely a want. The resolution is wonderful so I won't spoil it. Those Shoes  is a really strong mentor text, especially for character development and personal narrative."}, {"userName": "Tori Sato", "userReviewDate": "Nov 12, 2014", "userURL": "http://www.goodreads.com/user/show/34582036-tori-sato", "userReview": "I really liked this realistic fiction story of a boy who just wanted to fit in and have \"those shoes\" but his family's financial circumstances only allowed him practical shoes. I would recommend this book to parents who want to show their children that sometimes we don't always get what we want, but it all works out in the end."}, {"userName": "Mary", "userReviewDate": "Jan 08, 2015", "userURL": "http://www.goodreads.com/user/show/23157878-mary", "userReview": "This is a touching book for children to understand others who might come from more simple means. There is a lot of diversity of color and life situation in this book, which is excellent. There are also a lot of words, so it would be better for an elementary school classroom than one for younger children."}, {"userName": "Scarlet", "userReviewDate": "Sep 10, 2011", "userURL": "http://www.goodreads.com/user/show/6219274-scarlet", "userReview": "Living in the city with his grandma Jeremy really wants a new pair of shoes that are all the rage.  He wants them even more when his shoes break at school and he is stuck wearing a pair of kindergarten shoes that have a character on them from a show that no one even watches.  Jeremy's grandma will get him a regular pair of shoes, but he wants a new pair that is just to expensive so he decides to look at the local thrift store.  After finding the shoes that he wants at the thrift store he buys them despite the fact that they are to small for his feet.  However, they are the perfect size for his friend and Jeremy must now decide between keeping the shoes for himself and giving them to his friend.This book is a great lesson in sharing and shows how friendship can outweigh being popular."}, {"userName": "Ashlie", "userReviewDate": "Apr 15, 2013", "userURL": "http://www.goodreads.com/user/show/19266193-ashlie", "userReview": "This picture book is about a boy named Jeremy who wants to have cool shoes like his other classmates but they are to expensive for his family to afford. His grandma can only afford what he needs and what he needs is a new pair of winter boots. Jeremy\u2019s shoes break at school and he has to wear a pair from the counselor\u2019s office and is humiliated. His grandma takes him to a second hand store and they have the shoes he has been wanting. They are too small but they buy them anyways. He has a debate with himself about giving his shoes to a boy who needs them in his class. He gives the shoes to his friend and wears his new boots proudly. This book got to me and I am almost 20 years old. I think everyone can relate to wanting something so bad but couldn\u2019t have them."}, {"userName": "Elizabeth Leonard", "userReviewDate": "Apr 15, 2013", "userURL": "http://www.goodreads.com/user/show/16767997-elizabeth-leonard", "userReview": "In this story all Jeremy wants is a pair of black high-top shoes with white stripes. He beggs his grandma for days for these shoes, but they just do not have the money for these shoes. One day his shoes fall apart and the counselor gives him a pair of of hand-me-downs and it is now his chance to get the shoes. He eventually finds a pair of these shoes in a thrift shop and they are sadly too small, but his grandma buys them anyways. He eventually decides to give the shoes to one of his friends that the shoes actually fit on. He comes to realize that those shoes were not that important. I thought this story is a great story to read to the class and discuss the things that are really important in their lives besides material things."}], "description": "But all the kids are wearing them! Any child who has ever craved something out of reach will relate to this warm, refreshingly realistic story.\"I have dreams about those shoes. Black high-tops. Two white stripes.\"All Jeremy wants is a pair of those shoes, the ones everyone at school seems to be wearing. But Jeremy\u2019s grandma tells him they don\u2019t have room for \"want,\" just \"need,\" and what Jeremy needs are new boots for winter. When Jeremy\u2019s shoes fall apart at school, and the guidance counselor gives him a hand-me-down pair, the boy is more determined than ever to have those shoes, even a thrift-shop pair that are much too small. But sore feet aren\u2019t much fun, and Jeremy comes to realize that the things he has \u2014 warm boots, a loving grandma, and the chance to help a friend \u2014 are worth more than the things he wants.", "title": "Those Shoes", "url": "http://www.goodreads.com/book/show/1670602.Those_Shoes", "average": 4.33, "cover": "http://d.gr-assets.com/books/1320405756l/1670602.jpg", "reviews": 119, "authors": [{"url": "http://www.goodreads.com/author/show/380634.Maribeth_Boelts", "name": "Maribeth Boelts"}, {"url": "http://www.goodreads.com/author/show/2995409.Noah_Z_Jones", "name": "Noah Z. Jones"}], "outlinks": ["http://www.goodreads.com/book/show/6820387-those-shoes-maribeth-boelts", "http://www.goodreads.com/book/show/21033663-those-shoes-maribeth-boelts", "http://www.goodreads.com/book/show/824239.The_Recess_Queen", "http://www.goodreads.com/book/show/2848345-how-to-heal-a-broken-wing", "http://www.goodreads.com/book/show/821292.My_Name_Is_Yoon", "http://www.goodreads.com/book/show/4339862-spaghetti-in-a-hot-dog-bun", "http://www.goodreads.com/book/show/988103.Gleam_and_Glow", "http://www.goodreads.com/book/show/6135987-crow-call", "http://www.goodreads.com/book/show/209557.Roller_Coaster", "http://www.goodreads.com/book/show/103814.Enemy_Pie", "http://www.goodreads.com/book/show/1382477.Miss_Twiggley_s_Tree", "http://www.goodreads.com/book/show/13588082-each-kindness", "http://www.goodreads.com/book/show/12909091-the-pirates-next-door", "http://www.goodreads.com/book/show/957923.Something_Beautiful", "http://www.goodreads.com/book/show/13797.Suki_s_Kimono", "http://www.goodreads.com/book/show/3217358-not-norman", "http://www.goodreads.com/book/show/1043218.Have_You_Filled_a_Bucket_Today_", "http://www.goodreads.com/book/show/7896615-zero", "http://www.goodreads.com/book/show/9054348-the-ps-brothers", "http://www.goodreads.com/book/show/1897316.Before_You_Were_Mine", "http://www.goodreads.com/book/show/12901050-happy-like-soccer", "http://www.goodreads.com/book/show/3358796-dogerella", "http://www.goodreads.com/book/show/2291686.The_Firefighters_Thanksgiving"]}