{"ratings": 244, "userreviews": [{"userName": "Thom Swennes", "userReviewDate": "Nov 06, 2012", "userURL": "http://www.goodreads.com/user/show/3690472-thom-swennes", "userReview": "A positively delightful account of a trek through the unknown interior of the Brazilian wilderness can be read in Through the Brazilian Wilderness by Theodore Roosevelt. The book has something for everyone as it covers biological, zoological, botanical, topographical and geological aspects of the hitherto unknown part of the world. The descriptions are complete and colorfully presented. Roosevelt\u2019s affinity to hunting and the outdoors is well known and overly apparent in this account. I think anyone interested in nature will enjoy this book. I found it particularly refreshing to read of an ex-president roughing it in the wilds without the presence of one single secret service agent. It is also nice to know that an ex-president can do more than work on his library, speaking at events for high payments or attending functions to add to its prestige."}, {"userName": "Patrick", "userReviewDate": "Jan 22, 2012", "userURL": "http://www.goodreads.com/user/show/1167923-patrick", "userReview": "Special review for Vince:Amazon review:A former American President nearly dies during an ill-planned exploration through the Brazilian Wilderness and down the River of Doubt. In this first person narrative, never before recorded as an audio book, President Theodore Roosevelt describes his expedition along rivers, which are home to deadly Piranha fish, through almost impenetrable forests filled with insects, snakes and wild animals. Roosevelt witnesses primitive Indian tribes, wary of strangers and a murder among his increasingly desperate men, before he is nearly defeated by the River of Doubt."}, {"userName": "Ant\u00f3nio", "userReviewDate": "Mar 10, 2014", "userURL": "http://www.goodreads.com/user/show/15894888-ant-nio", "userReview": "I wasn't aware that there had been a Roosevelt-Rondon Scientific Expedition, before reading this book, and thus the extraordinary first-hand account, written and immortalized by Theodore Roosevelt, of the work of exploration accomplished came as a complete surprise to me.Those chapters which focused on the traversing and exploring of the River of Doubt were the ones that I was most fascinated with. Once the mystery of that river was mentioned, as well as the intention to demystify it, I eagerly anticipated for that moment. This was because of the potential for adventure in such a journey, but I could have never predicted the unfolding results. All I have to say, is that it's an exceptionally well written, and well handled, retelling of the events that took place on that particular portion of the expedition.Additionally, there's a considerable amount of information relating to the behaviour of various animals present in South America, as for example the tranquil mussurana (easily handled even while it was feeding); the jaguar and the puma and the frequency, and tendency to attack people (the jaguar the most feared); the passivity of caimans (with some exceptions); the unpredictability and ferocity of the piranhas; the torment caused by diverse insects; etc.Some observations about economic and social aspects of Brazil are made; such as, what had already been achieved by its government and its people, at the time; as well as, what was in store for the nation. Always with an optimist prospect."}, {"userName": "Hope", "userReviewDate": "Nov 22, 2014", "userURL": "http://www.goodreads.com/user/show/13246091-hope", "userReview": "In Through the Brazilian Wilderness Teddy Roosevelt chronicles his travels through unchartered territory in Western Brazil. Roosevelt, along with his son, Kermit, and several naturalists from the American Museum of Natural History joined Colonel C\u00e2ndido Rondon, a Brazilian explorer on his scientific expedition to discover the source of a previously unknown river.At first the journal was a dull routine of animals seen and miles travelled. Halfway through the trip they reached some rapids that were impossible to descend. The canoes had to be unloaded and the baggage carried by land to the bottom of the next calm spot in the river. Then they were reloaded and the group went down the river for a few miles until the whole process had to be repeated over again. The action picked up as canoes were lost, a man is killed, Kermit almost drowns, and Teddy becomes ill with a life-threatening fever."}, {"userName": "David", "userReviewDate": "Apr 22, 2011", "userURL": "http://www.goodreads.com/user/show/741846-david", "userReview": "Even though this is TR's first hand account of the journey, I found the book RIVER OF DOUBT so much better.  But it was interesting to get his take on the trip.  But do yourself a favor and read the history book first."}, {"userName": "Eric Moote", "userReviewDate": "Jan 22, 2013", "userURL": "http://www.goodreads.com/user/show/4173036-eric-moote", "userReview": "Overall: a sometimes understated tale of courage and bravery in the face of tremendous difficulty and adventure.Not going to lie, I love Teddy Roosevelt.  I think he is an amazing portrait of manliness that every man should aspire to imitate.  That is the sole reason I picked this book up and I am glad I did.The book is Teddy's memoir of the journey that he embarked on after his presidential election loss.  He heads down an uncharted river into the Amazon River Basin mapping, charting, detailing, hunting, canoeing, watching people drown, getting malaria, finding new species of animals (and killing them), and just about everything else a Man's Man would do whilst adventuring through an uncharted wilderness. The thing that struck me most was the understated way that he described the more monumental aspects and happenings of the journey.  \"Billy was in a canoe that flipped.  He drown.  We lost a weeks worth of food.  But then we saw this new bird (followed by three pages about the birds and other animals they found).\"  I know that there is another book out that probably plays out the adventure a little more, so if that is what you like rather than the former description, please find that book.I thought it was an interesting look into the life and adventure of history's greatest men.  I would recommend \"Through the Brazilian Wilderness\" to people who love Teddy and manliness and nature and adventure."}, {"userName": "Andrew Bach", "userReviewDate": "Oct 11, 2013", "userURL": "http://www.goodreads.com/user/show/20427273-andrew-bach", "userReview": "Theodore Roosevelt was the manliest of men.There's no doubt about it.This book documents his exploration of hundreds of miles of an unknown river in the middle of the Amazon river over the course of 2 months. First of all, can you even imagine a contemporary American president taking on such a task? Like, if George Bush finished his time and office and said, \"You know what? I'm going to the middle of the Amazon rainforest for a few months with nothing but a gun and a canoe I carved from a tree... see ya.\"Roosevelt and his crew lived off birds and monkey meat as many of their food rations were lost in the rapids. He encountered and celebrated with the friendly indigenous tribes, and was shot at by the aggressive ones. There are stories of men getting stripped to the bone by piranas, bit by venomous snakes, and mauled by jaguars. Some of his men died on the trip. He knew it would be a dangerous and life-threatening adventure, but he stated that he would rather be buried in a coffin in the Amazon than live out a sedentary life in the U.S. It's ironic because it's this voyage that highly contributed to his premature death, as he left a hardy adventurer, but returned a frail and weakened man.The purpose of the Roosevelt-Rondon Scientific Expedition was to accurately document and explore a large tributary river that had not previously been on any maps. He also had members along of the American Museum of Natural History that caught hundreds of species from the land, many of which were new to science. It was a painstaking task and progress was slow. He and his men wondered if they would even make it out alive. It's written like Roosevelt's own journal and it's a fascinating piece of adventure literature that I highly recommend.I'll end my review with my favorite line of the book. I love the phrase \"hauntingly beautiful\" and I rarely get to use it. But I find the following example a more than appropriate use, as its quite possibly one of the greatest quotes in contemporary American literature especially considering the context:\"It was a strange and interesting sight to see these utterly wild, friendly savages circling in their slow dance, and chanting their immemorial melodies, in the brilliant tropical moonlight, with the river rushing by in the background, through the lonely heart of the wilderness. The indians stayed with us, feasting, dancing, and singing until the early hours of the morning. Then they suddenly and silently disappeared into the darkness, and did not return.\"- Theodore Roosevelt."}, {"userName": "Bradley Cannon", "userReviewDate": "Aug 24, 2013", "userURL": "http://www.goodreads.com/user/show/22496101-bradley-cannon", "userReview": "This autobiographical nonfiction story has all the workings of good fiction, including clever characters, constant conflict, danger, a goal, and an effective climax. The number of animals they see (and kill! Good grief!) is truly astounding. Roosevelt's inclusion of the snake farm shows me that he has a stunning sense of awe for knowledge and exploration. I can think of no better President and no better person to take this journey with, even though he is seriously incapacitated through the greater half of the trip. The intensity of approaching death will keep you reading late at night. Think Kon Tiki or Life of Pi but in the jungle with terrifying natives, disease, and animals that are not at all constricted to the water.Make sure to read Theodore Roosevelt's Darkest Journey: The River of Doubt too, because Candice Millard does an excellent job filling in fascinating facts and historical background material that you didn't even know you were missing!"}, {"userName": "Miriam", "userReviewDate": "Jan 26, 2013", "userURL": "http://www.goodreads.com/user/show/2092969-miriam", "userReview": "Oh, to be so utterly certain that you are right about everything!  Teddy Roosevelt's confidence comes through.  He so clearly has a plan for life that works for him: retreat into the nearest jungle, wilderness, etc, and then emerge triumphant, all the more dedicated to the project of civilization.  And you can just see him writing at his makeshift desk every night, in gloves and a mosquito net.  And readingMarcus Aurelius and whatever else--his books always make the cut, even when they're paring down to the bare essentials.  Not that he's wrong; books are essential. The man loves to kill things and eat them--tapir, monkeys, agouti, whatever he can get.  As he describes the Amazon, occasionally he says things like, \"In twenty years, this place will be a bustling metropolis with everything dedicated to commerce and industry.\"  How does he expect to have anything to preserve/conserve if he wants to fill every area on the planet with people?"}, {"userName": "Alec Gray", "userReviewDate": "Jun 21, 2014", "userURL": "http://www.goodreads.com/user/show/532721-alec-gray", "userReview": "TR was an amazing man.  After his presidency, and after his long African he safari, he joined an exploratory expedition to trace in uncharted tributary of the Amazon. Accompanied by his son,they had a grueling journey and could have easily died. TR's zest for life, his interest in everything, toughness and writing skills are readily apparent in this treasure of a book."}, {"userName": "Susan Fetterer", "userReviewDate": "Oct 03, 2012", "userURL": "http://www.goodreads.com/user/show/6023277-susan-fetterer", "userReview": "I feel thoroughly immersed in Roosevelt's River of Doubt adventure, having read Candace Millard's telling of the adventure, now followed by TR's own journalistic-style telling of the story.  I am awed by his knowledge of insects, snakes, mammals, and birds; his intelligence and modesty as he shared his approach and plan for attaining a near impossible goal, how little he spoke of his own illnesses while focusing on the well-being of his comrades and his authentic regard for them.  It's a little challenging to melt the political aspect of TR's life and the scientific/adventurer aspects together. He had endless enthusiasm and energy and zest for life. He must have been a fascinating dinner companion!"}, {"userName": "Tess", "userReviewDate": "May 05, 2014", "userURL": "http://www.goodreads.com/user/show/5528997-tess", "userReview": "Incredible journey a first hand account of this exploration of the uncharted River of Doubt. A must read for history buffs."}, {"userName": "Janice", "userReviewDate": "Dec 04, 2011", "userURL": "http://www.goodreads.com/user/show/2083208-janice", "userReview": "I didn't love this book. It was often over written and had the flavor of a PhD dissertation.  Candice Millard's book 'The River of Doubt' was more readable.  But I do love this great man Teddy Roosevelt who wrote the book and not only proved himself as a leader but that of a scientist and a man who believed in the progress of human beings and cultures.  I recommend reading these two books together."}, {"userName": "Deborah", "userReviewDate": "Feb 07, 2011", "userURL": "http://www.goodreads.com/user/show/807826-deborah", "userReview": "TR's accomplishments as a naturalist, a supporter of education and scientific research, a wilderness explorer, a progressive thinker and skilled writer all come together in his captivating account of his journey \"Through the Brazilian Wilderness.\"  Reading this book made me feel proud to be an American."}, {"userName": "Rishi Garg", "userReviewDate": "Apr 03, 2012", "userURL": "http://www.goodreads.com/user/show/7550894-rishi-garg", "userReview": "Appreciated Roosevelt's almost boyish exuberance in describing wild attributes of animals he encountered along the trip. He was a scholar, naturalist and optimist, and there are likely very few people who can undertake that type of a journey with such courage."}, {"userName": "Aaron", "userReviewDate": "Jun 10, 2012", "userURL": "http://www.goodreads.com/user/show/9972756-aaron", "userReview": "It goes through various stages of being awesome and being ridiculous.  From a purely scientific standpoint it is outdated, using false classifications and poor spelling.  However, it does show the \"face\" of scientific inquiry in the early 20th Century treasure hunts."}, {"userName": "Kay", "userReviewDate": "Aug 06, 2007", "userURL": "http://www.goodreads.com/user/show/241691-kay", "userReview": "It darn near killed him (and undoubtedly shortened his life span considerably), but Theodore Roosevelt's account of his trip down the \"River of Doubt\" as co-leader of a scientific expedition is riveting stuff.The strenuous life indeed!"}, {"userName": "Rich", "userReviewDate": "Jul 18, 2011", "userURL": "http://www.goodreads.com/user/show/1669882-rich", "userReview": "One does not understand how close Teddy came to passing away on this trip but we nearly lost a former President in Brazil. The rigors of the trip probably contributed in a significant way to his early demise.  It is a good read!"}, {"userName": "Paul", "userReviewDate": "Jan 23, 2013", "userURL": "http://www.goodreads.com/user/show/8248016-paul", "userReview": "I really enjoyed this book.  TR brought the same vigor to his writing that he did to everything else he did.  This is a great read, detailing an epic journey of discovery."}, {"userName": "Deb", "userReviewDate": "Apr 21, 2008", "userURL": "http://www.goodreads.com/user/show/728839-deb", "userReview": "Really cool book about what traveling the amazon and some of its tributaries used to be like. More interesting if you are about to travel to south america."}, {"userName": "Jami Dwyer", "userReviewDate": "Nov 16, 2008", "userURL": "http://www.goodreads.com/user/show/361274-jami-dwyer", "userReview": "http://books.google.com/books?id=XzkT..."}, {"userName": "Kevin Sullivan", "userReviewDate": "Nov 07, 2013", "userURL": "http://www.goodreads.com/user/show/4854304-kevin-sullivan", "userReview": "A lovely book to read while laid up in the hospital recovering from a  heart attack ... seriously! Enjoyed it thoroughly."}, {"userName": "Kevin", "userReviewDate": "Feb 23, 2013", "userURL": "http://www.goodreads.com/user/show/7779288-kevin", "userReview": "Especially interesting when read as a companion to \"The River of Doubt: Theodore Roosevelt's Darkest Journey.\""}, {"userName": "Allison Ann", "userReviewDate": "Nov 19, 2014", "userURL": "http://www.goodreads.com/user/show/4172085-allison-ann", "userReview": "A very interesting journey by a very interesting man who was NOT an interesting writer."}, {"userName": "Elisif", "userReviewDate": "Aug 04, 2014", "userURL": "http://www.goodreads.com/user/show/1696385-elisif", "userReview": "After 5 pages about snakes, I got stuck!  Maybe I should just skip past the snakes."}, {"userName": "Jennifer Boyce", "userReviewDate": "May 19, 2012", "userURL": "http://www.goodreads.com/user/show/5772316-jennifer-boyce", "userReview": "This book wasn't as readable as \"The River of Doubt\" but it was still very interesting."}, {"userName": "Valerie", "userReviewDate": "Jan 13, 2014", "userURL": "http://www.goodreads.com/user/show/9601286-valerie", "userReview": "Interesting from a historical perspective, but very slow."}, {"userName": "John", "userReviewDate": "May 10, 2013", "userURL": "http://www.goodreads.com/user/show/1471789-john", "userReview": "Rooseveltian digressions galore."}, {"userName": "Vikas Datta", "userReviewDate": "Oct 18, 2013", "userURL": "http://www.goodreads.com/user/show/5345042-vikas-datta", "userReview": "An epic expedition of an epic man..."}], "description": "This is a pre-1923 historical reproduction that was curated for quality. Quality assurance was conducted on each of these books in an attempt to remove books with imperfections introduced by the digitization process. Though we have made best efforts - the books may have occasional errors that do not impede the reading experience. We believe this work is culturally important and have elected to bring the book back into print as part of our continuing commitment to the preservation of printed works worldwide.", "title": "Through the Brazilian Wilderness", "url": "http://www.goodreads.com/book/show/572242.Through_the_Brazilian_Wilderness", "average": 3.87, "cover": "http://d.gr-assets.com/books/1348435768l/572242.jpg", "reviews": 29, "authors": [{"url": "http://www.goodreads.com/author/show/44567.Theodore_Roosevelt", "name": "Theodore Roosevelt"}], "outlinks": ["http://www.goodreads.com/book/show/213337.My_Life_as_an_Explorer", "http://www.goodreads.com/book/show/236793.The_Exploration_of_the_Colorado_River_and_Its_Canyons", "http://www.goodreads.com/book/show/108854.Travels_Into_the_Interior_of_Africa", "http://www.goodreads.com/book/show/108845.In_Trouble_Again", "http://www.goodreads.com/book/show/1121924.Brazilian_Adventure", "http://www.goodreads.com/book/show/156591.Travels_in_West_Africa", "http://www.goodreads.com/book/show/421041.The_Darkest_Jungle", "http://www.goodreads.com/book/show/418301.Adventures_in_the_Unknown_Interior_of_America", "http://www.goodreads.com/book/show/1156181.The_Home_Of_The_Blizzard", "http://www.goodreads.com/book/show/1259805.Scrambles_Amongst_the_Alps", "http://www.goodreads.com/book/show/2152416.Cooper_s_Creek", "http://www.goodreads.com/book/show/1383504.Starlight_and_Storm", "http://www.goodreads.com/book/show/1121565.No_Picnic_on_Mount_Kenya", "http://www.goodreads.com/book/show/295292.The_Mountain_of_My_Fear_Deborah_", "http://www.goodreads.com/book/show/494562.Running_the_Amazon", "http://www.goodreads.com/book/show/945729.Conquistadors_Of_The_Useless", "http://www.goodreads.com/book/show/888369.Farthest_North", "http://www.goodreads.com/book/show/220469.Scott_s_Last_Expedition", "http://www.goodreads.com/book/show/286271.The_Rough_Riders", "http://www.goodreads.com/book/show/211376.Theodore_Roosevelt", "http://www.goodreads.com/book/show/572243.Strenuous_Life", "http://www.goodreads.com/book/show/912747.African_Game_Trails", "http://www.goodreads.com/book/show/78511.Hunting_Trips_of_a_Ranchman_The_Wilderness_Hunter"]}