{"ratings": 252, "userreviews": [{"userName": "Clyde", "userReviewDate": "Jan 23, 2012", "userURL": "http://www.goodreads.com/user/show/5752108-clyde", "userReview": "This book was interesting to me as a former armor commander myself. I have read Colonel Hans von Luck's Panzer Commander which tells the story of WW2 combat in the European theater from the command point of view and also Paul Carell's Scorched Earth which gives a detailed overall history of the Russian-German war. This book filled a gap by giving an account of small unit actions (from squad up to company level). Carius was in the heat of battle all the way, and he was a very competent small unit commander.Unfortunately, I cannot honestly give this book a 4 or 5 star rating. There are several reasons. It just seems too dispassionate to me. Just another day at the office, was it? Also, at the time of writing, he was still super pissed-off about the treatment of German soldiers after the war. He overdid that aspect while conveniently overlooking the many horrible things done by the Germans during the war. Finally, his disparagement of the American soldier for lack of aggressiveness in the closing pages seemed small-minded and unnecessary. (That was in the closing weeks of the war when the Americans knew they had won. It was just a matter of time. Why would you press your luck?)In final analysis, this is a good book to read if you are interested in armored action during WW2, especially on the Eastern front. Otherwise, you can give it a skip.(Recommended first person accounts of combat: Company Commander by Charles B. MacDonald, Brazen Chariots by Robert Crisp, and The Heights of Courage by Avigdor Kahalani. All great.)"}, {"userName": "Vren55", "userReviewDate": "Nov 27, 2014", "userURL": "http://www.goodreads.com/user/show/37363682-vren55", "userReview": "There are certain faults with the Carius memoir (I read the 2003 1st Edition Stackpole Series). It tends to be dry at times, says nothing about any possible war crimes committed by the German Front, and generally gives a rather selective view of the battlefield.But as a historical source? This memoir is highly valuable. Not many German panzer commanders wrote their memoirs. There is Hans von Luck and Friedrich von Mellenthin... but that's pretty much it, and both of them were rather higher ranking officers. Carius's memoir gives people insight into the fighting on the Eastern Front from the point of view of a lower ranking officer who wasn't socialized in the German officer core. Moreover, the omission and bias that Carius's memoir has, actually turns out to be pretty valuable in discerning the German reaction to defeat in 1945. The memoir is also a good read in and by of itself. Carius... or at least from what I can glean from the English translation, is rather charismatic and one can see why he rose through the ranks to command his company. He is strongly opinionated about the service of the German front soldier, but at the same time he's rather self-effacing,  modest, and matter-of-fact about his role in the company. These aspects of his personality make the memoir vary from matter-of-fact deliveries on battles and specifications of the Tiger and Jagtiger, to sarcastic and witty comments about his superiors and the situation at hand, to respectful references to the service of his comrades, and then to strong ideologues about his opinions.All in all, the memoir is not only a good look into ground-level tank combat operations on the Eastern Front, it is an excellent and rather entertaining look into the military service of a charismatic officer in the German Army. While it has biases and a certain perspective, these can prove to be highly valuable to any historian studying military history."}, {"userName": "Murphymark07", "userReviewDate": "Jan 04, 2015", "userURL": "http://www.goodreads.com/user/show/7522553-murphymark07", "userReview": "Informative Tank warfare has always been an interest of mine and anyone who enjoys history and World War II will gladly appreciate this book."}, {"userName": "Grant Kisling", "userReviewDate": "Dec 08, 2014", "userURL": "http://www.goodreads.com/user/show/5508979-grant-kisling", "userReview": "It is a dry account of the war from a tiger tank commander. It has a few interesting moments with interactions with key nazi members, but ultimately he moves too quickly through areas that could be better explained.Good but not great. It could have been much better and more informative"}, {"userName": "Susan Paxton", "userReviewDate": "Jun 09, 2013", "userURL": "http://www.goodreads.com/user/show/5607120-susan-paxton", "userReview": "Otto Carius is one of the few Germans who served in Tiger tanks during WWII to write his memoirs, and, taken simply as a description of what it was like to serve on the Eastern Front in a Tiger unit, this is quite a good book and those interested in the Tiger and the war in the east will find it useful reading. But Carius' blind spots about the war are grating. Apparently the only atrocities Carius knew about was mistreatment of German heroes by the Americans - you know, the guys who had just liberated assorted concentration camps - and Himmler, by the way, was a great guy. Very jarring."}, {"userName": "Pedro Plassen", "userReviewDate": "Jun 03, 2008", "userURL": "http://www.goodreads.com/user/show/1203222-pedro-plassen", "userReview": "As personal accounts can be, it is very dependent on the writer's own experience of the war, thus becoming a collection of specific events, making hard to place in context if one has not already some background on the period. The author's way of describing makes it look like the war was a great fun adventure, a bit lighthearted in my opinion, but that comes with the person. Interesting was getting to understand the life of a panzer crew: the dangers, the logistics and tactics in the battlefield. Pity the later stages of the war were not that well described."}, {"userName": "IrishGuard", "userReviewDate": "Feb 23, 2014", "userURL": "http://www.goodreads.com/user/show/28735224-irishguard", "userReview": "A thrilling read of a remarkable panzer commander. provides a nice look inside the panzerwaffe at war."}, {"userName": "Samuli", "userReviewDate": "Sep 01, 2012", "userURL": "http://www.goodreads.com/user/show/11796312-samuli", "userReview": "The book was good reading, but I did feel, that it did lack good translation.English version was, maybe because of that, somewhat \u201cstiff\u201d in language.The book was originally indented only for the veterans of the s.Pz.Abt. 502.So that why it don\u2019t open so good for us \u201doutsider\u2019s\u201d.After reading the book, I did sent it with couple of pictures to Otto and he was true gentleman and a signed them with best wishes."}, {"userName": "Vedran Vrhovac", "userReviewDate": "Mar 01, 2013", "userURL": "http://www.goodreads.com/user/show/16831221-vedran-vrhovac", "userReview": "Zanimljiva tematika ali knjiga je nespretno napisana pa radnja \u010desto ska\u010de s jednog mjesta na drugo, ponekad je to naporno pratiti. Takva je priroda rata, konfuzna, posebno kada se povla\u010di\u0161.I nije mi se svidjelo sprdanje autora s ratnim zlo\u010dinima. U jednom trenutku uspore\u0111uje ratne zlo\u010dine s ubijanjem pjetla. Ubiti pjetla i 30 milijuna ljudi nije isto. Jedna zvjezdica manje zbog toga."}, {"userName": "Alwyn", "userReviewDate": "Dec 21, 2011", "userURL": "http://www.goodreads.com/user/show/2347749-alwyn", "userReview": "So-so. Carius is still pissed at at how the german soldier is treated after the war.The book itself is mildly interesting, lacking any real human emotion that one would have expected of a war book. It's like he's describing a day in the office, which was probably what it was like for him; just a job to be done."}, {"userName": "Dougg", "userReviewDate": "Jul 23, 2009", "userURL": "http://www.goodreads.com/user/show/1959175-dougg", "userReview": "I've read better accounts. Seems like this cat was a little pissed off they didn't win the war.... I guess I would be too. He was all over the place when writting his account."}, {"userName": "Nev Thomas", "userReviewDate": "Feb 27, 2012", "userURL": "http://www.goodreads.com/user/show/4806594-nev-thomas", "userReview": "Good accurate war novel from the German side.However to condone invading countries is what caused the war and the Germans  started it"}, {"userName": "Bryan Manning", "userReviewDate": "Jun 16, 2007", "userURL": "http://www.goodreads.com/user/show/132169-bryan-manning", "userReview": "Otto Carius, his biography about his combat experiences on the Eastern Front. Very interesting for those who enjoy this kind of stuff."}, {"userName": "James Casatelli", "userReviewDate": "Aug 18, 2013", "userURL": "http://www.goodreads.com/user/show/4409411-james-casatelli", "userReview": "One of my favorite books. This should be a must read at all military academies and officer training schools."}, {"userName": "Dan", "userReviewDate": "Aug 16, 2012", "userURL": "http://www.goodreads.com/user/show/6881610-dan", "userReview": "I've read this book at least 3 times. Excellent read, quite captivating."}, {"userName": "Ndhrdt", "userReviewDate": "Mar 23, 2013", "userURL": "http://www.goodreads.com/user/show/6529231-ndhrdt", "userReview": "Excellent book about what it was like for German tankers on the Russian front."}, {"userName": "Dan", "userReviewDate": "Sep 18, 2013", "userURL": "http://www.goodreads.com/user/show/24054918-dan", "userReview": "Good book from the viewpoint of true front-line soldier."}], "description": "WWII began with a metallic roar as the German Blitzkrieg raced across Europe, spearheaded by the most dreaded weapon of the 20th century: the Panzer. No German tank better represents that thundering power than the infamous Tiger, and Otto Carius was one of the most successful commanders to ever take a Tiger into battle, destroying well over 150 enemy tanks during his incredible career.", "title": "Tigers In The Mud: The Combat Career of German Panzer Commander Otto Carius", "url": "http://www.goodreads.com/book/show/796809.Tigers_In_The_Mud", "average": 3.84, "cover": "http://d.gr-assets.com/books/1388509546l/796809.jpg", "reviews": 17, "authors": [{"url": "http://www.goodreads.com/author/show/417547.Otto_Carius", "name": "Otto Carius"}], "outlinks": ["http://www.goodreads.com/book/show/13274438-tigers-in-the-mud", "http://www.goodreads.com/book/show/17725841-tygrysy-w-b-ocie", "http://www.goodreads.com/book/show/17694287-tiigrid-poris", "http://www.goodreads.com/book/show/23400797-1941---1944", "http://www.goodreads.com/book/show/13274438-tigers-in-the-mud", "http://www.goodreads.com/book/show/13274438-tigers-in-the-mud", "http://www.goodreads.com/book/show/17694287-tiigrid-poris", "http://www.goodreads.com/book/show/98349.It_Never_Snows_in_September", "http://www.goodreads.com/book/show/16115490-das-reich", "http://www.goodreads.com/book/show/618453.In_Deadly_Combat", "http://www.goodreads.com/book/show/377287.Sniper_on_the_Eastern_Front", "http://www.goodreads.com/book/show/1060412.Achtung_Panzer_", "http://www.goodreads.com/book/show/1558779.Panzer_Battles", "http://www.goodreads.com/book/show/671657.Black_Edelweiss", "http://www.goodreads.com/book/show/1226071.The_Battle_of_Kursk", "http://www.goodreads.com/book/show/815783.Blood_Red_Snow", "http://www.goodreads.com/book/show/115133.A_Stranger_to_Myself", "http://www.goodreads.com/book/show/9206493-eastern-inferno", "http://www.goodreads.com/book/show/958743.Panzer_Commander", "http://www.goodreads.com/book/show/1002425.The_Blond_Knight_Of_Germany", "http://www.goodreads.com/book/show/152175.Lost_Victories", "http://www.goodreads.com/book/show/152163.The_Rommel_Papers", "http://www.goodreads.com/book/show/10171962-hitler-s-pre-emptive-war", "http://www.goodreads.com/book/show/1605370.The_First_And_The_Last", "http://www.goodreads.com/book/show/148844.History_of_the_Second_World_War", "http://www.goodreads.com/book/show/17969709-tiger-im-schlamm", "http://www.goodreads.com/book/show/18522457-med-tigern-p-slagf-ltet"]}