{"ratings": 2483, "userreviews": [{"userName": "Jim", "userReviewDate": "Sep 17, 2014", "userURL": "http://www.goodreads.com/user/show/695116-jim", "userReview": "[ it's horrible.  OK, the guy was feeding folks, but killing polar bears by feeding them bones that tore up their innards & killed them slowly & in great pain is awful. (hide spoiler)]"}, {"userName": "Raphael", "userReviewDate": "Jun 20, 2007", "userURL": "http://www.goodreads.com/user/show/142028-raphael", "userReview": "Jack London's short stories are astonishing.  I read them last year, and my jaw was agape the entire time.  I highly recommend them."}, {"userName": "James Blatter", "userReviewDate": "Mar 25, 2011", "userURL": "http://www.goodreads.com/user/show/3512330-james-blatter", "userReview": "I believe there is no more emotional and effecting story written in human history than \"To Build A Fire\" if this story does not bring you to tears, does not remain with you for the rest of your life than you have no idea what it meansd to be a human and have love and companionship with animals or other humans"}, {"userName": "Artguy", "userReviewDate": "Mar 23, 2014", "userURL": "http://www.goodreads.com/user/show/4230992-artguy", "userReview": "It is unfortunate that London is grouped in with classic literature.  Compared to the greats, he pales.  Nevertheless, his writing is still quite exciting, gripping, and insightful.  The tales he weaves take place in areas few know much about, yet he is able to take us into the minds of men living in extreme conditions throughout the globe.The most famous story, of course, is To Build a Fire.  I was surprised to find that his other short stories has just as much merit and originality.  At times I was put off because of the animal slaughter from hunting, but for the most part he shows profound respect for nature and wildlife, and for the men who brave to live amongst it all.An easy read, and certainly worthwhile if you like adventurous stories at all."}, {"userName": "Anna", "userReviewDate": "Jun 22, 2007", "userURL": "http://www.goodreads.com/user/show/138031-anna", "userReview": "I really had a Jack London phase in middle school. I remember writing a short story based on the same style and even featuring the same morals. Good times."}, {"userName": "Adam", "userReviewDate": "Aug 05, 2009", "userURL": "http://www.goodreads.com/user/show/1434656-adam", "userReview": "As far as I can recall this marks my first experience with the well known Jack London.  'To Build a Fire' is another book I picked up out of a buddies new apartment in Seoul as he refuses to deal with words in print form.  While I at first regretted my decision, I decided to stick with it and was appropriately rewarded!  Allow me to explain. . .First of all, it's been a while since I dug into short stories or, more specifically, classic short stories.  I remember signing up for a class in college called \"Intro to the Short Story\" because, hey, what could get easier than that!  Boy was I wrong!  The point I didn't consider is that for a short story to be interesting, the wording will likely be of utmost importance.  This in turn requires to reader to pay much closer attention than one might to say a boring textbook or drawn out novel.  Well, skimming my way through the later is certainly my forte.  Reading and absorbing every word, well, not exactly!So, after starting a few of the shorts in this collection, I actually found myself putting it down after only a few pages simply because I couldn't get in to the story.  Finally, I dug in my heels, settled into a (not so) comfy exta-long subway ride, and started reading, for content, not for reading's sake!When I did, well, I liked what I found!  The careful choice of language that London uses not only proves to be riveting but also gave me a good couple dozen new ones to look up (which I've yet to do or I'd try 'em out here).  What I enjoyed most about these shorts is something that I actually remember us talking about in my Intro class.  That is, a short story is meant to convey a single, culminating emotion.  That being so, they are best, if not only meant to be, read in one sitting.  Once I had this figured out, I was rolling!I braved my way through the early Klondike tales which eventually became somewhat repetitive, not necessarily in plot or emotion but simply context and characters.  Having visited Alaska only from the comfort of Norwegian Cruise Line, I can read only so much about the far-north before becoming slightly disinterested.  When I finally broke free of the snow capped tales, I was amazed at how well London could present a wide array characters and settings!  To be honest, I thought I'd be stuck at 40 below for the whole book!The boxing stories had me captivated to the point when I was feeling the blows and actually watching the fights unfold in front of my eyes.  I mention this only because as the first one began, I asked myself who would be foolish enough to try and write about a sport that really wasn't even that interesting to watch!  Boy was I wrong!Some of the stories in this collection were great, others good and yet others I need not ever read again.  Overall though I was extremely pleased with this book and have found not a new favorite but certainly a new author worth looking into!  I'll certainly keep my eyes out for more of London's tales as I hit the backpacking trail soon. . ."}, {"userName": "David Nichols", "userReviewDate": "Mar 06, 2013", "userURL": "http://www.goodreads.com/user/show/655936-david-nichols", "userReview": "While he is probably best-known for his novels (especially CALL OF THE WILD and WHITE FANG), London made much, if not most, of his literary revenue from his short stories.  Most of his shorter fiction, as this collection demonstrates, was mediocre, weighed down by unengaging plots, racist language, and one- or two-dimensional characters.  There are several very fine pieces here, however, including the title story; \"Love of Life,\" which was apparently the last story Lenin had read to him (he enjoyed it); the claustrophobic \"In a Far Country\"; and \"The Wit of Porportuk,\" detailing a conflict between a Native American chief and his rival's daughter.  The anthology also includes several tales not set in London's usual Arctic milieu: \"A Piece of Steak,\" one of the best-constructed pieces of short fiction I've read; \"The Mexican,\" a boxing story nested inside a narrative of the Mexican Revolution; \"The Apostate,\" a moving tale of a child worker which manages to end both realistically and happily; \"South of the Slot,\" a secret-identity story about a sociology professor in working-class San Francisco; and \"The Strength of the Strong,\" an allegory about socialist revolution disguised as a Stone Age drama."}, {"userName": "An Odd1", "userReviewDate": "Dec 02, 2014", "userURL": "http://www.goodreads.com/user/show/4863716-an-odd1", "userReview": "20 stories mostly first-person about doomed subject, suffering probably from real life \"enforced labor\" p 267, more gallows than humor in \"gallows humor\" p 350. End is usually their death \"The Law of Life\" p 185. Always man, near prime of life, downtrodden, capitulates to harsh climate. 10 illustrations, I cannot find credit, shaded, of W. coast Indian and Inuit style like many subjects (those are women who feed, clothe, help loves), hatched textures, abstract landscapes, floating faces, swooping outlined shapes. I stuck it out, looking for \"humor\". Too gloomy overall. Men on the trail could carry books and be suprisingly well educated. Amid pain are definitions \"syllogism\", deductive rather than inductive reasoning, where two premises share common term not present in conclusion, \"pertinacity\" p 30 is persistence. Still \"benignantly\" p 27 defines as benignly. I guess \"haoles\" p 122 slang for whites."}, {"userName": "Petra", "userReviewDate": "Feb 14, 2014", "userURL": "http://www.goodreads.com/user/show/1733683-petra", "userReview": "I've never read anything by Jack London before. This man can write! I really enjoyed these stories and was surprised to find that many of them were not set in the cold, icy North. Jack can write about any setting; from city life to tropical beaches to the icy North. I particularly enjoyed his stories on individuals from societies different than our North American one. He can get into people's minds and situations. My favorite stories in the book were:To Build A Fire The Chinago - really enjoyed how this showed the inner motives & thoughts of the person, while showing how society saw him. The Mexican - ditto to The ChinagoWar The Apostate - Excellent, excellent! Got to say this twice. This is my favorite story so far."}, {"userName": "Karen", "userReviewDate": "Jul 26, 2011", "userURL": "http://www.goodreads.com/user/show/5872058-karen", "userReview": "While London's book doesn't make for the cheeriest of readings (I believe you could end every one with \"...and then he died.\"), he is indeed a master at spinning a captivating tale. The title story was probably my least favorite and among the most depressing of the collection, but for those who harbor a palate for the macabre, the book will surely delight."}, {"userName": "Lyn", "userReviewDate": "Aug 12, 2011", "userURL": "http://www.goodreads.com/user/show/5253785-lyn", "userReview": "To Build a Fire is story enough by itself, towering over the other stories. Brutal and simple, the perfect Jack London story like David Allen Coe wrote the perfect country and western song.  All the important elements are there."}, {"userName": "Sara", "userReviewDate": "Jun 29, 2013", "userURL": "http://www.goodreads.com/user/show/21753990-sara", "userReview": "Una dulce historia sobre el hombre y el animal. No somos tan distintos y a menudo ellos luchan por entendernos. Dulce y a la vez feroz."}, {"userName": "Chuck", "userReviewDate": "Aug 04, 2007", "userURL": "http://www.goodreads.com/user/show/250392-chuck", "userReview": "These stories were weirder than I recalled."}, {"userName": "\u0413\u0435\u043b\u043b\u0435\u0435 \u0410\u0432\u0431\u0430\u043a\u0430\u0440", "userReviewDate": "Dec 06, 2012", "userURL": "http://www.goodreads.com/user/show/3767491", "userReview": "Disclosure:I got this Edition of Jack London stories free from a friend of mine, I get in English, I have an Electronic version of the Book and soon I am planing to have it in Kindle too. My Plot:The story was about an American who was traveling to the Yukon Territory in Canada, he was looking forward to meet some friend there, In fact the Hero's aim from this journey was to look for the Gold, so he took his Husky and Start the Journey in a very cold winter day, He was crossing the River but unfortunately he gets wet all over and the Temperature was below - 59. so he chooses to build a fire and gets away from the danger of Freezing, but due to the attempts he made the fire was gone due to a blow of snowy wind, but the will was hot in him so he decide to build another fire but with another desperate will, he was aware that he is going to lose some toe from the Frostbite, but the fire went off again, The main Character decide to kill the dog and warm his toe from the temperature of his body, but he could not get out the knife and could not get the Dog closer too, so he went on a blackout, the Dog comes closer to his master to smell his death body, and went running to the direction where the camps lie, to look for help of his master. Positive and Negative Aspects: The story was all nice, I admit that completely, It was the first story to be told without naming the Characters or showing their identities, but speaking of Positives, I would say that this is the first story to put Nature as a Third Character. The whole story was a conflict against the instinct and the logic, and the most winning chance was for the nature. Inside the Story Nature and Instinct were represented in the snow and the Husky, most of the events were against the Main Character who fought in despair. It was a battle against the most needed elements in life, which are fire, water, and air. so the writer was professional in combining these elements through his story. Speaking of Negatives, I would say that nothing annoy me from reading this story, It was written in an Understandable English, and Most of the Elements are quite simple.My Personal Reaction:Reading this story made me think of the change that the Dearest American made to the world of Literature, It was a very nice Movement of Change in the story telling Techniques. Jack London made a big difference between American Literature and English Literature. I really enjoy the change that has been the American literature especially in \"To Build a Fire\". Personally I would admit that this is the first step that made me fall in love with the Literature of this Country. Recommendations: I would recommend this story to the new audience of Literature, to all the fans of American Literature and to those who are seeking the change in the world of Literature, Automatically The reader of this story will change the parameters of his favorite type of stories."}, {"userName": "Marvin", "userReviewDate": "Sep 04, 2012", "userURL": "http://www.goodreads.com/user/show/5017375-marvin", "userReview": "Jack London\u2019s stories have a tendency to lean toward the depressing side of life, especially the ones based on The Klondike. They illustrate Man dealing with the extremes of nature. Hence, nature becomes the equalizing factor among man and animal, reducing humans to their most animalistic and basic form. Neither weather nor animals show mercy for human weakness, and the survival of humans depends mainly on the degree to which they use that ability which is unique to humans; superior intelligence. My favourite stories on The Klondike are B\u00e2tard, Love of Life, and To Build a Fire. I first read B\u00e2tard a while ago in another collection of Jack London; containing The Call of the Wild and Wild Fang, and it still remains one of my favourite London stories. Even though it\u2019s tragic, the tragedy is tempered by the ridiculousness of the characters that is sometimes funny and the dog\u2019s preternatural cunning and intelligence in out-witting his master. Love of Life exemplifies how humans faced with a desperate situation are able to muster fortitude and persevere far beyond their capacity and almost to the point of madness, demonstrating the incredible power of self-preservation.  To Build a Fire is one of the most depression stories in the collection and illustrates nature\u2019s answer to human folly.  It\u2019s the ultimate tale of man alone (sort of) against the torment of nature. It tells how a man, with repeated failures at attempts to secure his survival, becomes increasingly agitated and helpless which further drives him to his wit\u2019s end and hastens his descent into eternal sleep.   There are a number of uplifting stories (by Jack London standards) of people who, despite having the physical attributes to ascribe weakness, have shown incredible resilience against oppression and hardship; ultimately achieving some measure of success. My favourite among these are The Apostate, Maui, Koolau the Leper, and The Mexican.   Also contained in To Build a Fire and Other Stories are stories which are riveting because of their unusual or uncommon nature. The Wit of Porportuk is about a suitor and his object of affection who manages to outwit her suitor but, in an interesting display of guilefulness, is herself outwitted in return. The God of his Fathers illustrates the folly of a Priest who, after his failed attempts at proselytizing, leaves it to an apostate to defend him against the onslaught of angry natives, the apostate ending up being stronger in his convictions in the face of death. A Piece of Steak is a narrative of the tragic fall from glory of a once great prize fighter and how he is driven to desperation by want of the most basic needs.Jack London\u2019s writing style is unique because not only does he tell us stories of man out against bleak nature, he also tells us, in-depth, how natives live -\u2013 a style that is similar to that of Kipling, one of his heroes, although he thankfully doesn\u2019t share Kipling\u2019s lack of a central conflict.   Part of this book can be a rather difficult chore. It takes a while to adjust to London\u2019s writing technique \u2013- or maybe to get to the good stories, I\u2019m not sure . But whichever it is, by the half-way point, you\u2019ll be glad you persevered."}, {"userName": "Rauf", "userReviewDate": "Aug 30, 2009", "userURL": "http://www.goodreads.com/user/show/532433-rauf", "userReview": "First of all I blame Hollywood for making awful, boring films based on White Fang and Call of the Wild. They're the reason I don't pick up anything from Jack London until last week. I had zero interest in reading any of his works. But one night I saw a 1969 film on TV called The Assassination Bureau. I love that film -- everyone should go and see it -- and as it turns out it was based on London's unfinished novel.Naturally, I jumped in front of the computer and googled the Assassination Bureau but alas that work was not on public domain. So I downloaded Call of the Wild and White Fang and about a truckload of his short stories.Anyway this book is not on public domain but the stories in it, you could search 'em on the internet. You'll find all of them within 10 minutes, I bet. If you've got a decent internet connection.30 minutes if you used your smartphones.(Telkomnet, two and a half hours)There are two dozen stories in this one:To Build a Fire xLove of Life xThe Chinago xTold in the Drooling WardThe Mexican xWar xSouth of the SlotThe Water BabyAll Gold Canyon xKoolau the Leper xThe Apostate xMauki An Odyssey of the NorthA Piece of Steak xThe Strength of the StrongThe Red One xThe Wit of PorportukThe God of His FathersIn a Far CountryTo the Man on TrailThe White SilenceThe League of the Old MenThe Wisdom of the TrailBatard xThe ones marked with X are awesome."}, {"userName": "David Ward", "userReviewDate": "May 19, 2014", "userURL": "http://www.goodreads.com/user/show/329996-david-ward", "userReview": "To Build a Fire by Jack London (Tor Classics 1999) (Fiction - Thriller).  Jack London is thought to be one of the greatest adventure writers of all time because he experienced that of which he wrote.  He was in the Arctic with the wolves, the prospectors, and the frozen cold. \"To Build a Fire\" is thought of as his masterpiece.  A man is on the march to meet his friends; he is not an experienced northern hand, and he does not know that the day is too cold for safe travel.  London discloses that the temperature is below -50 degrees Fahrenheit.  The man becomes wet to the knees as he stumbles into a spring and then must build a fire to dry out, only to have melting snow fall on and extinguish his fire.  As he tries to build it again, he finds that his hands are too cold to hold the matches.  Unless he can rekindle the fire, he will surely freeze...This is a terrifying dilemma.  My rating:  7.5/10, finished 2004."}, {"userName": "Whitepixels", "userReviewDate": "Jul 29, 2014", "userURL": "http://www.goodreads.com/user/show/22668658-whitepixels", "userReview": "My grandma always reads this book in the cold winter months (we have a Hungarian edition, containing 26 short stories, that I cannot find on Goodreads, but this should be close). One winter I read it as well, and liked it. Some of the stories were not that good, but those about the cold north and gold miners were great. Pure naturalism, describing the harsh and unforgiving conditions in a masterful way."}, {"userName": "Liam Bluer", "userReviewDate": "Nov 04, 2014", "userURL": "http://www.goodreads.com/user/show/25497130-liam-bluer", "userReview": "This is a great mixture of adventure and existentialism. An obvious comparison can be found in Hemingway's short stories, but London is simply more consistently interesting. These tales are at once rip-roaring adventures, windows into lost times and places, lessons on the power and brutality of nature, and meditations on man's place in the universe. Jack London is the MAN."}, {"userName": "James", "userReviewDate": "Aug 09, 2010", "userURL": "http://www.goodreads.com/user/show/4129398-james", "userReview": "These stories were very enjoyable and entertaining.  I was concerned that they would get repetitive after a while but the book is split up half klondike, gold rush stories and half stories on other subjects ranging from south sea islands to boxing.  Right when I was starting to get tired of the klondike stories the second half kicked in and kept me interested through to the end.  The klondike stories were more consistently good but the gems of the other stories were superior in my opinion.  I think this is a collection that any reader would enjoy, including women that may feel no interest in the yukon.  London's writing has a humanistic edge that will enthrall, regardless of gender or nationality.  I've read White Fang and Call of the Wild years ago but this collection was superior in my opinion and I would recommend it unreservedly to friends and family."}, {"userName": "Angelica Fuchs", "userReviewDate": "May 05, 2013", "userURL": "http://www.goodreads.com/user/show/16482862-angelica-fuchs", "userReview": "Honestly, this was probably the only book that I enjoyed reading in my realism and naturalism class. Is it a little silly and inaccurate? Or course. This is a book containing a number of short stories you have to take with a grain of salt to enjoy. Compared to the other books we read though, such as The Marrow of Tradition or McTeague, I found Jack London's books to be very fun to read. There is suspense and action. It is good to keep in mind that most of these stories were written for a younger audience or for a magazine rather than for a book, so they won't have the literary quality of McTeague or say The Awakening, but these stories kept my attention. I was actually able to sit and read them without getting bored, unlike the others I mentioned, which is an accomplishment."}, {"userName": "Russell", "userReviewDate": "Apr 17, 2012", "userURL": "http://www.goodreads.com/user/show/5640313-russell", "userReview": "This was my choice for independent reading during a couple of months in my junior year of high school.  The first set of short stories are set within the Yukon territory and really explore the concepts of man vs. nature and man with nature.The remainder of the stories explore more of the every-man and one's daily challenges.  My favorite out of the bunch is \"A Piece of Steak\", which is about an aging boxer who is set to box against a younger fighter.All of these stories in one or more ways deal with the affects of nature and aging on humans.  While both factors seem to act like enemies against us all in our respective lives, the truth is that neither one acts deliberately against us but rather fulfills its purpose as it should."}, {"userName": "John", "userReviewDate": "Oct 31, 2007", "userURL": "http://www.goodreads.com/user/show/429071-john", "userReview": "An excellent collection of short stories!The plot for To Build A Fire can be summarized with: There\u2019s a man in the wilderness and he\u2019s trying to build a fire.  In fact, the title itself summarizes the story.  But this is a story you have to experience\u2014a summary just doesn\u2019t do it justice.  When I first began reading it in high school, I thought, \u201cOkay, so a guy is trying to build a fire\u2026so what else happens?  Is there a mystery to it\u2026is there romance\u2026?\u201d  There\u2019s no romance\u2026there\u2019s no real mystery.  But as you read it you find yourself being drawn into the story: alternately cheering for and then commiserating with the hero.   And when the story is over you feel\u2026well, I\u2019ll let you find out for yourself how you feel."}, {"userName": "Christy", "userReviewDate": "Mar 19, 2012", "userURL": "http://www.goodreads.com/user/show/1889315-christy", "userReview": "I never knew Kipling and Stevenson were his literary heroes, but it stands to reason. His writing has the same strengths and defects as theirs does: great raconteur-ism, vivid scenes, relentless, graphic gore, a tendency to turgid prose, and thumpingly condescending portraits of the non-white \"others\" who people his exotic landscapes (portraits that actually seem meant, in London's case, to pay them tribute). There's still something  worth looking for in fiction to be found here--maybe a sense, even if a failed sense, of the mythic. How many of the \"best-selling and highest paid\" authors of today (whoever they are) will we say the same about in a hundred years?"}, {"userName": "Cassie", "userReviewDate": "Jun 07, 2008", "userURL": "http://www.goodreads.com/user/show/259179-cassie", "userReview": "No matter how brilliant a writer Jack London is, there are only so many times I can read a story where a young man succeeds against all obstacles, only to die in a heroic/tragic/interesting manner. The Klondike section of the book is phenomenal, but the \"Other Stories\" is hit or miss. Well worth reading, but I would still recommend this one in small doses at a time. Trying to read through the whole thing at once will end up with all of those wonderful stories blurring together, where you can't remember if it's the prizefighter who's fighting for money to support the Mexican Revolution or the one who's fighting to pay his family's rent that you like better."}, {"userName": "Santanu Dutta", "userReviewDate": "Dec 11, 2014", "userURL": "http://www.goodreads.com/user/show/23911439-santanu-dutta", "userReview": "Just finished off reading this the other day. Overall it's a so-so to good reading. Have a mixed feeling with not so good remark. Since a fan of Jack London's writings, since my early days with \"Call of the Wild\", this book I hoped a lot and somehow it's a kind of disappointment. With a couple of good and excellent pieces of work which I read or re read like To Build A Fire, The White silence, To the Man on Trail, Love of Life and many others, the rest of the stories are a total disappointment. Some stories out the Klondyke like The Mexican, A Piece of Streak, Kulau, The Leper are also quite good pieces to read, I really missed earlier."}, {"userName": "Jeff", "userReviewDate": "Jul 15, 2011", "userURL": "http://www.goodreads.com/user/show/1827852-jeff", "userReview": "You are by yourself, in the Yukon, in brutal freezing conditions.  You are wet and your hands are frozen and if you can get a fire built to warm up and dry out, you\u2019ll probably be able to make it back to the camp in time for the doctor to cut off all of your frost bitten parts \u2013 and you\u2019ll live .  That is if you can start a fire.  But to start a fire you have to thaw your hands. And to thaw your hands, you have to catch your dog, cut him open, and stick your hands into his guts. But your dog is smart and no longer trusts you.  This is Jack London\u2019s \u201cTo Build A Fire\u201d."}, {"userName": "Alexandria Werenka", "userReviewDate": "Oct 28, 2014", "userURL": "http://www.goodreads.com/user/show/36209859-alexandria-werenka", "userReview": "Fantastic and easy read. His stories and beautiful and astonishing."}, {"userName": "Ricky Orr", "userReviewDate": "Jan 08, 2013", "userURL": "http://www.goodreads.com/user/show/2089331-ricky-orr", "userReview": "This collection of 24 short stories was for the most part pretty good.  I particularly liked: 'To Build a Fire' - about a man travelling on a very, very cold day on the Yukon trail;'Told in the Drooling Ward' - as narrated by a life-long mentally-challenged patient in a mental institution;'A Piece of Steak' - a story about a boxer that is past his prime;'The White Silence' - an account of a tragic event occuring on the trail between long-time companions;and 'Batard' - story of a devil-dog, Batard, and his just as evil master, Black LeClere."}, {"userName": "Humberto Hernandez", "userReviewDate": "Dec 16, 2012", "userURL": "http://www.goodreads.com/user/show/7435720-humberto-hernandez", "userReview": "La constante en la literatura de Jack London es aquella de la ley de la vida, la vida misma de Jack London reflejada en peque\u00f1os relatos y peque\u00f1os pu\u00f1etazos a manera de una prosa box\u00edstica bastante \u00e1gil, el buen Jack permea todo relato de ficci\u00f3n con lo que no podemos imaginar como otra cosa que sus propias experiencias. El escritor conoc\u00eda bastante bien su oficio, por lo que si bien en algunos relatos no hay mayor trasfondo que el argumento mismo, su prosa est\u00e1 muy bien pulida, Jack London boxea como el mejor al escribir cada palabra de cada relato."}], "description": "This edition of To Build a Fire and Other Stories includes an Introduction, Biographical Note, and Afterword by David Lubar. In these collected stories of man against the wilderness, London lays claim to the title of greatest outdoor adventure writer of all time.Contents:- To build a fire- Love of life- Chinago- Told in the drooling ward- The Mexican- War- South of the slot- Water baby- All Gold Canyon- Koolau the leper- Apostate- Mauki- An Odyssey of the north- A piece of steak- Strength of the strong- Red one- Wit or Porportuk- God of his fathers- In a far country- To the man on trail- White silence- League of the old men- Wisdom of the trail- Batard", "title": "To Build a Fire and Other Stories", "url": "http://www.goodreads.com/book/show/70791.To_Build_a_Fire_and_Other_Stories", "average": 4.04, "cover": "http://d.gr-assets.com/books/1312041227l/70791.jpg", "reviews": 102, "authors": [{"url": "http://www.goodreads.com/author/show/1240.Jack_London", "name": "Jack London"}], "outlinks": ["http://www.goodreads.com/book/show/8206937-to-build-a-fire-and-other-stories", "http://www.goodreads.com/book/show/6889314-to-build-a-fire-and-other-stories", "http://www.goodreads.com/book/show/11372060-to-build-a-fire-and-other-stories", "http://www.goodreads.com/book/show/8206937-to-build-a-fire-and-other-stories", "http://www.goodreads.com/book/show/8206937-to-build-a-fire-and-other-stories", "http://www.goodreads.com/book/show/31626.The_Gift_of_the_Magi_and_Other_Short_Stories", "http://www.goodreads.com/book/show/85544.The_Asimov_Chronicles", "http://www.goodreads.com/book/show/580387.50_Great_American_Short_Stories", "http://www.goodreads.com/book/show/556734.American_Indian_Stories_Legends_and_Other_Writings", "http://www.goodreads.com/book/show/987267.Ben_Hur", "http://www.goodreads.com/book/show/3731.Great_Short_Works", "http://www.goodreads.com/book/show/2062234.The_Man_Who_Would_Be_King_and_Other_Stories", "http://www.goodreads.com/book/show/906484.The_Country_of_the_Blind_and_Other_Science_Fiction_Stories", "http://www.goodreads.com/book/show/143485.The_Adventure_of_the_Dancing_Men_and_Other_Sherlock_Holmes_Stories", "http://www.goodreads.com/book/show/364220.The_Best_of_Frederik_Pohl", "http://www.goodreads.com/book/show/3284885-the-celebrated-jumping-frog-of-calaveras-county", "http://www.goodreads.com/book/show/90708.Winner_Take_Nothing", "http://www.goodreads.com/book/show/123178.Fire_Hunter", "http://www.goodreads.com/book/show/1123623.The_Outlaws_of_Mesquite", "http://www.goodreads.com/book/show/1398605.The_Hunter", "http://www.goodreads.com/book/show/137768.Eight_Tales_of_Terror", "http://www.goodreads.com/book/show/1719525.The_Outcasts_of_Poker_Flat", "http://www.goodreads.com/book/show/1852.The_Call_of_the_Wild", "http://www.goodreads.com/book/show/43035.White_Fang", "http://www.goodreads.com/book/show/37677.The_Call_of_the_Wild_White_Fang", "http://www.goodreads.com/book/show/43037.The_Call_of_the_Wild_White_Fang_and_Other_Stories", "http://www.goodreads.com/book/show/43049.The_Sea_Wolf"]}