{"ratings": 1816, "userreviews": [{"userName": "Laura", "userReviewDate": "Jan 29, 2014", "userURL": "http://www.goodreads.com/user/show/900147-laura", "userReview": "Free download available at Project Gutenberg.You may read online at DailyLit.Contents:THE GRAY CHAMPIONSUNDAY AT HOMETHE WEDDING-KNELLTHE MINISTER'S BLACK VEILTHE MAYPOLE OF MERRY MOUNTTHE GENTLE BOYMR. HIGGINBOTHAM'S CATASTROPHELITTLE ANNIE'S RAMBLEWAKEFIELDA RILL FROM THE TOWN-PUMPTHE GREAT CARBUNCLETHE PROPHETIC PICTURESDAVID SWANSIGHTS FROM A STEEPLETHE HOLLOW OF THE THREE HILLSTHE TOLL-GATHERER'S DAYTHE VISION OF THE FOUNTAINFANCY'S SHOW-BOXDR. HEIDEGGER'S EXPERIMENTLEGENDS OF THE PROVINCE HOUSETHE HAUNTED MINDTHE VILLAGE UNCLETHE AMBITIOUS GUESTTHE SISTER-YEARSSNOWFLAKESTHE SEVEN VAGABONDSTHE WHITE OLD MAIDPETER GOLDTHWAITE'S TREASURECHIPPINGS WITH A CHISELTHE SHAKER BRIDALNIGHT-SKETCHES, BENEATH AN UMBRELLAENDICOTT AND THE RED CROSSTHE LILY'S QUESTFOOTPRINTS ON THE SEASHOREEDWARD FANE'S ROSEBUDTHE THREEFOLD DESTINY"}, {"userName": "GoldGato", "userReviewDate": "May 30, 2014", "userURL": "http://www.goodreads.com/user/show/6401606-goldgato", "userReview": "Hawthorne has always freaked me out a bit. I say that with respect, but he and Washington Irving remind me of chilly October nights, full moons, rustling leaves, and scarecrows. In other words, New England. In this collection of tales, Hawthorne lures the reader in with parables of good versus, well you know what. Very Puritan-ish.It was old Esther Dudley, who had dwelt almost immemorial years in this mansion, until her presence seemed as inseparable from it as the recollections of its history.These are tales, not stories. Perhaps one needs to have some Salem Witch Trial blood (which Hawthorne did) to produce such works. My poor battered copy sits defiantly on the New England shelf, knowing it harbors original strangeness.Book Season = Autumn (Pilgrims wear black)"}, {"userName": "Kurt", "userReviewDate": "Apr 17, 2011", "userURL": "http://www.goodreads.com/user/show/278063-kurt", "userReview": "As precious a book to me as there is. Each story gently folds back layer by layer revealing a hidden truth or fear or hope or love at it's heart. Though written in the early 1800's, the sense and perspective is not strictly masculine. Hawthorne inhabits and coveys both genders with equal delicacy and strength. Can be read as simple entertainment or left on the tounge to discern deeper flavors than readily apparent. Such a master of the short story form that to write anything longer seems a waste of time...until you read the Scarlet Letter or House of the Seven Gables...both wonderful and conveying the same majesty of narration and smooth drifting prose. Pity if we forget the masters."}, {"userName": "Lara", "userReviewDate": "May 03, 2009", "userURL": "http://www.goodreads.com/user/show/2203529-lara", "userReview": "Hawthorne is a master storyteller and excells in the short story form, much like Poe. In fact, Poe fans would appreciate Hawthorne's stories more than other folks due to their similarities. Poe, as a critic, despised most literature he reviewed, but was a fan of Hawthorne because of the way he used words. As Poe stated in his literary theory, he believed every word in a story is important because each word should move the story forward. Hawthorne's works do just that, especially the short stories. Highly recommended!"}, {"userName": "Liz", "userReviewDate": "Sep 12, 2009", "userURL": "http://www.goodreads.com/user/show/2556264-liz", "userReview": "I loved these short stories.  This was the type of read that has stayed with me for a long time.  The whole tone of the book is very New Englandy and as usual with Hawthorne his focus is on the moral struggle of early Americans, with a strange gothic twist - one of my favorite books ever."}, {"userName": "A.M.", "userReviewDate": "Nov 22, 2012", "userURL": "http://www.goodreads.com/user/show/6798373-a-m", "userReview": "I remember adoring Hawthorne in my graduate school days - especially The House of the Seven Gables - so I decided to revisit the author and read this collection of his short stories and essays, Twice Told Tales. It is November, and I think Hawthorne is best read in the fall, for there is something autumnal in his romantic musings.There are 36 stories in this collection, ranging from fiction to what I would call short essays, since they express the author's reflections on an observation, be it a church steeple from a window (\"Sunday at Home\"), snow birds on a winter day (\"Snowflakes\"), a dark and stormy night (\"Night-Sketches\") or the Atlantic beach on a sunny September day (\"Footprints on the Seashore\"). The stories are set in New England, and many of them explore the region's Puritanical roots.Hawthorne is considered an author of \"Dark Romanticism,\" but I find him deeply introspective (rather than brooding) and spiritually optimistic. While his stories do examine the nature of sin, evil and humanity, they also seek beauty and spiritual truth and constantly challenge the rigid thinking that was prevalent in the nation's history, continuing up through Hawthorne's day (and, I would argue, to this day still).The stories range from heartbreaking accounts of human cruelty (\"Gentle Boy\") to hilarious romps such as \"Mr. Higginbotham's Catastrophe\" - one of my absolute favorites. I also enjoyed \"A Rill from the Town Pump,\" told from the perspective of a town's water pump, who blames the world's woes on liquor, tea and coffee:\"In this mighty enterprise the cow shall be my great confederate. Milk and water - the TOWN-PUMP and the Cow! such is the glorious copartnership that shall tear down the distilleries and brewhouses, uproot the vineyards, shatter the cider-presses, ruin the tea and coffee trade, and finally monopolize the whole business of quenching thirst. Blessed consummuation! Then Poverty shall pass away from the land . . . Then Disease . . . shall gnaw its own heart and die. Then Sin, if she do not die, shall lose half her strength.\"Another must-read, especially as we head into 2013, is \"The Sister Years\" - a scathingly humorous personification of the Old Year and the New Year. This is one I wish I could just blog in its entirety. I love this advice from Sister Old Year to Sister New Year:\"I must bid you farewell, earnestly advising and exhorting you to expect no gratitude nor good-will from this peevish, unreasonable, inconsiderate, ill-intending and worse-behaving world. However warmly its inhabitants may seem to welcome you, yet do what you may and lavish on them what means of happiness you please, they will still be complaining, still craving what it is not in your power to give, still looking forward to some other year for the accomplishment of projects which ought never to have been formed, and which, if successful, would only provide new occasions of discontent. If these ridiculous people ever see anything tolerable in you, it will be after you are gone forever.\"Also included in this collection is the classic \"The Minister's Black Veil,\" a brilliant exploration of the dangers of an ascetic life and cutting oneself off from humanity. All of the stories are truly remarkable, and I have pages of highlights. These are tales I will revisit again when looking for inspiration or even just a good laugh at life's absurdities."}, {"userName": "Grace Best-Page", "userReviewDate": "Aug 10, 2014", "userURL": "http://www.goodreads.com/user/show/15674292-grace-best-page", "userReview": "The two contemporary reviews included as an afterward were interesting. One was by Longfellow and the other by Poe. Both literary giants deemed Hawthorne a genius and these tales works of the highest order. Contrasting their opinions with my own, I guess it's all in what you're used to. To the modern sensibility, the tales have far too much narrative (some of which barely pertains to the story) and are in several instances missing a plot. Very little happens in many of them, and so many are depressing. On more than one occasion, I found myself thinking, \"That's it? So what was the point of that?\" Then again, it was a real treat when I'd finally come across one that didn't end on a downer.I'll just have to chalk it up to cultural differences. Hawthorne's time, including what the norm of literature was during that era, of course influenced his output. As I'm not familiar with what Longfellow and Poe are juxtaposing Hawthorne's work against, I can only take the two men at their word when they write that his creativity was something quite novel. Apparently, having knowledge of certain themes and literary forms of his day helps one to understand and appreciate Hawthorne's imaginative take on them and therefore his skill as an author.For me personally, I persevered through them just to say that I did. I have no issue with his command of the English language; indeed, I don't mind the challenge of the more complicated read, of the complicated sentence that makes you work to understand what is being expressed. Even when nothing particular was happening, the reading wasn't boring. However, as I was wanting to simply read for pleasure, this didn't fit the bill. It's heavy going, both in form and subject matter. If you know that going in, it could possibly enhance your experience. And if you have the edition that includes the Longfellow and Poe reviews, read them first."}, {"userName": "Kelsey", "userReviewDate": "Jul 27, 2011", "userURL": "http://www.goodreads.com/user/show/1561929-kelsey", "userReview": "I've generally liked Hawthorne's short stories and novels, so I picked this up at a used bookstore hoping it would be similar. Unfortunately, this collection is heavy on the \"sketch\" and light on the \"story.\" Hawthorne admits this in his introduction, so I feel somewhat guilty rating it so low. The slices of early American life are interesting and valuable, but I would recommend a very slow reading, maybe one story every other week while you read something more substantial."}, {"userName": "Paula Cappa", "userReviewDate": "Oct 12, 2012", "userURL": "http://www.goodreads.com/user/show/12942555-paula-cappa", "userReview": "OMG, Hawthorne is really the writer who can cut in deeply. His writing is so emotional. I loved his Twice-Told Tales. He's become my \"go to\" author when I want to sink into another world. Many of his stories are set in Massachusetts or Boston in 19th century, of course. A real escape to the past in imagery and style. Love it."}, {"userName": "Louise", "userReviewDate": "Jan 20, 2008", "userURL": "http://www.goodreads.com/user/show/796938-louise", "userReview": "Had a hardcover with a cloth cover, years ago. My mom accidentally gave it away when we moved. Damn, I really must get a new copy.  Love Hawthorne. The subtle scare is the hardest to pull off, but when done right, its effectiveness lasts much longer in the reader's mind, in my opinion."}, {"userName": "Talia", "userReviewDate": "Aug 26, 2007", "userURL": "http://www.goodreads.com/user/show/294900-talia", "userReview": "Hawthorne is wonderful with short stories.  While I've definitely hurried through some of the stories to get to others, most of the stories are delightful.  Some personal favorites would be Wakefield, David Swan, and The Minister's Black Veil."}, {"userName": "David Ward", "userReviewDate": "Apr 23, 2014", "userURL": "http://www.goodreads.com/user/show/329996-david-ward", "userReview": "Twice-Told Tales by Nathaniel Hawthorne (Reader's Digest Association 1989) (Fiction) - Hawthorne took the book's name from Shakespeare; Hawthorne compiled this book from various stories he had published anonymously in magazines and other publications, and thus the name. These stories all contain a strong moral lesson.  It is the author's choice of language that I find remarkable.  Although these tales were written before 1837, the author's choice of vocabulary seems completely current and would fit comfortably in print or in conversation almost two hundred years later.  I think that Hawthorne is a master wordsmith; few if any anachronistic words are to be found here.  My rating:  7/10, finished 4/23/14."}, {"userName": "Christina", "userReviewDate": "Jun 07, 2008", "userURL": "http://www.goodreads.com/user/show/992583-christina", "userReview": "These are really interesting stories.  They all seem to be dark and full of unanswerable questions.  I haven't read them all, but I intend to through the years."}, {"userName": "Gretchen", "userReviewDate": "Mar 23, 2008", "userURL": "http://www.goodreads.com/user/show/973329-gretchen", "userReview": "These stories are a great read--strange, wierd but great-Hawthorne uses language so well -the words can have many meanings"}, {"userName": "Suzanne Bordwell", "userReviewDate": "Nov 21, 2009", "userURL": "http://www.goodreads.com/user/show/1514019-suzanne-bordwell", "userReview": "Great book today as it was when written.  A great bedtime read as each story is about 10 pages long."}, {"userName": "Liam Mcneaney", "userReviewDate": "Oct 22, 2014", "userURL": "http://www.goodreads.com/user/show/36140647-liam-mcneaney", "userReview": "I wanted to like this, I really did.But...to say it hasn't aged well is an understatement. 'The minister's black veil' was the only one I could finish without struggling and pushing myself, or just skipping whole pages. And this is the only book in my entire library that I didn't have the willpower or determination to finish. It will likely remain unfinished.It's not bad. None of it was bad. They were probably amazing short stories in their time, but for me...Ech. Reading this book was the literal equivalent of attempting the cinnamon challenge. And I failed."}, {"userName": "Sheryl", "userReviewDate": "Mar 24, 2007", "userURL": "http://www.goodreads.com/user/show/33900-sheryl", "userReview": "These short stories are far better than Hawthorne's novels."}, {"userName": "Amelia, the pragmatic idealist", "userReviewDate": "Jul 26, 2014", "userURL": "http://www.goodreads.com/user/show/1852293-amelia-the-pragmatic-idealist", "userReview": "Found my old school copy today! Brought back memories. Oh I wish Goodreads would let us give out half stars!  I would give Twice Told Tales 3.5 stars. It's classic Hawthorne, and it does include one of his most famous (if the most famous) short stories - \"The Minister's Black Veil\", but I can't help but be a little underwhelmed by the rest of the offerings. Some of Hawthorne's other more famous stories aren't included.  Love the cover design by Modern Library. Wish they'd do an edition of \"Young Goodman Brown & Other Storie"}, {"userName": "John Lucy", "userReviewDate": "Dec 28, 2013", "userURL": "http://www.goodreads.com/user/show/5413762-john-lucy", "userReview": "Hawthorne is a master of language.  After reading all the stories and sketches in this massive collection, you should know that as a fact.  If you get no other pleasure out of Hawthorne, then admiring his skill as a writer and wordsmith should at least make reading all these pages well worth it.As a collection, the Twice-Told Tales is somewhat sub par.  I hesitate to say anything written by Hawthorne is sub par, but it's true.  There are a lot of the famous and very good works by NH in here.  There are also some less familiar and very good works in here.  Unfortunately, though, some of the sketches, especially those closer to the rear of the collection, are boring and tedious as hell.  Perhaps they wouldn't be if you take a six-month break between reading each one, but otherwise the cleverness of each sketch suffers drastically.  Basically Hawthorne seems to have had the same idea about different, though related, subjects. Indeed, the order of the stories and sketches is disappointing.  Most of the more familiar works are crammed into the beginning and most of the unfamiliar, tedious sketches are thrown in as an after-thought in the back.  Some more variety in the distribution would have been nice.  Oh well.  Though the collection itself does no justice to Hawthorne's genius, Hawthorne is still a genius, and after reading this collection you'll have read a fairly large portion of his shorter works, which is always fun."}, {"userName": "Scott Reighard", "userReviewDate": "Mar 18, 2012", "userURL": "http://www.goodreads.com/user/show/5919423-scott-reighard", "userReview": "From early on Hawthorne has had this mesmerizing affect on me. As a youngster my first introduction to NH was Young Goodman Brown, and I confess I had problems understanding the various themes throughout. Twice Told Tales is a collection of Hawthorne's short stories, and trust me when I say, not so short stories. There is no doubt that Hawthorne could be long winded, but he had such mastery of the language it's like reading poetry sometimes. I can honestly say that there is something to be learned, appreciated, and/or revealed on every single page this man wrote. For many Hawthorne seemed to be caught in a time warp relative to language and diction, but why do we still love Shakespeare? If something is beautiful is it not timeless? I don't understand why people get so hung up on being vogue. Hawthorne obviously loved a very eloquent and elegant language and expressed it appropriately. Plus, many people tend to forget that Hawthorne wrote time pieces and those time pieces were late 17th century when many people (especially Puritans) still spoke that way. Regardless, he constructed some of the most beautiful sentences in American literature. In fact, I find myself mimicking sentences constructed in a similar mold as Hawthorne, but I am but a speck of sand on the beach that is Hawthorne's writing. You will find a variety of stories contained within Twice Told Tales, and some will have similar themes, nonetheless, most if not all, are to be enjoyed. There are so many, so I will only touch upon a few. Of course there's Young Goodman Brown, still one of my favorite short stories of all time, but also there is The Maypole Of Merrymount, a story that discusses the taboos of old traditions in a very strict society. Dr. Heidegger's Experiment, a story where science and the fountain of youth get entangled and characters show their true colors when pleasure and desire intertwine. The Minister's Black Veil, of which I absolutely love. This is perhaps my all-time favorite of Hawthorne's. A minister dons a veil to send a message to his congregation, but what results is a case of misinterpretation and the town is turned upside down by the minister's unprovoked act that seems to violate people's conscience. Hawthorne is at his crafty best in this very compelling story. As an English teacher at the high school level I cannot understand why so many of my colleagues do not care for Mr. Hawthorne's work. I would think that when someone gives Mr. Hawthorne due opportunity they will see the beauty and preciseness of his work. If you have not had the opportunity to read short stories that symbolize so much more than what lay in the contents of each story, I encourage you to delve into Twice Told Tales. Here you will discover a variety of work that taps into so many cavities of your psyche, not to mention discovering the experiences of a man who was obviously driven by man's seemingly natural inclination toward guilt and sin. Yes, there is a darkness and sadness to much of his work, but it is not morose or macabre like Poe. With Hawthorne humanity is in many ways, stripped away and we see, like in the \"Minister's Black Veil\", that we all hide behind a veil."}, {"userName": "Valeska", "userReviewDate": "Aug 02, 2011", "userURL": "http://www.goodreads.com/user/show/3738061-valeska", "userReview": "It is time to start reading the Church Book Sale books before the next Book Sale...  I enjoyed Twice-Told Tales.  There were some stories that I didn't think stood the test of time, but there were others I found really enjoyable.  I remembered reading Doctor Heidegger's Experiment and The Minister's Black Veil back in junior high and high school.  I found there were stories that I enjoyed much more in the anthology.  The short story, \"Snowflakes,\" captures the first snowfall perfectly - just change out \"New England\" with \"Midwest.\"  If I remember, I think I should reread that during the first snowfall of winter.  He does a great job of telling a story from the point of view of a pump in \"The Rill of the Town Pump,\" though I did not find \"Sights from a Steeple\" as interesting even though they were in a similar vein.  I really do hope that in Salem, Mass, they have pump that Hawthorne fans can stand by and have their picture taken in honor of Twice Told Tales.  I wonder how large a market there is for that.  I could go on about my favorite short stories, but I think I will limit it to the \"Wedding Knell.\"  I just thought it had an interesting twist to it.  Overall, I am glad I got to read some of Hawthorne's writing and liked reading through short stories during the summertime.  I was able to pick up on some colonial history while reading good stories at the same time.  If I didn't find a story particularly interesting, there was another one a few pages away."}, {"userName": "Courtney", "userReviewDate": "Jun 19, 2012", "userURL": "http://www.goodreads.com/user/show/911411-courtney", "userReview": "Hawthorne, NathanielTales and SketchesIn compilation only.1) Preface2) The Gray Champion3) Sunday at Home4) The Wedding-Knell5) The Minister's Black Veil6) The May-Pole of Merry Mount7) The Gentle Boy8) Mr. Higginbotham's Catastrophe9) Little Annie's Ramble10) Wakefield11) A Rill from the Town-Pump12) The Great Carbuncle13) The Prophetic Pictures14) David Swan15) Sights from a Steeple16) The Hollow of the Three Hills17) The Toll-Gatherer's Day18) The Vision of the Fountain19) Fancy's Show Box20) Dr. Heidegger's Experiment21) Legends of the Province House22) Howe's Masquerade23) Edward Randolph's Portrait24) Lady Eleanore's Mantle25) Old Esther Dudley26) The Haunted Mind27) The Village Uncle28) The Ambitious Guest29) The Sister Years30) Snow-Flakes31) The Seven Vagabonds32) The White Old Maid33) Peter Goldthwaite's Treasure34) Chippings with a Chisel35) The Shaker Bride36) Night Sketches37) Endicott and the Red Cross38) The Lily's Quest39) Foot-Prints on the Sea-Shore40) Edward Fane's Rosebud41) The Threefold Destiny"}, {"userName": "Moira", "userReviewDate": "Jan 14, 2014", "userURL": "http://www.goodreads.com/user/show/20667867-moira", "userReview": "[ to the point of death. (Um... spoilers... I guess...)  (hide spoiler)]"}, {"userName": "Ana Mardoll", "userReviewDate": "Feb 22, 2011", "userURL": "http://www.goodreads.com/user/show/3078990-ana-mardoll", "userReview": "Twice-Told Tales / 0-89577-332-5I like Hawthorne well enough as a writer, and I love Hawthorne compared to his contemporaries, and this collection is a good example of his evolution as a writer. There are a lot of classics here, including \"The Minister's Black Veil\" and \"Lady Eleanor's Mantle\". This collection includes: The Minister's Black VeilWakefieldThe Maypole of Merry MountThe Gentle BoyMr. Higginbotham's CatastropheThe Great CarbuncleThe Prophetic PicturesDavid SwanThe Hollow of the Three HillsFancy's Show BoxDr. Heidegger's ExperimentHowe's MasqueradeEdward Randolph's PortraitLady Eleanor's MantleOld Esther DUdleyThe Village UncleThe Wedding KnellThe Ambitious GuestThe Sister YearsThe White Old MaidThe Seven VagabondsPeter Goldthwaite's TreasureChippings with a ChiselThe Shaker BridalEndicott and the Red CrossEdward Fane's RosebudThe Threefold Destiny~ Ana Mardoll"}, {"userName": "Helen", "userReviewDate": "Nov 11, 2012", "userURL": "http://www.goodreads.com/user/show/9966960-helen", "userReview": "Twice-Told Tales is a collection of short stories.  Liked some of them, such as \"Mr. Higginbotham's Catastrophe\", but some of them haven't fared as well in the years since they were published, in 1837 and 1842.  I do love 19th century fiction and am accustomed to verbose passages and excessive sentimentality.  Then, too, the short story was in it's infancy and the expectations of a modern reader were vastly different from Hawthorne's original audience.  Perhaps we demand more.  Hawthorne sets moods very well, but he frequently tells the reader things and assumes that the reader will think and feel as he wants them to.  I would never tell anyone not to read something because I think everyone should make up their own minds about books, but I would be reluctant to recommend this to anyone.  Though it could certainly be enjoyed if you're looking for something mildly creepy to read on a cold, dark night but don't want to give yourself nightmares."}, {"userName": "Ana Mardoll", "userReviewDate": "Jul 10, 2011", "userURL": "http://www.goodreads.com/user/show/3078990-ana-mardoll", "userReview": "Twice-Told Tales / 9781775419822I like Hawthorne well enough as a writer, and I love Hawthorne compared to his contemporaries, and this collection is a good example of his evolution as a writer. There are a lot of classics here, including \"The Minister's Black Veil\" and \"Lady Eleanor's Mantle\". This collection includes:The Minister's Black VeilWakefieldThe Maypole of Merry MountThe Gentle BoyMr. Higginbotham's CatastropheThe Great CarbuncleThe Prophetic PicturesDavid SwanThe Hollow of the Three HillsFancy's Show BoxDr. Heidegger's ExperimentHowe's MasqueradeEdward Randolph's PortraitLady Eleanor's MantleOld Esther DUdleyThe Village UncleThe Wedding KnellThe Ambitious GuestThe Sister YearsThe White Old MaidThe Seven VagabondsPeter Goldthwaite's TreasureChippings with a ChiselThe Shaker BridalEndicott and the Red CrossEdward Fane's RosebudThe Threefold Destiny~ Ana Mardoll"}, {"userName": "El Usuario", "userReviewDate": "Dec 02, 2014", "userURL": "http://www.goodreads.com/user/show/22273254-el-usuario", "userReview": "El libro se compone extraordinarias que, en general, resultan muy interesantes y entretenidas. Tal vez el efecto se recarga solamente en el elemento extraordinario en algunas narraciones y no hay m\u00e1s.Wakefield, sin embargo, es un cuento tremendo. Desde el inicio la historia est\u00e1 contada, por lo que todo lo que sucede es la expeculaci\u00f3n del autor acerca del suceso extra\u00f1o. Es una preciosura, definitivamente."}, {"userName": "Julie", "userReviewDate": "Jul 05, 2014", "userURL": "http://www.goodreads.com/user/show/291225-julie", "userReview": "I wish I could find the NYT article that prompted me to bookmark this as a must-read. It was among several listed as quintessential to understanding the human race (or, alternately, our times, our country, our planet... will eventually find the thing). Hawthorne's language comes off as a bit stilted, but the tales, myths and legends themselves stand the test of time. They resonate with life lessons on such topics as humility, greed, and pride while channeling the cultural vibe and attitudes of early New England so perfectly. Most could be described as cautionary tales, sometimes bordering on the creepy. This perception was validated when my exploration of the work turned me onto the fact there's a 1963 horror movie of the same title starring Vincent Price. Hunting that down next."}, {"userName": "Dandie", "userReviewDate": "Oct 18, 2012", "userURL": "http://www.goodreads.com/user/show/11411966-dandie", "userReview": "Collection of previously published short stories by Nathaniel Hawthorne, issued in 1837 and revised and expanded in 1842. The 1837 edition consisted of 18 stories; the 1842 enlargement brought the total to 39. Stories such as \"The Gray Champion,\" \"The May-pole of Marymount,\" \"The Gentle Boy,\" and \"Endicott and the Red Cross\" reflect Hawthorne's moral insight and his lifelong interest in the history of Puritan New England. Among other tales are the allegorical \"The Ambitious Guest\"; \"The Minister's Black Veil\" and \"Wakefield,\" psychological explorations of sin and guilt; \"Howe's Masquerade,\" a ghostly legend set in Boston just prior to the American Revolution; and \"Dr. Heidegger's Experiment,\" an allegorical search for the Fountain of Youth."}, {"userName": "jim copley", "userReviewDate": "Dec 30, 2014", "userURL": "http://www.goodreads.com/user/show/27005951-jim-copley", "userReview": "It took me places I never have seenI was sad when I finished this book. Hawthorne had taken me to a time and place so long ago. I felt that I was there as I read his words."}], "description": "Twice-Told tales, originally published in 1837, revised & republished by Hawthorne in 1851, is the most famous collection of Hawthorne's stories. All of Hawthorne's great gifts--& the features that make him not only one of the greatest but one of the most contemporary American authors, are on full display here.\"Book One\" contents include: The Gray Champion / Sunday at Home / The Wedding-Knell / The Minister's Black Veil / The Maypole of MerryMount / The Gentle Boy / Mr. Higgingotham's Catastrophe / Little Annie's Ramble / Wakefield / A Bill from the Town-Pump / The Great Carbuncle / The Prophetic Pictures / David Swan / Sights from a Steeple / The Hollow of the Three Hills / The Toll-Gatherer's Day. \"Book Two\" contents include: Nathaniel Hawthorne ( 1804 - 1864 ) by Henry James / The Great Stone Face / The Vision of the Fountain / Fancy's Show-Box / Dr. Heidegger's Experiment / Legends of the Province House: I. - Howe's Masquerade, II - Edward Randolph's Portrait, III - Lady Eleanore's Mantle, IV - Old Esther Dudley / The Haunted Mind / The Village Uncle / The Ambitious Guest / The Sister-Years / Snowflakes / The Seven Vagabonds", "title": "Twice-Told Tales", "url": "http://www.goodreads.com/book/show/47061.Twice_Told_Tales", "average": 3.9, "cover": "http://d.gr-assets.com/books/1403189952l/47061.jpg", "reviews": 70, "authors": [{"url": "http://www.goodreads.com/author/show/7799.Nathaniel_Hawthorne", "name": "Nathaniel Hawthorne"}, {"url": "http://www.goodreads.com/author/show/72345.Rosemary_Mahoney", "name": "Rosemary Mahoney"}], "outlinks": ["http://www.goodreads.com/book/show/1689966.Cuentos_contados_dos_veces", "http://www.goodreads.com/book/show/3713971-heart-of-the-west", "http://www.goodreads.com/book/show/615201.A_Whisper_in_the_Dark", "http://www.goodreads.com/book/show/310583.The_House_of_Souls", "http://www.goodreads.com/book/show/743125.Don_t_Open_This_Book", "http://www.goodreads.com/book/show/823699.Poetical_Works", "http://www.goodreads.com/book/show/1577108.Legends_of_Charlemagne", "http://www.goodreads.com/book/show/7690517-the-wandering-jew", "http://www.goodreads.com/book/show/1508135.Faeries", "http://www.goodreads.com/book/show/71196.The_Short_Stories_of_Saki", "http://www.goodreads.com/book/show/247625.The_Best_Tales_of_Hoffmann", "http://www.goodreads.com/book/show/4917725-a-tangled-tale", "http://www.goodreads.com/book/show/299264.The_Turn_of_the_Screw_and_Other_Short_Novels", "http://www.goodreads.com/book/show/906484.The_Country_of_the_Blind_and_Other_Science_Fiction_Stories", "http://www.goodreads.com/book/show/3731.Great_Short_Works", "http://www.goodreads.com/book/show/11934.The_Fantasy_Worlds_of_Peter_Beagle", "http://www.goodreads.com/book/show/527211.The_Unabridged_Mark_Twain", "http://www.goodreads.com/book/show/12296.The_Scarlet_Letter", "http://www.goodreads.com/book/show/90192.The_House_of_the_Seven_Gables", "http://www.goodreads.com/book/show/40016.Young_Goodman_Brown_and_Other_Short_Stories", "http://www.goodreads.com/book/show/562471.Young_Goodman_Brown", "http://www.goodreads.com/book/show/2363170.The_Minister_s_Black_Veil"]}