{"ratings": 1471, "userreviews": [{"userName": "Cameron", "userReviewDate": "Sep 05, 2014", "userURL": "http://www.goodreads.com/user/show/5913270-cameron", "userReview": "J. asked me if I'm hooked on this series now that I've started reading it and I have to say: yes, I definitely am. No shame! It's a series that takes me back to the good ol' days of how children's books used to be; a quick story, crisp writing, great illustrations, and a fun plot.The first book Vampires Don't Wear Polka Dots was a great start to the series and Werewolves Don't Go to Summer Camp is no exception. It's fast, light, entertaining, and (I gotta say it) cute. There were a couple of things that nagged me this time around like some character inconsistencies, but as an early chapter book, I think those instances came be forgiven. Overall, a great addition to the series!FINAL VERDICT: 4 1/2 stars!"}, {"userName": "Toni Aaron", "userReviewDate": "Jan 17, 2013", "userURL": "http://www.goodreads.com/user/show/3825255-toni-aaron", "userReview": "Is Mr. Jenkins a werewolf or not?Facts:He is very hairy, says he has studied wolves, likes raw meat, shakes off water like a dog, seems afriad of fire.Speculation:-Melody thought she saw a wolf wearing dog tags. -Eddie has an encounter with the werewolf while sleeping outside.-All the children think they hear a wolf howl oustide Mr. Jenkins cabin, and they think they hear the clink of dog tags. This happens twice.-While out on a night hike MR. Jenkins scouts ahead, the children then hear a howl and see a werewolf like shape in the moon light.Conclusion:I think Mr. Jenkins is a werewolf. For: Eddie and Melody seperatly saw a wolf with dog tags and all four hear a wolf outside Mr. Jenkins cabin with what sounded like dog tags tinkleing. Also Mr. Jenkins seems to be alergic to Wolfsbane and MistletoeAgainst: Mistletoe and Wolfsbane are poisonence plants. It is not unheard of to be allergic to these plants in large quantities. Other outcomes:Perhaps Mr. Jenkins dressed up as a werewolf to scare the kids."}, {"userName": "Melissa ***BITCH, I'M READING!***", "userReviewDate": "Aug 20, 2014", "userURL": "http://www.goodreads.com/user/show/12692033-melissa-bitch-i-m-reading", "userReview": "Summer read with the kiddo!I loved these books when I was little. Ashton seems to enjoys them also!"}, {"userName": "Vishvasri J.S", "userReviewDate": "Mar 29, 2014", "userURL": "http://www.goodreads.com/user/show/28938780-vishvasri-j-s", "userReview": "All the kids strained to read the sign as the bus pulled on to the gravel drive way. It read Welcome to Camp Lone Wolf. They met their camp director Mr.Jenkins who was as hairy as a wolf and he was wearing dog tags. Everybody rushed in, after having their dinner which was cold hamburger they went to their beds and dozed off. Melody slept on the upper bunk of the bunk bed. Melody's eyes shot open just as a bolt of lightning cut through the sky. The light was so bright, she could see the hunched figure of a hairy beast dashing into the woods and it was wearing dog tags. The only person who was wearing dog tags was Mr.Jenkins. Could Mr.Jenkins be a werewolf...?"}, {"userName": "Erica", "userReviewDate": "Oct 20, 2014", "userURL": "http://www.goodreads.com/user/show/6752803-erica", "userReview": "Just finished this story tonight with my 8 y.o. son. It was interesting and engaging, and even I was wondering if the counselor is, indeed, a werewolf. I'm not sure I'd be too keen on spending a week at that summer camp. hehehe.Like in Vampires Don't wear Polkadots, you never get a straight forward answer on the supernatural, but it is implied. And I like how that helps kiddos to piece together clues, make educated guesses and arrive at their own conclusion. A fast paced, quickly read and fun tale that both my son and I enjoyed reading together."}, {"userName": "Dolly", "userReviewDate": "Jul 29, 2011", "userURL": "http://www.goodreads.com/user/show/1019021-dolly", "userReview": "This is the second book in the The Adventures of the Bailey School Kids series.  We've only read a couple of them so far, but our oldest really likes them.  Since it's the second story in the series, we are starting to learn more about the main characters.   We won't likely read these books in order, but it doesn't seem to matter much.  It's a fun story and we are first introduced to the summer camp and Mr. Jenkins (I probably should've read Monsters Don't Scuba Dive next.)  We are looking forward to reading more books in this series."}, {"userName": "Seth", "userReviewDate": "Sep 02, 2014", "userURL": "http://www.goodreads.com/user/show/3530070-seth", "userReview": "They think mr. Jenkin's a werewolf!  Mr. Jenkins ate a spider!  Misltoe and Wolfbane makes Mr. Henkins look like a pussy cat."}, {"userName": "Micaela Semien", "userReviewDate": "Aug 29, 2014", "userURL": "http://www.goodreads.com/user/show/34025678-micaela-semien", "userReview": "I loved this story! It was so fun to read, I read these books so quick. They were amazing."}, {"userName": "Cherita", "userReviewDate": "Jul 27, 2014", "userURL": "http://www.goodreads.com/user/show/23985067-cherita", "userReview": "This was my shizz when I was little!"}, {"userName": "PWRL", "userReviewDate": "Jun 25, 2014", "userURL": "http://www.goodreads.com/user/show/4579023-pwrl", "userReview": "A"}, {"userName": "Liz", "userReviewDate": "Sep 18, 2012", "userURL": "http://www.goodreads.com/user/show/4080332-liz", "userReview": "I read these books, while the rest of the kids read The Boxcar Children and Saddle ClubIt is a surprise that I like fantasy and science fiction now? Nope."}, {"userName": "Kimberly", "userReviewDate": "Jul 14, 2014", "userURL": "http://www.goodreads.com/user/show/10172527-kimberly", "userReview": "The collection of \"The adventures of the Bailey School Kids\" stories are among my all-time favorite children's books. Witty, mischievous and fun, these short and silly books continue to bring giggles to the young and old. Just as I have enjoyed them as a kid, my own children also love them today. I even catch myself re-reading them (alone) from time to time. What can I say? I guess I'll always be a BSK kid at heart."}, {"userName": "Christian Padgett", "userReviewDate": "Jan 18, 2011", "userURL": "http://www.goodreads.com/user/show/4831482-christian-padgett", "userReview": "This book is fun for students at the end of the school year or during Halloween.  It the book has some words students may not be familar with, so context clues could be applied to determine what some words mean. Also this book is great for the imagination for it talks about mythical creatures and this could be a great, fun way for students to distinguish what is real and not."}, {"userName": "Catherine Woodman", "userReviewDate": "Jul 29, 2011", "userURL": "http://www.goodreads.com/user/show/5912889-catherine-woodman", "userReview": "The Bailey School Kids is a best-selling children's  book series by Marcia Thornton Jones and Debbie Dadey. Its main characters are a group of four children (Eddie, Howie, Liza, Melody) who suspect some persons in the stories are popular folk lore or fairy tale characters.  They are appealing because they mix a familiar story in with this group of kids.  Mid-grammar school"}, {"userName": "Kristine Pratt", "userReviewDate": "Aug 04, 2012", "userURL": "http://www.goodreads.com/user/show/1952643-kristine-pratt", "userReview": "I am not happy with the conclusion to this book. Sure the kids were safe enough from the counselor when they went home. But did anyone besides me worry about the next group of campers destined for that summer camp? I mean, it really does seem like an every-man-for-himself kind of situation here."}, {"userName": "Daha0wils0n", "userReviewDate": "Dec 10, 2008", "userURL": "http://www.goodreads.com/user/show/1765916-daha0wils0n", "userReview": "i think this book is awesome, because it is easy to understand and i definitely get the images of this book. i am kind of confusing...who the *********** is the real werewolves? in my opinion, there is no weresolves at all.(incorrect grammers, help out... dont complain)"}, {"userName": "J.", "userReviewDate": "Aug 16, 2013", "userURL": "http://www.goodreads.com/user/show/18974711-j", "userReview": "Werewolves Don't Go to Summer Camp ... Or Do They?This second installment in the series finds the children filled with beginning of summer jitters that perfectly encapsulates the feeling of being away from home and at a sleep away camp for the first time."}, {"userName": "Amanda", "userReviewDate": "Jun 26, 2010", "userURL": "http://www.goodreads.com/user/show/1750910-amanda", "userReview": "This was the first book I read of this series. I was in about 2nd grade and I didn\u2019t think I would like it. I read it anyway and found out that I LOVED it! I don\u2019t think I read many if any more of these books but I know I made my Mom buy me lots of them."}, {"userName": "Rob", "userReviewDate": "Nov 11, 2008", "userURL": "http://www.goodreads.com/user/show/1306362-rob", "userReview": "Who didn't have teachers that seemed like twisted monsters? Finally, some honesty in literature. Personally, I think this series is way better than that popular series about the vampire that is in love with the girl because she smells like flowers."}, {"userName": "Melissa", "userReviewDate": "Dec 07, 2010", "userURL": "http://www.goodreads.com/user/show/121463-melissa", "userReview": "This was great for my five year old boy. Just scary enough to be interesting but not scary enough that I'll be getting up with him tonight. The chapters are short; there are plenty of good new vocabulary words without having to stop all the time."}, {"userName": "Johnna Halsted", "userReviewDate": "Nov 23, 2010", "userURL": "http://www.goodreads.com/user/show/4211418-johnna-halsted", "userReview": "I like this book alot i think it teaches a lesson about working together. Mr Jenkins seems friendly at first but at night he seems to have a weird problem of howling at the moon? Is he a werewolf. Really hairy and has canine teeth."}, {"userName": "Oscar ", "userReviewDate": "Apr 24, 2013", "userURL": "http://www.goodreads.com/user/show/18070674-oscar", "userReview": "Esta colecci\u00f3n de libros me son muy divertidos, recuerdo haber le\u00eddo la mayor\u00eda de los primeros. Los recomendar\u00eda a cualquier ni\u00f1o o ni\u00f1a... digo tiene pizca de terror pero tambi\u00e9n comedia y m\u00e1s que nada ense\u00f1a el valor de la amistad."}, {"userName": "Shane Tatman", "userReviewDate": "Aug 03, 2009", "userURL": "http://www.goodreads.com/user/show/1315285-shane-tatman", "userReview": "Chris and I read this one together because some other kids recommended the Bailey School Kids. We didn't really like it because it never answered any of the questions it ask - just left everything hanging there."}, {"userName": "Jessica Smith", "userReviewDate": "Dec 02, 2011", "userURL": "http://www.goodreads.com/user/show/6044063-jessica-smith", "userReview": "Pretty good. Read it to my 7 year old niece. Kept her attention really well! Loved the balance of humor and horror which wasn't bloody or anything like so many books are today but jump out at ya spooky horror!"}, {"userName": "Molly", "userReviewDate": "Nov 11, 2012", "userURL": "http://www.goodreads.com/user/show/9236500-molly", "userReview": "A silly series that creates more questions than it answers. It's great for formulating theories as well as predictions. The class dynamics should be very familiar to those of the Magic School Bus generation."}, {"userName": "Allison", "userReviewDate": "Aug 08, 2008", "userURL": "http://www.goodreads.com/user/show/30019-allison", "userReview": "I just remembered that I read this oh so many years ago, and kind of missed it.  When I was a kid I loved anything involving spooky creatures, actually I still do!  I'd recommend this to any kid."}, {"userName": "Emily", "userReviewDate": "Mar 22, 2013", "userURL": "http://www.goodreads.com/user/show/8189054-emily", "userReview": "I read some of the Bailey School Kids books as a kid, so I thought I'd try another now. Not nearly as entertaining as I recall, but I can see why I'd be interested as a kid."}, {"userName": "Cynthia", "userReviewDate": "Aug 04, 2012", "userURL": "http://www.goodreads.com/user/show/5223798-cynthia", "userReview": "I read this book when I was in third grade!! The vocabulary exposure is great for kids and they learn about the characters.  It's very plot developing!! I loved the series. ^_^"}, {"userName": "Twyla", "userReviewDate": "Jan 05, 2012", "userURL": "http://www.goodreads.com/user/show/3103241-twyla", "userReview": "Mr.Jenkins is a werewolf and the four friends found something to make it better.it worked for a little while but soon it stopped.everyone was very exited to go home."}, {"userName": "Maura", "userReviewDate": "Oct 13, 2014", "userURL": "http://www.goodreads.com/user/show/23096635-maura", "userReview": "Ha!  I remember reading this before summer camp and wondering if my counselors were werewolves!  This was a good and enjoyable read for a kid."}], "description": "The hugely popular early chapter book series re-emerges with a new look! Brand-new eye-catching cover art brings a modern feel to this classic monster series for young readers. The new director at Camp Lone Wolf seems like a nice guy. But when the kids learn the legend of a local boy who disappeared and the wolf that prowls the campgrounds howling in the night, they start to wonder if Camp Lone Wolf is more than just a name. Mr. Jenkins is covered in hair, eats his meat almost raw, and has an obsession with wolves. But could he really be a werewolf?", "title": "Werewolves Don't Go to Summer Camp\n      \n          (The Adventures of the Bailey School Kids #2)", "url": "http://www.goodreads.com/book/show/19436.Werewolves_Don_t_Go_to_Summer_Camp", "average": 3.77, "cover": "http://d.gr-assets.com/books/1341865099l/19436.jpg", "reviews": 53, "authors": [{"url": "http://www.goodreads.com/author/show/11639.Debbie_Dadey", "name": "Debbie Dadey"}, {"url": "http://www.goodreads.com/author/show/11644.Marcia_Thornton_Jones", "name": "Marcia Thornton Jones"}, {"url": "http://www.goodreads.com/author/show/11643.John_Steven_Gurney", "name": "John Steven Gurney"}], "outlinks": ["http://www.goodreads.com/book/show/7236560-werewolves-don-t-go-to-summer-camp", "http://www.goodreads.com/book/show/15281833-werewolves-don-t-go-to-summer-camp", "http://www.goodreads.com/book/show/10217875-werewolves-don-t-go-to-summer-camp", "http://www.goodreads.com/book/show/83173.Monsters_Don_t_Scuba_Dive", "http://www.goodreads.com/book/show/83173.Monsters_Don_t_Scuba_Dive", "http://www.goodreads.com/book/show/297249.The_Boxcar_Children", "http://www.goodreads.com/book/show/764220.Saddle_Club", "http://www.goodreads.com/book/show/153032.The_Mystery_of_the_UFO", "http://www.goodreads.com/book/show/348565.Stanley_s_Christmas_Adventure", "http://www.goodreads.com/book/show/632543.The_Case_of_the_Spooky_Sleepover", "http://www.goodreads.com/book/show/163508.Wild_Whale_Watch", "http://www.goodreads.com/book/show/536707.Horrible_Harry_Moves_up_to_the_Third_Grade", "http://www.goodreads.com/book/show/2161806.The_Missing_Mummy", "http://www.goodreads.com/book/show/669168.Amelia_Writes_Again", "http://www.goodreads.com/book/show/1586780.The_Littles_And_The_Trash_Tinies", "http://www.goodreads.com/book/show/632532.Blizzard_of_the_Blue_Moon", "http://www.goodreads.com/book/show/608912.Don_t_Hurt_My_Pony", "http://www.goodreads.com/book/show/19435.Vampires_Don_t_Wear_Polka_Dots", "http://www.goodreads.com/book/show/19430.Santa_Claus_Doesn_t_Mop_Floors", "http://www.goodreads.com/book/show/1111036.Leprechauns_Don_t_Play_Basketball", "http://www.goodreads.com/book/show/612855.Ghosts_Don_t_Eat_Potato_Chips", "http://www.goodreads.com/book/show/260387.Frankenstein_Doesn_t_Plant_Petunias", "http://www.goodreads.com/book/show/53228.Aliens_Don_t_Wear_Braces", "http://www.goodreads.com/book/show/910470.Genies_Don_t_Ride_Bicycles", "http://www.goodreads.com/book/show/143056.Pirates_Don_t_Wear_Pink_Sunglasses", "http://www.goodreads.com/book/show/1003642.Witches_Don_t_Do_Backflips", "http://www.goodreads.com/book/show/182605.Skeletons_Don_t_Play_Tubas", "http://www.goodreads.com/book/show/19435.Vampires_Don_t_Wear_Polka_Dots", "http://www.goodreads.com/book/show/1111036.Leprechauns_Don_t_Play_Basketball", "http://www.goodreads.com/book/show/1306001.Cupid_Doesn_t_Flip_Hamburgers", "http://www.goodreads.com/book/show/72470.Dracula_Doesn_t_Drink_Lemonade", "http://www.goodreads.com/book/show/612855.Ghosts_Don_t_Eat_Potato_Chips"]}