{"ratings": 154, "userreviews": [{"userName": "Dean Deters", "userReviewDate": "Nov 18, 2014", "userURL": "http://www.goodreads.com/user/show/2855438-dean-deters", "userReview": "The story is about John a yongboy that start's to traval to oregen he meet's this girl named Bobbi.Bobbi is a fun and nice person and she is a helpful\tand exciting person Bobbi and John both made more freind's after a wiall all of theam become freind's they run out of fire wood so they all had to go find bufflo droppings.The mean old man Mr.Allasion and there dog Adorable got ran over by the wagon's and adorable got all mushed and Mr.Allaision his lag got cut off he died right there and so did adorable.After a long trip they finally got to oregen and they just lived there.The story is about John a yongboy that start's to traval to oregen he meet's this girl named Bobbi.Bobbi is a fun and nice person and she is a helpful\tand exciting person Bobbi and John both made more freind's after a wiall all of theam become freind's they run out of fire wood so they all had to go find bufflo droppings.The mean old man Mr.Allasion and there dog Adorable got ran over by the wagon's and adorable got all mushed and Mr.Allaision his lag got cut off he died right there and so did adorable.After a long trip they finally got to oregen and they just lived there. SETING         In a dusty western place that is very brown .This setting takes place in the past because they had no cars and no flashlight's. Character traitJohn is a fun and nice and helpful and a very very funny and he is a skilled and a smelly person.Most important event        Mr.Allason deid and the dog adorable dies.RecommendationThe kind of reader who would like this book is a reader who likes travel.    BY:Kendra           BY:Kendra"}, {"userName": "Beverly", "userReviewDate": "Feb 10, 2014", "userURL": "http://www.goodreads.com/user/show/2804602-beverly", "userReview": "Boy View, Oregon Trail....  This one shows how hard it was to leave family behind.  When Push came to Shove, those who would be left behind decided to join.  There is the usual talk of wearing out shoes, wagons taking turns leading, because of the choking dust, needless death, and perilous river crossings.This is an easy read, good in primary grades."}, {"userName": "Kristen", "userReviewDate": "Jan 14, 2011", "userURL": "http://www.goodreads.com/user/show/1152954-kristen", "userReview": "I really liked this book, especially because it was told from a little boy's perspective.  There are an abundance of historical fiction told by girls, but the boy accounts are a little harder to find (which will probably appeal a little more to my son, reading about the snakes instead of the dolls).  It's funny because reading Joshua's tale of following the Oregon Trail (fording rivers, running into Indians, trading at forts, people getting sick and sometimes dying) made me want to play the old school Oregon Trail game again.  =)PS- This is a part of the \"My America\" series written for young readers."}, {"userName": "Ch_katiemcginnis", "userReviewDate": "Mar 04, 2010", "userURL": "http://www.goodreads.com/user/show/3156467-ch-katiemcginnis", "userReview": "Westward Home is part of the well-known Dear America series books.  This particular one focuses on the Oregon Trail and like in the mid 1800's.  Joshua and his family set out from Missouri to go to Oregon Country and esperience many of the harsh elements and difficulties many at that tiem experienced.  Many young childeren ages 10-13 will identify with this book since the narrator is the Young Joshua.  Students will also respond to the journal style of the book and teachers can have students compose thier own journal as an extension."}, {"userName": "Krystle", "userReviewDate": "Nov 02, 2014", "userURL": "http://www.goodreads.com/user/show/9762428-krystle", "userReview": "What can I say? I loved it! I have always loved books wrote like diaries."}, {"userName": "Jessie Marie", "userReviewDate": "May 04, 2009", "userURL": "http://www.goodreads.com/user/show/2262771-jessie-marie", "userReview": "My 2nd grader read this book with his class. We brought the series (1-3) home to take turns reading. My 3rd grader and I both liked this book as well. It only takes an hour or less for an adult depending on your pace. It painted a very realistic picture of the Oregon trail, without being to terribly terrifying for this age group. There are some very sad moments, but I think this character is very easy to relate to for 7-10 year old boys. I recommend this book for family reading."}, {"userName": "Molly", "userReviewDate": "Nov 11, 2012", "userURL": "http://www.goodreads.com/user/show/9236500-molly", "userReview": "This entire series is a wonderful way to learn history or teach it to adolescents. I find today's generations seem to recall more when they learn through other people (pop songs, celebrity gossip, etc.), so what better way to teach history than through someone else's perspective? Yes, \"authentic\" diaries would be \"better\", but would the language really hold the modern student's attention? Did the diary writer know what WOULD be important in the context of history? Probably not."}, {"userName": "Duane", "userReviewDate": "Jul 30, 2009", "userURL": "http://www.goodreads.com/user/show/1090434-duane", "userReview": "If you have a reader who is interested in learning about the Oregon Trail, then this book is a great one. Done through the eyes of young Joshua, you read his daily diary entries as his family travels from Missouri to Oregon. I have to chuckle as other reviewers have said this book is too tragic and filled with death. DUH! This was the Oregon Trail, that's what happened in real life. A nice read for readers who are past early chapter books."}, {"userName": "ExterminationXIII", "userReviewDate": "Mar 14, 2008", "userURL": "http://www.goodreads.com/user/show/320913-exterminationxiii", "userReview": "This book is the diary of Joshua on the oregon trail. He and his family, which include his dad, mom, two younger sisters, grandpa, and dog, face many dangers and challenges through their journey, including accidents and attacks from indians.The author's purpose was to show the hardships that americans had to face on their journey to Oregon."}, {"userName": "Jessie Marie", "userReviewDate": "May 06, 2009", "userURL": "http://www.goodreads.com/user/show/2262771-jessie-marie", "userReview": "I really enjoy these books from a mother's standpoint. I like how realistic and age appropriate they are for my children. This one is joshua's journal after they get to Oregon. In this book you can see he is definately growing up and how the hardships of the oregon wilderness during the wet season are changing him into a young man."}, {"userName": "Nicole", "userReviewDate": "May 06, 2011", "userURL": "http://www.goodreads.com/user/show/590232-nicole", "userReview": "I love the My America series for children's historical fiction. The authors do a great job embedding historical facts into the story.This one is a third grade reading level. One in the Dear America series (Across the Wide and Lonesome Prairie) has almost the exact same story but with a slightly more difficult reading level."}, {"userName": "Sheila", "userReviewDate": "Jun 21, 2009", "userURL": "http://www.goodreads.com/user/show/730426-sheila", "userReview": "My son and I started reading this together, and both of us found we just didn't get to excited about reading it.  We stopped about half way through.  It wasn't horrid, but when there are so many amazingly wonderful books out there waiting to be read, why continue reading one that doesn't excite you?"}, {"userName": "Trista", "userReviewDate": "Apr 20, 2009", "userURL": "http://www.goodreads.com/user/show/203090-trista", "userReview": "This is a historical fiction book centered around a young boy and his family's journey across the Oregon Trail. I thought there was too much death in this book considering it is a children's book. I think that the author could have handled the subject in a different way."}, {"userName": "Dakota", "userReviewDate": "Oct 14, 2010", "userURL": "http://www.goodreads.com/user/show/4224249-dakota", "userReview": "I think it  was a very informal book. It talked alot about the oregon trail. I gave it five cause it was very understandable. It talked alot on what they had to do on the trail to survive. It was a great learning book. I would sugjest reading this if you like history."}, {"userName": "Corri Johnson", "userReviewDate": "Apr 30, 2009", "userURL": "http://www.goodreads.com/user/show/2218761-corri-johnson", "userReview": "This was a fun, quick book to read when learning about life on the Oregon Trail. It is from a child's point of view and that makes it more interesting for kids to read. While it is not based on a true person, it is very realistic to the times."}, {"userName": "Kris Irvin", "userReviewDate": "Jan 17, 2012", "userURL": "http://www.goodreads.com/user/show/1940795-kris-irvin", "userReview": "Great read for kids, especially if they're into playing Oregon Trail.  I'd say it's a good book for 8 year olds - can't imagine anyone over 12 thinking it was fantastic literature or anything."}, {"userName": "Creighton", "userReviewDate": "Oct 14, 2010", "userURL": "http://www.goodreads.com/user/show/4223374-creighton", "userReview": "This book is a really good book. I liked it because it had a great stroy line. Like how hard it was to make it, what casulties were on the way. And how young Josh made it to Oregon."}, {"userName": "dthaase", "userReviewDate": "Sep 27, 2008", "userURL": "http://www.goodreads.com/user/show/81401-dthaase", "userReview": "Book 1 of Joshua's Oregon Trail journey.  The book is compiled as a journal of nine year old Joshua.  The kids have loved this series (3 books total)."}, {"userName": "Chalice", "userReviewDate": "Nov 11, 2008", "userURL": "http://www.goodreads.com/user/show/1585953-chalice", "userReview": "This book reads like a diary from a little boy named Joshua who is on the Oregon Trail in 1848.  It is really interesting and an easy read!"}, {"userName": "Karen", "userReviewDate": "Jul 16, 2008", "userURL": "http://www.goodreads.com/user/show/626819-karen", "userReview": "A little too much tradgedy for my little ones but I loved the whole series.  The content is a little heavy for younger children (at least 3rd grade)"}, {"userName": "Sierra", "userReviewDate": "Apr 28, 2013", "userURL": "http://www.goodreads.com/user/show/6437256-sierra", "userReview": "Simple historical fiction about a little boy's experience on the Oregon Trail."}, {"userName": "Patrice", "userReviewDate": "Jan 31, 2013", "userURL": "http://www.goodreads.com/user/show/365579-patrice", "userReview": ":)"}], "description": "In book one of this diary of life on the Oregon Trail, Pat Hermes tells the story of Joshua McCullough's family's experiences as they pack up their belongings and head west in a wagon train. It is 1848 when Joshua McCullough and his family leave their home in St. Joseph, Missouri, and set off for Oregon on a wagon train. During their seven-month-long journey, many of the other families on the trail suffer devastating losses, but Joshua's is spared. However, Joshua must conquer his fear of water during the many river crossings the wagon train must make. During one dramatic crossing, Joshua heroically dives into a rushing river to save his younger sister Becky. The battered wagon train reaches Oregon after traveling over two thousand miles.", "title": "Westward to Home\n      \n          (Joshua's Oregon Trail Diary #1)", "url": "http://www.goodreads.com/book/show/1153951.Westward_to_Home", "average": 3.77, "cover": "http://d.gr-assets.com/books/1181444601l/1153951.jpg", "reviews": 22, "authors": [{"url": "http://www.goodreads.com/author/show/82446.Patricia_Hermes", "name": "Patricia Hermes"}], "outlinks": ["http://www.goodreads.com/book/show/19873611-my-america", "http://www.goodreads.com/book/show/20556248-my-america", "http://www.goodreads.com/book/show/364630.Freedom_s_Wings", "http://www.goodreads.com/book/show/1058891.Home_at_Last", "http://www.goodreads.com/book/show/950436.My_America", "http://www.goodreads.com/book/show/130606.After_the_Rain", "http://www.goodreads.com/book/show/1083460.The_Journal_of_C_J_Jackson_a_Dust_Bowl_Migrant_Oklahoma_to_California_1935", "http://www.goodreads.com/book/show/143177.The_Journal_of_Jasper_Jonathan_Pierce", "http://www.goodreads.com/book/show/266730.Journal_of_Douglas_Allen_Deeds", "http://www.goodreads.com/book/show/996343.The_Journal_of_Finn_Reardon_A_Newsie", "http://www.goodreads.com/book/show/78234.The_Journal_Of_James_Edmond_Pease_A_Civil_War_Union_Soldier", "http://www.goodreads.com/book/show/769383.The_Journal_Of_Joshua_Loper_A_Black_Cowboy", "http://www.goodreads.com/book/show/197771.Journal_of_Jedediah_Barstow", "http://www.goodreads.com/book/show/827586.The_Journal_of_Jesse_Smoke_", "http://www.goodreads.com/book/show/25263.Journal_of_Wong_Ming_Chung", "http://www.goodreads.com/book/show/2078153.Valley_of_the_Moon", "http://www.goodreads.com/book/show/975364.The_Journal_of_Ben_Uchida", "http://www.goodreads.com/book/show/514907.A_Perfect_Place", "http://www.goodreads.com/book/show/3076618-the-wild-year", "http://www.goodreads.com/book/show/814106.My_Girl", "http://www.goodreads.com/book/show/326831.Our_Strange_New_Land", "http://www.goodreads.com/book/show/1054567.The_Starving_Time", "http://www.goodreads.com/book/show/6488132-koda", "http://www.goodreads.com/book/show/1047511.You_Shouldn_t_Have_to_Say_Goodbye"]}