{"ratings": 211, "userreviews": [{"userName": "Sarah Adamson", "userReviewDate": "Aug 28, 2014", "userURL": "http://www.goodreads.com/user/show/24040859-sarah-adamson", "userReview": "This is quite a fun Disney Princess book as it explores different aspects of what makes a Princess. I wish it went a step further and I wish it avoided the \"looking pretty\" but it does cover the being a good friend, being brave and being clever by reading lots of books aspects too so I can live with it!Fun and good pictures."}, {"userName": "Jennie Garcia", "userReviewDate": "Apr 22, 2014", "userURL": "http://www.goodreads.com/user/show/30511935-jennie-garcia", "userReview": "It really has no plot but it works for learning to read. My daughter is not really a fan of this book, she is 4. I found some things a little sexist."}, {"userName": "Maura", "userReviewDate": "Jan 19, 2015", "userURL": "http://www.goodreads.com/user/show/15854554-maura", "userReview": "Bug love seeing some of her favourite princesses in this book!"}, {"userName": "Kaethe", "userReviewDate": "Jul 08, 2014", "userURL": "http://www.goodreads.com/user/show/1072582-kaethe", "userReview": "boring, boring, boring drek"}, {"userName": "Elizabeth S", "userReviewDate": "Oct 11, 2011", "userURL": "http://www.goodreads.com/user/show/891566-elizabeth-s", "userReview": "Amazingly not bad.  But not really great either.  I like reading that princesses are smart and like to read as much as princesses like to dress up.  On the downside, the book is a typical Disney advertizement for it's movies, and if you haven't seen the movies and don't know the princesses already, it may be not worth it."}, {"userName": "jacky", "userReviewDate": "Nov 20, 2012", "userURL": "http://www.goodreads.com/user/show/42679-jacky", "userReview": "The princess stories always seem so shallow to me.  They so often showcase all the princesses and thus have no plot.  The best I can say for this book is that it did focus on good characteristics like kind, smart, and caring.  I also liked how it used examples.  Would be a much stronger book with Pochantus and Mulan."}, {"userName": "Aliza", "userReviewDate": "Jul 31, 2013", "userURL": "http://www.goodreads.com/user/show/2021964-aliza", "userReview": "My daughters loves all of the princesses.  My youngest has had me read it to her so much that she almost has it memorized.  My older daughter reads it to me all the time.  I like that it talks about the positive things (Aurora being polite and saying \"thank you\", Belle loves to read, Jasmine is brave)."}, {"userName": "Meg McGregor", "userReviewDate": "Aug 14, 2013", "userURL": "http://www.goodreads.com/user/show/5554878-meg-mcgregor", "userReview": "This book recognizes the important characteristics that all princesses should have. They are kindness, intelligence, bravery, ready for fun, like to dress up, see new things, be a dreamer, be polite, and like to sing and dance.I think most little girls will agree with this list."}, {"userName": "Julie", "userReviewDate": "Apr 04, 2009", "userURL": "http://www.goodreads.com/user/show/808043-julie", "userReview": "(age 6)-- It was very amazing! I like it because it has princesses, and they do a lot of things in the book. Everything they do is important. I could read the whole book by myself."}, {"userName": "Beth", "userReviewDate": "Sep 06, 2011", "userURL": "http://www.goodreads.com/user/show/3050033-beth", "userReview": "Daughter loved this book. She has a thing for princesses, but she's almost ready to read. It's from the pre-k library, though, so we were missing a few pages"}, {"userName": "Felicity The Magnificent", "userReviewDate": "Aug 11, 2011", "userURL": "http://www.goodreads.com/user/show/5984224-felicity-the-magnificent", "userReview": "My name is Felicity and I am 4 years old. I learned that princesses are kind and princesses are smart and princesses are caring."}, {"userName": "Lyn", "userReviewDate": "Jul 07, 2013", "userURL": "http://www.goodreads.com/user/show/2951527-lyn", "userReview": "I really liked this book because I like princesses."}, {"userName": "Melissa", "userReviewDate": "Jan 20, 2008", "userURL": "http://www.goodreads.com/user/show/22459-melissa", "userReview": "I hate these things but my oldest loves them."}, {"userName": "Chris", "userReviewDate": "Mar 06, 2013", "userURL": "http://www.goodreads.com/user/show/6652714-chris", "userReview": "LULU - \"I never knew I had this book.\""}, {"userName": "Katherine", "userReviewDate": "Mar 14, 2011", "userURL": "http://www.goodreads.com/user/show/5127680-katherine", "userReview": "I love to read this on my own!"}, {"userName": "Madeline", "userReviewDate": "Apr 16, 2011", "userURL": "http://www.goodreads.com/user/show/4652969-madeline", "userReview": "Cinderella is my favorite."}, {"userName": "Carissa", "userReviewDate": "Jan 15, 2010", "userURL": "http://www.goodreads.com/user/show/3112901-carissa", "userReview": "This book was long!"}], "description": "WHAT IS A princess? Is she someone who is smart and brave, kind and caring\u2014or is she someone much, much more? Cinderella, Ariel, Belle, and all the Disney Princesses answer that question in this Step 1 book that is the first in the Step into Readling line to feature multiple Disney Princesses in one book!", "title": "What Is a Princess? (Disney Princess)", "url": "http://www.goodreads.com/book/show/1273386.What_Is_a_Princess_", "average": 3.85, "cover": "http://d.gr-assets.com/books/1320455643l/1273386.jpg", "reviews": 17, "authors": [{"url": "http://www.goodreads.com/author/show/6506519.Jennifer_Weinberg", "name": "Jennifer Weinberg"}, {"url": "http://www.goodreads.com/author/show/129267.Atelier_Philippe_Harchy", "name": "Atelier Philippe Harchy"}, {"url": "http://www.goodreads.com/author/show/3510823.Walt_Disney_Company", "name": "Walt Disney Company"}], "outlinks": ["http://www.goodreads.com/book/show/8092292-what-is-a-princess", "http://www.goodreads.com/book/show/18958213-what-is-a-princess", "http://www.goodreads.com/book/show/7895449-fancy-nancy-and-the-delectable-cupcakes", "http://www.goodreads.com/book/show/734674.Hot_Dog", "http://www.goodreads.com/book/show/12753579-pinkalicious", "http://www.goodreads.com/book/show/1931863.Biscuit_and_the_Baby", "http://www.goodreads.com/book/show/237360.I_Like_Bugs", "http://www.goodreads.com/book/show/2066406.Cinderella", "http://www.goodreads.com/book/show/2105762.Going_to_the_Firehouse", "http://www.goodreads.com/book/show/2406681.Mittens", "http://www.goodreads.com/book/show/2305729.Happy_Birthday_Thomas_", "http://www.goodreads.com/book/show/868262.I_Love_You_Because_You_re_You", "http://www.goodreads.com/book/show/866519.Surprise_for_a_Princess", "http://www.goodreads.com/book/show/13642673-princess-hearts", "http://www.goodreads.com/book/show/11522354-happy-birthday-princess", "http://www.goodreads.com/book/show/16113733-princesses-and-puppies", "http://www.goodreads.com/book/show/13330521-christmas-toys"]}