{"ratings": 126, "userreviews": [{"userName": "Laura", "userReviewDate": "Feb 13, 2013", "userURL": "http://www.goodreads.com/user/show/2511187-laura", "userReview": "Henk cannot remember a time when he did not live on the farm with Mama, Papa, Miep, and Pieter. All he knows is that he is the youngest son, that he must wear a silver cross around his neck at all times, and that whenever the soldiers come he must hide in the clothes hamper. He never suspected the truth. He never suspected that he was Jewish and that this was not his real family\u2026Then, suddenly, the truth is rudely made known to him. Abruptly he is told that now that the war is over he must go and live in a house of strangers and call them Mama and Papa. Henk is confused. Confused and hurt. Confused that who he thought was his father is no longer, and hurt that he must leave him to live with another family. It all seems so wrong!Will Henk come to terms with his trying circumstances? Will he learn to love Papa David and Mama Elsbet?DiscussionI appreciated the role that relationships played in When the Soldiers Were Gone. They were, in fact, the whole point of the story. And usually, when relationships are the main focus of a story, it\u2019s because they are very, very messed up. Now, in When the Soldiers Were Gone, they are complicated, it is true, but they are not (I repeat not) dysfunctional. On the contrary, they are very healthy.When we meet Henk, he is very attached to his supposed parents \u2013 he loves them, trusts them, and obeys them joyfully. When he is told that two strangers are his real parents, he responds in a tumult of pain. He initially resists the effort to move in with his real parents, clinging to the ones that he has a relationship with (his loyalty, though misplaced, is testimony to his character). But he is not obstinate, only wounded. As he comes alive to the kindnesses of his real parents, he falls willingly into a relationship with them. Oh, sure, he still wants to return to the life he knew, but he doesn\u2019t pout and he doesn\u2019t rant.Henk does experience frustrations in his new life, towards his real parents, but they are understandable. For example, while he has only ever answered to \u2018Henk\u2019, his real parents insist on calling him \u2018Benjamin\u2019. This makes him feel very uncomfortable. But he gradually becomes accustomed to his new life, develops affection for his real parents, and, by the end of the story, accepts his situation.Conclusion. An excellent book, When the Soldiers Were Gone explores an emotionally difficult situation from the perspective of a principled boy. It would do well in companionship with \n  The Night Crossing\n and North of Danger.Visit The Blithering Bookster to get more recommendations!www.blitheringbookster.com"}, {"userName": "Wayne S.", "userReviewDate": "Apr 22, 2013", "userURL": "http://www.goodreads.com/user/show/5744984-wayne-s", "userReview": "Eight-year-old Henk lives on a Dutch farm with Papa and Mama, Paul and Mevrouw Staal, older siblings Miep and Pieter, and cat Kootje.  All he can remember is how he could never go to school with Miep and Pieter, and that every time the mean soldiers came he had to hide in the barn or a dirty clothes hamper.  But now that the mean soldiers are gone, Henk is surprised to find out that he is really Benjamin, a Jewish child who was hidden from the Nazis, and that his true parents, David and Elsbet Van Sorg, have come to take him away with them.       Will Henk, now Benjamin, be able to make the adjustment to a new family, a new home, and a new life?  And how will he start?  Based on a true story, much of the background for the plot is told in flashbacks, when Elsbet talks with her son and memories from his early childhood gradually return, including the yellow star on his coat and a frightening encounter in the park with a Nazi soldier who came out of his position and tried to hurt him.  When the Soldiers Were Gone is a very moving account.  With its use of simple language and the historical facts which are successfully integrated into the narrative, it is a great, age-appropriate introduction to the Holocaust and World War II for pre-teens."}, {"userName": "Miss Amanda", "userReviewDate": "Mar 12, 2013", "userURL": "http://www.goodreads.com/user/show/15623488-miss-amanda", "userReview": "101pgsgr 4-61945 Holland  One day 8 year old Henk sees strangers at his house.  His Papa tells him that they are hisparents.  But who are these people who call him Benjamin?  Henk/Benjamin doesn't remember them at all. Henk/Benjamin learns that his family is Jewish and during the war he was sent to live with friends inthe country to hide from the Nazis. As he adjusts to his new home, Benjamin struggles to remember hispast.The story talks about hiding from the Nazis and that the Nazis are bad, but the adults in the storydon't go into a lot of detail in their explanations to Benjamin. I would recommend this story to somone who wanted to know more about what it waslike for the hidden children when they were reunited with their families"}, {"userName": "Moop", "userReviewDate": "Jan 05, 2013", "userURL": "http://www.goodreads.com/user/show/15835587-moop", "userReview": "This is a great book to use to introduce WW 2 to young students.  A young boy had been taken away from his Jewish parents so he could be protected during the war.  He stayed on a farm with a Christian family and was given a cross to help protect him.  His original family comes to the farm after the war to take him back home to their city.  He does not want to go and doesn't recognize his real parents and has a real hard time at first leaving the farm.  Eventually he adjusts.  In the story he remembers times when the soldiers would come to the farm and he had to hide in a laundry basket and was often very scared.  Great book and very short. Based on a true story and takes place in Holland."}, {"userName": "Chris Nazien", "userReviewDate": "Mar 01, 2013", "userURL": "http://www.goodreads.com/user/show/16463871-chris-nazien", "userReview": "I just ended reading When the Soldiers where gone not too long ago. It is a not that-bad book and its short and kinda chill. This book took place in Germany near the end of WWII and his setting had a huge impact on the book because of around what time this story took place so it was perfect! The story started off slow but as soon as soon as the plot started the book started getting very wierd. The character flowed with the story as he went through adversity . I ended up reading this book because I just randomly picked it up. I decided to keep reading and it got interesting so I kept reading."}, {"userName": "Jackie", "userReviewDate": "Feb 24, 2009", "userURL": "http://www.goodreads.com/user/show/180349-jackie", "userReview": "Based on a true story, When the Soldiers Were Gone, tells the story of Henk Benjamin, who lived with a Dutch Christian family while the Nazis occupied Holland. In order to remain safe and alive, Henk's natural parents hid and moved from farm to farm, while Henk became a part of this other family.When the war was over,Henk's parents came to reclaim him, yet the boy had no recollection of them. A heart-breaking, traumatizing tale of the horrors of war, and the humanity that neighbors and friends bring to each other."}, {"userName": "Jennifer Swapp", "userReviewDate": "Jan 21, 2011", "userURL": "http://www.goodreads.com/user/show/4038247-jennifer-swapp", "userReview": "Finished reading this book to the girls.  There was much I had to explain to them, especially why it was hard for me to read from choking up.  It was an interesting book from the perspective of a boy in Holland after WW 11, who went home to his real parents, only he thought the family he'd been living with was his real family.  It was much easier to read and accept with all four of the adults who were his parents were loving, kind, courageous people.Many children weren't for fortunate during the war."}, {"userName": "Jim", "userReviewDate": "Feb 04, 2010", "userURL": "http://www.goodreads.com/user/show/2105546-jim", "userReview": "a child is taken by his papa from his family and given to people he doesn't know.  they claim to be his real parents and instead of calling him by his name Henk, they call him Benjamin.based on a true story, a boy finds out he was smuggled to the countryside to live w/a gentile family while his family went into hiding.  Henk doesn't remember his real parents or understand why nazis hated them.powerful book about coming home from war."}, {"userName": "Shannon Clark", "userReviewDate": "Aug 19, 2012", "userURL": "http://www.goodreads.com/user/show/4822574-shannon-clark", "userReview": "Another good historical novel and a short and easy one at that. It's hard to imagine the horrors that Jews felt during the reign of Hitler. This story tells how one little boy had to go live with someone else so that his family could try to survive so it's a complete shock to him when they come back for him.This one would be an EASY one for my students to read and get some basic information about the Holocaust."}, {"userName": "Johnny Bennett", "userReviewDate": "Jul 01, 2013", "userURL": "http://www.goodreads.com/user/show/554177-johnny-bennett", "userReview": "This story about life after World War 2 is a gentle way to introduce children to the atrocities of the anti-Semitic Nazi world.  At least as gentle as I can presume is possible.  Really was a touching story to me, based on real people, about the sacrifices some good people made to hide their neighbors and friends.  This book is rife with learning opportunities and discussions."}, {"userName": "Mia", "userReviewDate": "Aug 16, 2009", "userURL": "http://www.goodreads.com/user/show/972918-mia", "userReview": "This Holocaust survival story is perfect for younger readers (the main character is 8), since it does not contain gory details, but instead focuses on what happened once the war was over.  I plan to use this as a read-aloud in my classroom, both to get students acquainted with the Holocaust, and to model thinking aloud, for which there are many opportunities."}, {"userName": "Mr. Steve", "userReviewDate": "Aug 17, 2009", "userURL": "http://www.goodreads.com/user/show/2252887-mr-steve", "userReview": "Henk was hidden on the farm when he was young and the Nazi soldiers came. But now the war is over and Henk realizes the people he's living with is not his family. What now?Good historical fiction novel for reluctant readers. The voice used by the author is rather simple while the content is definitely for older primary students. Only 101 pages."}, {"userName": "Amanda", "userReviewDate": "Mar 28, 2010", "userURL": "http://www.goodreads.com/user/show/1750910-amanda", "userReview": "I can't remember this book.I read this book a long time ago and do not really remember it. I don\u2019t know what else to say about it besides that I recommend it to kids 9 and up (Maybe older depends on the kid) and that everyone should read it. I may not remember this book to well but I know I did enjoy reading it."}, {"userName": "Shane", "userReviewDate": "Aug 04, 2013", "userURL": "http://www.goodreads.com/user/show/3885025-shane", "userReview": "The story of a Jewish boy who hid with a Christian family during the Nazi occupation of Holland. It begins at the end of the war when his real parents come to get him and he does not recognize them as being his true family.  The boy grapples with this new reality throughout the story."}, {"userName": "Shelley", "userReviewDate": "May 08, 2013", "userURL": "http://www.goodreads.com/user/show/19392381-shelley", "userReview": "This is a story of an eight year old boy at the end of WWII discovering what had really gone on in his life during the war. Who he really was slowly coming back to him over time and dealing with all the changes made for a good read aloud book to teach my boys about WWII and life itself."}, {"userName": "Caren", "userReviewDate": "Jul 19, 2012", "userURL": "http://www.goodreads.com/user/show/1790048-caren", "userReview": "Based on a true story.Benjamin aka \"Henk\" is moved to a Christian family in the country during the Nazi occupation of Holland. Stays til war is over. He is returned to the family he doesn't know. He learns they are his parents and that he was hidden because he was Jewish."}, {"userName": "Krista", "userReviewDate": "Sep 17, 2008", "userURL": "http://www.goodreads.com/user/show/942193-krista", "userReview": "This is an easy look at WW2 after effects through a young boy in the Netherlands. He was forced into hiding when he was small and for so long that he had forgotten his real Jewish family when they came to pick him up. It is written simple, for younger readers, but I enjoyed it."}, {"userName": "Carter.friedrichsen", "userReviewDate": "Oct 23, 2009", "userURL": "http://www.goodreads.com/user/show/2868321-carter-friedrichsen", "userReview": "I can tell you a lot about this book because it was historical fiction. It had real character and real events that could have happened. I really encourage you to read it. It was about world war 2 and if you were a Jew you would have benn killed."}, {"userName": "Kayla D", "userReviewDate": "May 08, 2008", "userURL": "http://www.goodreads.com/user/show/1146505-kayla-d", "userReview": "The traumatic experiences of a young boy who is taken from the only life he has ever known in the persuit of finding out who he really his. An appealing book that spells out yet another aspect of war."}, {"userName": "Jessica", "userReviewDate": "Jun 10, 2011", "userURL": "http://www.goodreads.com/user/show/1982351-jessica", "userReview": "i really liked it but the fact that he kept stating that living with new people \"wasn't home\" and that he would never get use to it. they just kept repeating it over and over."}, {"userName": "Audra", "userReviewDate": "Aug 02, 2013", "userURL": "http://www.goodreads.com/user/show/900565-audra", "userReview": "This author did a great job presenting WWII and the Nazis, in a way that communicated what happened, without making it too frightening for children.  Good for grade 3 and up."}, {"userName": "Lori", "userReviewDate": "Dec 15, 2009", "userURL": "http://www.goodreads.com/user/show/383461-lori", "userReview": "I thought this was a great introduction to the Holocaust for my kid.  It was a quick read but thought provoking and interesting.  Nothing scary, but sad at time."}, {"userName": "AnnaElaine", "userReviewDate": "Jun 20, 2009", "userURL": "http://www.goodreads.com/user/show/2332154-annaelaine", "userReview": "Oh my goodness this book was so sad! It ended up ok but it was so good! Even though it was only 98 pages, every page was good! It mad me cry!"}, {"userName": "L campagnola", "userReviewDate": "Jan 15, 2009", "userURL": "http://www.goodreads.com/user/show/1354540-l-campagnola", "userReview": "Great chapter book to read aloud.  It's about an 8 year old boy after World War 2.  Both kids liked it."}, {"userName": "Christine", "userReviewDate": "Aug 06, 2012", "userURL": "http://www.goodreads.com/user/show/5254022-christine", "userReview": "Interesting story of what happened after the war ended from the point of view of a hidden Jewish child."}, {"userName": "Afyhrlund", "userReviewDate": "Jan 03, 2012", "userURL": "http://www.goodreads.com/user/show/3680260-afyhrlund", "userReview": "Very good! It's a children's book about the holocaust, and appealed to my 11 yr. old."}, {"userName": "Piper", "userReviewDate": "Jan 10, 2008", "userURL": "http://www.goodreads.com/user/show/745542-piper", "userReview": "Josh really liked this book.  A good glimpse into life as a child during WWII."}, {"userName": "Juliet", "userReviewDate": "Mar 17, 2011", "userURL": "http://www.goodreads.com/user/show/5140217-juliet", "userReview": "I learned about what the Jews went through because of Hitler.  Boo Hitler!"}, {"userName": "Mo", "userReviewDate": "Jan 18, 2010", "userURL": "http://www.goodreads.com/user/show/2251245-mo", "userReview": "It's good but i think it was ment for younger people"}, {"userName": "Kate", "userReviewDate": "Mar 30, 2011", "userURL": "http://www.goodreads.com/user/show/3664754-kate", "userReview": "One of my very favorite books about world war 2"}], "description": "Henk was hidden on the farm when he was young and the Nazi soldiers came. But the war is over now, and Henk finds out that the people he lives with, the people he loves, are not his real family. He doesn't remember his real parents, and now a new life in the city lies ahead of him. Will things ever be the same?", "title": "When the Soldiers Were Gone", "url": "http://www.goodreads.com/book/show/56324.When_the_Soldiers_Were_Gone", "average": 3.71, "cover": "http://d.gr-assets.com/books/1389499060l/56324.jpg", "reviews": 31, "authors": [{"url": "http://www.goodreads.com/author/show/31846.Vera_W_Propp", "name": "Vera W. Propp"}, {"url": "http://www.goodreads.com/author/show/799415.J_Bonnell", "name": "J. Bonnell"}], "outlinks": ["http://www.goodreads.com/book/show/11460559-when-the-soldiers-were-gone", "http://www.goodreads.com/book/show/1371680.The_Night_Crossing", "http://www.goodreads.com/book/show/3270327.North_of_Danger", "http://www.goodreads.com/book/show/618730.A_Letter_to_Mrs_Roosevelt", "http://www.goodreads.com/book/show/997182.The_Half_a_Moon_Inn", "http://www.goodreads.com/book/show/781983.Luba", "http://www.goodreads.com/book/show/7863081-black-radishes", "http://www.goodreads.com/book/show/26481.The_Cats_In_Krasinski_Square", "http://www.goodreads.com/book/show/3339301-pemba-s-song", "http://www.goodreads.com/book/show/824063.Passage_to_Freedom", "http://www.goodreads.com/book/show/2065280.Do_Over", "http://www.goodreads.com/book/show/293487.Handel_Who_Knew_What_He_Liked", "http://www.goodreads.com/book/show/11249008-i-will-come-back-for-you", "http://www.goodreads.com/book/show/15618.Richard_Wright_and_the_Library_Card", "http://www.goodreads.com/book/show/915840.Ida_Early_Comes_over_the_Mountain", "http://www.goodreads.com/book/show/751765.Greatest_Skating_Race", "http://www.goodreads.com/book/show/334806.Eleanor", "http://www.goodreads.com/book/show/6558237-a-faraway-island", "http://www.goodreads.com/book/show/827985.Stones_in_Water", "http://www.goodreads.com/book/show/143152.Numbering_All_the_Bones", "http://www.goodreads.com/book/show/1154350.The_Great_Turkey_Walk"]}