{"ratings": 187, "userreviews": [{"userName": "Teresa", "userReviewDate": "Jun 08, 2007", "userURL": "http://www.goodreads.com/user/show/76234-teresa", "userReview": "I first read You Shouldn't Have to Say Good-bye in the fourth grade as an ESL student, struggling to learn English.  A novel about a young woman's cancerous dying mother probably wasn't the best book for the purpose, but I remember how even then, with my limited grasp of the English language, I was completely moved by this book.In the novel, teenager Sarah Marrow and her mother share a deep and cherished bond -- a bond that was tested and proved unshakable when her mother was diagnosed with terminal cancer.  Sarah progresses through the stages of grief and her mother's health continually worsens.  They both struggle to cope, sometimes pushing away from each other only to find what they need most is each other.  Eventually, both are forced to confront the inevitable.The novel is mostly painful.  But that has nothing to do with the cancer itself, or even the macabre description of the mother's moment of death (and boy was Hermes descriptive.)  The  most heartwrenching moments were when the mother and daughter pleaded with each other -- mother pleaded with Sarah to come to grips, and Sarah pleaded with her mother to stop, even though both are at the mercy of something greater -- death.Though the novel is quite short, it packs a wallop.  There are a few points in the novel that just made me break down and cry, while most of the book kept me misty-eyed.  The description of the death itself is very picturesque and disturbed me for quite some time as a child.  Also, the message of the novel was ambiguous and lacked focus.  Nevertheless, I strongly recommend this book to teenagers and adults alike."}, {"userName": "Sara", "userReviewDate": "May 21, 2014", "userURL": "http://www.goodreads.com/user/show/13012187-sara", "userReview": "So I felt compelled to order a copy from Amazon and re-read it, and...well, it was good. The protag was believable, the characters felt subtle and natural, and the writing was mature for a YA book. The bad thing is, the ending was pretty depressing. Not for the reasons you might think, though.I actually expected Sarah's mother to die somewhere near the middle, and the rest of the book to be about her and her dad moving on and dealing with their grief. When she didn't, I thought the book would end with her mother alive but the knowledge that it wasn't going to last.She died in the second to last chapter, during Christmas Eve, and Sarah was just barely beginning to heal at the end. I dunno, somehow that didn't sit right with me. :/Still, it was a nice enough book. I liked the more lighthearted moments and the fact that Robin and Sarah were friends with Julia the Fat Girl despite teasing her all the time. And Reuben Sandwiches. This book is actually how I first found out they existed."}, {"userName": "Brina", "userReviewDate": "Nov 13, 2013", "userURL": "http://www.goodreads.com/user/show/3339892-brina", "userReview": "Ich hatte mal wieder gro\u00dfe Lust auf ein englischsprachiges Buch und habe dabei \"You Shouldn't Have To Say Goodbye\" von Patricia Hermes empfohlen kommen. Da mich das Cover und die Kurzbeschreibung direkt angesprochen haben, wollte ich dem Buch eine Chance geben. Zuallererst sollte gesagt werden, dass dieses Buch auch bestens f\u00fcr Einsteiger gedacht ist, die vielleicht Probleme mit der englischen Sprache haben, bzw. nicht zu oft auf Englisch lesen. Von daher kann das Buch besonders f\u00fcr j\u00fcngere Leser sehr geeignet sein. Patricia Hermes hat mit \"You Shouldn't Have To Say Goodbye\" eine melancholische Geschichte geschrieben, die mich stellenweise sehr ber\u00fchrt hat. Obwohl die Geschichte einf\u00fchlsam erz\u00e4hlt wird, gab es allerdings auch Momente, in denen ich oftmals den Kopf sch\u00fctteln musste, denn ausgerechnet Hauptfigur Sarah hat bei mir f\u00fcr Ungereimtheiten gesorgt, denn ihr Verhalten war oftmals nicht ihrem Alter entsprechend. Allerdings werden ihre Gedanken und Gef\u00fchle gut auf Papier gebracht, sodass ich mich an vielen Stellen in sie hineinversetzen konnte und mich oftmals gefragt habe, wie ich wohl an ihrer Stelle reagiert h\u00e4tte.Allerdings erschien sie mir auch an vielen Stellen sehr unreif. Sie ist 13 Jahre alt, in diesem Sinne ein Teenager, der mitten in der Pubert\u00e4t steckt, jedoch benahm sie sich oftmals nicht so. Wenn ich ihr Alter nicht gewusst h\u00e4tte, h\u00e4tte sie ehrlich gesagt auf 6-8 Jahre gesch\u00e4tzt. So wartet sie u.a. jeden Abend in ihrem Bett auf den Gute-Nacht-Kuss von ihrem Eltern, bevor sie tats\u00e4chlich einschlafen kann. Dies klingt zwar sehr s\u00fc\u00df, aber in meinen Augen dann doch ein wenig realit\u00e4tsfern. So etwas gibt es in diesem Alter sicherlich noch, allerdings wollte dies so gar nicht zu ihren anderen Wesensz\u00fcgen passen. Auch ihr Verhalten zu ihrer Mutter ist enorm kindisch gewesen und ich w\u00fcsste nicht, ob ich mir das an Stelle ihrer Mutter so h\u00e4tte gefallen lassen. Ihre Mutter wird krank und wenig sp\u00e4ter wird bei ihr Krebs festgestellt, der nicht mehr behandelt werden kann. Anstatt ihrer Mutter beizustehen, lehnt sie alles ab und behauptet stellenweise sogar, ihre Mutter f\u00fcr die Krankheit zu hassen. Nat\u00fcrlich ist man traurig, machtlos und w\u00fctend, wenn man von so einer Diagnose erf\u00e4hrt, aber sollte man nicht lieber f\u00fcr die Mutter da sein und deren Ratschl\u00e4ge und Tipps annehmen? Ich h\u00e4tte mir so sehr gew\u00fcnscht, dass Sarah einfach ein wenig reifer und vern\u00fcnftiger reagiert h\u00e4tte, doch dies war leider nicht so und somit auch ein Grund f\u00fcr mich, sie immer weniger zu verstehen. Ihre Eltern selbst haben mir dagegen sehr gut gefallen. Ihr Verh\u00e4ltnis untereinander hat mich sehr ber\u00fchrt und stellenweise auch zum Nachdenken angeregt. Die Krankheit hat beide nur noch fester zusammengeschwei\u00dft und sie wollen die letzte Zeit, die ihnen noch bleibt, in vollen Z\u00fcgen genie\u00dfen.Obwohl die Geschichte sehr gut geschrieben ist und besonders durch ihre Melancholie auff\u00e4llt, hat mir dennoch das gewisse Etwas gefehlt. Der Plot ist interessant und auch die Figuren sind zum Teil gut ausgearbeitet, aber dennoch war mir die Geschichte viel zu ruhig und mir ist trotz der bedr\u00fcckenden Thematik einfach zu wenig passiert. Das Cover gef\u00e4llt mir dagegen sehr. Die melancholische Stimmung ist gut aufgefangen und der Steg ist als Symbol sehr sch\u00f6n ausgew\u00e4hlt. Auch die Kurzbeschreibung wei\u00df zu \u00fcberzeugen und hat mich direkt zum Kauf animiert.\"You Shouldn't Have To Say Goodbye\" ist sicherlich eine traurige Geschichte, die ber\u00fchrt und zum Nachdenken anregen kann, allerdings hat mir das gewisse Etwas gefehlt, um mich voll und ganz auf die Geschichte einlassen zu k\u00f6nnen. W\u00e4re die Protagonistin ein wenig reifer erschienen, h\u00e4tte ich mich vermutlich besser mit ihr identifizieren k\u00f6nnen. So ist \"You Shouldn't Have To Say Goodbye\" zwar ein nettes und trauriges Buch, aber kein Werk, das ich auf Dauer im Ged\u00e4chtnis behalten werde."}, {"userName": "Carin", "userReviewDate": "Jul 11, 2010", "userURL": "http://www.goodreads.com/user/show/671457-carin", "userReview": "This was a favorite book of my childhood. I couldn't remember the title for years, and I finally ran across it in a Sourcebooks catalog as they rereleased it a couple of years ago. Like a lot of old favorites I worried it wouldn't hold up. I worried it would be really dated, lightweight, and maudlin. Luckily, this is another book that held up. (Boy, the cover artwork has changed!) Sarah's a pretty ordinary girl. She's 13, does gymnastics, hangs out with her best friend Robyn, and goes to school. Her Mom is really cool. In fact, when she was a kid, all the children on the block voted and her mom was the favorite. One day she gives her Mom a hug, and her Mom winces in pain. Sarah doesn't think much of it at the time, but the next day her Mom goes to the hospital for some tests, and stays for quite a while. Well, you may have guessed it, but this book (spoiler alert) is another one of those books where the mother dies. Meanwhile, all along Robin has had some issues. She never wants to be at home, and she's a bit of a risk taker. Once Sarah's mother gets sick, Robin feels like she can confide in Sarah that her own mother is sick too. She has agoraphobia and severe depression.It is near the holidays, and Sarah's mother's illness is progressing rapidly. Sarah's trying to be strong for both her parents, but she's also still a kid. For me one of the most significant moments in the book was when, after her gymnastics routine, her Mom questioned Sarah. She'd noticed a moment of hesitation. Turns out Sarah had been contemplating doing something dangerous. Sarah tries to avoid the conversation but her mother won't let it go. She finally admits it, and her mother talks to her about how sometimes when we have troubles, we do wild things. \"It's as though we were tempting the Fates. It's a form of running away, thinking it's easier to face the dangers outside than the ones we feel threatened by inside.\" When Sarah realizes why she was considering doing that, you can tell it's not necessary for her to do it anymore. She also realizes that's why Robin is sometimes wild. This last bit of advice from her mother probably is the most significant moment in the book. You can just tell it's advice that will change the future of Sarah's life. I just bawled at the end. I thought I wouldn't. After all, I knew what was coming, I'd read it before, I am an adult now, but this story is drawn with such delicacy and care that you are drawn in without noticing. Sarah's Mom is a fully drawn and unique character - not just a trope or a cliche. Sarah's a nice, ordinary girl. She's not perfect but she tries to be a good kid. The book is touching, tender, hopeful, and honest. I'm going to save this one, for my nieces when they're old enough. It's a beautiful story."}, {"userName": "Cheri", "userReviewDate": "Jun 13, 2009", "userURL": "http://www.goodreads.com/user/show/1557144-cheri", "userReview": "I just finished this one and I have to say I cried for at least the last three chapters. I was a little disappointed to find something missing from the author bio, because she either has a vivid imagination or she's lived this experience.Having lost a parent as a child, I could identify with the anger, denial and loss the main character went through. But now, as a mother myself, I also identified with the parents as they struggled to come to terms with the twist their lives had taken. I don't know, maybe a book has to make me cry to get 5 stars. But this one certainly appealed to me on an emotional level. I'd recommend it."}, {"userName": "Neel", "userReviewDate": "Aug 16, 2014", "userURL": "http://www.goodreads.com/user/show/33893100-neel", "userReview": "A depressing book, but really states the important of a friend and a mother."}, {"userName": "Veronica", "userReviewDate": "Feb 03, 2008", "userURL": "http://www.goodreads.com/user/show/814477-veronica", "userReview": "I first read this book in about 4th or 5th grade and loved it. I would draw a bath and grab this book and reread it, crying, laughing, and crying some more. I loved it so much that I put it on our class/community library for others to discover and love. Of course, someone didn't bring it back and it took me years to find my own copy again. But in the meantime I would check it out from the library over and over, even into my 20s. This is a children's book that features a young girl dealing with her mother's cancer and eventual death."}, {"userName": "Bella", "userReviewDate": "Jun 05, 2013", "userURL": "http://www.goodreads.com/user/show/15819476-bella", "userReview": "i dont waaannaaaa review it hnnngThis book had so much potential, it really did. But it was full of monotony and I just got bored. I couldn't get hooked. i tried everything and I just cried for not being able to finish this book. So when I finally decided one afternoon that I wouldn't eat until I finish the book, I finally did whoops.And still, oh gosh so boring. 10 dollars bad spent. Whoops"}, {"userName": "Najila", "userReviewDate": "May 29, 2007", "userURL": "http://www.goodreads.com/user/show/98542-najila", "userReview": "Another Patricia Hermes book I read and reread.  She wrote a lot about sad situations for younger kids. I liked them because they kind of sober you up and teaches humility.  Little kids might be spoiled sometimes so these books are really down to earth and reminds us that we should be blessed for what good we do have."}, {"userName": "Brandy", "userReviewDate": "Feb 14, 2013", "userURL": "http://www.goodreads.com/user/show/17253144-brandy", "userReview": "I read this book in the 4th grade and ended up losing a parent a couple of years later. I reread this book many times during that rough period of my life and it helped to think that I wasn't alone. It is incredibly sad but an amazing read for young people who may need this to cope."}, {"userName": "Holly Lindquist", "userReviewDate": "Oct 17, 2009", "userURL": "http://www.goodreads.com/user/show/2650600-holly-lindquist", "userReview": "Deals with a young girl whose mother is dying of cancer. This is a sopping wet hanky of a book, but well written never-the-less. You may need a hug after reading it though."}, {"userName": "Ruth Ho", "userReviewDate": "Dec 02, 2013", "userURL": "http://www.goodreads.com/user/show/21292348-ruth-ho", "userReview": "This book's intended age group isn't mine. So I thought the storyline developed real fast. But it was still a book that moved me to tears. A story of loving, and letting go. :')"}, {"userName": "Liz", "userReviewDate": "Feb 23, 2009", "userURL": "http://www.goodreads.com/user/show/2062975-liz", "userReview": "I read this book as a child and it was so sad but such a great book.  I read it so many times that the cover came off and the pages were falling apart."}, {"userName": "Karen", "userReviewDate": "Aug 02, 2011", "userURL": "http://www.goodreads.com/user/show/4324762-karen", "userReview": "As a girl, I read and reread this until the cover fell off. It was one of the first books to make me cry (and my god, did I cry)."}, {"userName": "stacey ", "userReviewDate": "Sep 04, 2011", "userURL": "http://www.goodreads.com/user/show/5486480-stacey", "userReview": "I have read this book about five times and every time I cry, I won't include spoilers so just be ready and settle in with a box of tissues."}, {"userName": "Ruth", "userReviewDate": "Jan 22, 2012", "userURL": "http://www.goodreads.com/user/show/833647-ruth", "userReview": "I remember reading this book when I was a kid. The story has stuck with me for over 20 years! I think it's time to read it again."}, {"userName": "Sonu", "userReviewDate": "Feb 11, 2008", "userURL": "http://www.goodreads.com/user/show/816194-sonu", "userReview": "This book made a serious impact on me at a young age- made me grateful for what I had and redefined my perspective."}, {"userName": "Nana Lee", "userReviewDate": "Oct 13, 2014", "userURL": "http://www.goodreads.com/user/show/3702915-nana-lee", "userReview": "Could have been better. The ending is so bad, but who am I to judge how Sarah felt at that time."}, {"userName": "Eastofoz", "userReviewDate": "Jun 02, 2008", "userURL": "http://www.goodreads.com/user/show/939365-eastofoz", "userReview": "I read this book as a kid and I remember crying my head off for how sad it was.  It was so good!"}, {"userName": "Maria", "userReviewDate": "Sep 02, 2008", "userURL": "http://www.goodreads.com/user/show/1366497-maria", "userReview": "This is a childhood favorite. I am not even sure how many times I read this book."}, {"userName": "Laura de Leon", "userReviewDate": "Jul 11, 2010", "userURL": "http://www.goodreads.com/user/show/2013736-laura-de-leon", "userReview": "http://carolinebookbinder.blogspot.co..."}, {"userName": "Cathy", "userReviewDate": "Sep 12, 2007", "userURL": "http://www.goodreads.com/user/show/328156-cathy", "userReview": "Sad, sad, sad.  Don't read this if you don't want to be sad.  Or if your not a tween."}, {"userName": "Aye de la Cruz", "userReviewDate": "Jul 01, 2013", "userURL": "http://www.goodreads.com/user/show/21517089-aye-de-la-cruz", "userReview": "One of my most favorite books as a young child. A must read for everyone.^^"}, {"userName": "Leigha", "userReviewDate": "Mar 04, 2010", "userURL": "http://www.goodreads.com/user/show/3383236-leigha", "userReview": "Very sad book I liked when I was in grade school."}, {"userName": "Susan", "userReviewDate": "Sep 29, 2012", "userURL": "http://www.goodreads.com/user/show/1853149-susan", "userReview": "One of my favorites, growing up"}, {"userName": "Sarah", "userReviewDate": "Sep 15, 2008", "userURL": "http://www.goodreads.com/user/show/1531280-sarah", "userReview": "So sad! A realistic story about death."}, {"userName": "Anna", "userReviewDate": "Jun 18, 2013", "userURL": "http://www.goodreads.com/user/show/5644021-anna", "userReview": "So sad! A realistic story about death."}, {"userName": "Kimberly", "userReviewDate": "Mar 10, 2009", "userURL": "http://www.goodreads.com/user/show/1671087-kimberly", "userReview": "Childhood fav"}, {"userName": "Roberta", "userReviewDate": "Feb 21, 2008", "userURL": "http://www.goodreads.com/user/show/927120-roberta", "userReview": "young adult"}, {"userName": "Jessica noneofurbuisness", "userReviewDate": "Aug 14, 2008", "userURL": "http://www.goodreads.com/user/show/1428046-jessica-noneofurbuisness", "userReview": "loved it"}], "description": "Thirteen-year-old Sarah Morrow doesn't think much of the fact that her mother winced a little when she hugged her. In fact, that first small indication of something wrong escapes the whole family. Three weeks later though there can be no escape. Sarah's mother has been diagnosed with incurable cancer and the love this family shares becomes a desperate clinging. But Sarah's mother has a gift. A gift for reaffirming life. And even as she leaves that gift, another one, a letter, will help bring Sarah through the most painful and trying time she has ever had. One of the most honest portraits of death, courage, and, most especially, love can now be shared again with a new generation of children. \"Hermes, author of this . . . uncompromisingly candid story makes the reader aware of life's priceless moments and the need for courage.\"-Publishers Weekly \"A vivid, painful believability.\" -The Bulletin of the Center for Children's Books \"A sensitive, touching account.\" -Instructor Magazine \"This book is by far the best liked book in my reading class. We have read this book in my fifth grade class for the last eight years. The book gives us an opportunity to discuss many issues confronted by young kids while growing up. It also provides an opportunity to discuss death and the loss of a loved one. The students and I have had many heart wrenching talks while reading this book. Many tears have been shed by my students while reading and discussing this book. This is my all time favorite book to read in class.\" -Online review", "title": "You Shouldn't Have to Say Goodbye: It's Hard Losing the Person You Love the Most", "url": "http://www.goodreads.com/book/show/3768849-you-shouldn-t-have-to-say-goodbye", "average": 4.2, "cover": "http://d.gr-assets.com/books/1347929815l/3768849.jpg", "reviews": 32, "authors": [{"url": "http://www.goodreads.com/author/show/82446.Patricia_Hermes", "name": "Patricia Hermes"}], "outlinks": ["http://www.goodreads.com/book/show/1047511.You_Shouldn_t_Have_to_Say_Goodbye", "http://www.goodreads.com/book/show/1755138.You_Shouldn_t_Have_To_Say_Good_Bye", "http://www.goodreads.com/book/show/1986146.You_Shouldn_t_Have_to_Say_Good_Bye", "http://www.goodreads.com/book/show/1047511.You_Shouldn_t_Have_to_Say_Goodbye", "http://www.goodreads.com/book/show/1047511.You_Shouldn_t_Have_to_Say_Goodbye", "http://www.goodreads.com/book/show/1047511.You_Shouldn_t_Have_to_Say_Goodbye", "http://www.goodreads.com/book/show/1047511.You_Shouldn_t_Have_to_Say_Goodbye", "http://www.goodreads.com/book/show/1047511.You_Shouldn_t_Have_to_Say_Goodbye", "http://www.goodreads.com/book/show/1047511.You_Shouldn_t_Have_to_Say_Goodbye", "http://www.goodreads.com/book/show/1047511.You_Shouldn_t_Have_to_Say_Goodbye", "http://www.goodreads.com/book/show/1047511.You_Shouldn_t_Have_to_Say_Goodbye", "http://www.goodreads.com/book/show/1047511.You_Shouldn_t_Have_to_Say_Goodbye", "http://www.goodreads.com/book/show/1047511.You_Shouldn_t_Have_to_Say_Goodbye", "http://www.goodreads.com/book/show/1047511.You_Shouldn_t_Have_to_Say_Goodbye", "http://www.goodreads.com/book/show/1047511.You_Shouldn_t_Have_to_Say_Goodbye", "http://www.goodreads.com/book/show/1047511.You_Shouldn_t_Have_to_Say_Goodbye", "http://www.goodreads.com/book/show/1047511.You_Shouldn_t_Have_to_Say_Goodbye", "http://www.goodreads.com/book/show/1047511.You_Shouldn_t_Have_to_Say_Goodbye", "http://www.goodreads.com/book/show/1047511.You_Shouldn_t_Have_to_Say_Goodbye", "http://www.goodreads.com/book/show/1047511.You_Shouldn_t_Have_to_Say_Goodbye", "http://www.goodreads.com/book/show/1047511.You_Shouldn_t_Have_to_Say_Goodbye", "http://www.goodreads.com/book/show/1047511.You_Shouldn_t_Have_to_Say_Goodbye", "http://www.goodreads.com/book/show/1047511.You_Shouldn_t_Have_to_Say_Goodbye", "http://www.goodreads.com/book/show/1047511.You_Shouldn_t_Have_to_Say_Goodbye", "http://www.goodreads.com/book/show/1047511.You_Shouldn_t_Have_to_Say_Goodbye", "http://www.goodreads.com/book/show/1047511.You_Shouldn_t_Have_to_Say_Goodbye", "http://www.goodreads.com/book/show/1047511.You_Shouldn_t_Have_to_Say_Goodbye", "http://www.goodreads.com/book/show/1047511.You_Shouldn_t_Have_to_Say_Goodbye", "http://www.goodreads.com/book/show/1047511.You_Shouldn_t_Have_to_Say_Goodbye", "http://www.goodreads.com/book/show/1047511.You_Shouldn_t_Have_to_Say_Goodbye", "http://www.goodreads.com/book/show/1004004.Devil_in_Vienna", "http://www.goodreads.com/book/show/17605483-this-is-how-i-find-her", "http://www.goodreads.com/book/show/65150.Anastasia_at_This_Address", "http://www.goodreads.com/book/show/259967.Silver", "http://www.goodreads.com/book/show/497769.The_Dark_and_Deadly_Pool", "http://www.goodreads.com/book/show/268918.Missing_Since_Monday", "http://www.goodreads.com/book/show/21777979-beset", "http://www.goodreads.com/book/show/9462930-you-never-called-me-princess", "http://www.goodreads.com/book/show/417857.No_More_Saturday_Nights", "http://www.goodreads.com/book/show/8403031-all-that-s-true", "http://www.goodreads.com/book/show/413121.The_Language_of_Goldfish", "http://www.goodreads.com/book/show/18002405-blue-hydrangeas", "http://www.goodreads.com/book/show/32863.Clues_in_the_Woods", "http://www.goodreads.com/book/show/16101174-the-saturday-boy", "http://www.goodreads.com/book/show/18460178-hand-me-down-love", "http://www.goodreads.com/book/show/814106.My_Girl", "http://www.goodreads.com/book/show/326831.Our_Strange_New_Land", "http://www.goodreads.com/book/show/1054567.The_Starving_Time", "http://www.goodreads.com/book/show/6488132-koda", "http://www.goodreads.com/book/show/1153951.Westward_to_Home"]}